# Generated by tools/make_coils.py -- do not edit by hand.
# Coils: 13440 vertices, 6300 faces.
g coils
v -0.179212 7.330852 -0.389046
v -0.259211 7.254127 -0.327723
v -0.230480 7.409149 -0.357346
v -0.301193 7.324342 -0.295261
v -0.384395 7.401565 -0.414181
v -0.297337 7.309820 -0.407043
v -0.425112 7.295140 -0.399183
v -0.320779 7.223413 -0.403303
v -0.440491 7.280263 -0.369506
v -0.415558 7.169598 -0.313124
v -0.466820 7.274335 -0.392694
v -0.555890 7.230714 -0.313885
v -0.490977 7.265008 -0.433254
v -0.588541 7.343509 -0.414124
v -0.510690 7.250374 -0.483582
v -0.489468 7.360541 -0.542404
v -0.507051 7.215311 -0.523919
v -0.392294 7.223129 -0.576993
v -0.523204 7.160868 -0.521907
v -0.451299 7.076153 -0.503680
v -0.582496 7.121454 -0.557605
v -0.625578 7.065071 -0.496206
v -0.672060 7.129520 -0.658807
v -0.638098 7.064863 -0.641452
v -0.575947 7.055986 -0.779305
v -0.602839 7.019343 -0.746080
v -0.520961 6.898083 -0.780076
v -0.556112 6.901186 -0.767285
v -0.606922 6.763985 -0.758774
v -0.618082 6.778040 -0.764263
v -0.726858 6.722101 -0.838191
v -0.725948 6.726832 -0.842304
v 0.447474 8.364931 0.580882
v 0.458162 8.339313 0.666471
v 0.461498 8.331799 0.585246
v 0.518830 8.273795 0.623254
v 0.462830 8.355857 0.560998
v 0.520919 8.309949 0.509870
v 0.478169 8.438255 0.530601
v 0.548843 8.382974 0.537316
v 0.545787 8.447665 0.631570
v 0.587551 8.423513 0.555620
v 0.640748 8.361391 0.648029
v 0.619244 8.396661 0.568094
v 0.696781 8.320590 0.528754
v 0.636328 8.387125 0.532567
v 0.687340 8.428105 0.428590
v 0.677878 8.441049 0.517128
v 0.721772 8.481772 0.498984
v 0.657023 8.540135 0.521284
v 0.744647 8.491284 0.493636
v 0.753173 8.479078 0.572218
v 0.779853 8.521117 0.469135
v 0.799792 8.500479 0.529291
v 0.861368 8.456345 0.468864
v 0.844653 8.476758 0.515199
v 0.905026 8.431561 0.561482
v 0.880420 8.462533 0.567354
v 0.929711 8.491271 0.635912
v 0.920687 8.505852 0.615498
v 0.977168 8.566371 0.618011
v 0.968592 8.576571 0.617705
v 1.037885 8.588693 0.562961
v 1.035352 8.591950 0.561168
v 0.380829 7.979134 -0.225768
v 0.446317 7.905563 -0.207724
v 0.407770 7.949168 -0.276624
v 0.371663 7.858344 -0.298405
v 0.463852 7.994281 -0.313056
v 0.475079 7.896221 -0.329947
v 0.582423 7.953785 -0.243118
v 0.530922 7.885669 -0.295414
v 0.606048 7.792362 -0.214550
v 0.530166 7.827194 -0.269828
v 0.517164 7.691513 -0.324094
v 0.514462 7.791575 -0.326808
v 0.551947 7.771742 -0.402940
v 0.483052 7.835410 -0.437969
v 0.645833 7.816174 -0.392680
v 0.573532 7.768458 -0.442908
v 0.637714 7.754761 -0.449299
v 0.556120 7.724743 -0.498981
v 0.679289 7.726064 -0.459279
v 0.671472 7.637402 -0.458473
v 0.746949 7.731106 -0.508411
v 0.803953 7.716704 -0.463189
v 0.805722 7.806202 -0.585352
v 0.798924 7.747608 -0.591810
v 0.747389 7.765326 -0.709471
v 0.773608 7.733433 -0.692854
v 0.727281 7.637894 -0.763026
v 0.752865 7.639572 -0.748095
v 0.805812 7.528315 -0.763126
v 0.813901 7.540348 -0.759990
v 0.930508 7.515805 -0.785051
v 0.931069 7.520756 -0.785537
v 0.353806 8.283072 1.014313
v 0.416652 8.302826 0.941189
v 0.303644 8.304758 0.973927
v 0.344045 8.343197 0.892827
v 0.338787 8.366298 1.043300
v 0.341448 8.425950 0.965059
v 0.479172 8.371626 1.020158
v 0.421613 8.441107 0.980834
v 0.508195 8.422714 0.848506
v 0.432097 8.442298 0.907773
v 0.398421 8.535228 0.877372
v 0.422820 8.479498 0.954740
v 0.421685 8.552439 0.918387
v 0.460742 8.491233 0.984836
v 0.507482 8.581645 0.869228
v 0.494001 8.544100 0.959204
v 0.606924 8.505145 0.954867
v 0.523641 8.545453 0.988425
v 0.563025 8.484717 1.099317
v 0.523671 8.547551 1.052874
v 0.558596 8.584018 1.064249
v 0.500304 8.590586 1.107539
v 0.568997 8.612423 1.076264
v 0.570671 8.577936 1.123271
v 0.640817 8.608602 1.086765
v 0.675166 8.581521 1.087250
v 0.653654 8.710712 1.088330
v 0.655303 8.694385 1.112437
v 0.584463 8.734287 1.181997
v 0.596122 8.725790 1.184113
v 0.589069 8.656736 1.262301
v 0.593469 8.655160 1.260759
v -0.104247 8.161562 -0.188372
v -0.043268 8.091023 -0.232077
v -0.131794 8.128080 -0.211929
v -0.150135 8.034496 -0.250786
v -0.143700 8.143790 -0.141682
v -0.235531 8.097193 -0.141451
v -0.166962 8.245325 -0.161073
v -0.264030 8.211746 -0.153696
v -0.199859 8.255141 -0.259737
v -0.292700 8.270698 -0.217991
v -0.236203 8.217863 -0.324679
v -0.322139 8.247943 -0.276571
v -0.291628 8.146091 -0.343060
v -0.343767 8.214593 -0.286552
v -0.413949 8.120762 -0.353492
v -0.391388 8.214560 -0.317476
v -0.519300 8.212039 -0.308994
v -0.427039 8.234310 -0.348944
v -0.459881 8.280873 -0.399042
v -0.453447 8.358892 -0.351604
v -0.440374 8.284119 -0.447715
v -0.369447 8.306037 -0.465250
v -0.485350 8.260658 -0.471448
v -0.439842 8.237156 -0.504622
v -0.513495 8.240955 -0.542136
v -0.473447 8.261089 -0.551379
v -0.501386 8.231865 -0.621162
v -0.473041 8.237053 -0.631193
v -0.520659 8.142393 -0.665861
v -0.511588 8.132518 -0.673136
v -0.636826 8.143955 -0.685703
v -0.636758 8.139077 -0.687349
v -0.410023 7.664762 -0.294063
v -0.312363 7.702722 -0.340306
v -0.363167 7.551096 -0.302739
v -0.294136 7.631716 -0.345776
v -0.286608 7.517715 -0.426151
v -0.318355 7.627248 -0.436717
v -0.213061 7.557340 -0.470162
v -0.192744 7.668311 -0.489901
v -0.151513 7.525385 -0.452610
v -0.038039 7.533658 -0.465724
v -0.214179 7.381401 -0.486940
v -0.171226 7.479955 -0.526424
v -0.184036 7.487870 -0.581152
v -0.252735 7.579400 -0.585584
v -0.064542 7.501656 -0.649360
v -0.169448 7.460522 -0.628875
v -0.134699 7.331685 -0.614715
v -0.196917 7.425349 -0.636461
v -0.294138 7.345903 -0.642295
v -0.228498 7.414549 -0.678945
v -0.258732 7.380386 -0.758140
v -0.304095 7.451544 -0.766855
v -0.232325 7.361926 -0.846058
v -0.192408 7.413072 -0.865982
v -0.188473 7.275071 -0.883561
v -0.137947 7.275640 -0.889703
v -0.227099 7.169434 -0.908158
v -0.204307 7.145208 -0.901437
v -0.305492 7.116649 -0.988334
v -0.314020 7.103908 -0.981065
v -0.324169 7.112504 -1.113457
v -0.329768 7.113428 -1.112687
v -0.044725 7.322582 -0.370113
v -0.096210 7.391623 -0.396711
v -0.020150 7.361363 -0.365233
v -0.001438 7.443310 -0.397782
v -0.014014 7.328542 -0.404820
v 0.075884 7.324351 -0.399771
v -0.024977 7.240205 -0.441633
v 0.000787 7.317632 -0.479921
v -0.093953 7.283162 -0.506364
v -0.010963 7.313510 -0.524154
v -0.098876 7.353352 -0.564250
v -0.013034 7.326487 -0.558395
v -0.043751 7.409739 -0.617331
v -0.003148 7.333347 -0.592021
v 0.073157 7.381398 -0.664515
v -0.001215 7.332516 -0.650226
v 0.065690 7.247129 -0.659814
v -0.006686 7.296200 -0.681687
v 0.018995 7.227898 -0.725886
v -0.043099 7.275060 -0.744316
v -0.006947 7.164922 -0.743568
v -0.070196 7.146473 -0.732742
v 0.043401 7.098084 -0.769456
v 0.027443 7.052975 -0.745713
v 0.083548 7.054539 -0.855775
v 0.119186 7.039541 -0.845294
v 0.078787 7.040809 -0.975189
v 0.077309 7.016839 -0.963503
v -0.010768 6.968899 -1.034923
v -0.001124 6.960663 -1.030742
v -0.049422 6.851527 -1.031221
v -0.045241 6.850023 -1.030466
v 0.547075 8.182781 0.919939
v 0.513658 8.116823 1.014330
v 0.640476 8.099526 0.965862
v 0.558859 8.179184 1.002875
v 0.625552 8.242826 0.932182
v 0.582986 8.193850 1.033010
v 0.545002 8.311747 0.995564
v 0.573930 8.214506 1.059472
v 0.504251 8.312751 1.083879
v 0.584741 8.223958 1.087634
v 0.506955 8.289709 1.160546
v 0.605853 8.240281 1.114146
v 0.537699 8.256403 1.219925
v 0.628700 8.256579 1.141850
v 0.591312 8.210205 1.259022
v 0.654130 8.260488 1.170127
v 0.679294 8.152551 1.253582
v 0.684679 8.251627 1.186264
v 0.786960 8.162891 1.186524
v 0.732286 8.254379 1.185901
v 0.796682 8.259983 1.221632
v 0.830213 8.300857 1.150263
v 0.786080 8.318905 1.270918
v 0.836349 8.273202 1.250113
v 0.832842 8.271457 1.317271
v 0.869601 8.270475 1.278700
v 0.871493 8.206146 1.339693
v 0.896070 8.185280 1.324769
v 0.858018 8.196749 1.424250
v 0.860795 8.180034 1.429581
v 0.875911 8.250472 1.499999
v 0.873989 8.246238 1.503784
v -0.451792 7.231461 -0.205108
v -0.343195 7.206522 -0.246342
v -0.441556 7.176481 -0.221105
v -0.374772 7.086820 -0.180901
v -0.440661 7.226709 -0.165958
v -0.510736 7.187671 -0.078317
v -0.565719 7.334416 -0.243566
v -0.504170 7.234493 -0.225054
v -0.530216 7.170251 -0.306520
v -0.425220 7.163108 -0.361659
v -0.516213 7.030778 -0.157579
v -0.539060 7.122637 -0.229381
v -0.609053 7.160492 -0.263348
v -0.703374 7.222991 -0.227112
v -0.529276 7.181810 -0.433035
v -0.584796 7.114093 -0.352739
v -0.496523 6.965572 -0.329274
v -0.592607 7.035454 -0.329336
v -0.699464 6.945903 -0.255162
v -0.667278 7.002761 -0.338133
v -0.741679 6.970218 -0.413979
v -0.800764 7.035354 -0.417367
v -0.721370 6.917361 -0.524342
v -0.695497 6.959539 -0.574427
v -0.664052 6.792865 -0.519536
v -0.616230 6.781989 -0.539106
v -0.739533 6.679201 -0.459321
v -0.721147 6.653374 -0.444020
v -0.891972 6.624675 -0.506669
v -0.877734 6.622594 -0.516804
v -0.903593 6.582694 -0.674715
v -0.899222 6.578717 -0.674110
v -0.561295 8.232948 0.770043
v -0.549850 8.171514 0.875772
v -0.531643 8.234113 0.786187
v -0.460200 8.237980 0.886010
v -0.565330 8.258333 0.799536
v -0.478783 8.345013 0.790599
v -0.636333 8.311845 0.777917
v -0.552829 8.353497 0.857768
v -0.664283 8.288741 0.887432
v -0.582686 8.380278 0.880583
v -0.615496 8.303929 0.985819
v -0.586969 8.392404 0.905556
v -0.540855 8.387430 1.028944
v -0.598187 8.414282 0.923702
v -0.526523 8.510678 0.949842
v -0.614819 8.427725 0.970000
v -0.604663 8.464988 1.003801
v -0.671252 8.470729 0.900763
v -0.619093 8.462620 1.055854
v -0.680016 8.471641 0.965715
v -0.722084 8.397730 1.024308
v -0.696005 8.465137 0.969058
v -0.794001 8.448783 0.953711
v -0.740545 8.495688 0.969183
v -0.821163 8.518664 1.007011
v -0.788664 8.560377 0.993469
v -0.825459 8.537907 1.083784
v -0.797411 8.558358 1.094708
v -0.825754 8.481436 1.140681
v -0.814400 8.481574 1.154898
v -0.873296 8.412446 1.136476
v -0.871135 8.410188 1.141762
v 0.628389 8.041769 0.220364
v 0.681966 7.983438 0.303463
v 0.696820 8.032951 0.200800
v 0.731046 7.923391 0.198924
v 0.641599 8.038579 0.173868
v 0.614098 7.974126 0.082940
v 0.649621 8.112133 0.167926
v 0.579442 8.140771 0.081710
v 0.711556 8.143720 0.141690
v 0.652566 8.241789 0.150693
v 0.758653 8.160033 0.134340
v 0.739003 8.245933 0.207916
v 0.804158 8.159078 0.137849
v 0.814492 8.212256 0.239060
v 0.848287 8.140357 0.138821
v 0.887833 8.137213 0.246546
v 0.881427 8.100266 0.117532
v 0.933309 8.019154 0.180042
v 0.896575 8.083667 0.045609
v 0.910234 7.987749 0.013584
v 0.947877 8.122796 -0.014112
v 0.901519 8.133851 -0.084536
v 1.020299 8.234374 -0.003485
v 1.025987 8.178189 -0.041415
v 1.090016 8.117221 0.005706
v 1.065888 8.125929 -0.038397
v 1.120899 8.107607 -0.078317
v 1.103239 8.128268 -0.098768
v 1.120817 8.022134 -0.145160
v 1.113183 8.018225 -0.159847
v 1.205920 7.946970 -0.089141
v 1.204817 7.942688 -0.092802
v -0.106662 7.281411 -0.370268
v -0.214210 7.310768 -0.365741
v -0.119520 7.322944 -0.361767
v -0.161076 7.420302 -0.397028
v -0.093511 7.301595 -0.375181
v -0.009228 7.365878 -0.410009
v -0.044838 7.197118 -0.413201
v -0.087063 7.289162 -0.460038
v -0.207771 7.215265 -0.442053
v -0.124156 7.273804 -0.487115
v -0.218908 7.356062 -0.555375
v -0.137727 7.281415 -0.538453
v -0.046188 7.355518 -0.624409
v -0.103564 7.267962 -0.585799
v 0.022408 7.192398 -0.590046
v -0.087090 7.212674 -0.596958
v -0.099930 7.072723 -0.576115
v -0.120884 7.168791 -0.628848
v -0.233418 7.108535 -0.665611
v -0.141851 7.134145 -0.693822
v -0.177645 7.102380 -0.772944
v -0.169712 7.176328 -0.808991
v -0.159198 7.050066 -0.809375
v -0.093380 7.049982 -0.815664
v -0.204268 6.989394 -0.856976
v -0.156078 6.977698 -0.856769
v -0.183113 6.857499 -0.844712
v -0.158477 6.874394 -0.858874
v -0.085873 6.790174 -0.916165
v -0.091284 6.803297 -0.924634
v -0.068520 6.781744 -1.044026
v -0.073687 6.783625 -1.044966
v -0.699362 7.991713 0.661483
v -0.691277 7.948046 0.737744
v -0.633730 8.057747 0.692505
v -0.629195 8.008650 0.765696
v -0.700202 8.125698 0.803854
v -0.746164 8.061337 0.764702
v -0.732991 8.058836 0.897363
v -0.766960 7.977954 0.887766
v -0.633862 8.051247 0.928506
v -0.602995 8.005404 0.997307
v -0.632050 8.222286 0.948596
v -0.669950 8.144968 0.967917
v -0.750576 8.132564 1.008367
v -0.804551 8.089155 0.953684
v -0.754922 8.126368 1.108275
v -0.748035 8.052528 1.156109
v -0.736059 8.252335 1.165168
v -0.795516 8.192849 1.138445
v -0.881049 8.257933 1.058806
v -0.869193 8.207572 1.117769
v -0.936867 8.101829 1.069004
v -0.897386 8.129727 1.113005
v -0.887359 8.041951 1.199706
v -0.872495 8.091933 1.195747
v -0.937084 8.118446 1.291496
v -0.917094 8.151378 1.298861
v -1.054230 8.146587 1.282268
v -1.058054 8.166970 1.266343
v -1.112134 8.047475 1.233750
v -1.119354 8.047059 1.222858
v -1.083778 7.943862 1.302922
v -1.086194 7.941294 1.300268
v 0.475057 8.247619 0.182212
v 0.521042 8.260243 0.293940
v 0.549724 8.220215 0.156291
v 0.610679 8.210664 0.260935
v 0.531020 8.366706 0.163549
v 0.613866 8.326680 0.242869
v 0.490967 8.408512 0.360509
v 0.570213 8.328554 0.314859
v 0.620965 8.265031 0.467194
v 0.599036 8.269538 0.347796
v 0.735775 8.180195 0.294591
v 0.669980 8.281545 0.307096
v 0.669250 8.337499 0.145649
v 0.708100 8.349714 0.260098
v 0.634888 8.502874 0.283541
v 0.722999 8.419264 0.285257
v 0.742030 8.415175 0.251415
v 0.769406 8.417764 0.369740
v 0.748774 8.472757 0.229805
v 0.817381 8.416687 0.291524
v 0.820560 8.355234 0.141080
v 0.836767 8.377391 0.226774
v 0.903368 8.364949 0.247183
v 0.864610 8.423770 0.262020
v 0.938101 8.411561 0.215685
v 0.907199 8.437878 0.180084
v 1.003656 8.502570 0.239007
v 0.987364 8.529495 0.256476
v 1.061903 8.418125 0.328933
v 1.063836 8.419379 0.346782
v 1.088987 8.302308 0.250234
v 1.091500 8.299463 0.254975
v 0.556355 8.060166 0.051421
v 0.564603 8.138631 0.129668
v 0.572034 8.044636 0.096064
v 0.630239 8.040311 0.190620
v 0.558749 8.002767 0.050294
v 0.615769 7.913900 0.084920
v 0.603101 8.026239 -0.060512
v 0.677044 7.975336 0.004978
v 0.699147 8.128427 0.033037
v 0.726219 8.024946 0.002930
v 0.812608 8.019439 0.120281
v 0.764528 8.002407 0.021561
v 0.779146 8.053031 0.011887
v 0.791949 7.947519 -0.020531
v 0.850702 8.051390 0.054165
v 0.804411 8.019685 -0.041749
v 0.807868 8.151284 -0.062215
v 0.854121 8.050395 -0.056782
v 0.802337 8.033062 -0.184091
v 0.864021 8.026814 -0.107201
v 0.881106 7.903380 -0.140183
v 0.896104 7.972291 -0.097740
v 1.009213 7.925060 -0.062280
v 0.982367 7.978418 -0.089997
v 1.080002 7.995336 -0.148497
v 1.073258 8.043453 -0.139644
v 1.093546 7.989804 -0.263468
v 1.075815 8.010848 -0.281545
v 1.100332 7.882784 -0.317561
v 1.091019 7.878881 -0.330562
v 1.188018 7.801073 -0.283688
v 1.185951 7.797168 -0.287057
v 0.659817 7.348228 0.152471
v 0.664073 7.429672 0.082922
v 0.722717 7.432548 0.245219
v 0.700630 7.476711 0.150087
v 0.815258 7.558251 0.204316
v 0.767865 7.526788 0.113474
v 0.795039 7.638116 0.151108
v 0.745958 7.637822 0.055823
v 0.813950 7.688980 0.160302
v 0.805273 7.793387 0.137665
v 0.907734 7.679744 0.272391
v 0.875050 7.667566 0.171041
v 0.875278 7.526717 0.162839
v 0.881998 7.628498 0.129917
v 0.891593 7.608818 0.047698
v 0.936339 7.651287 0.135348
v 0.936140 7.579326 0.053002
v 0.977086 7.646210 0.126066
v 0.986717 7.498808 0.122004
v 1.006394 7.592018 0.123435
v 1.078522 7.575326 0.097668
v 1.105437 7.591688 0.170548
v 1.159227 7.576448 0.053438
v 1.162673 7.638940 0.042613
v 1.181346 7.534285 -0.034465
v 1.167387 7.558569 -0.072997
v 1.192089 7.431212 -0.061604
v 1.176802 7.421742 -0.087780
v 1.260063 7.346400 -0.025589
v 1.254112 7.331978 -0.028543
v 1.377313 7.336263 -0.011866
v 1.376773 7.331510 -0.009450
v 0.300944 7.095864 -0.273532
v 0.186032 7.036523 -0.257070
v 0.263273 7.096258 -0.282923
v 0.156531 7.139472 -0.344045
v 0.278864 7.116744 -0.238881
v 0.302648 7.223474 -0.309876
v 0.314363 7.073674 -0.287960
v 0.431716 7.129657 -0.278408
v 0.355309 6.979802 -0.296894
v 0.369700 7.081090 -0.377708
v 0.264154 6.979438 -0.374408
v 0.354077 7.065446 -0.413316
v 0.213681 7.067214 -0.450888
v 0.340403 7.081801 -0.423947
v 0.308540 7.138738 -0.570862
v 0.353154 7.042461 -0.495115
v 0.456246 7.072281 -0.552355
v 0.342352 7.008835 -0.552798
v 0.430683 6.944397 -0.548669
v 0.360399 7.005236 -0.617869
v 0.382281 6.895105 -0.609661
v 0.288426 6.885143 -0.630117
v 0.433138 6.819149 -0.609668
v 0.400246 6.760926 -0.570977
v 0.507452 6.758620 -0.676678
v 0.554277 6.746439 -0.644795
v 0.544092 6.731672 -0.811891
v 0.537590 6.700591 -0.789893
v 0.457751 6.618698 -0.879986
v 0.471913 6.611331 -0.869114
v 0.447022 6.474721 -0.847417
v 0.453144 6.474527 -0.845186
v -0.360996 8.129203 1.171866
v -0.455333 8.142354 1.103529
v -0.428406 8.033205 1.216186
v -0.468912 8.119666 1.148172
v -0.553018 8.045401 1.189392
v -0.528807 8.153949 1.152334
v -0.573778 8.040736 1.126625
v -0.616877 8.111246 1.043481
v -0.587038 7.960575 1.132399
v -0.669327 7.944715 1.050429
v -0.640337 8.029201 1.207515
v -0.714897 7.951665 1.160920
v -0.673772 7.925883 1.249268
v -0.736354 7.985247 1.169886
v -0.770805 7.879399 1.212939
v -0.749433 7.994423 1.205531
v -0.784840 7.970950 1.268317
v -0.859397 7.985495 1.179031
v -0.853076 7.983694 1.305697
v -0.837170 8.084862 1.286456
v -0.857999 7.986367 1.369316
v -0.798877 8.035211 1.410050
v -0.865898 7.929897 1.406074
v -0.818619 7.909404 1.452662
v -0.929894 7.881465 1.410939
v -0.918528 7.833555 1.427966
v -1.016147 7.886517 1.446350
v -1.037716 7.869638 1.424988
v -1.074786 7.932765 1.517983
v -1.075401 7.915561 1.520274
v -1.064749 7.907100 1.622932
v -1.066496 7.901578 1.622033
v -0.637632 7.664159 0.046971
v -0.679784 7.772172 0.104298
v -0.625009 7.755671 -0.048784
v -0.702536 7.753834 0.054735
v -0.707365 7.846820 -0.020652
v -0.765414 7.762718 0.058641
v -0.705519 7.875938 0.025451
v -0.768265 7.883296 0.138317
v -0.688028 7.916333 0.018781
v -0.673929 8.038684 0.058295
v -0.674358 7.923081 -0.136313
v -0.753319 7.939100 -0.035128
v -0.798112 7.792963 -0.035409
v -0.788089 7.921449 -0.024416
v -0.888190 7.930180 0.042279
v -0.820120 7.941351 -0.067136
v -0.913439 7.926756 -0.021722
v -0.842997 7.923418 -0.130150
v -0.961825 7.843776 -0.015497
v -0.902566 7.882072 -0.106275
v -0.928522 7.785641 -0.147037
v -0.922210 7.881186 -0.143738
v -0.935598 7.856584 -0.256840
v -0.976744 7.883940 -0.198242
v -1.046277 7.868201 -0.273279
v -1.055593 7.920192 -0.250590
v -1.138899 7.837880 -0.266470
v -1.156599 7.855205 -0.237225
v -1.178113 7.746239 -0.260902
v -1.188127 7.741965 -0.245135
v -1.165544 7.660784 -0.317134
v -1.168354 7.657021 -0.312688
v -0.580918 7.451537 -0.095541
v -0.552629 7.336936 -0.052443
v -0.548034 7.466058 -0.037302
v -0.580603 7.385293 0.053294
v -0.598926 7.551162 -0.032419
v -0.641869 7.476095 0.058752
v -0.756308 7.562548 0.019538
v -0.696774 7.458082 -0.016985
v -0.774956 7.483863 0.056629
v -0.720836 7.370802 0.047709
v -0.817391 7.470394 0.072241
v -0.851769 7.426714 0.184942
v -0.904627 7.567862 0.033042
v -0.877734 7.445743 0.045485
v -0.830991 7.440205 -0.091594
v -0.888123 7.412071 0.016737
v -0.871645 7.324725 -0.033894
v -0.940873 7.411801 0.024557
v -0.925799 7.310358 -0.063247
v -0.988366 7.383213 -0.006197
v -1.004024 7.302010 -0.109807
v -1.045379 7.384058 -0.094888
v -1.077836 7.265948 -0.100512
v -1.119287 7.299471 -0.048518
v -1.129935 7.211649 -0.123190
v -1.143511 7.187124 -0.074884
v -1.152258 7.116884 -0.193025
v -1.170299 7.115206 -0.160497
v -1.189810 6.994524 -0.145715
v -1.201561 7.006890 -0.138261
v -1.294269 6.939832 -0.100970
v -1.297501 6.945213 -0.101232
v 0.582354 7.784554 -0.041653
v 0.646518 7.748812 0.035531
v 0.551652 7.721232 -0.041250
v 0.602223 7.654210 0.024342
v 0.608289 7.727139 -0.104295
v 0.619463 7.622307 -0.088892
v 0.722810 7.732462 -0.098428
v 0.684942 7.638678 -0.131934
v 0.760625 7.630546 -0.043066
v 0.693077 7.618544 -0.124583
v 0.761760 7.583208 -0.079562
v 0.691319 7.553774 -0.153884
v 0.782156 7.530931 -0.082318
v 0.764076 7.428693 -0.058393
v 0.911896 7.563365 -0.035033
v 0.851265 7.537433 -0.118718
v 0.909777 7.523774 -0.154804
v 0.880398 7.606291 -0.215465
v 0.935417 7.498968 -0.169458
v 0.878328 7.444908 -0.222256
v 1.027806 7.475701 -0.166666
v 0.981816 7.434801 -0.216070
v 1.025348 7.331247 -0.160080
v 0.998576 7.353490 -0.212758
v 0.990352 7.233656 -0.256903
v 0.991279 7.273977 -0.281715
v 1.033582 7.204983 -0.379740
v 1.026939 7.232933 -0.392826
v 1.139463 7.196413 -0.450179
v 1.142733 7.211171 -0.454725
v 1.256301 7.150636 -0.436722
v 1.258454 7.155504 -0.436935
v 0.524973 8.022379 -0.075085
v 0.461673 8.000134 -0.136240
v 0.464468 8.105846 -0.044529
v 0.412132 8.066423 -0.107365
v 0.431938 8.187765 -0.156321
v 0.481164 8.112375 -0.167930
v 0.408371 8.148472 -0.261735
v 0.469373 8.081305 -0.258759
v 0.371335 8.104805 -0.273981
v 0.363584 8.021984 -0.310342
v 0.315100 8.166231 -0.330977
v 0.397216 8.132667 -0.311692
v 0.383753 8.179937 -0.334009
v 0.438259 8.107697 -0.341228
v 0.425165 8.211599 -0.363431
v 0.490540 8.243761 -0.309272
v 0.412336 8.248549 -0.420227
v 0.378750 8.326683 -0.388468
v 0.381825 8.227404 -0.479349
v 0.306304 8.252106 -0.493427
v 0.394247 8.160680 -0.505229
v 0.345794 8.125836 -0.536218
v 0.469968 8.127227 -0.516755
v 0.467002 8.076849 -0.535394
v 0.543177 8.157535 -0.574941
v 0.578223 8.141990 -0.562368
v 0.568321 8.231554 -0.657470
v 0.570006 8.206382 -0.666802
v 0.501898 8.222366 -0.760759
v 0.510894 8.212369 -0.760851
v 0.463814 8.128497 -0.821184
v 0.467695 8.126258 -0.820455
v 0.293468 8.292342 1.076486
v 0.286398 8.214936 1.143743
v 0.306938 8.226301 1.034505
v 0.377445 8.153014 1.049440
v 0.309059 8.304807 0.959172
v 0.399951 8.261134 0.939258
v 0.397492 8.375990 1.027585
v 0.453728 8.401178 0.945316
v 0.469493 8.347913 1.108616
v 0.503480 8.397348 1.025152
v 0.543069 8.328635 1.061503
v 0.564128 8.382313 0.976412
v 0.505714 8.374301 1.103485
v 0.589336 8.351515 1.048229
v 0.605169 8.273869 1.158019
v 0.612971 8.346102 1.085309
v 0.741881 8.308941 1.060903
v 0.667186 8.375777 1.083679
v 0.737043 8.477883 1.012049
v 0.708987 8.444173 1.092201
v 0.658136 8.564128 1.138295
v 0.707434 8.508304 1.154125
v 0.646315 8.478528 1.276268
v 0.695621 8.468959 1.241808
v 0.727420 8.348302 1.282175
v 0.737653 8.377760 1.248791
v 0.852217 8.342429 1.210608
v 0.837641 8.368687 1.205545
v 0.918065 8.454565 1.222158
v 0.923053 8.461060 1.209320
v 0.911461 8.526238 1.322570
v 0.910495 8.530393 1.319704
v 0.718506 7.724025 0.278656
v 0.720492 7.836765 0.301803
v 0.821805 7.743931 0.333450
v 0.796474 7.813973 0.245686
v 0.770236 7.645187 0.215031
v 0.775586 7.760081 0.210481
v 0.688997 7.762040 0.071746
v 0.740283 7.791325 0.170550
v 0.776758 7.958919 0.132681
v 0.807332 7.849889 0.153359
v 0.891757 7.865530 0.302436
v 0.865671 7.828545 0.196598
v 0.890439 7.660010 0.209985
v 0.878806 7.765110 0.164500
v 0.863048 7.738385 0.004025
v 0.909979 7.785576 0.097943
v 0.947756 7.928535 0.046322
v 0.978759 7.824563 0.084775
v 1.062820 7.886569 0.197964
v 1.045479 7.818551 0.123519
v 1.085941 7.705619 0.218651
v 1.064298 7.738222 0.142895
v 1.117042 7.681124 0.095597
v 1.110215 7.744638 0.071673
v 1.184412 7.670951 0.067011
v 1.168788 7.692560 0.023351
v 1.187038 7.560064 -0.002302
v 1.184468 7.589956 -0.018521
v 1.286062 7.603745 -0.099963
v 1.281023 7.613612 -0.112927
v 1.421165 7.623385 -0.062132
v 1.420989 7.628894 -0.063788
v 0.517424 8.205370 0.192341
v 0.526876 8.251443 0.298257
v 0.580573 8.190739 0.196887
v 0.606448 8.200700 0.309411
v 0.568439 8.307278 0.173679
v 0.631137 8.287110 0.269034
v 0.505633 8.386545 0.329220
v 0.585150 8.306082 0.304060
v 0.620426 8.285597 0.343843
v 0.651544 8.269207 0.454266
v 0.728974 8.229902 0.240420
v 0.674372 8.322393 0.283946
v 0.711344 8.355016 0.327873
v 0.660806 8.374169 0.225357
v 0.737975 8.376861 0.325004
v 0.710681 8.366961 0.212810
v 0.767417 8.360435 0.288091
v 0.809706 8.273898 0.223644
v 0.802904 8.385765 0.318624
v 0.854511 8.332679 0.390249
v 0.820456 8.506008 0.352155
v 0.866336 8.443981 0.314514
v 0.853314 8.490108 0.189252
v 0.891956 8.463405 0.239353
v 0.932879 8.408094 0.213497
v 0.929031 8.431449 0.259242
v 0.994837 8.442349 0.226140
v 0.980953 8.468391 0.243693
v 1.058063 8.435430 0.302265
v 1.058252 8.439718 0.318888
v 1.094000 8.331310 0.263272
v 1.095931 8.329783 0.268517
v 0.549371 8.051594 1.055781
v 0.446642 8.107376 1.111925
v 0.530572 7.982265 1.094335
v 0.424692 8.010944 1.163501
v 0.609015 8.059432 1.155963
v 0.518237 8.027021 1.242715
v 0.525786 8.218155 1.196262
v 0.507368 8.112486 1.269144
v 0.314827 8.158196 1.283994
v 0.426366 8.096271 1.260720
v 0.459208 8.049629 1.316164
v 0.426864 7.934499 1.366326
v 0.615239 8.111355 1.304413
v 0.511297 8.095898 1.380401
v 0.494634 8.126228 1.437332
v 0.450547 8.243678 1.404484
v 0.490671 8.064792 1.495591
v 0.530847 8.171398 1.433637
v 0.563322 8.135416 1.509588
v 0.622814 8.207621 1.442248
v 0.584700 8.077497 1.513903
v 0.662181 8.032566 1.479185
v 0.534426 8.038811 1.577068
v 0.549511 7.964099 1.586875
v 0.504448 8.073847 1.710742
v 0.555255 8.052453 1.693925
v 0.651332 8.130050 1.754769
v 0.644862 8.094658 1.768258
v 0.774201 8.040774 1.742388
v 0.759926 8.033337 1.752876
v 0.764564 7.898130 1.762915
v 0.759004 7.898742 1.766193
v 0.511792 8.046249 1.087259
v 0.602485 7.973332 1.030757
v 0.573365 8.140140 1.047153
v 0.642071 8.030939 1.037727
v 0.638136 8.144881 0.961683
v 0.694254 8.028392 0.965629
v 0.633792 8.156120 0.902034
v 0.711007 8.066023 0.850507
v 0.670495 8.201088 0.904845
v 0.742554 8.166812 0.803026
v 0.732555 8.196568 0.931319
v 0.736845 8.272127 0.826405
v 0.779919 8.213396 0.938981
v 0.728722 8.323581 0.894566
v 0.812110 8.239120 0.964446
v 0.732290 8.339715 0.980062
v 0.833341 8.249351 1.004291
v 0.744416 8.303364 1.081164
v 0.852407 8.228153 1.037618
v 0.798400 8.200712 1.135355
v 0.891706 8.209940 1.043894
v 0.894916 8.130493 1.097373
v 0.948435 8.222848 1.057151
v 0.989263 8.162343 1.033725
v 1.020254 8.276799 1.054144
v 1.020597 8.233369 1.091817
v 1.023223 8.303066 1.154735
v 1.042384 8.270020 1.151583
v 1.026624 8.251069 1.236582
v 1.039073 8.243477 1.224146
v 1.063413 8.171754 1.258443
v 1.067193 8.171610 1.253196
v -0.300053 8.309423 0.069396
v -0.202022 8.339125 0.052200
v -0.282530 8.363505 0.012728
v -0.255986 8.303178 -0.067548
v -0.327372 8.350799 0.038468
v -0.404114 8.283986 0.017615
v -0.323450 8.377685 0.063665
v -0.381640 8.397333 0.147427
v -0.267713 8.439562 0.027517
v -0.364574 8.407892 0.047595
v -0.345319 8.424914 -0.004720
v -0.414472 8.355606 -0.039398
v -0.312489 8.459142 -0.033978
v -0.247687 8.424733 -0.107496
v -0.323368 8.544119 -0.032229
v -0.236517 8.592666 -0.002428
v -0.393340 8.577747 -0.024233
v -0.407571 8.622990 0.068172
v -0.445849 8.536282 -0.049643
v -0.525072 8.515844 -0.006865
v -0.424110 8.495763 -0.111900
v -0.469545 8.441377 -0.141856
v -0.396911 8.547999 -0.181098
v -0.364485 8.522680 -0.226879
v -0.426305 8.630396 -0.182705
v -0.440185 8.598739 -0.213301
v -0.499329 8.590346 -0.200811
v -0.475993 8.587132 -0.220616
v -0.508716 8.501638 -0.259081
v -0.503690 8.493037 -0.270809
v -0.618820 8.516104 -0.211226
v -0.620665 8.512078 -0.213939
v -0.707564 7.954617 0.606747
v -0.685768 8.038028 0.525913
v -0.682743 7.937641 0.565472
v -0.685290 7.932343 0.447439
v -0.719745 7.935275 0.589960
v -0.742872 7.824896 0.554630
v -0.796621 7.913889 0.678582
v -0.809906 7.932964 0.562711
v -0.834105 8.027049 0.641760
v -0.866575 7.943490 0.564754
v -0.862911 8.075225 0.553712
v -0.897780 7.962617 0.545343
v -0.896299 8.056533 0.449394
v -0.922915 7.968100 0.523134
v -0.969554 7.969915 0.385388
v -0.981054 7.947653 0.500881
v -1.010328 7.841534 0.398723
v -1.008029 7.902562 0.499900
v -1.039682 7.762341 0.522057
v -1.032733 7.865269 0.541873
v -1.092359 7.819414 0.653586
v -1.095497 7.871064 0.582976
v -1.181618 7.871653 0.609459
v -1.173096 7.940787 0.602215
v -1.228023 7.851529 0.565445
v -1.229351 7.855615 0.513097
v -1.279479 7.781872 0.616157
v -1.281946 7.788562 0.581875
v -1.327300 7.709804 0.521715
v -1.327761 7.726967 0.518285
v -1.409061 7.747682 0.440822
v -1.409155 7.753113 0.443149
v 0.339115 7.923936 -0.271046
v 0.417677 7.872207 -0.241873
v 0.360124 7.900939 -0.341916
v 0.402661 7.812485 -0.333819
v 0.453513 7.980915 -0.332493
v 0.481791 7.886706 -0.337394
v 0.569840 7.930479 -0.212975
v 0.514148 7.869134 -0.266213
v 0.587054 7.749207 -0.208669
v 0.515738 7.792562 -0.260952
v 0.498475 7.672839 -0.351936
v 0.523260 7.767441 -0.340310
v 0.470013 7.819784 -0.465775
v 0.554180 7.793922 -0.421661
v 0.607865 7.933704 -0.438948
v 0.616704 7.835964 -0.447184
v 0.755562 7.842966 -0.377750
v 0.686974 7.802327 -0.435570
v 0.742336 7.664434 -0.412184
v 0.692259 7.722662 -0.454198
v 0.636371 7.628403 -0.545893
v 0.660062 7.696809 -0.536888
v 0.690348 7.725243 -0.638997
v 0.646239 7.753387 -0.664848
v 0.795824 7.749708 -0.692561
v 0.809153 7.790259 -0.682873
v 0.892913 7.664857 -0.684129
v 0.915872 7.669810 -0.666813
v 0.874646 7.536770 -0.722973
v 0.881364 7.525755 -0.716161
v 0.815764 7.509494 -0.847654
v 0.815805 7.504652 -0.846756
v -0.749575 7.759837 0.468260
v -0.738593 7.704977 0.375821
v -0.789978 7.620309 0.483359
v -0.796544 7.712496 0.427381
v -0.849719 7.632964 0.366524
v -0.855192 7.739813 0.351412
v -0.805075 7.607565 0.311912
v -0.789369 7.672210 0.226769
v -0.807633 7.550811 0.308374
v -0.771186 7.527617 0.209336
v -0.868548 7.526925 0.271589
v -0.843449 7.425859 0.300411
v -0.925551 7.528554 0.246814
v -0.940934 7.501041 0.350165
v -0.996795 7.507454 0.260633
v -1.024793 7.601073 0.306749
v -1.028905 7.453164 0.311215
v -1.041977 7.449955 0.418425
v -1.046651 7.405879 0.265630
v -1.017218 7.316540 0.285041
v -1.106975 7.388736 0.141080
v -1.126390 7.380397 0.218278
v -1.235666 7.370586 0.219868
v -1.255103 7.430392 0.231925
v -1.283258 7.294700 0.296310
v -1.293767 7.306573 0.341639
v -1.277517 7.171568 0.270123
v -1.271787 7.150495 0.293533
v -1.344994 7.117032 0.166238
v -1.337529 7.106146 0.157184
v -1.484681 7.126135 0.152529
v -1.484097 7.127639 0.147373
v 0.711690 7.525369 0.227904
v 0.703788 7.610336 0.159154
v 0.725106 7.572185 0.284151
v 0.718789 7.659769 0.218595
v 0.796921 7.538814 0.209553
v 0.821963 7.644782 0.221886
v 0.773316 7.581793 0.085162
v 0.820280 7.644560 0.161733
v 0.819930 7.605583 0.163512
v 0.822921 7.713091 0.142501
v 0.862240 7.574416 0.201010
v 0.854505 7.667689 0.144012
v 0.912534 7.655421 0.153269
v 0.942536 7.727920 0.229769
v 0.939452 7.656461 0.106370
v 0.913348 7.739357 0.039622
v 0.956540 7.614823 0.098436
v 0.908551 7.557348 0.018423
v 1.005443 7.597193 0.111261
v 1.002344 7.508083 0.150477
v 1.114015 7.635427 0.148238
v 1.088390 7.580361 0.094385
v 1.137972 7.636125 -0.009889
v 1.146245 7.581873 0.024827
v 1.125618 7.499204 -0.077442
v 1.147293 7.500866 -0.033859
v 1.183838 7.379468 -0.013806
v 1.196830 7.407106 -0.002778
v 1.314939 7.387361 0.009390
v 1.319781 7.384646 0.024645
v 1.403715 7.405315 -0.075418
v 1.405934 7.409279 -0.072354
v -0.192266 8.422626 0.831159
v -0.205446 8.455419 0.743382
v -0.212975 8.481346 0.841725
v -0.284775 8.483103 0.780117
v -0.228222 8.441966 0.864976
v -0.313132 8.401682 0.875990
v -0.184023 8.447099 0.904709
v -0.221125 8.391837 0.971964
v -0.165410 8.507051 0.956158
v -0.251973 8.469322 0.962256
v -0.198075 8.486464 1.031883
v -0.265834 8.507402 0.969240
v -0.295639 8.451041 1.083333
v -0.287752 8.509528 1.009367
v -0.300504 8.562193 1.058511
v -0.384799 8.554590 1.016197
v -0.282461 8.652482 1.029022
v -0.337237 8.598222 1.083877
v -0.344309 8.617109 1.090936
v -0.281208 8.601674 1.144365
v -0.411914 8.596057 1.118313
v -0.347867 8.604448 1.145526
v -0.357864 8.550700 1.216784
v -0.328814 8.588336 1.187053
v -0.324273 8.636996 1.240234
v -0.286602 8.634328 1.258739
v -0.356550 8.718941 1.244856
v -0.362471 8.700661 1.265273
v -0.453130 8.690878 1.250200
v -0.444723 8.686566 1.260555
v -0.470493 8.613126 1.302183
v -0.466289 8.613406 1.304334
v -0.456078 7.694828 -0.226808
v -0.550457 7.667818 -0.155396
v -0.540328 7.831504 -0.221656
v -0.557108 7.711631 -0.212420
v -0.680252 7.753954 -0.183601
v -0.631481 7.649615 -0.221957
v -0.681031 7.721641 -0.088909
v -0.676363 7.601027 -0.075988
v -0.667972 7.762246 -0.029896
v -0.719408 7.683678 0.047032
v -0.726290 7.822992 -0.029122
v -0.791463 7.808328 0.072238
v -0.817231 7.819976 -0.076428
v -0.831306 7.931326 -0.030174
v -0.848341 7.828688 -0.140475
v -0.802690 7.935300 -0.176340
v -0.845510 7.806126 -0.199371
v -0.763416 7.799926 -0.288581
v -0.899792 7.800389 -0.191179
v -0.875530 7.699767 -0.221676
v -0.949712 7.820768 -0.264355
v -0.945004 7.731406 -0.273189
v -1.080078 7.762834 -0.196216
v -1.046811 7.721589 -0.244869
v -1.066829 7.589887 -0.170911
v -1.041389 7.610050 -0.214006
v -1.005597 7.491506 -0.289895
v -1.004927 7.525674 -0.301110
v -1.061041 7.520136 -0.426881
v -1.049323 7.521490 -0.440456
v -1.197670 7.547017 -0.455366
v -1.196156 7.552097 -0.458324
v -0.669947 7.950421 0.191237
v -0.633361 7.904645 0.100911
v -0.752683 7.870911 0.180252
v -0.701871 7.903970 0.091269
v -0.757702 8.014272 0.152383
v -0.735885 7.947528 0.070763
v -0.656297 8.071759 0.041179
v -0.694953 7.971300 0.038656
v -0.602104 7.952549 -0.080829
v -0.674004 7.933279 -0.003036
v -0.708374 7.801814 -0.056624
v -0.721490 7.902271 -0.020168
v -0.751548 7.937859 -0.078648
v -0.826117 7.909068 -0.006514
v -0.795746 7.838599 -0.134408
v -0.809202 7.937710 -0.094552
v -0.871888 7.929111 -0.133975
v -0.811049 7.999054 -0.188741
v -0.941041 7.960919 -0.135978
v -0.940207 8.049814 -0.100529
v -1.010672 7.920472 -0.109679
v -1.045067 7.942680 -0.041235
v -1.018442 7.831295 -0.123593
v -1.046149 7.793893 -0.079954
v -0.994310 7.781874 -0.206575
v -0.998286 7.734458 -0.201499
v -1.027233 7.798036 -0.312152
v -1.012165 7.777897 -0.331775
v -1.127101 7.834286 -0.373774
v -1.127125 7.818393 -0.375130
v -1.244447 7.793183 -0.349340
v -1.243331 7.788259 -0.351208
v -0.184478 7.522010 -0.374806
v -0.072381 7.551708 -0.398186
v -0.139897 7.501933 -0.412344
v -0.078152 7.404122 -0.387548
v -0.172521 7.498236 -0.433593
v -0.270034 7.444519 -0.393593
v -0.184155 7.532026 -0.480128
v -0.244440 7.633726 -0.484279
v -0.024940 7.577631 -0.545120
v -0.129759 7.525746 -0.527366
v -0.147698 7.457179 -0.524256
v -0.111778 7.349256 -0.491750
v -0.323509 7.485793 -0.535975
v -0.208721 7.483506 -0.564483
v -0.170445 7.488714 -0.643378
v -0.156123 7.603993 -0.665737
v -0.094897 7.437999 -0.671113
v -0.211023 7.458229 -0.661118
v -0.175933 7.488924 -0.730209
v -0.198388 7.390270 -0.701567
v -0.315557 7.473530 -0.782857
v -0.251050 7.414222 -0.782950
v -0.344176 7.292443 -0.759642
v -0.281403 7.313644 -0.782543
v -0.216197 7.177594 -0.804809
v -0.210328 7.225472 -0.825726
v -0.165794 7.204847 -0.952959
v -0.131010 7.201100 -0.955099
v -0.229932 7.220482 -1.088546
v -0.227601 7.203932 -1.083270
v -0.349209 7.124771 -1.119399
v -0.345914 7.119994 -1.118254
v -0.437071 8.259323 0.113773
v -0.523943 8.193868 0.142121
v -0.417334 8.244539 0.175485
v -0.494213 8.217742 0.252983
v -0.366150 8.343981 0.200914
v -0.450635 8.315794 0.269488
v -0.445721 8.446892 0.278597
v -0.519406 8.375911 0.232049
v -0.495221 8.426388 0.343650
v -0.582045 8.355584 0.352757
v -0.506029 8.492896 0.302383
v -0.557586 8.475434 0.400727
v -0.542580 8.512205 0.307315
v -0.615269 8.471208 0.382614
v -0.566259 8.525976 0.303537
v -0.642325 8.452625 0.265220
v -0.559720 8.581470 0.275271
v -0.650438 8.518327 0.295705
v -0.614869 8.592604 0.299815
v -0.689518 8.528281 0.283294
v -0.681029 8.616645 0.382794
v -0.666178 8.613245 0.300937
v -0.699370 8.669232 0.287733
v -0.644772 8.706018 0.277599
v -0.740714 8.668457 0.233351
v -0.725670 8.665428 0.185809
v -0.800445 8.627334 0.253096
v -0.817736 8.605715 0.234579
v -0.838672 8.660844 0.320476
v -0.849590 8.652492 0.329875
v -0.852609 8.752171 0.311036
v -0.853101 8.752785 0.316600
v -0.250725 7.300301 -0.344022
v -0.137541 7.332764 -0.385699
v -0.256243 7.264332 -0.402322
v -0.133495 7.252321 -0.422071
v -0.264084 7.361217 -0.466748
v -0.153712 7.302759 -0.465320
v -0.123086 7.447655 -0.489679
v -0.126548 7.330811 -0.445671
v 0.022848 7.342743 -0.486146
v -0.093917 7.303824 -0.464868
v -0.039692 7.168446 -0.462550
v -0.101984 7.265504 -0.510518
v -0.052720 7.213370 -0.548155
v -0.168096 7.260024 -0.558795
v -0.030515 7.154768 -0.571507
v -0.105068 7.246071 -0.612824
v -0.092425 7.185847 -0.667213
v -0.005869 7.266858 -0.706539
v -0.110030 7.158297 -0.737456
v -0.173164 7.244363 -0.768015
v -0.150004 7.097188 -0.753660
v -0.241466 7.097982 -0.739715
v -0.122873 7.017143 -0.761456
v -0.161119 6.965087 -0.725317
v -0.076057 6.963045 -0.835283
v -0.043000 6.924309 -0.813182
v -0.059693 6.948595 -0.961128
v -0.076962 6.920405 -0.944492
v -0.171157 6.896665 -1.029276
v -0.160673 6.882923 -1.022669
v -0.233196 6.780796 -1.018867
v -0.227860 6.777755 -1.017733
v -0.636943 8.051206 0.193086
v -0.610292 8.002131 0.106818
v -0.676945 8.051862 0.127317
v -0.721157 7.961585 0.148671
v -0.674271 8.085620 0.055352
v -0.711549 7.989931 0.051530
v -0.616105 8.023354 -0.037551
v -0.680205 7.962372 0.014729
v -0.630939 7.917128 -0.086610
v -0.695102 7.924020 -0.006633
v -0.703954 7.837573 -0.093355
v -0.742057 7.907929 -0.028866
v -0.785255 7.804289 -0.055692
v -0.784057 7.905512 -0.037993
v -0.871178 7.841741 0.016989
v -0.819319 7.892113 -0.056045
v -0.888715 7.862381 -0.070117
v -0.866301 7.962496 -0.076060
v -0.887519 7.869094 -0.139747
v -0.935580 7.884692 -0.063648
v -0.964309 7.838850 -0.129864
v -0.966101 7.912845 -0.112082
v -1.070884 7.849967 -0.114175
v -1.049971 7.905695 -0.127044
v -1.096831 7.877024 -0.222172
v -1.085028 7.920243 -0.231053
v -1.076005 7.831235 -0.309913
v -1.059124 7.846350 -0.330252
v -1.079450 7.729555 -0.334976
v -1.070434 7.725035 -0.346381
v -1.160309 7.657925 -0.318653
v -1.157989 7.654349 -0.321522
v 0.596409 8.127668 0.874374
v 0.510203 8.213683 0.903961
v 0.552146 8.088555 0.905104
v 0.460360 8.120270 0.984317
v 0.669795 8.093514 0.956167
v 0.582696 8.132795 1.037261
v 0.626663 8.290290 0.947990
v 0.613548 8.211140 1.044264
v 0.463280 8.303311 1.126602
v 0.565853 8.238313 1.095629
v 0.586526 8.110397 1.202481
v 0.626233 8.192158 1.116203
v 0.612649 8.205515 1.181746
v 0.666514 8.257911 1.081453
v 0.645252 8.147682 1.240207
v 0.646446 8.252847 1.172057
v 0.678927 8.272556 1.219305
v 0.576980 8.332070 1.261377
v 0.736317 8.324996 1.211800
v 0.727523 8.411566 1.142248
v 0.798607 8.274189 1.204539
v 0.861418 8.260203 1.137631
v 0.773147 8.212652 1.265028
v 0.802272 8.144806 1.273019
v 0.766945 8.264013 1.358176
v 0.730544 8.249330 1.397694
v 0.847323 8.371726 1.384381
v 0.853681 8.338920 1.400572
v 0.978299 8.292665 1.350732
v 0.967921 8.288040 1.365415
v 0.968009 8.158177 1.410167
v 0.963503 8.160048 1.414098
v -0.559976 8.031475 0.000552
v -0.468265 8.118131 -0.036149
v -0.533890 8.010647 -0.037191
v -0.431012 8.021164 -0.118263
v -0.538557 7.961440 0.008901
v -0.480648 7.876944 -0.073404
v -0.657997 7.867618 0.006184
v -0.585476 7.908741 -0.095387
v -0.669424 7.864875 -0.136269
v -0.641692 7.993098 -0.128727
v -0.672084 7.867085 -0.210743
v -0.579386 7.934337 -0.275173
v -0.690149 7.848308 -0.233418
v -0.622199 7.756181 -0.297936
v -0.730686 7.850550 -0.261552
v -0.787486 7.743959 -0.209791
v -0.777448 7.848774 -0.306248
v -0.845030 7.922824 -0.221299
v -0.819511 7.863244 -0.355398
v -0.771655 7.967024 -0.379532
v -0.819065 7.830043 -0.408348
v -0.744160 7.832547 -0.470455
v -0.853808 7.766636 -0.408094
v -0.818461 7.704578 -0.439126
v -0.945205 7.751591 -0.422926
v -0.955976 7.695632 -0.410144
v -1.030635 7.774786 -0.500755
v -1.030278 7.735857 -0.501329
v -1.020809 7.732414 -0.623934
v -1.031339 7.719399 -0.613999
v -1.011932 7.617484 -0.667952
v -1.016448 7.615201 -0.663762
v 0.744336 7.652031 0.306359
v 0.701581 7.648665 0.185922
v 0.730781 7.669745 0.285066
v 0.707155 7.767576 0.206229
v 0.815115 7.702183 0.342944
v 0.780836 7.691862 0.220213
v 0.823608 7.571177 0.239768
v 0.829691 7.694285 0.205828
v 0.787177 7.618732 0.094384
v 0.835900 7.695526 0.184235
v 0.820947 7.779133 0.076551
v 0.861663 7.701287 0.169431
v 0.936071 7.812192 0.200581
v 0.916430 7.699697 0.143105
v 0.992879 7.670626 0.265311
v 0.956531 7.680215 0.143117
v 0.978309 7.536173 0.168767
v 0.978662 7.653755 0.118578
v 0.989000 7.577628 0.002521
v 1.035555 7.637060 0.087460
v 1.111866 7.602856 0.036515
v 1.115753 7.696854 0.025674
v 1.186236 7.584118 0.068167
v 1.210713 7.627133 0.125527
v 1.204850 7.498274 0.084002
v 1.217676 7.479829 0.136192
v 1.231899 7.428923 0.014131
v 1.227148 7.393583 0.026914
v 1.322268 7.420025 -0.062801
v 1.325182 7.407912 -0.048535
v 1.439222 7.413936 -0.023494
v 1.438502 7.407889 -0.021551
v -0.193878 8.459476 0.577270
v -0.077105 8.485008 0.527104
v -0.183304 8.430277 0.542441
v -0.130417 8.439538 0.424451
v -0.197115 8.496528 0.535228
v -0.301966 8.460765 0.467911
v -0.220544 8.569453 0.586370
v -0.234238 8.569100 0.457464
v -0.125932 8.615818 0.538557
v -0.215958 8.597089 0.447185
v -0.090867 8.639536 0.436432
v -0.218530 8.617298 0.439914
v -0.141612 8.658854 0.336419
v -0.223640 8.654880 0.436718
v -0.263150 8.672484 0.303864
v -0.230321 8.698810 0.426475
v -0.376256 8.686595 0.397277
v -0.257008 8.728660 0.425822
v -0.332878 8.737712 0.550431
v -0.270140 8.756970 0.455718
v -0.192923 8.831927 0.521782
v -0.267239 8.815594 0.463209
v -0.201144 8.852776 0.368046
v -0.265490 8.843254 0.408913
v -0.319850 8.794158 0.324087
v -0.311424 8.804590 0.380118
v -0.408135 8.799516 0.414753
v -0.373723 8.813040 0.425152
v -0.390339 8.899320 0.450828
v -0.385626 8.901552 0.469311
v -0.350354 8.962720 0.387931
v -0.345713 8.964431 0.392119
v 0.634733 7.940856 0.082190
v 0.581297 7.882110 -0.008445
v 0.633246 7.945771 0.036898
v 0.553880 8.006832 -0.030137
v 0.635227 7.949927 0.062682
v 0.629717 8.055923 0.119739
v 0.755067 7.907001 0.130209
v 0.692159 7.967360 0.047020
v 0.738684 7.969167 0.003575
v 0.705574 7.880013 -0.070427
v 0.661112 8.092572 -0.063232
v 0.734805 8.011403 -0.013210
v 0.786670 8.019008 -0.001902
v 0.820570 8.078212 0.097430
v 0.853781 7.888106 0.000081
v 0.807729 7.993848 -0.034834
v 0.828741 8.018878 -0.073015
v 0.773147 7.965639 -0.165730
v 0.836064 8.136345 -0.120200
v 0.878725 8.038256 -0.114543
v 0.970423 8.073929 -0.038291
v 0.933052 8.046703 -0.114645
v 0.990357 7.982383 -0.113111
v 0.949255 8.007531 -0.165813
v 1.038904 7.983376 -0.158212
v 1.017158 7.957270 -0.199613
v 1.125628 7.918837 -0.154347
v 1.106969 7.922216 -0.184600
v 1.123207 7.821735 -0.248820
v 1.118133 7.837818 -0.254677
v 1.157389 7.857598 -0.371163
v 1.158131 7.863327 -0.369449
v 0.141384 8.475562 0.399657
v 0.123176 8.451343 0.277640
v 0.099794 8.552457 0.390427
v 0.090670 8.526978 0.267652
v 0.043942 8.498143 0.384631
v -0.049133 8.480307 0.302017
v 0.043439 8.476571 0.447668
v -0.075461 8.475744 0.488513
v 0.111402 8.583794 0.501095
v -0.013569 8.591029 0.489430
v 0.019127 8.638412 0.315670
v -0.014150 8.655147 0.435749
v -0.167009 8.647823 0.415435
v -0.053882 8.664972 0.467535
v -0.084378 8.698250 0.531501
v -0.020127 8.699222 0.423441
v -0.132692 8.723812 0.487486
v -0.016827 8.730863 0.439197
v -0.137312 8.743515 0.345931
v -0.053336 8.759981 0.417803
v -0.096714 8.785633 0.433833
v -0.006403 8.788438 0.411276
v -0.123999 8.815530 0.406825
v -0.053033 8.823055 0.428222
v -0.093592 8.874649 0.513968
v -0.068346 8.875981 0.464138
v 0.038399 8.866414 0.489621
v 0.012107 8.866451 0.463231
v 0.045393 8.850131 0.366833
v 0.029075 8.851716 0.375671
v -0.049776 8.895491 0.327578
v -0.052074 8.896247 0.333380
v 0.124620 8.430101 0.230418
v 0.104665 8.385795 0.131827
v 0.076867 8.419746 0.225807
v -0.014976 8.398177 0.169406
v 0.074670 8.522714 0.269035
v 0.064696 8.485131 0.166227
v 0.197964 8.523556 0.166247
v 0.096991 8.522854 0.122828
v 0.185841 8.456342 0.032142
v 0.094837 8.500334 0.075322
v 0.052510 8.425508 -0.032199
v 0.053355 8.487828 0.058337
v -0.078993 8.494057 0.011404
v 0.016430 8.525391 0.056057
v -0.067161 8.639689 0.100086
v 0.013424 8.608457 0.032175
v 0.083202 8.702031 0.119954
v 0.051128 8.660018 0.023582
v 0.194827 8.650442 0.009396
v 0.100685 8.651279 -0.016725
v 0.132960 8.561036 -0.104934
v 0.083775 8.602337 -0.054894
v -0.008045 8.573605 -0.124122
v 0.010763 8.609731 -0.073292
v -0.014944 8.688677 -0.123135
v -0.051778 8.705115 -0.095575
v 0.044872 8.761037 -0.153785
v 0.053862 8.777378 -0.127087
v 0.135526 8.718123 -0.186120
v 0.149839 8.721073 -0.178937
v 0.123345 8.619374 -0.231501
v 0.128773 8.618518 -0.231583
v -0.593902 8.201560 0.691282
v -0.563589 8.186029 0.792336
v -0.575779 8.252996 0.704562
v -0.509262 8.286859 0.780725
v -0.543383 8.224588 0.656150
v -0.470600 8.300997 0.640780
v -0.600902 8.229970 0.598482
v -0.546238 8.298922 0.538236
v -0.637648 8.306812 0.607302
v -0.663778 8.286200 0.505988
v -0.728597 8.291895 0.627900
v -0.686308 8.355771 0.553715
v -0.684239 8.389592 0.661078
v -0.705965 8.383712 0.556841
v -0.713168 8.426323 0.635000
v -0.698748 8.453502 0.532895
v -0.730018 8.480392 0.641893
v -0.650469 8.551284 0.646172
v -0.762568 8.478661 0.672724
v -0.734445 8.480474 0.763229
v -0.795379 8.482550 0.652197
v -0.821566 8.437520 0.711580
v -0.841998 8.501884 0.654552
v -0.848209 8.480143 0.713562
v -0.867792 8.585526 0.707709
v -0.897257 8.550512 0.720047
v -0.952397 8.577514 0.627505
v -0.961673 8.562221 0.653552
v -1.019873 8.487081 0.611356
v -1.016126 8.489814 0.626459
v -1.055513 8.422887 0.689107
v -1.053021 8.425715 0.692878
v 0.217865 8.430950 0.788082
v 0.137985 8.479665 0.706635
v 0.176364 8.418789 0.778530
v 0.054922 8.429836 0.801277
v 0.195699 8.452540 0.802354
v 0.195499 8.394469 0.911968
v 0.292635 8.522907 0.806255
v 0.191674 8.522621 0.878326
v 0.157724 8.618150 0.755236
v 0.169154 8.573368 0.870351
v 0.012634 8.589773 0.869825
v 0.132801 8.568859 0.892404
v 0.091088 8.530976 1.040588
v 0.153995 8.579670 0.945409
v 0.277395 8.543458 1.015582
v 0.189194 8.604855 0.953627
v 0.288515 8.679577 0.885926
v 0.204212 8.660524 0.974906
v 0.130125 8.754911 0.904644
v 0.184756 8.708134 0.988222
v 0.062278 8.701430 1.046709
v 0.152682 8.700508 1.030295
v 0.168076 8.685255 1.089986
v 0.186938 8.718564 1.027231
v 0.146517 8.733814 1.082798
v 0.199650 8.733058 1.068108
v 0.181075 8.726121 1.124670
v 0.204100 8.737876 1.098545
v 0.273294 8.699658 1.154549
v 0.266407 8.710513 1.141416
v 0.313952 8.792281 1.100637
v 0.308221 8.794488 1.099770
v 0.163061 8.381754 0.985828
v 0.252701 8.380838 0.947119
v 0.136502 8.395630 0.916204
v 0.209241 8.413289 0.853500
v 0.128880 8.483895 0.979688
v 0.203687 8.503276 0.919999
v 0.242554 8.471277 1.057926
v 0.267435 8.519222 0.976582
v 0.368215 8.434685 1.017933
v 0.322286 8.497246 0.958678
v 0.433521 8.469604 0.900199
v 0.345111 8.508895 0.913408
v 0.403163 8.584313 0.816667
v 0.348820 8.574302 0.897173
v 0.288464 8.674887 0.831770
v 0.324605 8.630154 0.910683
v 0.207152 8.685106 0.970841
v 0.301957 8.663495 0.961926
v 0.301520 8.640152 1.049663
v 0.339022 8.668316 0.976629
v 0.368773 8.673608 1.038979
v 0.320904 8.712148 1.000836
v 0.393668 8.758519 1.035578
v 0.425417 8.769486 0.988462
v 0.399535 8.696367 1.070130
v 0.439552 8.679696 1.068109
v 0.392500 8.745613 1.133138
v 0.418450 8.733144 1.135996
v 0.381640 8.647871 1.199292
v 0.392428 8.650410 1.189995
v 0.480753 8.575735 1.180305
v 0.482003 8.578272 1.176325
v -0.451078 8.354064 0.719665
v -0.364531 8.370624 0.813943
v -0.466222 8.414815 0.727117
v -0.361949 8.452945 0.792893
v -0.434246 8.407878 0.688769
v -0.325618 8.473574 0.665591
v -0.470200 8.412130 0.661643
v -0.425572 8.458549 0.549809
v -0.491030 8.478566 0.670799
v -0.569406 8.436200 0.577442
v -0.505664 8.508834 0.673902
v -0.605364 8.428153 0.688175
v -0.539217 8.526270 0.672489
v -0.560576 8.474840 0.788901
v -0.497722 8.585573 0.728034
v -0.605223 8.516870 0.708623
v -0.551243 8.604958 0.668605
v -0.626458 8.531891 0.743818
v -0.599954 8.608902 0.684625
v -0.684351 8.554133 0.629529
v -0.600470 8.691269 0.626730
v -0.648811 8.646272 0.695838
v -0.595578 8.718509 0.760427
v -0.657958 8.684848 0.731727
v -0.676212 8.651872 0.829199
v -0.688748 8.660815 0.773950
v -0.769205 8.613214 0.773375
v -0.747493 8.637898 0.753849
v -0.803863 8.678941 0.698130
v -0.792838 8.685236 0.712424
v -0.793813 8.770422 0.724483
v -0.794054 8.768840 0.730734
v -0.664137 8.035963 0.332825
v -0.616775 8.136568 0.355244
v -0.637414 8.068211 0.217517
v -0.633844 8.135891 0.308477
v -0.640864 8.198566 0.208216
v -0.679776 8.197937 0.314764
v -0.593912 8.248816 0.225081
v -0.599324 8.288056 0.331372
v -0.571993 8.273999 0.194865
v -0.518539 8.354592 0.254148
v -0.620750 8.323975 0.152376
v -0.533370 8.391387 0.126156
v -0.647146 8.340471 0.132624
v -0.575479 8.354074 0.045757
v -0.665895 8.346919 0.113748
v -0.652082 8.289055 0.017167
v -0.682914 8.381140 0.101596
v -0.736554 8.288785 0.063382
v -0.735925 8.395634 0.097268
v -0.727661 8.330108 0.021081
v -0.785846 8.382578 0.070256
v -0.740837 8.384732 -0.000664
v -0.808109 8.369014 0.045782
v -0.791316 8.343386 -0.014048
v -0.844831 8.320906 0.061103
v -0.853994 8.281749 0.030700
v -0.920597 8.370105 0.060449
v -0.935121 8.342173 0.048680
v -0.955022 8.397085 -0.032258
v -0.965660 8.384888 -0.027735
v -0.959428 8.328768 -0.103601
v -0.963139 8.325579 -0.100733
v -0.592095 8.042841 0.962546
v -0.574509 8.152507 0.897754
v -0.609314 8.102716 0.967660
v -0.681823 8.094380 0.861798
v -0.626924 8.106269 0.972490
v -0.671510 7.986443 0.986187
v -0.575689 8.100458 1.098269
v -0.659134 8.106483 1.000625
v -0.681503 8.136359 1.036604
v -0.656677 8.245839 0.973901
v -0.787632 8.071320 0.959488
v -0.706423 8.135198 1.036030
v -0.737108 8.148257 1.062236
v -0.684598 8.085058 1.161142
v -0.730653 8.277603 1.064239
v -0.782008 8.162690 1.090537
v -0.874658 8.167196 0.994389
v -0.809067 8.154676 1.104275
v -0.873254 8.050386 1.108280
v -0.819116 8.149411 1.126361
v -0.827872 8.100867 1.235354
v -0.854207 8.164235 1.169301
v -0.921488 8.154841 1.245927
v -0.911171 8.224553 1.216946
v -1.002965 8.144237 1.225297
v -1.023412 8.171963 1.179699
v -1.028912 8.061064 1.218800
v -1.051536 8.048237 1.190957
v -1.025924 8.001339 1.294220
v -1.033358 7.984377 1.289757
v -1.070894 8.023659 1.384655
v -1.070969 8.017487 1.386451
v 0.749150 7.681930 0.363806
v 0.722434 7.685809 0.258386
v 0.805970 7.781418 0.339189
v 0.784982 7.712768 0.257404
v 0.858771 7.638080 0.355975
v 0.839582 7.673733 0.254966
v 0.793286 7.526270 0.252398
v 0.806146 7.630377 0.223444
v 0.733096 7.588117 0.101604
v 0.779420 7.653687 0.175065
v 0.788332 7.753626 0.063009
v 0.826385 7.692628 0.144699
v 0.914108 7.797248 0.184589
v 0.898056 7.698388 0.142033
v 0.989193 7.653316 0.261036
v 0.957605 7.648473 0.157013
v 0.961285 7.501195 0.184304
v 0.960565 7.594102 0.127648
v 0.939489 7.508445 0.015580
v 0.977581 7.584883 0.060999
v 1.025039 7.639735 -0.055147
v 1.050083 7.593690 0.006093
v 1.151629 7.604523 -0.000845
v 1.171815 7.653910 0.035376
v 1.183184 7.528632 -0.005009
v 1.199162 7.518027 0.039392
v 1.250028 7.504635 -0.057958
v 1.253688 7.479691 -0.037857
v 1.251703 7.406853 -0.147440
v 1.258544 7.404889 -0.132974
v 1.290497 7.279558 -0.097587
v 1.293223 7.281830 -0.093463
v -0.123317 8.228058 -0.126700
v -0.191050 8.144280 -0.166741
v -0.184730 8.253324 -0.076665
v -0.261535 8.174382 -0.109509
v -0.186918 8.293888 -0.184999
v -0.297204 8.267611 -0.166127
v -0.206432 8.198784 -0.296444
v -0.301707 8.234771 -0.243179
v -0.348513 8.077435 -0.275568
v -0.335549 8.181654 -0.228878
v -0.390953 8.222654 -0.246176
v -0.491480 8.211798 -0.191531
v -0.355052 8.368814 -0.241001
v -0.388053 8.273412 -0.295946
v -0.253705 8.254056 -0.371184
v -0.363108 8.244460 -0.337295
v -0.377350 8.116032 -0.399600
v -0.401849 8.212788 -0.342613
v -0.530743 8.178559 -0.354383
v -0.448644 8.237383 -0.369768
v -0.495155 8.275201 -0.435736
v -0.507137 8.343933 -0.386945
v -0.463965 8.301521 -0.514404
v -0.412754 8.346308 -0.511190
v -0.438567 8.226945 -0.570797
v -0.392272 8.220509 -0.591406
v -0.507066 8.148886 -0.587662
v -0.495648 8.120610 -0.602822
v -0.615548 8.168451 -0.621344
v -0.626457 8.155439 -0.620081
v -0.648407 8.248830 -0.705107
v -0.653078 8.250153 -0.702033
v 0.622321 7.908156 1.004976
v 0.681328 7.821289 0.944980
v 0.720966 7.957635 0.929457
v 0.695989 7.862784 1.000216
v 0.781137 7.867048 0.925233
v 0.734670 7.797450 1.012550
v 0.738907 7.840884 0.888864
v 0.751423 7.721490 0.874178
v 0.744441 7.880306 0.849369
v 0.790204 7.827725 0.750535
v 0.823153 7.964908 0.883556
v 0.865721 7.865948 0.828581
v 0.846259 7.817196 0.969862
v 0.894055 7.849565 0.863584
v 0.945079 7.703939 0.858866
v 0.945806 7.824689 0.852072
v 1.040990 7.822902 0.754740
v 1.005233 7.830279 0.870041
v 1.081355 7.831284 0.886445
v 1.067096 7.937809 0.888985
v 1.107689 7.814837 0.944590
v 1.071968 7.848111 1.019708
v 1.125250 7.742402 0.947260
v 1.099683 7.708975 1.005273
v 1.208170 7.750353 0.966276
v 1.192303 7.699371 0.972479
v 1.245429 7.709539 1.029482
v 1.238568 7.674915 1.035670
v 1.341059 7.722625 1.061540
v 1.338402 7.705697 1.066776
v 1.421834 7.659036 1.006553
v 1.420406 7.654028 1.009627
v -0.026849 8.014749 -0.286661
v 0.008385 8.118761 -0.244038
v 0.015571 7.996244 -0.245962
v 0.109560 8.059554 -0.213800
v 0.022262 7.929670 -0.294130
v 0.132696 7.965494 -0.274191
v 0.113461 7.891661 -0.382084
v 0.113027 8.006497 -0.355832
v 0.183057 7.913743 -0.389901
v 0.211515 8.022958 -0.356155
v 0.208491 7.882085 -0.409319
v 0.289857 7.958617 -0.371916
v 0.227404 7.929692 -0.459983
v 0.337427 7.897651 -0.432690
v 0.264064 7.925776 -0.534048
v 0.277059 7.809107 -0.543852
v 0.192185 7.926074 -0.604337
v 0.307035 7.918410 -0.579289
v 0.286509 8.033405 -0.633176
v 0.314069 7.933258 -0.646416
v 0.419813 8.003257 -0.657647
v 0.365928 7.941422 -0.687427
v 0.476742 7.886235 -0.687659
v 0.411235 7.887678 -0.711737
v 0.435309 7.778296 -0.745044
v 0.399849 7.815369 -0.755499
v 0.361688 7.751320 -0.841254
v 0.362420 7.786209 -0.840568
v 0.364418 7.799271 -0.945147
v 0.348269 7.804701 -0.948929
v 0.428021 7.829537 -1.025458
v 0.425247 7.834709 -1.025956
v 0.331359 8.294482 0.016156
v 0.255398 8.248034 -0.071924
v 0.286468 8.325228 0.015677
v 0.167722 8.339412 -0.021520
v 0.287105 8.259848 0.081129
v 0.217063 8.339056 0.148255
v 0.407774 8.301655 0.106695
v 0.347946 8.396352 0.162719
v 0.349981 8.386119 -0.021087
v 0.372454 8.448474 0.085178
v 0.207673 8.531458 0.045669
v 0.327224 8.504903 0.071902
v 0.371459 8.548603 0.084333
v 0.372170 8.598288 0.199296
v 0.409928 8.524252 0.049628
v 0.520240 8.474423 0.081785
v 0.394314 8.549643 0.000713
v 0.404347 8.473241 -0.098018
v 0.302862 8.641311 -0.053758
v 0.408102 8.611175 -0.033515
v 0.428988 8.717238 0.055088
v 0.448519 8.668845 -0.021615
v 0.572072 8.632117 0.023262
v 0.516685 8.638434 -0.025735
v 0.541782 8.546899 -0.106293
v 0.506299 8.584614 -0.085874
v 0.431296 8.615876 -0.172913
v 0.449537 8.628959 -0.143364
v 0.462434 8.731400 -0.132881
v 0.448766 8.741997 -0.126164
v 0.568409 8.740668 -0.091457
v 0.566545 8.744471 -0.086844
v -0.154022 7.936131 -0.314378
v -0.266888 7.938945 -0.283996
v -0.135646 7.985696 -0.250296
v -0.247596 7.995233 -0.217951
v -0.165629 8.122115 -0.293589
v -0.234349 8.029741 -0.313948
v -0.291420 8.149836 -0.316262
v -0.314839 8.041245 -0.352720
v -0.343679 8.156372 -0.280564
v -0.408936 8.060181 -0.293154
v -0.356307 8.177727 -0.246635
v -0.457912 8.127649 -0.217681
v -0.374731 8.224475 -0.255650
v -0.466336 8.247474 -0.186735
v -0.420077 8.263841 -0.317840
v -0.398129 8.362371 -0.258851
v -0.405184 8.280598 -0.367429
v -0.304069 8.339192 -0.370939
v -0.396721 8.236008 -0.395791
v -0.317096 8.194078 -0.447775
v -0.452830 8.215794 -0.404872
v -0.464565 8.135838 -0.436013
v -0.561642 8.263742 -0.431572
v -0.509747 8.242251 -0.472135
v -0.520946 8.289216 -0.557209
v -0.492057 8.331539 -0.548581
v -0.476096 8.237496 -0.636209
v -0.443608 8.242358 -0.647208
v -0.523479 8.141679 -0.663443
v -0.514729 8.129083 -0.671492
v -0.638832 8.146609 -0.685066
v -0.638949 8.141044 -0.686851
v -0.127858 8.471567 0.599062
v -0.029023 8.486128 0.563978
v -0.148791 8.463374 0.535993
v -0.053655 8.477591 0.491741
v -0.140984 8.545152 0.564219
v -0.097878 8.553527 0.467870
v -0.068406 8.597592 0.594469
v -0.059764 8.603420 0.489100
v 0.029964 8.607051 0.574453
v -0.025269 8.610284 0.484174
v 0.092780 8.616667 0.490455
v -0.009998 8.620925 0.465362
v 0.066754 8.669617 0.376413
v -0.001559 8.679274 0.456733
v -0.042528 8.700419 0.371917
v 0.008791 8.709242 0.464111
v -0.074193 8.735318 0.452470
v 0.029316 8.736349 0.430198
v -0.036848 8.771829 0.469578
v 0.036624 8.771895 0.528402
v -0.057693 8.804985 0.473936
v -0.094780 8.801747 0.542970
v -0.085691 8.834113 0.439658
v -0.148053 8.827297 0.438387
v -0.064395 8.833331 0.387624
v -0.088169 8.826739 0.347550
v -0.003054 8.832115 0.381161
v 0.011257 8.828659 0.353457
v 0.036968 8.869764 0.425203
v 0.052642 8.869140 0.425244
v 0.005732 8.928089 0.465426
v 0.009747 8.928158 0.468877
v -0.500204 8.290800 0.387591
v -0.544999 8.258179 0.505874
v -0.463664 8.296966 0.413889
v -0.454470 8.309579 0.543573
v -0.499988 8.376289 0.370402
v -0.511398 8.380471 0.500455
v -0.636974 8.326163 0.424446
v -0.565446 8.400892 0.504201
v -0.643617 8.303999 0.595303
v -0.571663 8.384786 0.522106
v -0.576342 8.441696 0.599899
v -0.616730 8.413171 0.479000
v -0.659122 8.420910 0.565662
v -0.573965 8.497948 0.503411
v -0.612196 8.510335 0.661652
v -0.639745 8.504047 0.534125
v -0.558910 8.617954 0.520091
v -0.663168 8.540650 0.534782
v -0.676667 8.566794 0.393163
v -0.697466 8.556187 0.506899
v -0.783662 8.468026 0.467350
v -0.726571 8.526188 0.519499
v -0.798983 8.494472 0.606160
v -0.750294 8.546911 0.576647
v -0.842500 8.598149 0.599418
v -0.800380 8.638093 0.598637
v -0.897515 8.628855 0.523931
v -0.878369 8.648303 0.496488
v -0.935672 8.547910 0.477325
v -0.937612 8.544860 0.458315
v -0.974700 8.478578 0.547502
v -0.977566 8.475019 0.542836
v -0.620951 7.694141 0.011429
v -0.689510 7.674970 0.117445
v -0.625922 7.715419 0.035326
v -0.680805 7.792515 0.121065
v -0.625615 7.713418 0.007424
v -0.614466 7.840435 0.000384
v -0.636261 7.701205 -0.099845
v -0.694156 7.792815 -0.032296
v -0.763913 7.676584 -0.020153
v -0.730050 7.789128 -0.070095
v -0.828002 7.818285 0.028707
v -0.760647 7.790958 -0.076286
v -0.811002 7.792090 -0.093249
v -0.776022 7.912217 -0.118801
v -0.855584 7.809296 -0.084821
v -0.782929 7.767967 -0.181362
v -0.900737 7.859167 -0.120889
v -0.860654 7.755701 -0.184097
v -0.970007 7.746811 -0.093395
v -0.906015 7.747213 -0.187147
v -0.946520 7.637318 -0.157114
v -0.910132 7.703497 -0.214069
v -0.983181 7.649952 -0.225574
v -0.940210 7.673752 -0.283137
v -1.031818 7.640663 -0.260169
v -1.005452 7.598682 -0.287801
v -1.112964 7.574053 -0.245380
v -1.098706 7.579563 -0.279992
v -1.173802 7.561847 -0.341842
v -1.171558 7.579347 -0.348669
v -1.177418 7.515607 -0.434400
v -1.175964 7.520965 -0.437553
v 0.656886 8.005790 0.263928
v 0.706161 7.931735 0.355198
v 0.733886 8.031997 0.267572
v 0.772750 7.911122 0.278573
v 0.695487 8.006795 0.231896
v 0.684544 7.914152 0.145064
v 0.669023 8.047289 0.233526
v 0.599097 8.089735 0.135798
v 0.745704 8.164898 0.289763
v 0.730448 8.114039 0.173906
v 0.787350 8.097765 0.151812
v 0.842285 7.989865 0.191589
v 0.730776 8.053715 0.000636
v 0.771117 8.107733 0.108789
v 0.842976 8.148748 0.082980
v 0.787342 8.262339 0.098610
v 0.891185 8.129989 0.098653
v 0.924750 8.156660 0.218671
v 0.908471 8.096462 0.070258
v 0.957426 8.004331 0.114403
v 0.944597 8.118498 0.026363
v 0.937097 8.046994 -0.034817
v 1.020778 8.136883 0.038441
v 1.013059 8.085026 -0.015919
v 1.072827 8.058701 0.038425
v 1.070841 8.012181 0.006171
v 1.170793 8.114369 0.029654
v 1.168403 8.086853 0.003903
v 1.188445 8.146484 -0.101092
v 1.196220 8.129950 -0.096331
v 1.184826 8.052575 -0.186295
v 1.188036 8.048618 -0.182469
v -0.647056 8.090808 0.741681
v -0.666648 7.986004 0.805162
v -0.556960 8.114845 0.809196
v -0.574976 8.010887 0.874511
v -0.677516 8.130582 0.880930
v -0.605016 8.138971 0.981285
v -0.775919 8.035870 0.921136
v -0.702180 8.072074 1.014139
v -0.735753 7.890066 1.064235
v -0.701939 8.009455 1.065046
v -0.607252 8.010834 1.211293
v -0.686607 8.042227 1.121210
v -0.741297 8.100334 1.144935
v -0.693683 8.213399 1.126307
v -0.812054 8.076221 1.130561
v -0.869510 8.111170 1.026277
v -0.805868 8.014960 1.160431
v -0.866616 7.917312 1.113823
v -0.799850 8.019573 1.231639
v -0.773006 7.927732 1.286510
v -0.798103 8.112148 1.346805
v -0.858467 8.053370 1.310062
v -0.965251 8.154124 1.269945
v -0.947938 8.099961 1.316568
v -1.007703 8.015030 1.301869
v -0.971611 8.033689 1.339161
v -1.038194 8.027326 1.396426
v -1.015694 8.049908 1.414744
v -1.032286 7.935284 1.471531
v -1.020420 7.930769 1.484826
v -1.122696 7.845550 1.421929
v -1.120290 7.840942 1.425316
v 0.569551 7.950808 -0.031058
v 0.507131 8.026110 -0.059747
v 0.622707 7.997326 -0.029528
v 0.570649 8.084294 -0.040315
v 0.613372 7.996941 0.033553
v 0.601916 8.088026 0.077847
v 0.657831 7.954548 0.063078
v 0.685151 8.011766 0.142887
v 0.720497 7.962327 0.029835
v 0.774081 7.943410 0.114455
v 0.754566 7.982358 0.008288
v 0.798035 7.898116 0.045752
v 0.782138 7.987256 -0.013606
v 0.803449 7.887638 -0.017055
v 0.820323 7.977733 -0.026505
v 0.782198 7.919711 -0.101136
v 0.855372 7.965690 -0.049210
v 0.797072 8.026389 -0.106712
v 0.868148 7.955941 -0.102853
v 0.871783 8.037246 -0.063036
v 0.930990 7.972897 -0.098477
v 0.900686 8.039813 -0.115933
v 0.923886 7.967967 -0.207860
v 0.937566 8.021467 -0.183382
v 1.027457 8.008229 -0.228513
v 1.028978 8.049668 -0.210271
v 1.125629 7.980882 -0.209806
v 1.137006 7.995936 -0.186225
v 1.180099 7.889840 -0.211095
v 1.187927 7.886885 -0.198524
v 1.193843 7.809247 -0.281863
v 1.196233 7.806352 -0.278417
v 0.608244 7.513820 -0.055755
v 0.529626 7.502036 -0.126590
v 0.595825 7.555506 -0.081904
v 0.553257 7.632745 -0.141565
v 0.594161 7.551196 -0.023671
v 0.639842 7.643305 0.004016
v 0.666840 7.518967 -0.044504
v 0.718042 7.485703 0.042727
v 0.683198 7.427826 -0.141145
v 0.749467 7.498705 -0.097305
v 0.705521 7.558089 -0.179061
v 0.769073 7.532665 -0.097500
v 0.731011 7.509890 -0.170159
v 0.800075 7.553988 -0.102166
v 0.761918 7.398494 -0.132116
v 0.811742 7.490930 -0.114495
v 0.903742 7.425598 -0.045794
v 0.871288 7.487632 -0.126018
v 1.000755 7.549833 -0.127783
v 0.956372 7.476569 -0.168039
v 0.981782 7.534124 -0.298418
v 0.996418 7.467660 -0.258555
v 0.930420 7.392997 -0.369428
v 0.970043 7.384187 -0.321119
v 0.951164 7.241299 -0.314737
v 0.982571 7.270738 -0.295078
v 1.079783 7.173536 -0.253317
v 1.087843 7.202396 -0.263188
v 1.212622 7.178176 -0.317413
v 1.222315 7.187966 -0.309730
v 1.259670 7.159280 -0.448019
v 1.261887 7.164120 -0.448074
v 0.058562 8.029837 -0.276003
v 0.093389 8.127473 -0.229871
v 0.122243 8.035724 -0.334687
v 0.173867 8.125655 -0.288630
v 0.172131 7.988028 -0.300275
v 0.268742 8.030660 -0.258772
v 0.179190 7.916671 -0.331737
v 0.284467 7.881380 -0.308389
v 0.202825 7.929435 -0.422423
v 0.213015 7.817139 -0.435049
v 0.116024 7.913630 -0.488883
v 0.227817 7.909384 -0.469959
v 0.211177 7.885764 -0.520244
v 0.236304 7.993353 -0.494417
v 0.234015 7.855713 -0.554025
v 0.274848 7.958462 -0.528547
v 0.378089 7.863640 -0.556821
v 0.304519 7.949313 -0.567838
v 0.354120 7.927772 -0.640469
v 0.345333 8.026767 -0.623307
v 0.358256 7.924125 -0.681096
v 0.277015 7.929423 -0.701967
v 0.402330 7.909122 -0.724929
v 0.340297 7.893335 -0.745509
v 0.393010 7.795664 -0.767464
v 0.354660 7.826921 -0.777226
v 0.307457 7.771679 -0.857036
v 0.312512 7.804849 -0.854944
v 0.312082 7.828905 -0.953529
v 0.297945 7.837660 -0.955992
v 0.385450 7.859207 -1.021726
v 0.383443 7.864512 -1.021844
v -0.741948 7.655050 0.595280
v -0.748915 7.747217 0.587748
v -0.731681 7.669534 0.556600
v -0.737499 7.722462 0.480674
v -0.743161 7.632651 0.568138
v -0.737680 7.587622 0.487254
v -0.802298 7.554529 0.611625
v -0.820694 7.611664 0.540935
v -0.882095 7.662788 0.617360
v -0.880526 7.602001 0.547342
v -0.903273 7.683904 0.507044
v -0.891986 7.598319 0.540922
v -0.950308 7.622986 0.564910
v -0.945357 7.578336 0.483782
v -0.963969 7.531309 0.619225
v -0.975268 7.551865 0.529505
v -0.994494 7.446778 0.506039
v -1.017547 7.536593 0.507375
v -1.074337 7.517037 0.408043
v -1.077826 7.515210 0.490381
v -1.134513 7.486942 0.475718
v -1.143859 7.531466 0.527187
v -1.179238 7.435402 0.467260
v -1.183281 7.449853 0.520126
v -1.204866 7.332710 0.528307
v -1.214932 7.365371 0.551344
v -1.310231 7.315904 0.608469
v -1.315881 7.337504 0.592453
v -1.432028 7.311846 0.577762
v -1.436003 7.324992 0.577421
v -1.507970 7.262853 0.499678
v -1.509306 7.267011 0.498118
v 0.488113 7.984640 -0.123747
v 0.563162 7.921894 -0.079372
v 0.448293 7.892330 -0.177308
v 0.533792 7.866514 -0.117626
v 0.577005 7.960170 -0.203201
v 0.594652 7.854584 -0.212073
v 0.687922 7.958178 -0.113138
v 0.670349 7.861398 -0.156304
v 0.733315 7.833096 -0.026803
v 0.667623 7.815830 -0.110019
v 0.717864 7.680220 -0.075781
v 0.668667 7.754268 -0.136073
v 0.666759 7.638498 -0.231273
v 0.698398 7.738889 -0.209843
v 0.726285 7.731677 -0.257360
v 0.654842 7.782424 -0.319482
v 0.805178 7.801348 -0.240134
v 0.750864 7.727809 -0.296529
v 0.814111 7.715508 -0.266827
v 0.777634 7.632181 -0.295860
v 0.933502 7.692687 -0.237013
v 0.886012 7.719496 -0.294953
v 0.960390 7.719981 -0.362072
v 0.939616 7.775690 -0.384806
v 0.961687 7.657650 -0.412165
v 0.928404 7.648129 -0.445041
v 1.044937 7.575411 -0.397495
v 1.024243 7.578037 -0.421534
v 0.998651 7.464600 -0.490894
v 0.996986 7.479328 -0.496686
v 1.016686 7.483720 -0.635367
v 1.018828 7.488582 -0.634576
v 0.473546 8.335348 0.529048
v 0.491842 8.307438 0.622791
v 0.501078 8.302234 0.541102
v 0.568434 8.230912 0.557771
v 0.513678 8.343450 0.521353
v 0.529572 8.324821 0.424907
v 0.557378 8.398058 0.533247
v 0.483705 8.455538 0.499045
v 0.590316 8.422372 0.557158
v 0.523041 8.469284 0.613502
v 0.621365 8.421275 0.574942
v 0.595076 8.427544 0.670708
v 0.649005 8.432683 0.595102
v 0.702812 8.367042 0.647039
v 0.654213 8.470761 0.566221
v 0.723559 8.403007 0.543818
v 0.702930 8.473208 0.598273
v 0.728535 8.454286 0.503998
v 0.777752 8.424162 0.614191
v 0.754497 8.458426 0.536034
v 0.842314 8.387816 0.496835
v 0.795933 8.444837 0.502333
v 0.857454 8.509215 0.485455
v 0.837715 8.528218 0.433241
v 0.888760 8.579865 0.541165
v 0.858142 8.611170 0.547361
v 0.919881 8.543949 0.630124
v 0.909112 8.551557 0.656494
v 0.984243 8.459570 0.624650
v 0.988152 8.451894 0.636612
v 1.059182 8.464227 0.539863
v 1.061717 8.460348 0.541675
v 0.477504 7.835147 -0.193807
v 0.487420 7.919708 -0.171006
v 0.466144 7.834320 -0.118832
v 0.525568 7.868106 -0.063189
v 0.486722 7.752667 -0.169903
v 0.554120 7.737387 -0.115197
v 0.558129 7.776778 -0.258734
v 0.623422 7.748763 -0.206574
v 0.627167 7.877626 -0.244239
v 0.647267 7.792136 -0.236741
v 0.708365 7.807589 -0.162100
v 0.653480 7.767778 -0.218416
v 0.707272 7.759708 -0.208948
v 0.688131 7.674950 -0.223725
v 0.839950 7.742663 -0.133486
v 0.785799 7.764807 -0.199410
v 0.810776 7.812836 -0.271785
v 0.814153 7.899513 -0.256148
v 0.784365 7.783433 -0.346387
v 0.839990 7.779094 -0.291384
v 0.864347 7.742124 -0.355172
v 0.894613 7.789886 -0.322530
v 0.940384 7.683766 -0.328963
v 0.973974 7.681479 -0.289031
v 0.910254 7.588632 -0.388303
v 0.919798 7.554571 -0.371471
v 0.921233 7.574527 -0.516576
v 0.905953 7.556031 -0.526895
v 1.022949 7.613421 -0.605296
v 1.023978 7.600667 -0.602690
v 1.159204 7.575762 -0.577534
v 1.158217 7.571483 -0.577896
v 0.282754 7.358193 -0.342965
v 0.375007 7.323055 -0.288125
v 0.248022 7.305330 -0.304737
v 0.302933 7.231602 -0.239150
v 0.248096 7.272173 -0.421405
v 0.314208 7.203371 -0.361004
v 0.410500 7.302670 -0.452732
v 0.393643 7.201376 -0.405742
v 0.535178 7.254019 -0.348346
v 0.444867 7.187002 -0.358621
v 0.521045 7.115142 -0.246027
v 0.435711 7.137865 -0.316416
v 0.398789 6.989581 -0.271540
v 0.406039 7.075618 -0.344326
v 0.303605 6.984490 -0.439802
v 0.408288 7.026346 -0.433293
v 0.382495 7.084984 -0.581529
v 0.438237 7.014839 -0.512788
v 0.578597 7.069808 -0.578533
v 0.519672 6.991672 -0.556196
v 0.645488 6.911655 -0.493261
v 0.572484 6.907786 -0.533916
v 0.539555 6.759407 -0.491071
v 0.527256 6.803661 -0.539740
v 0.436313 6.716047 -0.634185
v 0.477105 6.743978 -0.642844
v 0.522357 6.714009 -0.774332
v 0.508149 6.734655 -0.796502
v 0.653598 6.662964 -0.823147
v 0.664708 6.674777 -0.827259
v 0.719492 6.532161 -0.775547
v 0.724530 6.534668 -0.775087
v 0.115859 8.110425 1.325139
v 0.196427 8.031176 1.340559
v 0.153231 8.116759 1.341198
v 0.262258 8.126792 1.309231
v 0.131605 8.127889 1.334469
v 0.145928 8.226852 1.279599
v 0.124479 8.147947 1.385685
v 0.021104 8.194187 1.372093
v 0.135354 8.154446 1.426232
v 0.053777 8.083304 1.462195
v 0.162166 8.155678 1.450220
v 0.181750 8.049018 1.485569
v 0.177488 8.175019 1.497413
v 0.286562 8.144226 1.484603
v 0.192446 8.199485 1.553885
v 0.244774 8.286077 1.501225
v 0.172739 8.224796 1.601247
v 0.112591 8.315021 1.565875
v 0.142353 8.200118 1.640456
v 0.041347 8.207061 1.645817
v 0.162196 8.154276 1.664785
v 0.112864 8.090746 1.690641
v 0.229261 8.154360 1.697735
v 0.231948 8.089675 1.717151
v 0.202500 8.168788 1.775382
v 0.245720 8.142310 1.776207
v 0.209148 8.122773 1.821972
v 0.239316 8.107567 1.821055
v 0.171935 8.060906 1.869481
v 0.179007 8.045756 1.871928
v 0.155915 8.106571 1.958267
v 0.152066 8.102593 1.959640
v -0.638532 7.966750 0.122675
v -0.616896 8.064541 0.157099
v -0.652024 8.002540 0.070087
v -0.592596 8.085487 0.041726
v -0.612534 7.955805 0.073620
v -0.551464 7.935877 -0.010579
v -0.668335 7.912561 0.070473
v -0.676063 7.807939 0.055959
v -0.795296 7.986118 0.109027
v -0.766480 7.924729 0.027681
v -0.758883 7.970109 -0.046722
v -0.698538 8.045747 -0.089775
v -0.748485 7.811413 -0.115793
v -0.780277 7.895409 -0.059667
v -0.840751 7.927159 -0.017017
v -0.890931 7.868161 0.055215
v -0.900074 8.057611 -0.037332
v -0.904195 7.959226 -0.076314
v -0.870745 8.000650 -0.200586
v -0.925824 7.949148 -0.144231
v -0.886143 7.847953 -0.220204
v -0.925858 7.882951 -0.162306
v -0.983590 7.858989 -0.202381
v -1.017215 7.874270 -0.151640
v -1.009194 7.864322 -0.288385
v -1.035906 7.875854 -0.251384
v -1.136163 7.863088 -0.290699
v -1.146640 7.885818 -0.271772
v -1.203539 7.768038 -0.256976
v -1.211796 7.768911 -0.243663
v -1.182106 7.652037 -0.294720
v -1.184710 7.650007 -0.290580
v -0.169922 8.466445 0.558184
v -0.245285 8.446199 0.473635
v -0.197328 8.547376 0.551143
v -0.303518 8.514715 0.521223
v -0.206822 8.521267 0.604774
v -0.300650 8.480384 0.657337
v -0.157024 8.505921 0.629521
v -0.143924 8.480780 0.741031
v -0.014206 8.601455 0.620989
v -0.126886 8.589007 0.640650
v -0.171188 8.649593 0.623971
v -0.205012 8.650952 0.514007
v -0.205115 8.643054 0.675895
v -0.310988 8.606219 0.701822
v -0.135446 8.677705 0.807036
v -0.176573 8.699398 0.701793
v -0.069533 8.775188 0.654620
v -0.180880 8.757695 0.677728
v -0.193520 8.795673 0.553702
v -0.212664 8.782017 0.653235
v -0.333078 8.771987 0.610675
v -0.263863 8.785818 0.658442
v -0.290833 8.790093 0.721678
v -0.248728 8.810226 0.671972
v -0.254239 8.832271 0.695248
v -0.290820 8.828887 0.659677
v -0.223096 8.877051 0.652947
v -0.214315 8.882678 0.620490
v -0.171232 8.881080 0.716731
v -0.154437 8.883726 0.715521
v -0.206577 8.861947 0.800668
v -0.201419 8.862205 0.803204
v 0.571666 7.874856 -0.022651
v 0.649596 7.875012 0.064868
v 0.648732 7.841454 -0.076284
v 0.700488 7.908670 0.004561
v 0.573354 7.969866 -0.096753
v 0.653827 7.957573 -0.012458
v 0.587660 8.077986 0.043065
v 0.638004 7.972235 0.046932
v 0.711294 8.051717 0.152424
v 0.693896 7.972516 0.067824
v 0.750218 8.014491 0.056213
v 0.795121 7.910282 0.085485
v 0.751890 7.986426 -0.064170
v 0.801276 8.030777 0.032405
v 0.810251 8.041170 -0.038725
v 0.808966 8.139393 0.025175
v 0.772233 8.078237 -0.140529
v 0.846912 8.046906 -0.055829
v 0.863002 8.080405 -0.074597
v 0.882029 7.979917 -0.094360
v 0.970803 8.115795 -0.039965
v 0.955009 8.056615 -0.101474
v 1.031254 7.956890 -0.030680
v 0.995943 7.975395 -0.087541
v 1.003701 7.853560 -0.153140
v 0.989222 7.902005 -0.165632
v 1.016072 7.899940 -0.303603
v 1.032008 7.918793 -0.279185
v 1.142065 7.967909 -0.330316
v 1.139463 7.985039 -0.329218
v 1.265011 7.942455 -0.279434
v 1.265492 7.947887 -0.277291
v 0.409454 8.337374 0.818005
v 0.430925 8.372261 0.702194
v 0.314079 8.454619 0.799340
v 0.420328 8.417451 0.750145
v 0.402688 8.524715 0.700653
v 0.496138 8.455949 0.741009
v 0.413166 8.493385 0.634101
v 0.509869 8.439001 0.581363
v 0.385439 8.530839 0.606660
v 0.374863 8.543032 0.484883
v 0.385092 8.589089 0.637774
v 0.270931 8.633772 0.629964
v 0.413527 8.595908 0.680521
v 0.363567 8.587529 0.792432
v 0.460823 8.590913 0.668940
v 0.535044 8.526465 0.742615
v 0.450537 8.625393 0.686421
v 0.535328 8.590549 0.604649
v 0.451729 8.659870 0.659554
v 0.541479 8.603976 0.686832
v 0.478732 8.667637 0.719578
v 0.491273 8.636357 0.804103
v 0.445996 8.773074 0.721077
v 0.511513 8.741428 0.723365
v 0.534270 8.780183 0.608143
v 0.559482 8.760994 0.652607
v 0.621444 8.676905 0.596772
v 0.605238 8.683728 0.628641
v 0.640756 8.614924 0.706277
v 0.625986 8.625542 0.706832
v 0.623583 8.680121 0.802092
v 0.619546 8.683743 0.799210
v 0.632631 7.900132 0.988203
v 0.678544 7.839137 0.939019
v 0.721768 7.897415 0.994654
v 0.745798 7.959400 0.932783
v 0.764374 7.812194 1.010335
v 0.805094 7.847037 0.937017
v 0.754010 7.710505 0.913946
v 0.772644 7.791703 0.877789
v 0.771646 7.712228 0.787344
v 0.761993 7.799539 0.810392
v 0.846734 7.770177 0.704665
v 0.825293 7.832579 0.767067
v 0.929704 7.825730 0.774605
v 0.934548 7.900083 0.722683
v 0.978119 7.824182 0.798394
v 0.951438 7.889251 0.855855
v 1.025673 7.804666 0.798697
v 0.996235 7.823334 0.882558
v 1.033346 7.679184 0.864745
v 1.023834 7.752568 0.897008
v 1.037571 7.729977 1.020055
v 1.060270 7.771224 0.972005
v 1.144087 7.794661 1.030973
v 1.145314 7.847560 1.021152
v 1.202033 7.743522 0.994553
v 1.216802 7.742713 0.956998
v 1.215625 7.682602 1.071348
v 1.226672 7.680205 1.046929
v 1.259933 7.565127 1.019565
v 1.264054 7.576349 1.013391
v 1.382994 7.564752 0.959078
v 1.383400 7.569239 0.959644
v 0.351190 8.366056 0.834567
v 0.283683 8.427323 0.774867
v 0.323811 8.409976 0.859690
v 0.223339 8.430046 0.896807
v 0.356019 8.369824 0.870697
v 0.339892 8.314274 0.963051
v 0.415134 8.409916 0.866423
v 0.490227 8.336933 0.896582
v 0.440735 8.460522 0.898160
v 0.517750 8.446918 0.822274
v 0.456168 8.501345 0.916982
v 0.471841 8.539834 0.816244
v 0.459303 8.539528 0.935974
v 0.411663 8.601603 0.860130
v 0.460316 8.592038 0.943190
v 0.363987 8.613268 0.989507
v 0.489728 8.599126 0.958550
v 0.485049 8.544101 1.052493
v 0.538552 8.643768 0.940645
v 0.532576 8.599695 1.026695
v 0.658809 8.557755 0.995078
v 0.593012 8.583433 1.034158
v 0.597445 8.511228 1.138242
v 0.569531 8.558687 1.104500
v 0.501600 8.615557 1.191446
v 0.533327 8.624219 1.155891
v 0.572424 8.719125 1.159103
v 0.554423 8.740351 1.142735
v 0.678991 8.719078 1.132110
v 0.684547 8.724326 1.117890
v 0.730094 8.625093 1.180071
v 0.733900 8.624929 1.176175
v -0.103671 8.391553 0.110113
v -0.110205 8.314217 0.006174
v -0.118909 8.343031 0.118084
v -0.219714 8.277379 0.069556
v -0.134788 8.434058 0.171660
v -0.230934 8.394319 0.094177
v -0.131706 8.479373 0.018868
v -0.254933 8.471853 0.058687
v -0.195151 8.418149 -0.079189
v -0.281951 8.456769 0.009135
v -0.320602 8.346418 -0.083678
v -0.297272 8.434865 0.008298
v -0.403285 8.420237 0.011099
v -0.283338 8.452712 -0.026114
v -0.380638 8.512240 -0.000042
v -0.302758 8.483208 -0.099635
v -0.405234 8.548569 -0.005160
v -0.340850 8.505013 -0.109008
v -0.414928 8.521108 -0.060967
v -0.448340 8.440038 -0.135843
v -0.520245 8.565504 -0.018372
v -0.447656 8.566134 -0.081327
v -0.469098 8.634697 -0.127549
v -0.418649 8.681957 -0.093927
v -0.440525 8.607727 -0.205717
v -0.388100 8.613571 -0.228984
v -0.481375 8.523602 -0.212474
v -0.476751 8.498811 -0.241479
v -0.578843 8.541740 -0.179046
v -0.592958 8.528960 -0.181645
v -0.605123 8.649056 -0.209407
v -0.609986 8.649146 -0.205116
v 0.353231 8.411249 0.713259
v 0.272637 8.416309 0.798668
v 0.414536 8.426741 0.801227
v 0.310367 8.481159 0.799392
v 0.394452 8.490294 0.659152
v 0.319204 8.501803 0.748712
v 0.232881 8.548733 0.646297
v 0.271932 8.509694 0.750059
v 0.159347 8.580379 0.780446
v 0.272470 8.548794 0.785059
v 0.220397 8.569026 0.904036
v 0.297375 8.583140 0.816338
v 0.332655 8.532891 0.934786
v 0.327642 8.584719 0.829409
v 0.449162 8.534798 0.870927
v 0.360748 8.597854 0.825954
v 0.473619 8.632698 0.743859
v 0.395473 8.642704 0.831088
v 0.351450 8.760835 0.772472
v 0.412457 8.714989 0.843832
v 0.309468 8.740002 0.932822
v 0.390595 8.722245 0.906674
v 0.405984 8.626714 0.987515
v 0.411142 8.656462 0.924746
v 0.515906 8.621929 0.895124
v 0.475966 8.651387 0.878813
v 0.521696 8.738057 0.884272
v 0.519273 8.751226 0.852122
v 0.477881 8.792776 0.956612
v 0.463191 8.801168 0.952490
v 0.460888 8.714907 1.031099
v 0.455461 8.716840 1.032262
v 0.312149 7.843771 -0.304416
v 0.423181 7.876880 -0.247084
v 0.377444 7.904820 -0.344316
v 0.430759 7.787693 -0.332063
v 0.447289 7.963157 -0.306716
v 0.480923 7.838400 -0.310674
v 0.546463 7.926234 -0.218264
v 0.492275 7.822567 -0.273293
v 0.619814 7.831210 -0.210187
v 0.522727 7.794685 -0.287331
v 0.652137 7.739868 -0.265069
v 0.556443 7.789563 -0.336374
v 0.588300 7.671674 -0.359446
v 0.620974 7.795000 -0.338597
v 0.670569 7.756888 -0.371213
v 0.569281 7.799594 -0.439245
v 0.733744 7.796068 -0.388364
v 0.629915 7.789220 -0.465071
v 0.707861 7.777157 -0.503856
v 0.678691 7.887756 -0.514856
v 0.698291 7.755440 -0.562662
v 0.620562 7.786353 -0.609266
v 0.713033 7.688795 -0.587890
v 0.656513 7.648227 -0.619955
v 0.788095 7.645964 -0.612980
v 0.780737 7.589005 -0.611382
v 0.894650 7.645964 -0.664154
v 0.864483 7.636747 -0.685884
v 0.895264 7.677756 -0.789056
v 0.896085 7.658705 -0.787276
v 0.857254 7.623528 -0.887795
v 0.859497 7.617779 -0.885871
v -0.146967 7.453958 -0.374934
v -0.220364 7.528272 -0.381491
v -0.123180 7.470188 -0.458995
v -0.191732 7.548816 -0.467421
v -0.076383 7.527466 -0.424786
v -0.075728 7.630398 -0.443687
v -0.013530 7.492851 -0.393525
v 0.075149 7.547348 -0.404423
v 0.033962 7.356181 -0.446843
v 0.020308 7.453756 -0.482133
v -0.000204 7.444988 -0.557877
v -0.104083 7.457617 -0.556322
v 0.044916 7.565890 -0.635106
v 0.031321 7.464223 -0.614330
v 0.175311 7.425053 -0.606167
v 0.072098 7.409094 -0.612886
v 0.093508 7.333610 -0.632637
v 0.029739 7.411356 -0.661649
v 0.138023 7.355456 -0.701736
v 0.045249 7.354727 -0.708551
v 0.080141 7.335330 -0.798616
v 0.066977 7.408528 -0.820488
v 0.010282 7.280125 -0.844604
v -0.045990 7.305032 -0.852308
v 0.005118 7.169977 -0.849985
v -0.035830 7.149947 -0.840733
v 0.080906 7.087267 -0.898091
v 0.078468 7.059412 -0.884685
v 0.148130 7.066018 -1.014694
v 0.132835 7.063494 -1.014971
v 0.087802 7.062808 -1.140076
v 0.084676 7.058884 -1.138590
v 0.625696 8.153270 0.611151
v 0.613337 8.146598 0.731955
v 0.720042 8.135418 0.677446
v 0.653790 8.237228 0.683469
v 0.691717 8.132108 0.742183
v 0.618745 8.201871 0.810000
v 0.679126 8.077380 0.730029
v 0.647824 8.041167 0.841831
v 0.711823 8.120819 0.775991
v 0.753098 8.008710 0.753216
v 0.737544 8.110066 0.854228
v 0.793217 8.076657 0.751393
v 0.844976 8.134466 0.808790
v 0.813210 8.234454 0.747274
v 0.878299 8.097915 0.782476
v 0.914867 8.076968 0.668393
v 0.898972 8.093531 0.825600
v 0.930097 7.976855 0.840052
v 0.913800 8.131307 0.948466
v 0.962638 8.109408 0.854542
v 1.033090 8.146195 0.873243
v 1.012721 8.225149 0.834940
v 1.093737 8.106693 0.830791
v 1.109456 8.115883 0.761059
v 1.101382 8.020892 0.864011
v 1.119921 7.979348 0.834822
v 1.127767 8.016055 0.966586
v 1.130002 7.982312 0.979033
v 1.221882 8.077687 1.016139
v 1.226703 8.060341 1.015422
v 1.332799 8.059468 0.954876
v 1.333354 8.053818 0.957053
v -0.301787 8.243228 -0.061941
v -0.329078 8.285167 0.012322
v -0.384343 8.297108 -0.093361
v -0.331466 8.361819 -0.061188
v -0.457740 8.305438 0.018859
v -0.382929 8.354218 0.012331
v -0.388260 8.363362 0.146772
v -0.331854 8.352930 0.078010
v -0.282992 8.452279 0.154345
v -0.277890 8.409885 0.075634
v -0.207676 8.517360 0.060726
v -0.280523 8.475045 0.030373
v -0.226455 8.484763 -0.076494
v -0.280977 8.513480 -0.011522
v -0.363667 8.480526 -0.062670
v -0.312764 8.536904 -0.015247
v -0.375298 8.549368 -0.055234
v -0.308720 8.598943 -0.021643
v -0.427337 8.599334 -0.040463
v -0.442951 8.632659 0.030116
v -0.472941 8.537515 -0.066124
v -0.530634 8.519907 -0.038534
v -0.443446 8.492183 -0.138039
v -0.475913 8.454681 -0.156891
v -0.418542 8.548083 -0.218815
v -0.398872 8.530544 -0.248639
v -0.437048 8.663870 -0.241645
v -0.456010 8.647430 -0.250254
v -0.553566 8.691461 -0.190882
v -0.554698 8.683156 -0.201165
v -0.640612 8.602632 -0.179138
v -0.639268 8.600626 -0.182909
v -0.453701 8.078551 1.123816
v -0.527262 8.105261 1.046553
v -0.516213 7.984775 1.137737
v -0.553080 8.062880 1.069659
v -0.640280 8.027781 1.115926
v -0.575497 8.114741 1.134234
v -0.675331 8.069593 1.076638
v -0.631430 8.169393 1.062253
v -0.695466 8.064357 1.059542
v -0.719502 8.135287 0.979011
v -0.728119 8.055086 1.079188
v -0.795332 8.036137 0.994232
v -0.742220 8.039379 1.108259
v -0.796308 7.949571 1.075043
v -0.751019 8.041917 1.147905
v -0.749592 7.938987 1.186601
v -0.790881 8.051710 1.191876
v -0.716223 8.043224 1.272178
v -0.821980 8.157221 1.226856
v -0.823479 8.068656 1.268206
v -0.909537 8.061408 1.221809
v -0.857527 8.057603 1.284391
v -0.934125 8.036502 1.297426
v -0.889592 8.061357 1.337999
v -0.949579 7.977809 1.348325
v -0.921382 7.958990 1.383534
v -1.027219 7.933459 1.334791
v -1.025150 7.902151 1.343582
v -1.125039 7.952919 1.347640
v -1.134405 7.944935 1.336963
v -1.184693 7.997791 1.420142
v -1.186981 8.001007 1.416313
v 0.502623 7.451029 -0.165670
v 0.566876 7.416944 -0.094017
v 0.508889 7.394580 -0.173114
v 0.509255 7.307824 -0.119284
v 0.461100 7.424896 -0.184739
v 0.381320 7.363477 -0.201689
v 0.484680 7.430874 -0.259600
v 0.424716 7.491018 -0.316268
v 0.606144 7.447184 -0.297871
v 0.524785 7.397358 -0.334236
v 0.597220 7.259532 -0.277153
v 0.545565 7.315285 -0.345327
v 0.450078 7.209117 -0.383674
v 0.508200 7.291700 -0.398720
v 0.546833 7.238942 -0.416997
v 0.539256 7.328372 -0.465672
v 0.513974 7.184443 -0.461308
v 0.588230 7.254405 -0.457345
v 0.655219 7.143512 -0.420558
v 0.632244 7.210903 -0.476835
v 0.688502 7.178152 -0.547941
v 0.741468 7.231475 -0.539510
v 0.692421 7.148403 -0.651167
v 0.675179 7.195733 -0.684682
v 0.642818 7.051594 -0.697597
v 0.604148 7.057086 -0.720697
v 0.664385 6.929154 -0.674296
v 0.639920 6.911388 -0.675329
v 0.774036 6.851889 -0.683131
v 0.773268 6.839664 -0.674257
v 0.865664 6.829729 -0.783633
v 0.869165 6.828270 -0.780216
v 0.230277 7.756832 -0.357237
v 0.295001 7.835652 -0.332807
v 0.252256 7.768982 -0.421847
v 0.346887 7.800395 -0.389340
v 0.264914 7.719943 -0.395533
v 0.350896 7.669946 -0.362279
v 0.226853 7.698468 -0.419090
v 0.218202 7.594401 -0.409407
v 0.241287 7.693628 -0.485606
v 0.138276 7.694212 -0.505278
v 0.259716 7.701385 -0.529218
v 0.231685 7.802234 -0.535711
v 0.291278 7.695598 -0.560351
v 0.368178 7.763148 -0.537506
v 0.307715 7.666576 -0.589147
v 0.396439 7.621839 -0.555604
v 0.295423 7.645457 -0.630295
v 0.284308 7.541815 -0.618749
v 0.214761 7.655845 -0.713605
v 0.299719 7.623796 -0.692504
v 0.294502 7.602298 -0.746404
v 0.362152 7.637746 -0.732199
v 0.297861 7.522597 -0.771367
v 0.347463 7.559463 -0.764821
v 0.425871 7.493502 -0.808820
v 0.408300 7.534683 -0.821778
v 0.429495 7.519245 -0.930872
v 0.429245 7.549961 -0.935563
v 0.363794 7.478682 -1.013979
v 0.351548 7.487179 -1.018365
v 0.347486 7.364343 -1.026113
v 0.342450 7.365001 -1.027417
v -0.391507 8.241340 1.055069
v -0.471301 8.161329 1.058102
v -0.463980 8.270911 1.086022
v -0.449526 8.187386 1.160807
v -0.563058 8.233809 1.038186
v -0.519622 8.175142 1.124497
v -0.593356 8.076432 1.055099
v -0.505988 8.123233 1.109456
v -0.545333 8.006739 1.185272
v -0.501858 8.110209 1.171780
v -0.586633 8.075189 1.240294
v -0.525504 8.169217 1.226152
v -0.608444 8.065903 1.267153
v -0.591005 8.171008 1.229376
v -0.706032 8.096811 1.250688
v -0.653792 8.195980 1.236034
v -0.690794 8.123327 1.294876
v -0.603512 8.183194 1.334574
v -0.725079 8.068578 1.317340
v -0.651975 8.127556 1.353028
v -0.642902 8.049747 1.440888
v -0.652094 8.125631 1.406705
v -0.707873 8.138842 1.490845
v -0.673984 8.196619 1.490118
v -0.799316 8.162167 1.495010
v -0.813366 8.200984 1.466376
v -0.858533 8.085452 1.477960
v -0.883536 8.084729 1.455685
v -0.847797 8.000831 1.540111
v -0.856462 7.987032 1.536242
v -0.842815 8.018237 1.651729
v -0.843099 8.012695 1.652798
v 0.505978 8.019171 1.117595
v 0.565307 7.956143 1.089766
v 0.563632 8.050283 1.153115
v 0.632233 8.021797 1.100682
v 0.562522 7.973667 1.223355
v 0.632503 7.964616 1.166018
v 0.584434 7.843721 1.185297
v 0.625121 7.908191 1.135749
v 0.666322 7.804227 1.093097
v 0.656187 7.894500 1.089260
v 0.767735 7.857880 1.039538
v 0.719381 7.917008 1.088859
v 0.827368 7.981248 1.080940
v 0.793414 7.925609 1.144329
v 0.804386 8.038967 1.194995
v 0.826984 7.951012 1.199463
v 0.764503 7.982792 1.314554
v 0.824686 7.934046 1.266925
v 0.769938 7.839564 1.346778
v 0.823333 7.864968 1.291684
v 0.863640 7.746873 1.291050
v 0.878289 7.809920 1.272438
v 0.998750 7.776615 1.258042
v 0.973132 7.812843 1.288608
v 1.056599 7.830666 1.360597
v 1.062116 7.869063 1.349275
v 1.060146 7.834694 1.475850
v 1.049118 7.857301 1.485498
v 1.035960 7.748162 1.553652
v 1.026467 7.750554 1.562904
v 1.075054 7.632790 1.553769
v 1.071916 7.631580 1.556827
v -0.176736 8.113697 -0.196252
v -0.208873 8.196804 -0.136409
v -0.100067 8.214106 -0.240647
v -0.204635 8.217433 -0.216657
v -0.133590 8.303966 -0.167326
v -0.234683 8.311643 -0.132084
v -0.084510 8.270112 -0.087005
v -0.080880 8.345623 -0.010809
v 0.076647 8.283818 -0.176479
v -0.013147 8.333789 -0.145481
v -0.039146 8.401921 -0.207018
v -0.144270 8.380925 -0.212409
v -0.004762 8.539696 -0.098398
v -0.012372 8.470467 -0.180070
v 0.014267 8.430433 -0.234346
v 0.115050 8.398977 -0.253690
v -0.087976 8.356115 -0.306855
v -0.049963 8.434911 -0.244669
v -0.061308 8.493662 -0.299540
v -0.129016 8.537108 -0.248247
v -0.004420 8.540433 -0.333214
v 0.034220 8.589017 -0.283536
v 0.042912 8.471663 -0.357244
v 0.105786 8.462330 -0.359594
v -0.021956 8.414667 -0.398089
v -0.005900 8.378145 -0.424244
v -0.107483 8.476379 -0.469909
v -0.076052 8.474416 -0.474341
v -0.017607 8.573808 -0.515378
v -0.019637 8.561483 -0.525218
v 0.091028 8.515308 -0.555853
v 0.088253 8.511699 -0.558695
v 0.418440 8.040025 1.220217
v 0.309482 8.037138 1.274398
v 0.403832 8.052768 1.266297
v 0.369875 7.947104 1.316274
v 0.407550 8.061089 1.280990
v 0.495729 7.980513 1.257585
v 0.490382 8.130661 1.241109
v 0.436610 8.046057 1.310150
v 0.494430 8.052889 1.319644
v 0.391264 8.108666 1.352227
v 0.480392 7.982898 1.385162
v 0.456498 8.099373 1.359115
v 0.469645 8.097809 1.397090
v 0.359731 8.091145 1.448958
v 0.495716 8.116458 1.437253
v 0.468871 8.229029 1.399534
v 0.520695 8.115819 1.468264
v 0.612714 8.152207 1.397382
v 0.530887 8.101790 1.492283
v 0.611352 8.033870 1.467413
v 0.520120 8.092167 1.538918
v 0.539602 8.005406 1.553826
v 0.529625 8.115788 1.612399
v 0.523820 8.050757 1.643059
v 0.603653 8.135068 1.680624
v 0.590389 8.087093 1.701814
v 0.702591 8.087141 1.707247
v 0.679112 8.067154 1.725954
v 0.745230 7.986487 1.730434
v 0.729684 7.987618 1.739501
v 0.723919 7.903153 1.789384
v 0.718990 7.905755 1.791828
v -0.695151 8.011264 0.535507
v -0.650182 8.088366 0.624604
v -0.627572 8.023321 0.506906
v -0.567377 8.131874 0.529220
v -0.688217 8.021567 0.407297
v -0.632555 8.134668 0.411170
v -0.764153 8.129357 0.481288
v -0.726953 8.177887 0.370988
v -0.711910 8.269666 0.527764
v -0.727263 8.239825 0.406195
v -0.765021 8.221103 0.437697
v -0.701460 8.297121 0.359681
v -0.791215 8.260616 0.482360
v -0.778319 8.260691 0.356905
v -0.879027 8.150326 0.409024
v -0.819087 8.251952 0.364474
v -0.863081 8.204855 0.233596
v -0.845558 8.279338 0.333847
v -0.918081 8.254761 0.292222
v -0.880380 8.337748 0.357482
v -0.956061 8.220235 0.290437
v -0.931531 8.287547 0.350391
v -1.003020 8.224324 0.417167
v -0.968805 8.286875 0.394758
v -1.072536 8.317223 0.389934
v -1.045172 8.366140 0.389643
v -1.123156 8.317581 0.301472
v -1.107730 8.337134 0.273614
v -1.129804 8.217271 0.269730
v -1.128916 8.210478 0.252348
v -1.157872 8.153123 0.356266
v -1.159110 8.148189 0.352539
v -0.342436 7.615255 -0.340340
v -0.399901 7.511348 -0.290389
v -0.401849 7.614495 -0.408170
v -0.474529 7.523396 -0.353282
v -0.419849 7.652980 -0.342515
v -0.530448 7.646413 -0.276797
v -0.361107 7.692963 -0.315831
v -0.436774 7.790488 -0.278987
v -0.415120 7.705838 -0.375105
v -0.332879 7.804316 -0.386622
v -0.384492 7.701547 -0.450088
v -0.465861 7.794333 -0.413157
v -0.464819 7.694608 -0.482767
v -0.560669 7.630475 -0.425375
v -0.414435 7.676941 -0.528132
v -0.374251 7.554552 -0.527563
v -0.328086 7.726473 -0.655238
v -0.441619 7.680911 -0.614885
v -0.511550 7.795458 -0.679935
v -0.487879 7.683790 -0.688944
v -0.642894 7.679101 -0.654273
v -0.563647 7.641841 -0.692178
v -0.617219 7.510984 -0.649686
v -0.562219 7.550512 -0.684897
v -0.503680 7.434082 -0.734026
v -0.503669 7.489850 -0.746979
v -0.499027 7.484019 -0.865712
v -0.462943 7.482399 -0.878048
v -0.577427 7.524223 -0.963797
v -0.576892 7.505357 -0.960973
v -0.703028 7.466178 -0.963728
v -0.700564 7.460227 -0.963743
v -0.345395 7.765966 -0.309193
v -0.415787 7.861178 -0.267533
v -0.392239 7.791102 -0.350145
v -0.347662 7.908307 -0.355779
v -0.366575 7.774603 -0.338714
v -0.249155 7.790387 -0.380178
v -0.389902 7.742741 -0.335537
v -0.306934 7.652966 -0.364045
v -0.416922 7.740807 -0.372354
v -0.427057 7.616620 -0.357170
v -0.426051 7.731240 -0.420899
v -0.523616 7.674421 -0.366048
v -0.468740 7.694233 -0.496842
v -0.558970 7.768267 -0.450652
v -0.500792 7.698036 -0.551808
v -0.512875 7.822774 -0.544727
v -0.493607 7.697583 -0.613532
v -0.418871 7.793684 -0.644110
v -0.466668 7.650942 -0.647525
v -0.361515 7.650585 -0.684833
v -0.493729 7.592521 -0.652877
v -0.440249 7.516976 -0.661711
v -0.563231 7.571859 -0.691506
v -0.586563 7.505190 -0.668187
v -0.642671 7.594174 -0.774540
v -0.616724 7.545137 -0.780407
v -0.580528 7.571763 -0.894495
v -0.597166 7.540521 -0.883079
v -0.524485 7.462418 -0.937777
v -0.541444 7.459250 -0.930837
v -0.561166 7.346305 -0.924452
v -0.566924 7.348048 -0.922664
v -0.478753 8.220153 0.956416
v -0.560513 8.152614 0.926955
v -0.506498 8.185740 0.993700
v -0.508463 8.089191 1.046507
v -0.549334 8.284907 1.026714
v -0.608158 8.193952 1.046234
v -0.671451 8.252653 0.888285
v -0.658954 8.188749 0.977022
v -0.716863 8.048771 0.904940
v -0.648487 8.109367 0.966317
v -0.647986 8.013453 1.108464
v -0.657896 8.105075 1.048285
v -0.703601 8.162982 1.097500
v -0.625672 8.233362 1.130484
v -0.785456 8.195876 1.041224
v -0.737942 8.155758 1.132038
v -0.806311 8.165228 1.114186
v -0.733711 8.169413 1.196805
v -0.831547 8.109021 1.117697
v -0.816232 8.031625 1.175551
v -0.875580 8.182300 1.137957
v -0.882733 8.108882 1.172681
v -0.867057 8.149504 1.232476
v -0.884165 8.087477 1.243151
v -0.967364 8.215959 1.277903
v -0.973475 8.170841 1.295790
v -1.094677 8.146787 1.203390
v -1.083121 8.131037 1.229503
v -1.091481 7.986476 1.211063
v -1.082620 7.995270 1.221553
v -1.048263 7.937454 1.347443
v -1.046291 7.942418 1.348766
v 0.231676 7.346425 -0.364420
v 0.105330 7.321684 -0.377052
v 0.209850 7.394502 -0.485800
v 0.144044 7.288083 -0.452944
v 0.106230 7.416771 -0.468523
v 0.007939 7.336606 -0.443083
v 0.109238 7.470592 -0.379042
v 0.009770 7.548553 -0.406664
v 0.254755 7.598215 -0.479222
v 0.155727 7.515091 -0.483556
v 0.147849 7.445724 -0.532030
v 0.184715 7.331058 -0.484833
v -0.037195 7.454022 -0.587058
v 0.092066 7.458778 -0.585079
v 0.146947 7.461358 -0.658888
v 0.180609 7.584773 -0.678138
v 0.177544 7.393920 -0.648485
v 0.303526 7.387641 -0.619777
v 0.133358 7.344560 -0.658257
v 0.156413 7.241101 -0.613680
v 0.091993 7.323827 -0.741768
v 0.005437 7.284182 -0.730876
v 0.089258 7.372963 -0.883772
v 0.100727 7.300607 -0.861194
v 0.246945 7.289672 -0.929996
v 0.201640 7.254576 -0.925366
v 0.277481 7.115514 -0.900256
v 0.241715 7.124361 -0.910828
v 0.159866 6.992600 -0.925169
v 0.155679 7.008972 -0.934210
v 0.068769 6.984202 -1.057574
v 0.071558 6.989492 -1.060038
v -0.070098 8.499080 0.633957
v -0.106242 8.466547 0.743417
v 0.030380 8.496405 0.670715
v -0.044370 8.469346 0.760306
v -0.082011 8.592916 0.711243
v -0.005095 8.569632 0.800058
v -0.185500 8.543340 0.823583
v -0.068769 8.551117 0.849267
v -0.095305 8.431129 0.954275
v -0.042989 8.488673 0.863182
v 0.080570 8.494762 0.964163
v 0.016753 8.546394 0.876941
v 0.020761 8.563976 0.985277
v -0.023238 8.615249 0.886376
v 0.054457 8.613864 1.026627
v -0.043982 8.647841 0.967452
v 0.035101 8.660757 1.011992
v -0.084471 8.655153 1.016148
v 0.042937 8.727679 0.980091
v -0.039148 8.696039 1.040060
v -0.099425 8.791582 0.966434
v -0.057928 8.759683 1.038074
v -0.167414 8.708278 1.092422
v -0.097949 8.721538 1.086352
v -0.051097 8.654702 1.173061
v -0.039734 8.685146 1.130896
v 0.016650 8.756813 1.161364
v 0.051738 8.753101 1.165178
v -0.028910 8.859131 1.164310
v -0.027185 8.849985 1.179418
v -0.130495 8.826602 1.222259
v -0.127427 8.823987 1.226688
v 0.489742 7.934236 1.184565
v 0.559862 7.929987 1.129746
v 0.512044 7.996206 1.192669
v 0.558702 8.045491 1.134928
v 0.432495 7.990905 1.168630
v 0.408231 8.074216 1.148370
v 0.403188 7.968125 1.254965
v 0.335929 8.024800 1.269251
v 0.423157 7.948718 1.352971
v 0.425338 8.034036 1.327358
v 0.537802 7.988430 1.357887
v 0.483011 8.057925 1.368293
v 0.588235 8.088621 1.331802
v 0.513253 8.088894 1.379944
v 0.523862 8.194864 1.382598
v 0.540582 8.111761 1.410063
v 0.479382 8.142130 1.471862
v 0.550272 8.091451 1.453257
v 0.548736 8.169763 1.483256
v 0.541524 8.097525 1.514930
v 0.490008 8.191154 1.594134
v 0.542866 8.152982 1.583862
v 0.489981 8.043637 1.635065
v 0.532436 8.063146 1.610463
v 0.611575 7.966965 1.617460
v 0.618858 8.004034 1.605575
v 0.734633 8.021294 1.663975
v 0.711777 8.031353 1.672547
v 0.721028 8.060005 1.791940
v 0.715638 8.072055 1.791989
v 0.657305 7.993667 1.878810
v 0.654499 7.997050 1.879542
v 0.423043 7.543749 -0.256060
v 0.524289 7.543011 -0.189498
v 0.461783 7.506816 -0.244239
v 0.476791 7.399509 -0.190000
v 0.398446 7.484119 -0.349578
v 0.505664 7.496274 -0.294457
v 0.490063 7.622012 -0.368193
v 0.547876 7.530570 -0.313624
v 0.610747 7.645151 -0.318763
v 0.585323 7.526792 -0.313605
v 0.703218 7.554464 -0.264323
v 0.608450 7.542745 -0.338912
v 0.667365 7.450284 -0.313808
v 0.604579 7.526282 -0.384265
v 0.608659 7.393469 -0.392191
v 0.661662 7.502427 -0.391345
v 0.693708 7.413138 -0.424877
v 0.786779 7.462696 -0.365182
v 0.688457 7.348319 -0.432279
v 0.732806 7.278548 -0.363245
v 0.655408 7.308780 -0.503827
v 0.614501 7.229799 -0.491808
v 0.640048 7.316398 -0.650974
v 0.690540 7.286682 -0.609461
v 0.814085 7.322747 -0.683277
v 0.791911 7.273807 -0.679636
v 0.917927 7.198060 -0.637556
v 0.888694 7.186934 -0.655180
v 0.881456 7.039652 -0.637914
v 0.872810 7.049189 -0.650424
v 0.808332 6.965711 -0.749912
v 0.808001 6.970744 -0.753269
v 0.305971 8.426959 0.338921
v 0.407817 8.369088 0.331915
v 0.345126 8.421822 0.313899
v 0.358793 8.374989 0.207173
v 0.299608 8.517395 0.310691
v 0.397608 8.461990 0.277571
v 0.444176 8.493888 0.418161
v 0.428166 8.481476 0.302575
v 0.553979 8.386092 0.277302
v 0.461071 8.457653 0.281502
v 0.459939 8.499369 0.243854
v 0.406213 8.487718 0.140179
v 0.410769 8.604923 0.315861
v 0.496975 8.544326 0.264217
v 0.464067 8.595871 0.249890
v 0.560350 8.530480 0.234916
v 0.437648 8.664604 0.250193
v 0.534438 8.603620 0.224050
v 0.492787 8.612866 0.101463
v 0.545557 8.617917 0.191298
v 0.626968 8.541008 0.141810
v 0.586678 8.593635 0.198051
v 0.683489 8.604565 0.261336
v 0.631929 8.632545 0.223994
v 0.675737 8.705730 0.198975
v 0.642938 8.735997 0.225961
v 0.656741 8.716549 0.111297
v 0.627404 8.731217 0.099759
v 0.675985 8.633425 0.069293
v 0.671809 8.628570 0.053131
v 0.759470 8.596664 0.116028
v 0.760868 8.593303 0.111426
v -0.007710 7.928083 -0.322394
v 0.080446 7.953649 -0.312502
v 0.020980 7.940355 -0.403159
v 0.089778 7.879146 -0.409744
v 0.077890 8.063602 -0.394634
v 0.131841 7.990455 -0.410814
v 0.243951 8.046639 -0.306538
v 0.193786 7.977630 -0.341809
v 0.317156 7.869188 -0.362184
v 0.234645 7.905207 -0.382614
v 0.211672 7.902150 -0.469560
v 0.170924 7.821118 -0.486776
v 0.200497 7.959614 -0.529080
v 0.117458 7.999771 -0.532938
v 0.270519 7.997928 -0.562582
v 0.291502 8.082960 -0.533389
v 0.327733 7.936708 -0.572673
v 0.414873 7.936032 -0.542193
v 0.289395 7.870456 -0.613735
v 0.314950 7.792484 -0.612504
v 0.248873 7.894397 -0.701448
v 0.185548 7.872576 -0.715242
v 0.285699 8.004387 -0.781865
v 0.293171 7.950757 -0.789675
v 0.440744 7.936348 -0.798915
v 0.407398 7.916614 -0.812413
v 0.431265 7.773597 -0.820848
v 0.410283 7.789986 -0.827123
v 0.310937 7.736133 -0.914943
v 0.315113 7.749129 -0.914086
v 0.306161 7.830754 -1.029990
v 0.310443 7.832198 -1.029050
v 0.329582 8.421926 0.532854
v 0.243598 8.458297 0.512802
v 0.290066 8.416671 0.582077
v 0.225095 8.429634 0.650845
v 0.365456 8.402560 0.582938
v 0.399179 8.366310 0.664589
v 0.478691 8.461800 0.530368
v 0.416191 8.494684 0.594639
v 0.387254 8.572093 0.494310
v 0.399684 8.561343 0.588375
v 0.297441 8.632092 0.569978
v 0.373765 8.597552 0.615805
v 0.296910 8.646949 0.702538
v 0.380997 8.622651 0.664365
v 0.394002 8.607175 0.796947
v 0.420888 8.620883 0.706351
v 0.537889 8.549617 0.753551
v 0.480755 8.600474 0.696389
v 0.575609 8.585380 0.585317
v 0.511094 8.621241 0.627226
v 0.510938 8.709799 0.610053
v 0.480413 8.730368 0.549651
v 0.503298 8.765720 0.693692
v 0.452053 8.787698 0.703332
v 0.528648 8.692018 0.766346
v 0.514458 8.687781 0.806118
v 0.587860 8.613866 0.714991
v 0.605231 8.597737 0.730439
v 0.643318 8.671326 0.625949
v 0.652925 8.665702 0.617219
v 0.638991 8.794996 0.649369
v 0.638582 8.795903 0.644699
v -0.376550 7.521503 -0.293364
v -0.433254 7.625781 -0.287583
v -0.332303 7.556892 -0.321739
v -0.331764 7.674171 -0.340925
v -0.269483 7.525610 -0.297851
v -0.197188 7.611197 -0.337489
v -0.244330 7.509815 -0.396455
v -0.148748 7.444937 -0.368567
v -0.276930 7.538368 -0.481762
v -0.182235 7.466681 -0.485828
v -0.126704 7.605616 -0.573175
v -0.169140 7.497725 -0.547069
v -0.167586 7.470486 -0.576067
v -0.069139 7.404450 -0.567683
v -0.264388 7.382170 -0.560282
v -0.196144 7.470413 -0.601253
v -0.201211 7.443850 -0.661146
v -0.278451 7.534061 -0.665465
v -0.214379 7.426945 -0.719318
v -0.142730 7.499617 -0.746594
v -0.195891 7.376842 -0.748796
v -0.109259 7.362512 -0.755001
v -0.230660 7.310488 -0.775974
v -0.191510 7.253751 -0.761564
v -0.276185 7.268796 -0.857877
v -0.306276 7.230628 -0.837204
v -0.301387 7.258559 -0.975951
v -0.296341 7.225317 -0.965493
v -0.229834 7.195699 -1.067967
v -0.241352 7.183808 -1.061975
v -0.194933 7.080184 -1.100111
v -0.200170 7.077885 -1.098500
v -0.307000 8.352206 0.183212
v -0.332752 8.414001 0.291231
v -0.374714 8.429274 0.134369
v -0.330949 8.495092 0.233880
v -0.285717 8.436915 0.117075
v -0.189271 8.496997 0.173980
v -0.268190 8.378538 0.078843
v -0.161316 8.365993 0.011237
v -0.333156 8.401859 0.019484
v -0.376154 8.310560 -0.057753
v -0.374243 8.458153 0.033721
v -0.476329 8.441398 0.107528
v -0.349901 8.525301 0.017826
v -0.303800 8.595162 0.113450
v -0.328690 8.520657 -0.046377
v -0.207411 8.537939 -0.080181
v -0.375104 8.493125 -0.072769
v -0.353399 8.416742 -0.171987
v -0.429091 8.512807 -0.061895
v -0.517612 8.444107 -0.076205
v -0.467186 8.582630 -0.072303
v -0.509046 8.608893 0.007819
v -0.460715 8.656364 -0.128981
v -0.407608 8.700787 -0.099358
v -0.428230 8.619115 -0.217969
v -0.375779 8.627131 -0.237327
v -0.463385 8.520243 -0.234244
v -0.452451 8.498507 -0.262981
v -0.569333 8.502164 -0.192856
v -0.579421 8.487876 -0.199822
v -0.636651 8.606268 -0.181692
v -0.642009 8.602970 -0.180801
v -0.029208 8.359583 0.026339
v -0.101612 8.302311 -0.030497
v -0.063043 8.348429 0.077721
v -0.152169 8.301191 0.037999
v -0.129829 8.439144 0.103974
v -0.138053 8.377886 0.014909
v -0.214809 8.458285 0.031517
v -0.163943 8.410532 -0.051459
v -0.250953 8.431307 0.029302
v -0.269447 8.360569 -0.050741
v -0.244215 8.441593 0.002960
v -0.345827 8.418961 0.033218
v -0.232508 8.478949 -0.047288
v -0.332378 8.469971 -0.006080
v -0.285544 8.583389 0.016700
v -0.351484 8.519998 -0.041492
v -0.411902 8.592962 0.042232
v -0.378838 8.550936 -0.052072
v -0.495065 8.518964 -0.030888
v -0.409466 8.541900 -0.068742
v -0.454519 8.477951 -0.139946
v -0.405559 8.532673 -0.107432
v -0.378775 8.553139 -0.200157
v -0.422971 8.568195 -0.156030
v -0.455862 8.619957 -0.197157
v -0.433867 8.652506 -0.169257
v -0.526762 8.627369 -0.175902
v -0.534925 8.642697 -0.148880
v -0.572864 8.566329 -0.187552
v -0.586415 8.563530 -0.179398
v -0.566315 8.529381 -0.262230
v -0.570942 8.526632 -0.261585
v -0.633836 8.144004 0.694399
v -0.576431 8.162992 0.803221
v -0.576023 8.147812 0.685260
v -0.492349 8.230995 0.724978
v -0.618952 8.149675 0.621023
v -0.547897 8.248378 0.594426
v -0.695466 8.221894 0.646610
v -0.648256 8.301051 0.562923
v -0.700923 8.286160 0.714827
v -0.667882 8.354451 0.616120
v -0.633410 8.376906 0.756992
v -0.660426 8.386897 0.635878
v -0.584631 8.484759 0.691424
v -0.673858 8.417525 0.636503
v -0.627465 8.526458 0.559351
v -0.700898 8.451975 0.626866
v -0.750428 8.464480 0.488954
v -0.742310 8.464082 0.613181
v -0.845445 8.370324 0.581534
v -0.777761 8.447192 0.623436
v -0.850220 8.444452 0.639866
v -0.777011 8.499257 0.651730
v -0.889262 8.452610 0.600627
v -0.841970 8.505822 0.619977
v -0.924645 8.543625 0.626370
v -0.889438 8.584612 0.614457
v -0.946422 8.561734 0.714316
v -0.923510 8.582228 0.734702
v -0.978564 8.488561 0.767039
v -0.975222 8.486253 0.785030
v -1.044802 8.424265 0.723194
v -1.045693 8.421105 0.728482
v -0.296580 7.238249 -0.316842
v -0.206505 7.248296 -0.350134
v -0.296697 7.156054 -0.351013
v -0.203028 7.137370 -0.365152
v -0.286087 7.154167 -0.259504
v -0.237803 7.082953 -0.215686
v -0.379346 7.182021 -0.229731
v -0.404521 7.118908 -0.161132
v -0.471602 7.156546 -0.346854
v -0.486704 7.085546 -0.283185
v -0.356996 7.005110 -0.385766
v -0.442003 6.998271 -0.340491
v -0.394956 6.879752 -0.217992
v -0.449805 6.946092 -0.261735
v -0.538074 6.920358 -0.309525
v -0.608812 6.908738 -0.244840
v -0.510282 6.901897 -0.403078
v -0.555579 6.857274 -0.330415
v -0.537578 6.808403 -0.376747
v -0.570108 6.767497 -0.308669
v -0.509683 6.757390 -0.435547
v -0.453113 6.716419 -0.420163
v -0.526362 6.747220 -0.575787
v -0.548198 6.715176 -0.533712
v -0.686079 6.689323 -0.577796
v -0.655311 6.660878 -0.568535
v -0.728753 6.555890 -0.492782
v -0.704507 6.553959 -0.507845
v -0.638386 6.426468 -0.482275
v -0.636359 6.434315 -0.494062
v -0.572709 6.362727 -0.601139
v -0.574737 6.365939 -0.604120
v -0.446532 7.974671 -0.178443
v -0.520235 7.941134 -0.134804
v -0.459611 8.040090 -0.129851
v -0.522920 8.062035 -0.066829
v -0.364488 8.021143 -0.093096
v -0.361395 8.102663 -0.050595
v -0.294311 8.046783 -0.193925
v -0.254584 8.126408 -0.170623
v -0.365711 8.074330 -0.290977
v -0.329179 8.155863 -0.269088
v -0.501596 8.170685 -0.237191
v -0.421848 8.207243 -0.264851
v -0.440513 8.347789 -0.214998
v -0.415335 8.284871 -0.277198
v -0.288552 8.353628 -0.325525
v -0.358407 8.295243 -0.338674
v -0.275136 8.202136 -0.417395
v -0.353844 8.227115 -0.376868
v -0.410190 8.111120 -0.415086
v -0.416113 8.184627 -0.379770
v -0.511360 8.193972 -0.403691
v -0.451960 8.222760 -0.420590
v -0.492514 8.204747 -0.478394
v -0.453575 8.242891 -0.478749
v -0.436641 8.134445 -0.562705
v -0.420634 8.171300 -0.555163
v -0.448532 8.236268 -0.653682
v -0.426702 8.252534 -0.654991
v -0.549890 8.299390 -0.693864
v -0.550646 8.311583 -0.687826
v -0.668865 8.247773 -0.694970
v -0.670571 8.251287 -0.692542
v 0.078994 8.271166 1.150522
v 0.118586 8.332169 1.089957
v 0.039856 8.312562 1.153537
v 0.023633 8.380249 1.089409
v 0.010123 8.264904 1.144067
v -0.075452 8.293555 1.115554
v 0.006668 8.227701 1.220957
v -0.087857 8.226484 1.216425
v -0.018935 8.318832 1.263621
v -0.061532 8.247887 1.309547
v -0.117247 8.335742 1.285092
v -0.050488 8.284088 1.327895
v -0.130795 8.322786 1.374492
v -0.083305 8.255226 1.420725
v -0.123230 8.355306 1.407181
v -0.201113 8.304723 1.425416
v -0.137844 8.392492 1.434249
v -0.220457 8.420821 1.397784
v -0.128862 8.441447 1.467690
v -0.119356 8.508307 1.417525
v -0.087586 8.446373 1.516940
v -0.024131 8.472297 1.502237
v -0.082453 8.392660 1.560381
v -0.032296 8.372345 1.575110
v -0.140618 8.357687 1.600629
v -0.126658 8.323374 1.620554
v -0.197700 8.390318 1.663428
v -0.214615 8.369522 1.671662
v -0.200027 8.453637 1.740053
v -0.200987 8.441372 1.746779
v -0.132728 8.458628 1.816842
v -0.134371 8.454650 1.818809
v -0.669347 7.942830 0.891426
v -0.663519 7.859254 0.931541
v -0.629450 7.963053 0.932794
v -0.606430 7.893882 0.990357
v -0.715538 7.976004 0.965523
v -0.663758 7.963957 1.041693
v -0.770622 7.865064 1.016522
v -0.720879 7.922924 1.069494
v -0.654112 7.804997 1.132127
v -0.674596 7.888447 1.096846
v -0.702625 7.920831 1.163680
v -0.664703 8.004766 1.175722
v -0.831971 7.904907 1.109141
v -0.773784 7.904853 1.181545
v -0.762331 7.783685 1.232381
v -0.756349 7.876297 1.228457
v -0.815522 7.890910 1.279199
v -0.751326 7.929991 1.333784
v -0.884120 7.925586 1.277092
v -0.844286 7.875566 1.329328
v -0.917343 7.843663 1.319219
v -0.872628 7.872020 1.363159
v -0.911855 7.796328 1.385490
v -0.874269 7.782397 1.423214
v -0.979638 7.743137 1.367123
v -0.970764 7.703775 1.375853
v -1.093500 7.739460 1.381810
v -1.075803 7.747233 1.401403
v -1.130507 7.753752 1.493453
v -1.126704 7.766298 1.497638
v -1.116988 7.687513 1.581212
v -1.114835 7.690850 1.583619
v 0.015101 7.619929 -0.392247
v 0.119150 7.629580 -0.385750
v 0.042133 7.588242 -0.364694
v 0.101952 7.505928 -0.340042
v 0.000076 7.586524 -0.409463
v -0.068156 7.509633 -0.389622
v -0.017382 7.628060 -0.518855
v 0.001547 7.526536 -0.501648
v 0.119860 7.584270 -0.541539
v 0.047473 7.509153 -0.532654
v 0.168928 7.448513 -0.527132
v 0.065788 7.458912 -0.541811
v 0.088952 7.330711 -0.518249
v 0.043225 7.418280 -0.552920
v -0.054441 7.324463 -0.572813
v 0.014510 7.398237 -0.600466
v 0.002463 7.377519 -0.678293
v -0.073289 7.447598 -0.695953
v 0.049080 7.377403 -0.747693
v 0.093691 7.456948 -0.766222
v 0.098315 7.305202 -0.751904
v 0.174917 7.299234 -0.741365
v 0.044401 7.219908 -0.768612
v 0.063262 7.166177 -0.743983
v -0.054808 7.181693 -0.867901
v -0.009450 7.190883 -0.872745
v 0.025037 7.177760 -0.999703
v 0.029875 7.206521 -1.010276
v 0.125380 7.092443 -1.043116
v 0.140079 7.097331 -1.043927
v 0.103357 6.951614 -1.035921
v 0.108447 6.950709 -1.035100
v 0.479055 7.893282 -0.188114
v 0.429992 7.832237 -0.229294
v 0.406338 7.939834 -0.170993
v 0.351260 7.885470 -0.213893
v 0.374198 8.008507 -0.287465
v 0.429951 7.940403 -0.278357
v 0.371168 7.936937 -0.389923
v 0.432718 7.875743 -0.372707
v 0.300681 7.878962 -0.381946
v 0.286708 7.792555 -0.394906
v 0.244499 7.942460 -0.405464
v 0.158004 7.945144 -0.423926
v 0.334447 8.058012 -0.471142
v 0.306129 7.979922 -0.501630
v 0.431648 7.900630 -0.488246
v 0.349946 7.918273 -0.517281
v 0.312874 7.798699 -0.564337
v 0.305054 7.886671 -0.558933
v 0.216161 7.899224 -0.645480
v 0.291562 7.911731 -0.626922
v 0.324141 7.948737 -0.702422
v 0.314838 8.012862 -0.692545
v 0.414589 7.930784 -0.734796
v 0.453938 7.960024 -0.716190
v 0.443104 7.831205 -0.755381
v 0.477803 7.817071 -0.743432
v 0.385172 7.761709 -0.825105
v 0.391329 7.736290 -0.823281
v 0.339148 7.781015 -0.943047
v 0.351563 7.783921 -0.940007
v 0.416421 7.839673 -1.031288
v 0.419583 7.836656 -1.030599
v 0.748088 7.559095 0.338745
v 0.725151 7.470128 0.366167
v 0.730389 7.543383 0.303996
v 0.692789 7.460006 0.275228
v 0.805726 7.564267 0.265465
v 0.780494 7.471962 0.271478
v 0.855836 7.467452 0.354619
v 0.833950 7.465448 0.261291
v 0.812834 7.383053 0.285030
v 0.833299 7.466192 0.241877
v 0.850008 7.406573 0.248156
v 0.823480 7.421030 0.157159
v 0.877674 7.343293 0.236948
v 0.832011 7.259116 0.232214
v 0.981259 7.357263 0.309079
v 0.947290 7.324707 0.225537
v 0.998886 7.293068 0.189117
v 1.012320 7.370176 0.133736
v 1.011324 7.239869 0.163790
v 0.976227 7.227996 0.087037
v 1.040714 7.177813 0.188626
v 1.002418 7.119290 0.176269
v 1.122004 7.140458 0.200349
v 1.121752 7.117165 0.252173
v 1.234424 7.139075 0.168618
v 1.215871 7.100919 0.172589
v 1.257492 7.053776 0.066622
v 1.258679 7.040789 0.091861
v 1.253161 6.923288 0.063487
v 1.260226 6.928138 0.074816
v 1.309345 6.839054 0.133844
v 1.312195 6.842377 0.135799
v 0.157893 8.415901 0.197227
v 0.263363 8.405399 0.252781
v 0.177199 8.368780 0.169910
v 0.288886 8.325826 0.171038
v 0.161982 8.442278 0.091499
v 0.276993 8.418695 0.114667
v 0.235778 8.539739 0.192646
v 0.303784 8.479927 0.114428
v 0.387574 8.509515 0.235570
v 0.346355 8.483104 0.126374
v 0.475997 8.429013 0.121226
v 0.370096 8.479240 0.097087
v 0.404151 8.415965 -0.026394
v 0.366100 8.493658 0.056288
v 0.279781 8.534040 -0.049797
v 0.374790 8.541738 0.022553
v 0.389692 8.580511 -0.019521
v 0.341624 8.648305 0.066582
v 0.474226 8.589728 0.013804
v 0.379363 8.611804 -0.028959
v 0.439432 8.593740 -0.057928
v 0.380840 8.577025 -0.122311
v 0.492663 8.585212 -0.055251
v 0.528808 8.536478 -0.091957
v 0.575002 8.648464 -0.010246
v 0.538378 8.648426 -0.048814
v 0.492679 8.745833 -0.052000
v 0.507975 8.724447 -0.075789
v 0.436644 8.707562 -0.154269
v 0.453186 8.702553 -0.150320
v 0.495885 8.621758 -0.199931
v 0.500312 8.622410 -0.195958
v -0.411201 8.353886 0.826014
v -0.388258 8.309724 0.937964
v -0.388101 8.441550 0.920486
v -0.490256 8.373927 0.919568
v -0.428790 8.465498 0.785670
v -0.495304 8.388090 0.853443
v -0.546991 8.380481 0.714772
v -0.527733 8.345800 0.830685
v -0.661962 8.307008 0.783189
v -0.576103 8.360393 0.852382
v -0.634375 8.318653 0.925537
v -0.609851 8.399326 0.836656
v -0.586831 8.402819 0.953662
v -0.626568 8.433303 0.841854
v -0.562408 8.498210 0.922664
v -0.660684 8.432717 0.890077
v -0.648602 8.461088 0.961100
v -0.660842 8.511375 0.850056
v -0.701466 8.452370 0.943730
v -0.773747 8.418555 0.869627
v -0.687936 8.430386 0.992723
v -0.737388 8.357799 1.015555
v -0.687655 8.474178 1.060246
v -0.675153 8.435750 1.120560
v -0.715995 8.576812 1.107345
v -0.751718 8.536899 1.117126
v -0.834200 8.600595 1.049330
v -0.841918 8.575843 1.074736
v -0.917799 8.513748 1.004928
v -0.911875 8.509639 1.021585
v -0.931762 8.399768 1.045932
v -0.928172 8.400809 1.050785
v -0.233426 8.405037 0.879349
v -0.316833 8.382404 0.856577
v -0.267000 8.395183 0.911731
v -0.307238 8.337289 0.966657
v -0.218169 8.404578 0.906426
v -0.152245 8.385006 0.963510
v -0.197638 8.528909 0.858063
v -0.217559 8.484318 0.932913
v -0.285478 8.508150 0.968149
v -0.369033 8.484417 0.947101
v -0.225711 8.424511 1.091076
v -0.238296 8.476879 1.019754
v -0.240037 8.576020 1.036260
v -0.179890 8.620445 0.987307
v -0.383045 8.578577 0.989154
v -0.319180 8.567010 1.050595
v -0.349280 8.515037 1.128337
v -0.284083 8.566578 1.095468
v -0.349203 8.575277 1.135381
v -0.288229 8.618269 1.108085
v -0.410665 8.654005 1.080261
v -0.374059 8.634976 1.132037
v -0.308346 8.727894 1.157716
v -0.344768 8.698391 1.182375
v -0.273019 8.643977 1.263320
v -0.309558 8.645198 1.247787
v -0.372341 8.558045 1.278339
v -0.374258 8.575673 1.258671
v -0.477538 8.619509 1.252849
v -0.465645 8.625278 1.253613
v -0.454112 8.728732 1.290346
v -0.451757 8.727061 1.293756
v -0.104010 8.401628 0.151304
v -0.206430 8.374130 0.146625
v -0.128787 8.493749 0.149917
v -0.230012 8.463624 0.139248
v -0.110694 8.449057 0.020275
v -0.211830 8.447066 0.052455
v -0.197799 8.332325 -0.034969
v -0.244528 8.381683 0.046567
v -0.332784 8.299120 -0.003333
v -0.275342 8.371526 0.048875
v -0.284771 8.405914 -0.017052
v -0.347759 8.433677 0.063754
v -0.238158 8.489358 -0.021648
v -0.339084 8.461072 -0.004861
v -0.352950 8.610715 0.089738
v -0.364330 8.556377 -0.000738
v -0.515585 8.497219 0.018534
v -0.426707 8.515515 -0.036546
v -0.455690 8.424817 -0.135273
v -0.406145 8.492442 -0.091969
v -0.331257 8.513804 -0.205162
v -0.377280 8.542402 -0.148182
v -0.405005 8.632156 -0.182107
v -0.359371 8.668753 -0.158973
v -0.498661 8.661688 -0.143619
v -0.498640 8.688084 -0.104516
v -0.565620 8.577369 -0.130918
v -0.589452 8.576100 -0.110433
v -0.556199 8.493971 -0.208718
v -0.567996 8.483666 -0.210103
v -0.511581 8.531034 -0.316476
v -0.513789 8.526924 -0.319007
v 0.572296 7.604556 -0.098939
v 0.585941 7.513903 -0.055280
v 0.524314 7.577145 -0.106015
v 0.477825 7.487075 -0.112039
v 0.552435 7.593575 -0.154107
v 0.473432 7.607664 -0.216318
v 0.647249 7.619868 -0.214195
v 0.577373 7.561973 -0.259754
v 0.681870 7.456833 -0.201897
v 0.618497 7.494364 -0.271793
v 0.534944 7.360511 -0.266915
v 0.563197 7.455562 -0.288759
v 0.490654 7.478706 -0.427242
v 0.575797 7.466934 -0.373184
v 0.643726 7.465428 -0.418824
v 0.667913 7.563728 -0.426713
v 0.692479 7.422018 -0.421894
v 0.771744 7.427346 -0.358658
v 0.688878 7.414545 -0.479523
v 0.700439 7.334345 -0.439768
v 0.771518 7.400086 -0.515860
v 0.739109 7.332230 -0.514317
v 0.732985 7.369190 -0.643612
v 0.756815 7.324065 -0.611729
v 0.683889 7.231494 -0.679943
v 0.722120 7.229505 -0.656048
v 0.733745 7.096797 -0.649463
v 0.756164 7.116558 -0.645988
v 0.863506 7.039604 -0.651101
v 0.863641 7.052493 -0.658856
v 0.962289 7.045669 -0.742126
v 0.959078 7.047468 -0.745623
v -0.484598 8.315549 0.485795
v -0.551172 8.241161 0.400739
v -0.564424 8.331543 0.442624
v -0.628950 8.263148 0.534051
v -0.558734 8.365605 0.445727
v -0.518928 8.398395 0.566312
v -0.540791 8.384774 0.405118
v -0.438592 8.462352 0.432274
v -0.562884 8.392254 0.365610
v -0.471917 8.441750 0.285140
v -0.604419 8.399059 0.346023
v -0.578726 8.379577 0.218899
v -0.645624 8.405844 0.345349
v -0.697499 8.321408 0.259444
v -0.682544 8.410933 0.325366
v -0.754879 8.346599 0.413848
v -0.652246 8.510703 0.392723
v -0.729670 8.424373 0.331462
v -0.688118 8.485943 0.302678
v -0.759269 8.400676 0.267218
v -0.697690 8.568974 0.230222
v -0.765608 8.522297 0.281662
v -0.773882 8.633936 0.354774
v -0.821339 8.583238 0.319876
v -0.857607 8.562910 0.450710
v -0.869835 8.544647 0.396724
v -0.910279 8.433310 0.434737
v -0.896247 8.447722 0.401489
v -0.944390 8.375609 0.320565
v -0.933235 8.390714 0.315573
v -0.988097 8.434325 0.221146
v -0.984694 8.439762 0.222508
v 0.220251 8.405197 0.198288
v 0.327226 8.372173 0.226785
v 0.248267 8.390867 0.185960
v 0.311752 8.322483 0.117844
v 0.184138 8.440034 0.112648
v 0.290507 8.426032 0.155497
v 0.267218 8.525148 0.219596
v 0.311584 8.468540 0.129188
v 0.404755 8.488501 0.216902
v 0.340732 8.477915 0.121323
v 0.455049 8.421741 0.107593
v 0.353150 8.475364 0.098229
v 0.393848 8.429838 -0.019278
v 0.360820 8.502771 0.064007
v 0.291106 8.537314 -0.037497
v 0.383811 8.541535 0.031309
v 0.327719 8.654772 0.061716
v 0.400705 8.590669 -0.000816
v 0.480114 8.644304 0.093527
v 0.442300 8.617112 0.002006
v 0.548634 8.560201 -0.009876
v 0.473093 8.597695 -0.024399
v 0.469466 8.555688 -0.122492
v 0.456064 8.599735 -0.071826
v 0.449628 8.656352 -0.102443
v 0.402507 8.666523 -0.120121
v 0.491459 8.713533 -0.091436
v 0.482821 8.733536 -0.065035
v 0.564694 8.682193 -0.086240
v 0.576363 8.682831 -0.073736
v 0.567215 8.622439 -0.150999
v 0.572329 8.620387 -0.149267
v -0.451502 8.201288 1.023239
v -0.379585 8.297371 0.987437
v -0.432369 8.169289 0.954041
v -0.400395 8.264533 0.879261
v -0.548844 8.166535 0.944341
v -0.497493 8.269074 0.893996
v -0.599010 8.281978 0.900068
v -0.506776 8.311315 0.979553
v -0.585202 8.310935 0.869089
v -0.485421 8.378168 0.903865
v -0.598371 8.436788 0.758900
v -0.582719 8.394903 0.875889
v -0.573637 8.442996 0.925284
v -0.468851 8.510308 0.938496
v -0.620436 8.425185 0.963287
v -0.587555 8.370009 1.070805
v -0.665474 8.441149 0.938523
v -0.744661 8.345048 0.951933
v -0.695662 8.482570 0.937928
v -0.753451 8.475978 0.843004
v -0.738267 8.543877 0.961387
v -0.691086 8.609119 0.915298
v -0.739199 8.563355 1.042654
v -0.678793 8.601676 1.062426
v -0.737155 8.494225 1.095583
v -0.702989 8.490916 1.139403
v -0.777934 8.414742 1.078530
v -0.777308 8.390212 1.106368
v -0.870418 8.407441 1.036566
v -0.879004 8.391760 1.041531
v -0.947890 8.482348 1.041320
v -0.952197 8.478362 1.039134
v 0.250942 7.159662 -0.293749
v 0.208245 7.249937 -0.364916
v 0.276813 7.196964 -0.310858
v 0.345546 7.293071 -0.343671
v 0.260099 7.181505 -0.258361
v 0.369846 7.172878 -0.204339
v 0.237580 7.018531 -0.250985
v 0.306719 7.105150 -0.303468
v 0.318893 7.074531 -0.373466
v 0.232176 7.130430 -0.439745
v 0.390835 7.079808 -0.407180
v 0.461086 7.175131 -0.439048
v 0.491682 6.975267 -0.306881
v 0.406678 7.013844 -0.386402
v 0.283716 6.897829 -0.377081
v 0.357964 6.982076 -0.426346
v 0.379129 6.964369 -0.500983
v 0.286329 7.011639 -0.565721
v 0.430176 6.931016 -0.554788
v 0.486048 7.016551 -0.592782
v 0.483835 6.860036 -0.544913
v 0.567258 6.869234 -0.510171
v 0.449925 6.760974 -0.543603
v 0.470667 6.716514 -0.489996
v 0.397387 6.694273 -0.632637
v 0.356208 6.662568 -0.616222
v 0.407250 6.673200 -0.783980
v 0.426200 6.652970 -0.760490
v 0.554903 6.610311 -0.830414
v 0.543180 6.597782 -0.824446
v 0.616332 6.472365 -0.788796
v 0.610813 6.469694 -0.788773
v 0.210909 8.416889 0.238009
v 0.173756 8.380205 0.138734
v 0.147070 8.430759 0.247261
v 0.060340 8.414543 0.178004
v 0.134036 8.434358 0.325806
v 0.022687 8.444777 0.317175
v 0.151006 8.522745 0.354309
v 0.051395 8.543010 0.401729
v 0.178167 8.594756 0.357568
v 0.068617 8.606906 0.336765
v 0.177618 8.603432 0.281957
v 0.073088 8.626396 0.315542
v 0.132434 8.625739 0.212900
v 0.075225 8.657118 0.304137
v 0.047076 8.665736 0.185708
v 0.079431 8.692868 0.289625
v -0.032868 8.731925 0.248258
v 0.076785 8.735186 0.271653
v 0.012156 8.797271 0.357334
v 0.073213 8.781301 0.280146
v 0.141560 8.815803 0.359807
v 0.103175 8.808024 0.286530
v 0.196275 8.806563 0.251936
v 0.130698 8.817183 0.254187
v 0.127483 8.824188 0.164692
v 0.114301 8.838885 0.210469
v 0.046772 8.883238 0.192800
v 0.076234 8.885652 0.207991
v 0.067949 8.935740 0.267998
v 0.079851 8.932750 0.256793
v 0.150709 8.950420 0.281065
v 0.152041 8.949269 0.275740
v -0.077860 7.427098 -0.409732
v -0.084959 7.308471 -0.357773
v -0.099507 7.397720 -0.465170
v -0.159273 7.295179 -0.412866
v -0.119188 7.418785 -0.406236
v -0.246528 7.424346 -0.382239
v -0.084128 7.460103 -0.412689
v -0.153604 7.568026 -0.431348
v -0.002327 7.459511 -0.523030
v -0.128301 7.490379 -0.523286
v -0.145896 7.331683 -0.527643
v -0.150586 7.454584 -0.568821
v -0.304896 7.450526 -0.519182
v -0.182955 7.476394 -0.555009
v -0.192522 7.473899 -0.622987
v -0.214737 7.600150 -0.642729
v -0.183889 7.445326 -0.671773
v -0.060417 7.479049 -0.692740
v -0.195635 7.399267 -0.678762
v -0.124406 7.310872 -0.658644
v -0.246807 7.373406 -0.723478
v -0.296403 7.299650 -0.686999
v -0.315716 7.402541 -0.833633
v -0.280026 7.335407 -0.822377
v -0.193258 7.351272 -0.937870
v -0.230033 7.310442 -0.920449
v -0.145838 7.195604 -0.948866
v -0.183862 7.200625 -0.946450
v -0.242947 7.074412 -0.964627
v -0.250796 7.090837 -0.970776
v -0.342212 7.064990 -1.069703
v -0.339963 7.070376 -1.072530
v -0.657659 8.012249 0.804343
v -0.702666 7.919493 0.767296
v -0.650384 7.976049 0.832062
v -0.654682 7.875064 0.874317
v -0.623701 8.023439 0.841036
v -0.579207 7.986791 0.934196
v -0.635864 8.134058 0.924251
v -0.688617 8.038263 0.917760
v -0.664765 8.095429 0.992630
v -0.712949 7.997407 0.984161
v -0.641062 8.125886 1.048543
v -0.692615 8.029353 1.043505
v -0.625950 8.024533 1.170183
v -0.700989 8.026374 1.090387
v -0.778487 7.929070 1.160918
v -0.772191 8.034204 1.130768
v -0.888527 8.023037 1.085123
v -0.820155 8.048281 1.166913
v -0.880798 8.067994 1.205839
v -0.869959 8.158596 1.171831
v -0.887955 8.075611 1.274997
v -0.834023 8.123230 1.312534
v -0.899042 8.012839 1.314851
v -0.861182 7.988799 1.361791
v -0.978851 8.017134 1.317631
v -0.964878 7.979513 1.345201
v -1.005081 8.012434 1.410303
v -1.020245 7.986792 1.397410
v -1.110827 8.043481 1.414830
v -1.108811 8.028960 1.421793
v -1.195488 7.969028 1.387034
v -1.193599 7.965230 1.390500
v -0.471837 7.243411 -0.142468
v -0.465358 7.332524 -0.207943
v -0.494258 7.246442 -0.196031
v -0.401633 7.251401 -0.256579
v -0.498852 7.225741 -0.184380
v -0.426767 7.143845 -0.165224
v -0.536764 7.213677 -0.197020
v -0.558434 7.141405 -0.115921
v -0.558842 7.180981 -0.232200
v -0.649990 7.208328 -0.175505
v -0.582659 7.154632 -0.261146
v -0.640933 7.246809 -0.280577
v -0.592137 7.138257 -0.292228
v -0.577901 7.223784 -0.361167
v -0.597842 7.106893 -0.326355
v -0.515408 7.130085 -0.396618
v -0.610237 7.061045 -0.345788
v -0.517526 7.001451 -0.356883
v -0.652397 7.016059 -0.358115
v -0.634493 6.938691 -0.299905
v -0.731212 7.001282 -0.406950
v -0.736511 6.934450 -0.359643
v -0.693697 6.902217 -0.476745
v -0.737903 6.887615 -0.430469
v -0.734054 6.798689 -0.471686
v -0.768335 6.791155 -0.437165
v -0.717223 6.693954 -0.513698
v -0.717868 6.671729 -0.489556
v -0.747834 6.625922 -0.620750
v -0.747210 6.612322 -0.611588
v -0.852162 6.563863 -0.673930
v -0.852123 6.559959 -0.670001
v 0.546731 8.025613 1.050097
v 0.613691 8.031366 0.970851
v 0.502494 8.053350 0.995026
v 0.523060 8.122905 0.920622
v 0.491175 8.077126 1.068208
v 0.433615 8.163136 1.058947
v 0.539726 8.087545 1.179421
v 0.549765 8.172938 1.121077
v 0.676470 8.082836 1.108418
v 0.625385 8.173305 1.106853
v 0.720986 8.199506 0.998654
v 0.651042 8.216569 1.073577
v 0.649610 8.355657 1.028922
v 0.653054 8.280481 1.100569
v 0.568823 8.370680 1.181433
v 0.647209 8.303578 1.169199
v 0.591797 8.247983 1.295084
v 0.665356 8.264053 1.223477
v 0.708122 8.138892 1.270147
v 0.713697 8.216457 1.220315
v 0.833275 8.169557 1.185856
v 0.788135 8.230472 1.199116
v 0.859324 8.288277 1.235866
v 0.880934 8.317889 1.186394
v 0.863278 8.351910 1.319676
v 0.843990 8.392465 1.308909
v 0.818055 8.320661 1.416208
v 0.794043 8.336397 1.427329
v 0.823033 8.213896 1.459126
v 0.812944 8.209386 1.469842
v 0.918336 8.140995 1.445243
v 0.916385 8.137510 1.448566
v 0.145591 8.280323 1.120796
v 0.168875 8.339082 1.058829
v 0.083125 8.293617 1.098203
v 0.052731 8.353970 1.041032
v 0.037548 8.245977 1.139380
v -0.038348 8.281144 1.110431
v 0.024266 8.281385 1.222106
v -0.060022 8.263721 1.242558
v 0.061656 8.342845 1.287630
v -0.023820 8.362009 1.274923
v 0.046306 8.447183 1.238263
v -0.020843 8.404712 1.277277
v -0.070712 8.498839 1.251262
v -0.040194 8.438834 1.308732
v -0.151937 8.447077 1.330519
v -0.065836 8.438182 1.349019
v -0.122008 8.361468 1.412704
v -0.056383 8.412790 1.382801
v -0.013489 8.346781 1.456960
v -0.018481 8.411882 1.413058
v 0.004195 8.428253 1.480619
v 0.056346 8.459765 1.456409
v -0.053369 8.476453 1.495762
v -0.013549 8.449233 1.516372
v -0.043054 8.440034 1.556523
v -0.007660 8.425991 1.566405
v -0.090583 8.403709 1.593779
v -0.084592 8.381873 1.607011
v -0.147453 8.448666 1.637860
v -0.158200 8.441698 1.640671
v -0.141852 8.516708 1.695626
v -0.145672 8.518351 1.694111
v -0.710318 7.949503 0.456468
v -0.690191 7.982934 0.374996
v -0.655438 7.897139 0.433921
v -0.648513 7.862849 0.350634
v -0.706947 7.847923 0.509410
v -0.710579 7.786380 0.443382
v -0.829093 7.855954 0.456755
v -0.836384 7.767727 0.474738
v -0.878797 7.847981 0.338417
v -0.890210 7.766899 0.376572
v -0.843722 7.734609 0.232359
v -0.865698 7.715884 0.317956
v -0.885330 7.561800 0.280867
v -0.908684 7.630105 0.335178
v -0.950325 7.545011 0.435032
v -0.959145 7.621021 0.387019
v -1.046871 7.677456 0.474246
v -1.038323 7.639234 0.392843
v -1.109425 7.736806 0.335322
v -1.107353 7.657434 0.347303
v -1.116875 7.641199 0.212192
v -1.127636 7.613564 0.272177
v -1.120972 7.489114 0.226477
v -1.136618 7.516449 0.269763
v -1.210254 7.468084 0.292898
v -1.221405 7.505741 0.301239
v -1.277470 7.445056 0.247569
v -1.284973 7.467853 0.259419
v -1.381786 7.479416 0.200244
v -1.382018 7.490002 0.192059
v -1.483286 7.469199 0.278732
v -1.484080 7.473637 0.278468
v -0.406122 8.109899 -0.113758
v -0.324145 8.100957 -0.165523
v -0.418377 8.111115 -0.198135
v -0.418900 8.021920 -0.237169
v -0.376967 8.203841 -0.248118
v -0.354767 8.125018 -0.300786
v -0.214226 8.197909 -0.264774
v -0.262462 8.117825 -0.291968
v -0.132221 8.078476 -0.322484
v -0.225845 8.054163 -0.311380
v -0.168487 7.960467 -0.410486
v -0.246234 8.010158 -0.379407
v -0.302956 7.915112 -0.466142
v -0.298873 8.010333 -0.446243
v -0.430174 7.979948 -0.457127
v -0.352251 8.035905 -0.473754
v -0.402302 8.076532 -0.523149
v -0.438725 8.155324 -0.479049
v -0.321123 8.098541 -0.591942
v -0.402082 8.075217 -0.572149
v -0.393321 8.050619 -0.623425
v -0.460603 8.037322 -0.601113
v -0.356310 7.987183 -0.660901
v -0.370633 7.931567 -0.666434
v -0.310270 8.030615 -0.749513
v -0.271504 8.015761 -0.761726
v -0.356718 8.124864 -0.831144
v -0.361522 8.097106 -0.837361
v -0.495072 8.084894 -0.854772
v -0.485144 8.076130 -0.860490
v -0.523418 7.948972 -0.865755
v -0.518997 7.948055 -0.867574
v 0.219173 8.223374 -0.104055
v 0.303125 8.210367 -0.077217
v 0.216449 8.149034 -0.113021
v 0.291208 8.100593 -0.111683
v 0.231008 8.183279 -0.188789
v 0.207702 8.114611 -0.240546
v 0.266019 8.263372 -0.239349
v 0.294697 8.187551 -0.276310
v 0.404515 8.256705 -0.220164
v 0.365955 8.199514 -0.276551
v 0.476721 8.133512 -0.269347
v 0.397363 8.159474 -0.300421
v 0.397578 8.053222 -0.375246
v 0.375847 8.136373 -0.351776
v 0.281952 8.134476 -0.439586
v 0.352057 8.171675 -0.399104
v 0.310327 8.289097 -0.427222
v 0.371391 8.225404 -0.439536
v 0.461957 8.312769 -0.417475
v 0.435396 8.254024 -0.463464
v 0.550186 8.199843 -0.450749
v 0.491602 8.202728 -0.480995
v 0.500896 8.106389 -0.525652
v 0.468889 8.148374 -0.525335
v 0.496514 8.159321 -0.604399
v 0.467274 8.185895 -0.606986
v 0.514178 8.127222 -0.657764
v 0.493253 8.142833 -0.661669
v 0.450725 8.088857 -0.744723
v 0.448961 8.101611 -0.741820
v 0.493312 8.170339 -0.823886
v 0.489140 8.171283 -0.825133
v 0.000083 8.392643 1.025628
v 0.005950 8.301359 1.120680
v 0.085585 8.445065 1.082740
v 0.025458 8.366666 1.170149
v -0.075279 8.488944 1.077240
v -0.032998 8.407468 1.171981
v -0.197700 8.340540 1.153054
v -0.067222 8.354124 1.166947
v -0.062571 8.210910 1.284352
v -0.033821 8.317873 1.212697
v -0.004310 8.372642 1.267710
v 0.127105 8.361224 1.266374
v -0.026640 8.546310 1.219209
v -0.028614 8.452015 1.311441
v -0.207251 8.450879 1.325609
v -0.080048 8.437870 1.358045
v -0.114451 8.294369 1.441407
v -0.047725 8.392388 1.383598
v 0.077008 8.337580 1.461389
v 0.002399 8.414239 1.413362
v 0.018540 8.478355 1.483608
v 0.087780 8.530679 1.438703
v -0.037980 8.533355 1.513630
v -0.084342 8.580769 1.472236
v -0.035806 8.460411 1.561666
v -0.085614 8.484490 1.542255
v -0.115054 8.482397 1.597156
v -0.145458 8.500855 1.580950
v -0.149246 8.392308 1.637306
v -0.166758 8.383933 1.639571
v -0.052774 8.370682 1.718235
v -0.055787 8.365395 1.720780
v -0.456467 8.215776 0.040640
v -0.355644 8.270400 0.011101
v -0.431069 8.151109 0.006233
v -0.328608 8.196133 -0.032445
v -0.442979 8.129307 -0.120888
v -0.406747 8.231400 -0.073077
v -0.399502 8.206075 -0.194076
v -0.415859 8.294178 -0.116669
v -0.362788 8.231272 -0.215358
v -0.312826 8.326897 -0.166562
v -0.356604 8.234430 -0.264943
v -0.246616 8.275142 -0.281271
v -0.368836 8.226836 -0.290768
v -0.286324 8.170522 -0.354345
v -0.391916 8.229525 -0.308561
v -0.409588 8.122065 -0.355055
v -0.412436 8.245186 -0.350295
v -0.517955 8.205680 -0.313874
v -0.467107 8.347193 -0.343066
v -0.458628 8.260708 -0.402456
v -0.380756 8.341471 -0.451678
v -0.448525 8.285887 -0.455068
v -0.370604 8.235579 -0.531011
v -0.434308 8.242573 -0.502430
v -0.458374 8.147820 -0.553919
v -0.481464 8.187181 -0.527705
v -0.574990 8.160020 -0.573171
v -0.564027 8.192575 -0.566033
v -0.613232 8.230502 -0.645858
v -0.615321 8.246083 -0.638072
v -0.586146 8.256317 -0.740329
v -0.584724 8.261838 -0.738733
v 0.408482 7.623970 -0.277902
v 0.410074 7.712698 -0.286334
v 0.484371 7.620023 -0.320202
v 0.505090 7.706660 -0.316852
v 0.497136 7.616736 -0.230391
v 0.564014 7.656223 -0.186635
v 0.465843 7.532813 -0.209939
v 0.523066 7.492771 -0.154544
v 0.450382 7.415861 -0.297653
v 0.509768 7.481417 -0.286603
v 0.502847 7.541767 -0.409276
v 0.556932 7.488315 -0.362755
v 0.661105 7.583571 -0.374293
v 0.628708 7.500628 -0.378457
v 0.744218 7.444713 -0.313247
v 0.675382 7.440354 -0.369719
v 0.661488 7.297768 -0.349268
v 0.647773 7.372882 -0.395270
v 0.568810 7.308859 -0.493327
v 0.628407 7.358852 -0.478242
v 0.679031 7.355073 -0.571054
v 0.659350 7.410103 -0.601787
v 0.786893 7.329243 -0.596814
v 0.821321 7.367705 -0.585597
v 0.831338 7.217915 -0.570209
v 0.860945 7.213459 -0.544262
v 0.781246 7.106702 -0.617503
v 0.784058 7.084991 -0.602727
v 0.765469 7.074452 -0.751188
v 0.754314 7.068259 -0.754598
v 0.864278 7.085007 -0.852731
v 0.861289 7.086795 -0.855512
v 0.376571 8.283471 0.047651
v 0.442217 8.209454 0.026330
v 0.328061 8.253308 -0.047620
v 0.417578 8.215385 -0.019496
v 0.447303 8.248103 -0.107859
v 0.467284 8.312245 -0.032169
v 0.505633 8.204994 -0.098744
v 0.568660 8.224641 -0.022036
v 0.499091 8.159144 -0.116058
v 0.576902 8.104940 -0.080706
v 0.494462 8.150637 -0.172174
v 0.535950 8.059731 -0.188219
v 0.530844 8.177302 -0.232644
v 0.481580 8.116493 -0.296814
v 0.558353 8.197657 -0.282796
v 0.475102 8.250597 -0.305360
v 0.597272 8.237260 -0.315722
v 0.596215 8.321621 -0.259825
v 0.658754 8.215582 -0.316693
v 0.722796 8.225677 -0.254327
v 0.651509 8.159276 -0.347422
v 0.696423 8.099962 -0.338222
v 0.635085 8.174690 -0.426369
v 0.622373 8.124273 -0.456257
v 0.691224 8.241924 -0.497447
v 0.696212 8.200220 -0.513543
v 0.818096 8.201764 -0.491090
v 0.801629 8.186681 -0.511104
v 0.840525 8.075015 -0.510300
v 0.829122 8.081449 -0.517606
v 0.785941 8.025707 -0.607830
v 0.783271 8.029924 -0.608663
v -0.739259 7.819586 0.565627
v -0.717214 7.931857 0.590477
v -0.791693 7.847361 0.522382
v -0.770512 7.957164 0.487699
v -0.710080 7.820050 0.498071
v -0.698623 7.835157 0.382534
v -0.749648 7.733211 0.532037
v -0.743373 7.671643 0.432648
v -0.890048 7.778604 0.522330
v -0.887113 7.682825 0.455054
v -0.886028 7.843205 0.329538
v -0.898244 7.735797 0.374509
v -0.843261 7.638237 0.241152
v -0.871890 7.655811 0.353311
v -0.950655 7.561143 0.342709
v -0.971344 7.669942 0.380694
v -0.993351 7.550169 0.321604
v -1.013488 7.662931 0.345843
v -1.044404 7.579195 0.238072
v -1.068447 7.657037 0.302831
v -1.104326 7.566244 0.280973
v -1.122222 7.603218 0.357355
v -1.120232 7.450527 0.303861
v -1.139355 7.508490 0.336852
v -1.242126 7.501686 0.367335
v -1.245685 7.497303 0.419064
v -1.353137 7.565091 0.310014
v -1.348271 7.530794 0.311902
v -1.370873 7.473538 0.183935
v -1.373096 7.466941 0.199822
v -1.382420 7.329728 0.213238
v -1.383889 7.330805 0.218802
v -0.522185 8.222484 0.239347
v -0.587518 8.129607 0.226909
v -0.604044 8.256856 0.285731
v -0.630021 8.179309 0.205975
v -0.650232 8.203718 0.318164
v -0.682275 8.116687 0.251469
v -0.629400 8.182842 0.360940
v -0.689235 8.088828 0.386048
v -0.655509 8.224310 0.396342
v -0.686971 8.189861 0.500614
v -0.680692 8.344891 0.421892
v -0.747447 8.254718 0.400400
v -0.728036 8.305679 0.283306
v -0.770464 8.278308 0.385776
v -0.785369 8.322692 0.374684
v -0.843139 8.226958 0.351298
v -0.813472 8.389193 0.373774
v -0.873718 8.296581 0.344745
v -0.916174 8.322640 0.455553
v -0.904018 8.325265 0.354776
v -0.967493 8.278235 0.373089
v -0.928577 8.329546 0.318200
v -1.018459 8.316567 0.373434
v -0.986483 8.361144 0.333773
v -1.068091 8.322214 0.310046
v -1.048297 8.343006 0.268171
v -1.086704 8.251201 0.284981
v -1.083862 8.242267 0.252459
v -1.112461 8.187962 0.330231
v -1.116463 8.174063 0.321444
v -1.170433 8.193580 0.396633
v -1.172362 8.188265 0.395821
v 0.532061 7.591036 -0.184322
v 0.463547 7.480031 -0.199210
v 0.512606 7.533196 -0.230847
v 0.421440 7.595837 -0.301578
v 0.551993 7.538141 -0.253018
v 0.607793 7.655400 -0.233658
v 0.574884 7.494497 -0.252972
v 0.666732 7.468898 -0.162714
v 0.557932 7.465476 -0.282979
v 0.534128 7.342326 -0.244182
v 0.557627 7.472990 -0.329908
v 0.443074 7.442312 -0.386252
v 0.598108 7.473622 -0.385821
v 0.568367 7.592391 -0.433228
v 0.657380 7.457149 -0.406999
v 0.747503 7.539557 -0.358784
v 0.671375 7.398797 -0.407204
v 0.746454 7.337712 -0.318493
v 0.643623 7.358555 -0.457658
v 0.599562 7.252516 -0.436815
v 0.605153 7.374911 -0.606061
v 0.673975 7.334552 -0.550445
v 0.764442 7.321942 -0.613832
v 0.803572 7.389084 -0.610063
v 0.832348 7.227648 -0.584030
v 0.878175 7.229022 -0.547933
v 0.784678 7.110900 -0.617469
v 0.790014 7.079524 -0.595099
v 0.767232 7.078708 -0.754862
v 0.750340 7.071367 -0.761112
v 0.881022 7.091969 -0.850515
v 0.877248 7.095411 -0.854639
v -0.101243 7.345425 -0.375347
v -0.200870 7.390068 -0.377647
v -0.088235 7.398750 -0.412844
v -0.142814 7.490376 -0.436293
v -0.041814 7.407485 -0.347579
v 0.012126 7.496953 -0.379360
v 0.016435 7.352029 -0.399101
v 0.123503 7.336946 -0.383836
v -0.060166 7.250063 -0.462250
v 0.016449 7.319674 -0.497011
v -0.092746 7.425866 -0.573083
v -0.009521 7.357755 -0.554147
v 0.050494 7.344077 -0.601288
v 0.125476 7.421025 -0.620799
v 0.052120 7.269694 -0.599824
v 0.141203 7.215926 -0.566701
v -0.003064 7.244340 -0.640857
v -0.038562 7.152008 -0.594611
v -0.017600 7.222972 -0.719318
v -0.111345 7.247548 -0.724725
v -0.000513 7.207420 -0.811721
v 0.007482 7.282648 -0.840348
v 0.073130 7.150652 -0.854375
v 0.129849 7.180580 -0.863011
v 0.090433 7.042249 -0.841714
v 0.135238 7.027644 -0.830112
v 0.019305 6.947374 -0.858961
v 0.028743 6.920958 -0.842840
v -0.052231 6.905002 -0.956362
v -0.065977 6.897890 -0.951653
v -0.034993 6.895735 -1.086722
v -0.040046 6.897605 -1.087608
v 0.391254 8.357720 0.795661
v 0.339443 8.413015 0.734538
v 0.318789 8.382793 0.872552
v 0.302643 8.431980 0.790103
v 0.412910 8.468999 0.828550
v 0.326233 8.513265 0.826187
v 0.415067 8.517154 0.708952
v 0.335480 8.540102 0.760112
v 0.316316 8.590222 0.651064
v 0.308656 8.570385 0.746068
v 0.225494 8.653114 0.722977
v 0.301077 8.616785 0.772428
v 0.209707 8.653093 0.846096
v 0.301856 8.636719 0.819294
v 0.280413 8.603498 0.941226
v 0.327412 8.625136 0.858759
v 0.414366 8.558076 0.932412
v 0.375917 8.610648 0.860053
v 0.499752 8.610922 0.818839
v 0.422136 8.645773 0.834648
v 0.449114 8.719348 0.842928
v 0.438661 8.745056 0.776367
v 0.423510 8.768459 0.901575
v 0.372672 8.792809 0.889290
v 0.411285 8.715064 0.966448
v 0.377740 8.715180 0.993778
v 0.454834 8.639393 0.956838
v 0.459863 8.624069 0.980754
v 0.535563 8.655614 0.907116
v 0.547119 8.647431 0.909861
v 0.558994 8.755378 0.901549
v 0.562776 8.754426 0.898636
v -0.121900 7.849670 -0.338635
v -0.154418 7.943158 -0.316668
v -0.069446 7.864318 -0.285898
v -0.044813 7.960930 -0.267482
v 0.009198 7.805560 -0.324434
v 0.046669 7.898879 -0.311492
v 0.107849 7.835191 -0.424187
v 0.052390 7.919789 -0.417299
v 0.165311 7.891338 -0.411574
v 0.133718 7.986557 -0.396901
v 0.175099 7.866965 -0.466697
v 0.186125 7.965892 -0.447413
v 0.287109 7.917735 -0.496416
v 0.204800 7.976296 -0.505117
v 0.251962 7.954557 -0.565294
v 0.253883 8.053002 -0.541112
v 0.303407 7.942493 -0.588120
v 0.389784 7.981745 -0.552368
v 0.303751 7.900097 -0.618045
v 0.370819 7.841544 -0.604052
v 0.276397 7.885470 -0.677627
v 0.265194 7.811720 -0.686345
v 0.225738 7.912610 -0.772594
v 0.281382 7.891644 -0.763984
v 0.333205 7.961072 -0.832284
v 0.324570 7.917627 -0.840564
v 0.433680 7.894717 -0.864403
v 0.408376 7.881345 -0.873534
v 0.440902 7.779575 -0.897245
v 0.427782 7.785744 -0.901174
v 0.374537 7.721230 -0.967094
v 0.371563 7.725251 -0.967924
v -0.588773 8.182058 0.808411
v -0.561236 8.138004 0.903623
v -0.512373 8.173107 0.805867
v -0.434129 8.204687 0.874022
v -0.567771 8.245400 0.778754
v -0.509723 8.325293 0.733900
v -0.669326 8.275221 0.865924
v -0.603025 8.359579 0.850042
v -0.529028 8.304769 1.028245
v -0.555297 8.356419 0.936558
v -0.539944 8.434077 0.908728
v -0.454782 8.500096 0.896344
v -0.664471 8.434800 0.775642
v -0.621640 8.427760 0.875041
v -0.644548 8.404593 0.955218
v -0.701648 8.317771 0.986296
v -0.548269 8.462064 1.078014
v -0.615567 8.470679 0.993390
v -0.653998 8.546052 0.976466
v -0.597621 8.611843 0.934175
v -0.737178 8.519005 0.939468
v -0.764322 8.531415 0.864874
v -0.734787 8.426519 0.980160
v -0.780181 8.382593 0.968282
v -0.716459 8.454232 1.089213
v -0.721069 8.419869 1.122706
v -0.776992 8.574439 1.127778
v -0.795887 8.549768 1.135971
v -0.903158 8.562648 1.039011
v -0.903029 8.553756 1.052394
v -0.941158 8.419377 1.035802
v -0.938961 8.418532 1.040688
v -0.421358 7.949492 -0.220648
v -0.378938 7.857121 -0.262630
v -0.418319 7.909474 -0.160721
v -0.436374 7.801135 -0.166286
v -0.490281 7.965518 -0.116905
v -0.534178 7.865145 -0.107281
v -0.555792 7.934823 -0.202046
v -0.638727 7.923859 -0.130661
v -0.566680 7.912360 -0.256916
v -0.648717 7.871197 -0.196338
v -0.572013 7.830758 -0.282983
v -0.654362 7.851129 -0.212997
v -0.636837 7.754640 -0.285145
v -0.684454 7.842007 -0.238305
v -0.739702 7.729052 -0.253573
v -0.722222 7.836948 -0.265705
v -0.843524 7.807196 -0.220662
v -0.769669 7.837469 -0.296315
v -0.849375 7.941225 -0.303162
v -0.830716 7.851899 -0.338214
v -0.799293 7.913483 -0.446353
v -0.847669 7.857921 -0.411586
v -0.796242 7.776785 -0.495840
v -0.844979 7.789233 -0.454404
v -0.882354 7.675764 -0.460679
v -0.901654 7.717828 -0.444959
v -1.014182 7.678279 -0.457622
v -1.003789 7.706490 -0.470188
v -1.076428 7.709091 -0.558556
v -1.075619 7.725310 -0.559881
v -1.066113 7.675872 -0.668812
v -1.064659 7.680917 -0.670445
v 0.743146 7.819041 0.518599
v 0.744509 7.733439 0.553014
v 0.713889 7.787713 0.476260
v 0.711308 7.702098 0.441948
v 0.691212 7.850712 0.449117
v 0.685436 7.807106 0.368006
v 0.751096 7.927829 0.409738
v 0.749989 7.871483 0.336677
v 0.832922 7.881577 0.372937
v 0.808285 7.944673 0.310280
v 0.881372 7.865708 0.355326
v 0.858115 7.933709 0.297455
v 0.911222 7.829066 0.270896
v 0.894399 7.918063 0.253278
v 0.947404 7.852698 0.238803
v 0.921550 7.926957 0.190522
v 0.975305 7.831442 0.197981
v 0.945541 7.816497 0.111930
v 1.010511 7.806471 0.221445
v 1.005584 7.727555 0.199648
v 1.076438 7.811040 0.245569
v 1.087499 7.759612 0.289209
v 1.173226 7.857371 0.256845
v 1.171969 7.807334 0.234832
v 1.233155 7.848857 0.143572
v 1.241100 7.814059 0.163765
v 1.258891 7.757143 0.061143
v 1.267242 7.748835 0.085815
v 1.289006 7.638054 0.065480
v 1.293337 7.643967 0.077020
v 1.361553 7.571516 0.127011
v 1.362750 7.575054 0.129718
v 0.642163 8.117857 0.672504
v 0.620792 8.111499 0.772867
v 0.721927 8.152651 0.692855
v 0.703915 8.125162 0.790270
v 0.645634 8.262882 0.721751
v 0.664965 8.195665 0.797104
v 0.544442 8.249138 0.846591
v 0.612400 8.172982 0.834268
v 0.562707 8.161079 0.956878
v 0.629627 8.140201 0.881674
v 0.663322 8.081245 0.990362
v 0.681358 8.145249 0.911951
v 0.770155 8.070729 0.929848
v 0.727345 8.164056 0.924620
v 0.863718 8.171609 0.872868
v 0.808192 8.200782 0.954329
v 0.851649 8.323140 0.904488
v 0.861124 8.249588 0.975693
v 0.809255 8.355593 1.066538
v 0.869182 8.290800 1.042826
v 0.862613 8.249630 1.121164
v 0.900007 8.260608 1.055736
v 0.942705 8.244623 1.113692
v 0.928803 8.298406 1.088674
v 1.026496 8.272574 1.082954
v 1.038031 8.292146 1.043308
v 1.052164 8.173828 1.095020
v 1.069204 8.157668 1.075617
v 1.033251 8.131524 1.195579
v 1.036468 8.116951 1.198626
v 1.047943 8.206922 1.285687
v 1.046959 8.203231 1.289128
v 0.166769 8.439999 0.858361
v 0.233239 8.368909 0.941457
v 0.275720 8.479717 0.878433
v 0.192540 8.451637 0.971544
v 0.313878 8.450540 0.929251
v 0.248249 8.406566 1.029930
v 0.338751 8.422303 0.914841
v 0.359035 8.340488 1.011131
v 0.375639 8.435273 0.895766
v 0.457159 8.349997 0.945358
v 0.408303 8.478000 0.915145
v 0.519027 8.426401 0.877005
v 0.458978 8.505641 0.961382
v 0.487213 8.549098 0.844372
v 0.492227 8.545470 0.975214
v 0.413926 8.622711 0.909793
v 0.500537 8.595048 0.978863
v 0.397551 8.603582 1.054349
v 0.539435 8.606039 0.983264
v 0.499732 8.567411 1.082619
v 0.503755 8.638033 1.053021
v 0.580348 8.583131 1.063286
v 0.497671 8.624948 1.135329
v 0.563058 8.610236 1.099845
v 0.576932 8.558832 1.171640
v 0.587975 8.588298 1.124261
v 0.673328 8.583498 1.139126
v 0.647498 8.609952 1.130714
v 0.685544 8.671717 1.145761
v 0.693058 8.677448 1.129325
v 0.659516 8.735239 1.186014
v 0.659329 8.738964 1.180814
v -0.735170 7.854711 0.577469
v -0.713350 7.902352 0.659253
v -0.713490 7.901645 0.569814
v -0.686756 7.994979 0.572732
v -0.723836 7.863621 0.536968
v -0.716375 7.898969 0.446805
v -0.806414 7.866374 0.532941
v -0.814904 7.778430 0.492588
v -0.871844 7.883262 0.548517
v -0.871596 7.822034 0.623920
v -0.887779 7.930923 0.565504
v -0.870441 7.956595 0.657562
v -0.934343 7.966850 0.545411
v -0.907271 8.059532 0.555976
v -0.986031 7.961319 0.503228
v -0.969489 8.017367 0.425643
v -1.013627 7.904036 0.487544
v -1.012393 7.874063 0.395162
v -1.034177 7.854620 0.533145
v -1.039715 7.772109 0.508335
v -1.093902 7.864743 0.590196
v -1.091913 7.818108 0.644949
v -1.177609 7.945395 0.634250
v -1.187613 7.898341 0.602645
v -1.256018 7.959651 0.513317
v -1.261501 7.921165 0.532089
v -1.296967 7.856030 0.429335
v -1.298691 7.849717 0.457360
v -1.331620 7.731588 0.466812
v -1.331943 7.741041 0.477657
v -1.397544 7.700082 0.570787
v -1.397623 7.704693 0.572309
v -0.593734 7.927224 1.103081
v -0.523450 7.889835 1.153709
v -0.620452 7.936624 1.148720
v -0.554950 7.911406 1.211763
v -0.585182 7.969071 1.136318
v -0.516713 8.021829 1.174127
v -0.612999 7.973820 1.097496
v -0.600817 8.062977 1.069148
v -0.657602 7.953927 1.132086
v -0.648334 8.047427 1.123556
v -0.696787 7.989585 1.179807
v -0.667904 8.079000 1.171352
v -0.701939 8.008368 1.228432
v -0.629339 8.025658 1.286149
v -0.731059 7.972831 1.229733
v -0.705965 7.892930 1.273172
v -0.784603 7.985403 1.249330
v -0.840118 7.923542 1.204696
v -0.851192 8.065629 1.273306
v -0.851079 7.986531 1.301167
v -0.806690 8.031686 1.404061
v -0.853571 7.990743 1.372285
v -0.826270 7.901046 1.442403
v -0.862247 7.923017 1.405679
v -0.939179 7.841535 1.409907
v -0.940648 7.882910 1.403262
v -1.027981 7.900919 1.451910
v -1.042770 7.915520 1.433214
v -1.051288 7.930350 1.549197
v -1.046011 7.942932 1.552230
v -1.035456 7.860451 1.631044
v -1.032641 7.863479 1.633316
v -0.126166 8.064955 1.352836
v -0.009514 8.039208 1.371040
v -0.058328 8.186494 1.345925
v -0.044859 8.076812 1.394818
v 0.033870 8.152818 1.432013
v -0.016223 8.049813 1.470519
v 0.060022 8.133273 1.402162
v 0.114931 8.030472 1.434089
v 0.052189 8.160040 1.418675
v 0.169430 8.130810 1.417113
v 0.104364 8.270075 1.405853
v 0.138497 8.164773 1.454317
v 0.127631 8.243276 1.473600
v 0.190179 8.145502 1.507219
v 0.078855 8.294093 1.515923
v 0.149243 8.202801 1.552166
v 0.032022 8.164754 1.602850
v 0.146358 8.197033 1.580771
v 0.160427 8.068668 1.648454
v 0.178368 8.168537 1.613214
v 0.206449 8.187070 1.677284
v 0.293761 8.172525 1.663971
v 0.199355 8.281765 1.738199
v 0.219174 8.216786 1.760844
v 0.102889 8.199095 1.810047
v 0.154314 8.183611 1.810215
v 0.145809 8.068026 1.826147
v 0.170438 8.092393 1.817112
v 0.270182 8.059204 1.857548
v 0.265395 8.076185 1.854515
v 0.295095 8.139198 1.942204
v 0.289190 8.140027 1.943176
v 0.051424 7.223310 -0.356884
v -0.027230 7.276631 -0.388525
v 0.088355 7.289875 -0.336595
v 0.011744 7.345493 -0.369280
v 0.120849 7.349620 -0.455563
v 0.055649 7.278480 -0.428753
v 0.034055 7.338369 -0.509376
v 0.003062 7.251619 -0.470075
v 0.001857 7.355528 -0.506817
v -0.088415 7.316990 -0.486903
v 0.003233 7.350124 -0.547909
v -0.070781 7.414557 -0.567938
v 0.017595 7.338104 -0.598390
v 0.042456 7.430474 -0.628064
v 0.044990 7.306924 -0.633602
v 0.139478 7.339801 -0.638278
v 0.045530 7.253711 -0.652046
v 0.122521 7.197902 -0.620608
v 0.007239 7.213624 -0.689312
v -0.010711 7.135389 -0.650806
v -0.078391 7.200711 -0.774927
v -0.008576 7.176962 -0.766829
v 0.010193 7.148908 -0.858055
v 0.032288 7.199805 -0.879120
v 0.075635 7.073711 -0.888075
v 0.118911 7.083956 -0.889995
v 0.061155 6.963857 -0.883398
v 0.083917 6.947903 -0.873008
v -0.015289 6.892413 -0.938962
v -0.018086 6.879943 -0.931424
v -0.036777 6.873323 -1.058045
v -0.041403 6.871704 -1.057017
v 0.221860 8.309341 0.036787
v 0.222186 8.382501 0.143312
v 0.342157 8.306525 0.059449
v 0.260955 8.388030 0.118298
v 0.381488 8.411562 0.126564
v 0.262224 8.449619 0.094508
v 0.369410 8.441259 0.186043
v 0.254909 8.498462 0.203862
v 0.375642 8.411944 0.227399
v 0.330885 8.468819 0.334460
v 0.429564 8.418421 0.223647
v 0.483648 8.419693 0.341007
v 0.529670 8.431228 0.163286
v 0.480499 8.504042 0.258050
v 0.444255 8.570852 0.128345
v 0.520276 8.566815 0.232769
v 0.428804 8.668287 0.245667
v 0.536889 8.601888 0.220994
v 0.560116 8.663928 0.330126
v 0.550329 8.641834 0.217827
v 0.628980 8.624676 0.247955
v 0.554979 8.658031 0.197216
v 0.642225 8.654688 0.192831
v 0.585234 8.699977 0.216609
v 0.639773 8.701444 0.147946
v 0.590768 8.726707 0.131851
v 0.649190 8.655656 0.104733
v 0.631286 8.652956 0.070995
v 0.701661 8.608150 0.109630
v 0.705667 8.597620 0.094151
v 0.770695 8.627814 0.143249
v 0.774078 8.623454 0.139889
v -0.139909 7.840524 -0.357192
v -0.093085 7.756879 -0.368237
v -0.166613 7.802990 -0.294519
v -0.186531 7.708649 -0.290775
v -0.241561 7.873394 -0.302080
v -0.294312 7.793139 -0.292736
v -0.288068 7.836985 -0.411378
v -0.376167 7.855526 -0.376654
v -0.292298 7.812164 -0.469960
v -0.381239 7.790040 -0.439776
v -0.304834 7.711994 -0.519406
v -0.381938 7.764014 -0.493722
v -0.412221 7.671977 -0.507865
v -0.407501 7.768237 -0.512628
v -0.446775 7.693118 -0.562636
v -0.460886 7.788431 -0.557424
v -0.517382 7.683404 -0.587042
v -0.597422 7.719323 -0.546864
v -0.506213 7.617329 -0.599569
v -0.559956 7.560354 -0.564608
v -0.462375 7.584611 -0.661894
v -0.449619 7.514640 -0.654812
v -0.421780 7.592152 -0.781783
v -0.473519 7.578279 -0.761774
v -0.548335 7.627711 -0.847637
v -0.540192 7.585623 -0.846449
v -0.664420 7.551042 -0.844408
v -0.641966 7.535516 -0.852904
v -0.675880 7.416975 -0.832898
v -0.664064 7.421056 -0.839832
v -0.604288 7.326404 -0.888550
v -0.601545 7.329711 -0.890744
v -0.123376 7.905044 -0.316244
v -0.062189 7.991622 -0.302038
v -0.036138 7.835568 -0.268446
v 0.022941 7.923556 -0.253982
v 0.090408 7.800415 -0.385432
v 0.051870 7.899859 -0.377244
v 0.183464 7.918459 -0.439295
v 0.099419 7.984606 -0.437757
v 0.227828 7.971561 -0.418953
v 0.177802 8.064694 -0.402676
v 0.286628 7.986294 -0.466750
v 0.303967 8.085742 -0.431384
v 0.325966 7.979995 -0.496668
v 0.397356 8.046157 -0.452311
v 0.359440 7.967161 -0.516433
v 0.455247 7.931957 -0.484446
v 0.345322 7.974610 -0.553653
v 0.367479 7.870400 -0.563177
v 0.395640 7.993007 -0.595332
v 0.354334 7.912319 -0.624027
v 0.291190 8.024982 -0.703149
v 0.341447 7.963733 -0.702376
v 0.241619 7.860351 -0.750346
v 0.302164 7.872418 -0.735974
v 0.365886 7.742457 -0.752048
v 0.380436 7.787451 -0.747165
v 0.513090 7.794564 -0.809622
v 0.485541 7.806628 -0.819622
v 0.490747 7.868878 -0.941464
v 0.492069 7.884562 -0.939633
v 0.391542 7.833330 -1.037953
v 0.389692 7.838345 -1.038143
v 0.149866 8.280111 -0.071658
v 0.263486 8.218167 -0.084522
v 0.119236 8.210922 -0.172337
v 0.241858 8.221949 -0.130455
v 0.246160 8.215513 -0.240840
v 0.248503 8.319768 -0.163138
v 0.312872 8.205491 -0.237111
v 0.371461 8.284440 -0.151985
v 0.332201 8.170569 -0.245505
v 0.444105 8.178637 -0.179746
v 0.343022 8.149778 -0.287899
v 0.453530 8.086691 -0.261065
v 0.361619 8.163888 -0.340960
v 0.404134 8.044777 -0.371244
v 0.380743 8.177268 -0.379619
v 0.308060 8.090478 -0.443624
v 0.388221 8.177115 -0.440956
v 0.277416 8.244931 -0.446902
v 0.434871 8.259466 -0.430501
v 0.369241 8.187875 -0.493190
v 0.452823 8.198051 -0.495880
v 0.362576 8.206293 -0.528548
v 0.448626 8.144535 -0.529779
v 0.399168 8.098036 -0.566257
v 0.519060 8.149518 -0.568003
v 0.536246 8.095315 -0.578362
v 0.575570 8.204993 -0.642709
v 0.568537 8.170878 -0.659186
v 0.520202 8.216267 -0.750061
v 0.531448 8.200655 -0.751056
v 0.478022 8.134544 -0.817161
v 0.483235 8.130740 -0.816363
v 0.266700 8.440899 0.759597
v 0.293344 8.377461 0.868922
v 0.325138 8.430457 0.743876
v 0.388440 8.357277 0.829454
v 0.315756 8.523501 0.792433
v 0.406753 8.453282 0.851382
v 0.278605 8.485221 0.923623
v 0.397115 8.451122 0.885169
v 0.323574 8.478264 0.924324
v 0.439482 8.422652 0.911722
v 0.316141 8.566760 0.929371
v 0.435168 8.519852 0.911532
v 0.413878 8.599889 0.854799
v 0.437939 8.533262 0.962817
v 0.516923 8.586772 0.852657
v 0.471891 8.555344 0.969578
v 0.617965 8.520500 0.923054
v 0.512721 8.558713 0.987470
v 0.598226 8.470467 1.081038
v 0.529515 8.552286 1.038984
v 0.480541 8.553400 1.162095
v 0.520683 8.588987 1.082862
v 0.536326 8.656335 1.111285
v 0.473885 8.698713 1.098444
v 0.603797 8.698362 1.099817
v 0.608224 8.725635 1.049491
v 0.672022 8.644770 1.112944
v 0.701486 8.637877 1.089508
v 0.659740 8.585527 1.186566
v 0.671876 8.571606 1.191579
v 0.602227 8.629537 1.262770
v 0.603688 8.624862 1.266981
v -0.495809 8.302721 0.433314
v -0.568612 8.232063 0.491625
v -0.483918 8.279131 0.484788
v -0.473822 8.278777 0.601368
v -0.413959 8.411655 0.441194
v -0.506098 8.346392 0.471920
v -0.579288 8.411756 0.466446
v -0.616798 8.363514 0.366653
v -0.624514 8.389421 0.531637
v -0.698597 8.304764 0.563851
v -0.578940 8.434108 0.575730
v -0.544329 8.441040 0.687297
v -0.489371 8.554261 0.478451
v -0.580390 8.491388 0.516603
v -0.675354 8.448775 0.376332
v -0.652813 8.480303 0.486745
v -0.774696 8.408078 0.574611
v -0.698098 8.491260 0.544503
v -0.674628 8.564291 0.681932
v -0.703484 8.555991 0.582344
v -0.668067 8.691406 0.520614
v -0.734376 8.639888 0.542114
v -0.776054 8.597131 0.393764
v -0.787975 8.591913 0.461876
v -0.837584 8.456334 0.482443
v -0.807865 8.490303 0.508283
v -0.871631 8.499197 0.637647
v -0.852780 8.523317 0.621367
v -0.937241 8.632919 0.615471
v -0.925272 8.645461 0.615422
v -0.996429 8.634958 0.485287
v -0.992721 8.639084 0.483427
v -0.284614 8.333743 0.089879
v -0.226257 8.308823 0.024096
v -0.366301 8.291944 0.016045
v -0.282597 8.316228 -0.011486
v -0.339317 8.287365 -0.098478
v -0.265363 8.339704 -0.086434
v -0.303454 8.242391 -0.147277
v -0.216278 8.257397 -0.170278
v -0.341531 8.199199 -0.182697
v -0.278210 8.158844 -0.234809
v -0.354985 8.262713 -0.241110
v -0.369596 8.183097 -0.283556
v -0.353629 8.260409 -0.287151
v -0.294219 8.213871 -0.338711
v -0.337518 8.336652 -0.306909
v -0.375323 8.260778 -0.341082
v -0.458060 8.328747 -0.306767
v -0.411172 8.276747 -0.365515
v -0.513927 8.230243 -0.351729
v -0.440674 8.246843 -0.382695
v -0.466362 8.160290 -0.430767
v -0.427676 8.215363 -0.423411
v -0.406219 8.189931 -0.519978
v -0.420810 8.234797 -0.493377
v -0.456468 8.253578 -0.579781
v -0.448937 8.290627 -0.564922
v -0.541109 8.270053 -0.612916
v -0.554116 8.288315 -0.597729
v -0.608384 8.209028 -0.638518
v -0.620191 8.209563 -0.631912
v -0.605272 8.135322 -0.700973
v -0.609260 8.133657 -0.699489
v -0.603470 7.941894 1.043757
v -0.619904 7.812227 1.055444
v -0.599440 7.916602 1.072823
v -0.531440 7.837126 1.152067
v -0.596568 8.010749 1.135397
v -0.645275 7.889263 1.125970
v -0.736554 7.972085 1.071850
v -0.678823 7.895084 1.161057
v -0.744637 7.842140 1.116514
v -0.679704 7.945072 1.165593
v -0.738200 7.840080 1.179597
v -0.681572 7.953528 1.213402
v -0.651658 7.808284 1.317500
v -0.731257 7.876593 1.238646
v -0.820454 7.744862 1.193833
v -0.783033 7.866303 1.226572
v -0.834613 7.865767 1.286553
v -0.894597 7.944477 1.200374
v -0.882339 7.869724 1.334971
v -0.829735 7.968366 1.368268
v -0.875877 7.830842 1.383270
v -0.804103 7.836728 1.448557
v -0.905388 7.765968 1.383454
v -0.867719 7.708383 1.419677
v -0.992242 7.744228 1.397785
v -1.001169 7.687882 1.385662
v -1.087979 7.772463 1.454381
v -1.075955 7.738129 1.468105
v -1.078399 7.769792 1.581407
v -1.084436 7.752271 1.575533
v -1.047051 7.681475 1.655638
v -1.050461 7.676999 1.652263
v -0.006032 7.272172 -0.386207
v -0.093331 7.226403 -0.354900
v -0.040204 7.307075 -0.385681
v -0.141493 7.327971 -0.385496
v 0.003466 7.343693 -0.334586
v -0.046545 7.427372 -0.369123
v 0.106109 7.368588 -0.403740
v 0.025711 7.427189 -0.431994
v 0.075695 7.420809 -0.527608
v -0.000134 7.353724 -0.506499
v 0.048202 7.456282 -0.524745
v -0.050470 7.426653 -0.515675
v 0.050765 7.463454 -0.584760
v -0.006328 7.380663 -0.560632
v 0.070849 7.417444 -0.598976
v 0.084507 7.321056 -0.564062
v 0.160495 7.423310 -0.666001
v 0.066465 7.380403 -0.662336
v 0.039946 7.449460 -0.762464
v 0.067504 7.365185 -0.738183
v -0.053616 7.336379 -0.777917
v 0.020643 7.318243 -0.772866
v -0.015045 7.196471 -0.769587
v 0.032011 7.232794 -0.784502
v 0.099986 7.134657 -0.829903
v 0.092145 7.175839 -0.848753
v 0.112308 7.139278 -0.960627
v 0.131772 7.161706 -0.968187
v 0.054025 7.112133 -1.064041
v 0.046635 7.124496 -1.069264
v -0.012395 7.011965 -1.095156
v -0.016486 7.014851 -1.096451
v 0.637640 7.456068 -0.000589
v 0.552715 7.426918 -0.077663
v 0.655697 7.564305 -0.082796
v 0.590419 7.470817 -0.114437
v 0.621994 7.515208 -0.222109
v 0.645340 7.416995 -0.160371
v 0.565811 7.471472 -0.255994
v 0.553137 7.361003 -0.215519
v 0.541057 7.479226 -0.292429
v 0.455018 7.401406 -0.315749
v 0.564664 7.481518 -0.340074
v 0.474307 7.521427 -0.405229
v 0.604512 7.477556 -0.384367
v 0.609059 7.593212 -0.408972
v 0.651763 7.465810 -0.410284
v 0.741726 7.518994 -0.354783
v 0.652140 7.445670 -0.448950
v 0.721663 7.385467 -0.374488
v 0.730388 7.445550 -0.472038
v 0.687196 7.349699 -0.468780
v 0.695720 7.434168 -0.597260
v 0.726210 7.364131 -0.554267
v 0.640948 7.293825 -0.634664
v 0.700117 7.289394 -0.597292
v 0.688055 7.156210 -0.601862
v 0.727847 7.189632 -0.593770
v 0.818385 7.093867 -0.594135
v 0.822678 7.125244 -0.609179
v 0.914901 7.099038 -0.687355
v 0.929230 7.105909 -0.679952
v 0.935970 7.088538 -0.811084
v 0.939349 7.093395 -0.811109
v 0.146283 8.370071 0.116097
v 0.120021 8.423518 0.208047
v 0.169071 8.341789 0.159194
v 0.224494 8.368085 0.249957
v 0.184908 8.348997 0.106647
v 0.288660 8.320284 0.126949
v 0.199367 8.404113 0.017162
v 0.285527 8.417616 0.083459
v 0.193060 8.519077 0.072247
v 0.297109 8.484809 0.071623
v 0.257312 8.570117 0.177793
v 0.315460 8.515158 0.102964
v 0.408821 8.571838 0.195750
v 0.375976 8.543622 0.095121
v 0.509736 8.507759 0.113839
v 0.417015 8.536274 0.062940
v 0.495870 8.465284 -0.027089
v 0.422151 8.536497 0.011582
v 0.391624 8.523650 -0.116333
v 0.413023 8.571887 -0.034495
v 0.338891 8.654754 -0.077408
v 0.415342 8.631652 -0.063035
v 0.438855 8.677827 -0.067092
v 0.440203 8.709533 -0.010459
v 0.505873 8.640354 -0.076113
v 0.462420 8.662192 -0.078461
v 0.448574 8.665549 -0.136576
v 0.418333 8.676017 -0.142002
v 0.487682 8.607658 -0.168953
v 0.482977 8.599752 -0.182323
v 0.578826 8.607233 -0.150011
v 0.579876 8.603542 -0.153920
v 0.166042 7.998097 -0.280247
v 0.183962 8.113814 -0.229181
v 0.289224 8.030148 -0.297618
v 0.183564 8.101890 -0.300504
v 0.298306 8.123474 -0.279165
v 0.185689 8.183660 -0.282960
v 0.305171 8.129754 -0.237884
v 0.288794 8.240609 -0.176547
v 0.345040 8.151837 -0.277757
v 0.454699 8.162511 -0.213102
v 0.353237 8.163816 -0.311389
v 0.396857 8.047611 -0.341608
v 0.267159 8.153174 -0.396951
v 0.382865 8.170435 -0.345632
v 0.348114 8.151760 -0.414181
v 0.423473 8.226917 -0.343529
v 0.368225 8.093992 -0.458033
v 0.425014 8.188631 -0.393708
v 0.430532 8.202764 -0.440016
v 0.522258 8.138233 -0.422228
v 0.485287 8.290456 -0.464635
v 0.482356 8.206627 -0.508436
v 0.401638 8.270089 -0.575230
v 0.461199 8.223422 -0.572889
v 0.392640 8.152783 -0.637023
v 0.443743 8.162807 -0.614407
v 0.487684 8.074586 -0.656223
v 0.502408 8.105778 -0.640636
v 0.577156 8.116196 -0.703048
v 0.593180 8.114121 -0.693194
v 0.588789 8.168734 -0.788138
v 0.592195 8.173210 -0.785110
v 0.616426 7.902472 0.062644
v 0.664044 7.846494 0.120206
v 0.675708 7.885903 0.001093
v 0.727881 7.855007 0.072072
v 0.668511 7.812644 -0.010388
v 0.706742 7.743823 0.039777
v 0.611545 7.799657 -0.037224
v 0.594693 7.709905 -0.056592
v 0.628696 7.826630 -0.108624
v 0.560075 7.831688 -0.171712
v 0.726471 7.891757 -0.127949
v 0.690342 7.822110 -0.178530
v 0.797174 7.733092 -0.122898
v 0.740741 7.767065 -0.189047
v 0.714664 7.655479 -0.250012
v 0.730535 7.746990 -0.240612
v 0.691959 7.780002 -0.353117
v 0.761589 7.769004 -0.291920
v 0.814117 7.780615 -0.340347
v 0.822599 7.861735 -0.325077
v 0.859923 7.753388 -0.355448
v 0.906435 7.765967 -0.305848
v 0.894090 7.731976 -0.398072
v 0.916123 7.687557 -0.373542
v 0.904320 7.697149 -0.504062
v 0.931283 7.679418 -0.477986
v 0.920374 7.563109 -0.516033
v 0.940071 7.573712 -0.499765
v 1.019161 7.482901 -0.487816
v 1.024006 7.495752 -0.486195
v 1.138919 7.488649 -0.515109
v 1.138463 7.493002 -0.516731
v 0.029412 7.174071 -0.341624
v -0.082755 7.214408 -0.364398
v 0.052064 7.225788 -0.440967
v -0.062965 7.192645 -0.421042
v -0.010098 7.299889 -0.450398
v -0.126822 7.274265 -0.429274
v 0.006254 7.343900 -0.389699
v -0.083266 7.421057 -0.417270
v 0.059426 7.368994 -0.440930
v 0.056565 7.483915 -0.479819
v 0.161562 7.340421 -0.523958
v 0.041089 7.345302 -0.537728
v 0.089746 7.216415 -0.515608
v 0.031162 7.311338 -0.563406
v -0.050094 7.196570 -0.563135
v 0.015987 7.288368 -0.607109
v -0.102026 7.299531 -0.682400
v 0.008856 7.252424 -0.667792
v -0.010146 7.237474 -0.742806
v 0.052393 7.320121 -0.772718
v -0.015590 7.187675 -0.769063
v 0.074085 7.183001 -0.764910
v -0.017056 7.146696 -0.839202
v 0.051625 7.134257 -0.821881
v 0.022922 7.068675 -0.888967
v 0.064128 7.100572 -0.902886
v 0.086787 6.988749 -0.920710
v 0.122647 6.988764 -0.918072
v 0.040844 6.882127 -0.926477
v 0.050264 6.869218 -0.918240
v -0.037096 6.832740 -1.007164
v -0.037437 6.827574 -1.003999
v 0.311778 7.545001 -0.353031
v 0.218567 7.482385 -0.364583
v 0.242987 7.617541 -0.412838
v 0.232988 7.506961 -0.392474
v 0.189339 7.531576 -0.481309
v 0.271541 7.463865 -0.443885
v 0.151024 7.496989 -0.465968
v 0.172081 7.392530 -0.428720
v 0.137890 7.501146 -0.472196
v 0.046675 7.435468 -0.461768
v 0.118660 7.532272 -0.554497
v 0.134829 7.424678 -0.524420
v 0.205394 7.503419 -0.579305
v 0.157835 7.403595 -0.556593
v 0.108905 7.485657 -0.637311
v 0.189246 7.412388 -0.606986
v 0.118568 7.410204 -0.662990
v 0.230141 7.409300 -0.645872
v 0.128323 7.364401 -0.679299
v 0.179907 7.286005 -0.643784
v 0.120459 7.338633 -0.748076
v 0.055157 7.288093 -0.734920
v 0.129041 7.347776 -0.859663
v 0.116999 7.284817 -0.840536
v 0.231701 7.252656 -0.898526
v 0.185743 7.232538 -0.898086
v 0.224556 7.108869 -0.899537
v 0.195981 7.122704 -0.910060
v 0.133547 7.026959 -0.963195
v 0.132854 7.041951 -0.970571
v 0.111272 7.018536 -1.089679
v 0.115866 7.021629 -1.090770
v -0.413124 7.995456 -0.196430
v -0.469029 7.910358 -0.185734
v -0.497585 8.049906 -0.134288
v -0.513968 7.952029 -0.159451
v -0.511780 7.998088 -0.264203
v -0.594540 7.969243 -0.211286
v -0.507376 7.888645 -0.305448
v -0.590920 7.888885 -0.246273
v -0.527610 7.782505 -0.271109
v -0.590031 7.844694 -0.218981
v -0.588345 7.725720 -0.212653
v -0.612923 7.822072 -0.188291
v -0.687488 7.715522 -0.169711
v -0.671240 7.815628 -0.183718
v -0.816490 7.781105 -0.174551
v -0.752688 7.824215 -0.242021
v -0.857262 7.911713 -0.211624
v -0.805764 7.854663 -0.279261
v -0.812248 7.983626 -0.350421
v -0.830673 7.894530 -0.352431
v -0.762761 7.896285 -0.477937
v -0.817309 7.862511 -0.437502
v -0.778225 7.743257 -0.492937
v -0.821062 7.767799 -0.457676
v -0.882898 7.653841 -0.440767
v -0.895904 7.696517 -0.431822
v -1.025820 7.670443 -0.435376
v -1.013007 7.693159 -0.450868
v -1.097641 7.715128 -0.541624
v -1.100439 7.729813 -0.539058
v -1.091273 7.705255 -0.669662
v -1.090879 7.710329 -0.670212
v 0.023570 7.499113 -0.395971
v 0.118439 7.479615 -0.382682
v 0.032521 7.412211 -0.426458
v 0.103777 7.477192 -0.442491
v -0.007716 7.512105 -0.478641
v 0.087699 7.492744 -0.469804
v 0.091714 7.587228 -0.500709
v 0.093403 7.491651 -0.480233
v 0.068546 7.498347 -0.519238
v 0.165322 7.492634 -0.506630
v 0.061585 7.394095 -0.513656
v 0.119367 7.470709 -0.532331
v 0.226894 7.405827 -0.539976
v 0.149280 7.457470 -0.569406
v 0.155476 7.440837 -0.635823
v 0.188584 7.531432 -0.651743
v 0.129886 7.415594 -0.677105
v 0.052608 7.471867 -0.697559
v 0.124133 7.364601 -0.689785
v 0.043209 7.333314 -0.684920
v 0.164579 7.313887 -0.718224
v 0.140981 7.249109 -0.696070
v 0.197526 7.284712 -0.799620
v 0.236358 7.244620 -0.784102
v 0.198542 7.270977 -0.914851
v 0.203525 7.230528 -0.899790
v 0.119666 7.191448 -0.985972
v 0.142190 7.175190 -0.977765
v 0.094038 7.064250 -1.001496
v 0.108437 7.065789 -1.001228
v 0.153545 6.958232 -1.023426
v 0.157764 6.960572 -1.024209
v -0.469592 8.240911 0.978516
v -0.474721 8.150332 1.052144
v -0.489444 8.287753 1.037697
v -0.469727 8.208991 1.121719
v -0.597483 8.250145 1.020435
v -0.546214 8.201129 1.113284
v -0.633916 8.092774 1.046394
v -0.546524 8.148496 1.100334
v -0.533938 8.010918 1.169293
v -0.510843 8.120177 1.134925
v -0.437288 8.147215 1.266629
v -0.533802 8.150703 1.200865
v -0.577846 8.185290 1.256219
v -0.559726 8.287347 1.202293
v -0.651493 8.172424 1.279446
v -0.725574 8.200487 1.193560
v -0.650626 8.123814 1.302479
v -0.729626 8.045692 1.266313
v -0.630966 8.116926 1.354290
v -0.634474 8.018619 1.387609
v -0.591315 8.148669 1.473475
v -0.665187 8.130589 1.432160
v -0.707621 8.151530 1.490436
v -0.725123 8.207079 1.452991
v -0.752955 8.107558 1.503425
v -0.786652 8.127893 1.469549
v -0.816071 8.099279 1.541175
v -0.819829 8.130691 1.527116
v -0.918118 8.114216 1.535940
v -0.926921 8.123881 1.524594
v -0.947364 8.007431 1.546793
v -0.951609 8.007939 1.542811
v -0.445763 8.339530 0.789442
v -0.341938 8.368040 0.862121
v -0.462357 8.385676 0.812883
v -0.349579 8.449291 0.823326
v -0.444010 8.371863 0.787652
v -0.387811 8.441856 0.693752
v -0.465665 8.359329 0.783215
v -0.518139 8.360610 0.664390
v -0.570363 8.344219 0.849670
v -0.534633 8.421875 0.751857
v -0.463158 8.494602 0.846651
v -0.561570 8.457566 0.770375
v -0.520610 8.539458 0.726200
v -0.602145 8.457879 0.785962
v -0.537102 8.564625 0.761493
v -0.635220 8.482444 0.783713
v -0.614451 8.565292 0.761157
v -0.574073 8.546296 0.883154
v -0.621670 8.592469 0.778740
v -0.695056 8.515514 0.823745
v -0.658350 8.649323 0.763007
v -0.699951 8.594140 0.829964
v -0.766480 8.594954 0.736542
v -0.743978 8.591277 0.810067
v -0.812927 8.518730 0.814252
v -0.771457 8.550223 0.839186
v -0.814571 8.531023 0.919693
v -0.792233 8.559910 0.907528
v -0.842795 8.614478 0.948371
v -0.828165 8.625967 0.953305
v -0.903308 8.666598 0.916647
v -0.899080 8.671346 0.915317
v -0.537854 8.192446 0.219396
v -0.563699 8.208346 0.320464
v -0.610386 8.221269 0.198138
v -0.620516 8.259100 0.296126
v -0.669584 8.101878 0.255984
v -0.634223 8.187906 0.305826
v -0.652436 8.126985 0.436339
v -0.602812 8.185923 0.364233
v -0.676901 8.249067 0.388287
v -0.614583 8.329006 0.417641
v -0.709299 8.270389 0.243414
v -0.738202 8.270336 0.344904
v -0.802405 8.126470 0.341680
v -0.763231 8.213833 0.386047
v -0.813987 8.276470 0.356697
v -0.843833 8.246023 0.453225
v -0.840867 8.308206 0.341878
v -0.892979 8.235642 0.398042
v -0.884511 8.270664 0.306118
v -0.922929 8.188303 0.282900
v -0.919365 8.361603 0.236289
v -0.961113 8.313297 0.281384
v -0.998329 8.400632 0.369856
v -1.022944 8.353325 0.337198
v -1.038997 8.276917 0.441764
v -1.034687 8.278169 0.395080
v -1.064582 8.173466 0.351697
v -1.052319 8.197738 0.336267
v -1.136246 8.217117 0.252172
v -1.129669 8.228816 0.260189
v -1.214087 8.298185 0.304915
v -1.211857 8.302144 0.302232
v 0.743616 7.775564 0.556071
v 0.739241 7.848826 0.477228
v 0.732599 7.818945 0.575505
v 0.715154 7.925142 0.570966
v 0.708820 7.774173 0.612667
v 0.686091 7.847219 0.688499
v 0.789396 7.729913 0.655018
v 0.759631 7.784692 0.742859
v 0.872982 7.797167 0.668271
v 0.847445 7.779089 0.771343
v 0.900081 7.890996 0.702512
v 0.883593 7.829903 0.789681
v 0.878919 7.963713 0.803092
v 0.892806 7.857976 0.818239
v 0.913616 7.921058 0.949661
v 0.956610 7.858574 0.873175
v 0.952813 7.785966 0.991213
v 0.992594 7.825687 0.899330
v 1.029710 7.698920 0.900066
v 1.036473 7.792928 0.883203
v 1.133551 7.764278 0.815291
v 1.110589 7.792022 0.886491
v 1.200251 7.793506 0.915322
v 1.197102 7.857212 0.912842
v 1.226625 7.774536 1.003769
v 1.211155 7.804558 1.037699
v 1.229275 7.683176 1.039642
v 1.216081 7.676503 1.067926
v 1.286904 7.602896 1.002878
v 1.282884 7.588604 1.008729
v 1.396181 7.604034 0.982175
v 1.396129 7.598847 0.980726
v -0.242939 7.775404 -0.344517
v -0.148513 7.813009 -0.364203
v -0.204381 7.725057 -0.302186
v -0.104966 7.702422 -0.320131
v -0.280975 7.642654 -0.338091
v -0.184552 7.612063 -0.360106
v -0.222508 7.655182 -0.476486
v -0.228051 7.553155 -0.459828
v -0.099982 7.637098 -0.522889
v -0.156622 7.552797 -0.502809
v -0.027990 7.483150 -0.551955
v -0.131064 7.490815 -0.546063
v -0.128268 7.353823 -0.536330
v -0.161397 7.448174 -0.563128
v -0.285521 7.392481 -0.555925
v -0.207331 7.450234 -0.591546
v -0.296295 7.530377 -0.659475
v -0.227008 7.453469 -0.657991
v -0.247842 7.428043 -0.705663
v -0.172320 7.474597 -0.730107
v -0.269081 7.419298 -0.757723
v -0.204030 7.378699 -0.758627
v -0.329439 7.301022 -0.767473
v -0.272112 7.313593 -0.785341
v -0.219801 7.191075 -0.814935
v -0.212282 7.232686 -0.833074
v -0.177351 7.206605 -0.952994
v -0.146952 7.203056 -0.955053
v -0.235857 7.210121 -1.079207
v -0.232579 7.195821 -1.074733
v -0.338450 7.116891 -1.113983
v -0.335330 7.112867 -1.113050
v -0.380783 8.287991 0.100447
v -0.271489 8.332951 0.075107
v -0.399923 8.291386 -0.016458
v -0.310726 8.368667 0.009626
v -0.317256 8.261998 -0.071092
v -0.212804 8.322187 -0.062367
v -0.312310 8.183644 -0.081573
v -0.204985 8.171380 -0.135792
v -0.384828 8.153380 -0.148218
v -0.300566 8.102704 -0.218509
v -0.381872 8.254806 -0.229372
v -0.359405 8.157978 -0.298136
v -0.388627 8.239546 -0.278994
v -0.294607 8.198041 -0.342605
v -0.336376 8.366932 -0.294317
v -0.382208 8.266567 -0.343664
v -0.511156 8.303373 -0.286710
v -0.425314 8.262992 -0.361605
v -0.508004 8.158494 -0.366987
v -0.423365 8.223516 -0.379287
v -0.449743 8.172926 -0.447395
v -0.409889 8.250570 -0.427423
v -0.470243 8.189169 -0.494926
v -0.472691 8.253201 -0.462927
v -0.578422 8.219608 -0.513284
v -0.550473 8.264337 -0.503094
v -0.551525 8.280683 -0.614826
v -0.532594 8.310591 -0.609379
v -0.503282 8.231441 -0.700191
v -0.486631 8.235417 -0.705444
v -0.543137 8.129572 -0.732139
v -0.537945 8.128109 -0.734864
v -0.685324 7.834910 0.208530
v -0.684034 7.930370 0.252216
v -0.664745 7.868484 0.178182
v -0.623868 7.959023 0.144205
v -0.649086 7.807394 0.170526
v -0.594414 7.823022 0.082268
v -0.730918 7.792371 0.128992
v -0.685866 7.727764 0.059574
v -0.801962 7.810199 0.091731
v -0.756645 7.763514 0.009332
v -0.819420 7.873196 0.030903
v -0.789048 7.794150 -0.031161
v -0.793907 7.918972 -0.054351
v -0.800824 7.814887 -0.066229
v -0.784611 7.888174 -0.189922
v -0.838696 7.817168 -0.134646
v -0.799222 7.773279 -0.240171
v -0.864882 7.794879 -0.161147
v -0.868655 7.735053 -0.236534
v -0.918652 7.781104 -0.172590
v -0.908909 7.733968 -0.267116
v -0.955829 7.717784 -0.207244
v -0.906545 7.614184 -0.282927
v -0.942871 7.646334 -0.243971
v -1.027976 7.571997 -0.217348
v -1.031279 7.618247 -0.222574
v -1.133853 7.598061 -0.279968
v -1.138830 7.628710 -0.278084
v -1.155507 7.580283 -0.394864
v -1.150289 7.591982 -0.403686
v -1.123951 7.477119 -0.448071
v -1.121346 7.479637 -0.451869
v 0.212032 7.739619 -0.370064
v 0.195745 7.622464 -0.364579
v 0.183709 7.689797 -0.415436
v 0.065302 7.689818 -0.416178
v 0.249784 7.693483 -0.491546
v 0.159614 7.617575 -0.502864
v 0.305862 7.541068 -0.445042
v 0.192866 7.555452 -0.477375
v 0.186419 7.459245 -0.452969
v 0.170795 7.572641 -0.483267
v 0.147110 7.464121 -0.521342
v 0.189581 7.573247 -0.538905
v 0.115366 7.504011 -0.583311
v 0.021434 7.573472 -0.602616
v 0.117283 7.410679 -0.588925
v 0.025980 7.337800 -0.569612
v 0.175461 7.400927 -0.634473
v 0.242649 7.313634 -0.591042
v 0.257101 7.459737 -0.736109
v 0.194691 7.375732 -0.724883
v 0.092910 7.431954 -0.826850
v 0.143095 7.363719 -0.804081
v 0.021901 7.264256 -0.807691
v 0.091727 7.271152 -0.807200
v 0.130950 7.124441 -0.794783
v 0.154586 7.168040 -0.812388
v 0.236555 7.127276 -0.913031
v 0.267751 7.115458 -0.902165
v 0.226204 7.137054 -1.062426
v 0.224348 7.120758 -1.056204
v 0.109585 7.056655 -1.127087
v 0.111557 7.051573 -1.124778
v 0.206218 8.092180 -0.238553
v 0.249604 8.001207 -0.261358
v 0.158293 8.044630 -0.341403
v 0.254247 8.065973 -0.309532
v 0.229069 7.993620 -0.379911
v 0.313604 8.037399 -0.339715
v 0.238332 7.944081 -0.381471
v 0.336328 7.929397 -0.352151
v 0.231081 7.925074 -0.419242
v 0.306158 7.854977 -0.407911
v 0.228943 7.926003 -0.455541
v 0.261757 7.828121 -0.460120
v 0.231576 7.929296 -0.495295
v 0.214765 7.828707 -0.511962
v 0.248164 7.926407 -0.545123
v 0.162406 7.874029 -0.569219
v 0.252889 7.920447 -0.611299
v 0.168516 7.979876 -0.616580
v 0.276738 7.949736 -0.668664
v 0.279496 8.039434 -0.649071
v 0.334161 7.941054 -0.701060
v 0.393360 7.982353 -0.675581
v 0.361211 7.880396 -0.727865
v 0.417923 7.864223 -0.711372
v 0.333881 7.824535 -0.779443
v 0.355729 7.784355 -0.775258
v 0.304261 7.819855 -0.865060
v 0.289636 7.793298 -0.869336
v 0.311872 7.856000 -0.959139
v 0.320017 7.843067 -0.958258
v 0.398293 7.862888 -1.017269
v 0.398792 7.857751 -1.017512
v 0.567592 7.901711 1.116516
v 0.525806 8.002455 1.120535
v 0.503614 7.876395 1.188543
v 0.493440 7.983053 1.167756
v 0.495995 7.968434 1.279467
v 0.581292 7.984011 1.213185
v 0.497435 8.044661 1.289324
v 0.568215 8.090522 1.220052
v 0.462283 8.074171 1.296261
v 0.472893 8.169330 1.243880
v 0.441147 8.083326 1.340599
v 0.375554 8.170265 1.333463
v 0.461601 8.096130 1.398103
v 0.363217 8.088961 1.444802
v 0.485536 8.096523 1.430845
v 0.453042 8.002769 1.476297
v 0.517451 8.104107 1.453787
v 0.579646 8.014679 1.447002
v 0.558359 8.112872 1.502066
v 0.625386 8.153884 1.445170
v 0.591054 8.139439 1.562732
v 0.550773 8.209254 1.556476
v 0.565675 8.107800 1.626119
v 0.507239 8.124333 1.648362
v 0.581401 8.029664 1.646513
v 0.546393 8.004971 1.669263
v 0.664065 7.987325 1.666686
v 0.656239 7.957603 1.676739
v 0.743954 8.005059 1.735857
v 0.739837 7.990552 1.741690
v 0.742238 8.021045 1.843320
v 0.742278 8.015690 1.844368
v -0.393520 7.628504 -0.307654
v -0.275995 7.647390 -0.357451
v -0.343878 7.493995 -0.356398
v -0.333093 7.618566 -0.388247
v -0.270573 7.543118 -0.464416
v -0.327214 7.659051 -0.464763
v -0.205161 7.568942 -0.451275
v -0.169293 7.690883 -0.473469
v -0.167171 7.529818 -0.429745
v -0.045837 7.567874 -0.451620
v -0.173667 7.486053 -0.487420
v -0.086891 7.392318 -0.469195
v -0.137900 7.522122 -0.588915
v -0.196051 7.413311 -0.551135
v -0.198532 7.490410 -0.610928
v -0.175396 7.367586 -0.578869
v -0.217056 7.453381 -0.643722
v -0.333070 7.413225 -0.604013
v -0.262371 7.537202 -0.737338
v -0.239048 7.426592 -0.717945
v -0.123880 7.452957 -0.804199
v -0.201394 7.401776 -0.781677
v -0.114460 7.286652 -0.792417
v -0.185626 7.314576 -0.793864
v -0.240067 7.185093 -0.810084
v -0.253690 7.237511 -0.828935
v -0.310556 7.201267 -0.936083
v -0.347860 7.206397 -0.929468
v -0.291716 7.211678 -1.072823
v -0.293094 7.193757 -1.066318
v -0.200139 7.123032 -1.136700
v -0.203131 7.117831 -1.134329
v 0.445928 8.008372 1.177615
v 0.518219 8.043390 1.108392
v 0.476555 8.055911 1.212089
v 0.493682 8.143641 1.155043
v 0.407666 8.048017 1.209959
v 0.340858 8.130261 1.205879
v 0.419388 8.022895 1.280068
v 0.326531 8.006420 1.328547
v 0.450965 8.057371 1.337965
v 0.472665 7.955338 1.357004
v 0.480257 8.078217 1.354006
v 0.566164 8.026986 1.318801
v 0.503812 8.102292 1.385078
v 0.569699 8.154497 1.320443
v 0.533898 8.125223 1.411196
v 0.471542 8.210849 1.406302
v 0.553805 8.136851 1.434402
v 0.473269 8.098739 1.491897
v 0.628046 8.070808 1.452450
v 0.547009 8.098301 1.491963
v 0.531793 7.997002 1.552091
v 0.518914 8.073154 1.537791
v 0.542483 8.083726 1.637687
v 0.496632 8.125992 1.645417
v 0.629671 8.114054 1.691051
v 0.647195 8.151989 1.669259
v 0.705946 8.030283 1.681329
v 0.732635 8.031092 1.664770
v 0.672020 7.927841 1.732323
v 0.680591 7.915004 1.729401
v 0.641277 7.939988 1.853966
v 0.641341 7.934733 1.854663
v 0.598909 7.789907 -0.017086
v 0.625685 7.879711 0.031646
v 0.717204 7.758753 0.025490
v 0.687128 7.854837 -0.006440
v 0.750896 7.850328 0.095553
v 0.708975 7.937509 0.053142
v 0.706293 7.845086 0.166698
v 0.703656 7.943159 0.205825
v 0.749913 7.795281 0.216016
v 0.773521 7.845335 0.305981
v 0.840441 7.777666 0.185153
v 0.867520 7.721167 0.270188
v 0.875444 7.770284 0.153624
v 0.873991 7.664856 0.159882
v 0.910732 7.772609 0.116714
v 0.874669 7.707534 0.041739
v 0.961569 7.788313 0.079546
v 0.918890 7.843496 0.000238
v 1.034191 7.818479 0.079484
v 1.032390 7.909982 0.100436
v 1.091972 7.779438 0.123285
v 1.113040 7.804284 0.194420
v 1.100799 7.689298 0.111317
v 1.114110 7.652100 0.159865
v 1.123986 7.641642 0.018934
v 1.119893 7.594989 0.022170
v 1.209994 7.654933 -0.080740
v 1.220378 7.639294 -0.055700
v 1.347299 7.667912 -0.043786
v 1.344543 7.653142 -0.048159
v 1.424560 7.582985 0.025304
v 1.423072 7.578900 0.022306
v 0.366624 8.086793 -0.143839
v 0.441358 8.137153 -0.078991
v 0.403087 8.178026 -0.165680
v 0.472354 8.091376 -0.170194
v 0.375381 8.152682 -0.192775
v 0.393874 8.050879 -0.233032
v 0.340597 8.161079 -0.183200
v 0.274082 8.097662 -0.245496
v 0.356994 8.185466 -0.208757
v 0.252506 8.207418 -0.239204
v 0.386958 8.221785 -0.237672
v 0.291798 8.202551 -0.291536
v 0.381263 8.215012 -0.300972
v 0.358789 8.122313 -0.357792
v 0.490355 8.205233 -0.309077
v 0.390905 8.243579 -0.340157
v 0.448655 8.348574 -0.314565
v 0.412518 8.270246 -0.384461
v 0.344704 8.370062 -0.409474
v 0.413430 8.300995 -0.425160
v 0.343726 8.283234 -0.498956
v 0.417031 8.295556 -0.463770
v 0.439594 8.250977 -0.532910
v 0.434325 8.310042 -0.504409
v 0.475827 8.322328 -0.584034
v 0.490352 8.360521 -0.556371
v 0.550206 8.286991 -0.608369
v 0.576840 8.294979 -0.590789
v 0.573202 8.216374 -0.660752
v 0.587207 8.208709 -0.656800
v 0.544822 8.186250 -0.746843
v 0.548337 8.181954 -0.746797
v 0.537898 7.971001 -0.071310
v 0.479935 8.076395 -0.072450
v 0.495911 7.990327 -0.019864
v 0.534225 8.065884 0.065530
v 0.536189 7.911410 -0.052578
v 0.613658 7.922121 0.038815
v 0.624895 8.000147 -0.134281
v 0.706590 7.948249 -0.062857
v 0.670542 8.152609 -0.002125
v 0.714273 8.041717 -0.018234
v 0.725231 7.986413 0.039006
v 0.784531 7.977173 0.143251
v 0.756670 7.876370 -0.097837
v 0.777623 7.978388 -0.037652
v 0.799920 8.045147 -0.060263
v 0.725507 8.124305 -0.111893
v 0.866881 8.040393 -0.032282
v 0.884710 8.121597 0.054648
v 0.871843 8.027413 -0.071693
v 0.929656 7.973530 0.000325
v 0.927652 7.983782 -0.111093
v 0.942452 8.052195 -0.055959
v 1.007239 8.055819 -0.153211
v 0.972583 8.113971 -0.175534
v 0.988422 7.971510 -0.238940
v 0.955304 7.972918 -0.280884
v 1.049828 7.864233 -0.208381
v 1.041734 7.833463 -0.224441
v 1.195650 7.871610 -0.178286
v 1.187026 7.879239 -0.191886
v 1.260372 7.955952 -0.290848
v 1.258429 7.952007 -0.294950
v 0.490074 8.147705 1.035250
v 0.492896 8.234285 0.955363
v 0.526866 8.196208 1.074009
v 0.474156 8.293865 1.034380
v 0.629904 8.199221 0.985309
v 0.549772 8.285004 0.995605
v 0.571412 8.322801 0.842585
v 0.524913 8.294550 0.947111
v 0.524181 8.353569 0.987572
v 0.434667 8.429298 0.975821
v 0.501556 8.285218 1.127693
v 0.550121 8.337023 1.033653
v 0.683336 8.269353 1.027095
v 0.607687 8.359613 1.023061
v 0.615874 8.349158 1.104457
v 0.619306 8.424978 1.014317
v 0.661690 8.346561 1.128102
v 0.647322 8.433376 1.049728
v 0.667763 8.420511 1.136475
v 0.722814 8.440036 1.049529
v 0.662313 8.556501 1.132082
v 0.717613 8.491633 1.150877
v 0.649996 8.464018 1.274053
v 0.704417 8.458055 1.230705
v 0.750605 8.340415 1.258889
v 0.752866 8.379676 1.224301
v 0.873732 8.386162 1.188597
v 0.849318 8.409678 1.196965
v 0.897722 8.496687 1.257410
v 0.891441 8.511311 1.250237
v 0.865872 8.486343 1.375706
v 0.862244 8.490973 1.375380
v -0.475565 7.473658 -0.184231
v -0.543475 7.581093 -0.168434
v -0.405788 7.518987 -0.177948
v -0.451648 7.638565 -0.179147
v -0.355545 7.548290 -0.325743
v -0.468898 7.578610 -0.274410
v -0.440499 7.649341 -0.393963
v -0.549560 7.631983 -0.329095
v -0.427257 7.725589 -0.363769
v -0.509710 7.811112 -0.315906
v -0.422224 7.694180 -0.410437
v -0.392308 7.818088 -0.422900
v -0.416549 7.705179 -0.518612
v -0.500009 7.794480 -0.480360
v -0.471229 7.693181 -0.536156
v -0.582586 7.672244 -0.476449
v -0.451468 7.664086 -0.566277
v -0.467821 7.539474 -0.541621
v -0.373078 7.669618 -0.668618
v -0.465922 7.607998 -0.645302
v -0.466188 7.594788 -0.699679
v -0.542735 7.643816 -0.672525
v -0.478251 7.506260 -0.711934
v -0.531175 7.559176 -0.699315
v -0.599814 7.535760 -0.750605
v -0.636540 7.500177 -0.725600
v -0.629468 7.568856 -0.868091
v -0.630800 7.531424 -0.861995
v -0.542664 7.485883 -0.948833
v -0.558152 7.477798 -0.941433
v -0.554863 7.351580 -0.931486
v -0.560858 7.352170 -0.929312
v 0.476848 8.198498 0.986757
v 0.568546 8.124060 0.949779
v 0.571742 8.248067 0.924065
v 0.554781 8.170992 1.019399
v 0.471428 8.282412 1.018333
v 0.548458 8.186515 1.032000
v 0.463092 8.190928 1.129753
v 0.560332 8.179566 1.054042
v 0.558097 8.110049 1.158281
v 0.585666 8.197677 1.075346
v 0.667675 8.110080 1.122010
v 0.613274 8.219862 1.104540
v 0.728704 8.176822 1.065802
v 0.637435 8.234492 1.126308
v 0.724604 8.296132 1.050198
v 0.674385 8.246393 1.151789
v 0.659694 8.379180 1.143567
v 0.718780 8.274592 1.173350
v 0.637861 8.318310 1.274418
v 0.726211 8.286880 1.216898
v 0.709589 8.203299 1.302453
v 0.744374 8.256508 1.236400
v 0.827265 8.187680 1.257771
v 0.802417 8.254968 1.242484
v 0.872070 8.268642 1.299100
v 0.882416 8.306977 1.261035
v 0.880050 8.311148 1.371056
v 0.859882 8.341773 1.370931
v 0.858001 8.268883 1.445601
v 0.843605 8.273311 1.456056
v 0.901889 8.189387 1.468255
v 0.897791 8.188004 1.472680
v 0.529516 7.689477 -0.145835
v 0.574996 7.616536 -0.093902
v 0.478099 7.644886 -0.154497
v 0.491419 7.550815 -0.121954
v 0.516957 7.640750 -0.225049
v 0.460029 7.563863 -0.255599
v 0.617540 7.611382 -0.256922
v 0.550262 7.546251 -0.293220
v 0.650128 7.447372 -0.209728
v 0.588841 7.489966 -0.276925
v 0.563342 7.463775 -0.317906
v 0.498670 7.387854 -0.329715
v 0.575956 7.563099 -0.417978
v 0.601783 7.474552 -0.378252
v 0.657644 7.439590 -0.385301
v 0.735953 7.476440 -0.334354
v 0.641352 7.387755 -0.410574
v 0.673540 7.312474 -0.352415
v 0.644527 7.369682 -0.472415
v 0.589126 7.299887 -0.477741
v 0.643433 7.386118 -0.590620
v 0.680153 7.336006 -0.549699
v 0.787643 7.366738 -0.603092
v 0.755291 7.316963 -0.607293
v 0.862536 7.248889 -0.579707
v 0.826026 7.239652 -0.603664
v 0.837570 7.113292 -0.599152
v 0.822399 7.128967 -0.619390
v 0.789186 7.040796 -0.701483
v 0.792856 7.054169 -0.706875
v 0.818029 7.035427 -0.825045
v 0.821844 7.038630 -0.824408
v -0.144051 7.871078 -0.349852
v -0.105317 7.792320 -0.363004
v -0.194576 7.829235 -0.288913
v -0.199891 7.740686 -0.291504
v -0.307758 7.885796 -0.314806
v -0.319749 7.798021 -0.320072
v -0.308830 7.811706 -0.443436
v -0.391625 7.816508 -0.411846
v -0.335720 7.719103 -0.466120
v -0.406443 7.765319 -0.438947
v -0.418745 7.703023 -0.464211
v -0.401315 7.789699 -0.471920
v -0.468537 7.742082 -0.508266
v -0.535852 7.788254 -0.473442
v -0.468561 7.671129 -0.517439
v -0.526769 7.614069 -0.482339
v -0.431238 7.659403 -0.578754
v -0.394955 7.578514 -0.582815
v -0.403076 7.710477 -0.690016
v -0.454298 7.654592 -0.668196
v -0.561159 7.714457 -0.709802
v -0.527948 7.659006 -0.721791
v -0.628520 7.579457 -0.688617
v -0.581924 7.583470 -0.712668
v -0.573840 7.520981 -0.770940
v -0.553565 7.551742 -0.785025
v -0.623603 7.512723 -0.843743
v -0.619643 7.538006 -0.849788
v -0.578126 7.493128 -0.945879
v -0.569040 7.501204 -0.950887
v -0.548815 7.373750 -0.953921
v -0.544845 7.374704 -0.955660
v -0.533143 8.219630 0.806705
v -0.603958 8.186899 0.707886
v -0.561717 8.181165 0.836493
v -0.640547 8.120027 0.759685
v -0.602669 8.253724 0.854036
v -0.685777 8.181329 0.793180
v -0.639652 8.321484 0.738030
v -0.706610 8.219592 0.769432
v -0.716070 8.230031 0.612109
v -0.706026 8.200042 0.733974
v -0.787975 8.082645 0.689932
v -0.725549 8.166929 0.759579
v -0.810022 8.183153 0.712831
v -0.743515 8.190379 0.819490
v -0.828445 8.226040 0.741704
v -0.858055 8.123754 0.808878
v -0.871613 8.226334 0.784307
v -0.924198 8.174271 0.682446
v -0.901195 8.332502 0.734248
v -0.941307 8.240091 0.782991
v -0.927547 8.292462 0.864103
v -0.973428 8.253986 0.792604
v -1.005550 8.230709 0.864697
v -1.007412 8.269400 0.800932
v -1.066101 8.201573 0.815899
v -1.080165 8.202782 0.761752
v -1.095747 8.141550 0.864941
v -1.111466 8.113740 0.845675
v -1.148333 8.142491 0.946921
v -1.151594 8.125263 0.953283
v -1.225601 8.198897 0.982134
v -1.223578 8.198039 0.988033
v 0.471253 8.324920 0.606595
v 0.490460 8.318484 0.515808
v 0.444049 8.419917 0.568077
v 0.517039 8.367526 0.543983
v 0.525961 8.367002 0.673607
v 0.546039 8.368427 0.582790
v 0.628173 8.268283 0.600146
v 0.573620 8.333384 0.562214
v 0.623848 8.317897 0.440447
v 0.586916 8.358713 0.515432
v 0.618311 8.405189 0.516293
v 0.551591 8.462312 0.485662
v 0.651604 8.396766 0.582364
v 0.627082 8.425602 0.497394
v 0.693360 8.425342 0.516089
v 0.680363 8.434463 0.424434
v 0.724254 8.423005 0.533937
v 0.782638 8.355002 0.509045
v 0.754420 8.461200 0.569763
v 0.772429 8.429990 0.644183
v 0.743915 8.571099 0.593878
v 0.792766 8.526024 0.575723
v 0.820074 8.575479 0.472757
v 0.842514 8.552830 0.517725
v 0.910561 8.473341 0.463889
v 0.899455 8.487989 0.500920
v 0.952223 8.428212 0.577580
v 0.935909 8.450357 0.579335
v 0.972220 8.515223 0.661368
v 0.972273 8.517883 0.647846
v 1.022049 8.607337 0.612887
v 1.024662 8.604561 0.610223
v -0.664318 8.006300 0.826792
v -0.600965 8.104768 0.856062
v -0.635451 8.011471 0.794073
v -0.598078 8.119131 0.754338
v -0.685246 8.037831 0.823672
v -0.723683 8.069411 0.713710
v -0.721176 8.102656 0.887629
v -0.756592 8.132178 0.776092
v -0.649452 8.247012 0.828710
v -0.724748 8.166956 0.778831
v -0.732167 8.163292 0.748470
v -0.724995 8.221719 0.643108
v -0.834684 8.083241 0.751160
v -0.779942 8.190244 0.762112
v -0.821063 8.225337 0.788881
v -0.784265 8.204841 0.901983
v -0.820590 8.348145 0.785262
v -0.877121 8.245184 0.813003
v -0.934132 8.267907 0.701433
v -0.916853 8.247548 0.805338
v -0.977580 8.149159 0.766559
v -0.935368 8.206252 0.820883
v -1.000727 8.157563 0.863003
v -0.966887 8.217736 0.881690
v -1.055781 8.189867 0.883956
v -1.050889 8.229550 0.848199
v -1.123646 8.148580 0.836156
v -1.117875 8.178723 0.817802
v -1.204620 8.218937 0.849989
v -1.199075 8.235545 0.846366
v -1.244600 8.227769 0.945294
v -1.242185 8.233234 0.946140
v 0.668346 7.756588 0.134669
v 0.711921 7.772836 0.230104
v 0.671240 7.720065 0.156910
v 0.701151 7.657524 0.237312
v 0.719121 7.707045 0.069901
v 0.767654 7.705465 0.164307
v 0.783183 7.828459 0.114702
v 0.811226 7.741402 0.168603
v 0.836135 7.843248 0.229161
v 0.829008 7.743469 0.193611
v 0.909684 7.763061 0.288018
v 0.882199 7.721855 0.194118
v 0.942187 7.657621 0.284873
v 0.916825 7.688785 0.186607
v 0.944370 7.561771 0.212303
v 0.941056 7.654346 0.160443
v 0.938287 7.546682 0.068030
v 0.971825 7.637757 0.111055
v 1.043368 7.629706 0.058337
v 1.013353 7.679439 -0.016032
v 1.132628 7.639679 0.050336
v 1.150852 7.707042 0.086588
v 1.165327 7.581488 0.051570
v 1.186644 7.583201 0.110735
v 1.232769 7.559753 0.022511
v 1.238833 7.525334 0.054211
v 1.259016 7.477144 -0.066880
v 1.270684 7.472785 -0.037995
v 1.278693 7.345093 -0.013464
v 1.285566 7.356511 -0.005113
v 1.382767 7.314056 0.066350
v 1.384387 7.319110 0.066465
v 0.568111 8.229127 0.442517
v 0.553904 8.218031 0.327509
v 0.554318 8.288641 0.422272
v 0.485380 8.335259 0.340871
v 0.514506 8.246295 0.476517
v 0.431515 8.320308 0.510962
v 0.589480 8.252376 0.530728
v 0.541690 8.288867 0.630410
v 0.687689 8.259385 0.597140
v 0.621850 8.343717 0.551257
v 0.670649 8.351853 0.581629
v 0.701873 8.320402 0.473983
v 0.677082 8.395227 0.592358
v 0.639834 8.438343 0.490842
v 0.627233 8.511273 0.632751
v 0.700962 8.453709 0.563453
v 0.643109 8.557418 0.440040
v 0.716344 8.495602 0.506125
v 0.780221 8.425797 0.394283
v 0.759407 8.456991 0.490727
v 0.847064 8.361471 0.544650
v 0.793688 8.429153 0.547096
v 0.827447 8.467373 0.671918
v 0.821119 8.487122 0.606123
v 0.879564 8.575059 0.601607
v 0.843389 8.612047 0.601243
v 0.947721 8.584177 0.513641
v 0.935867 8.597414 0.484077
v 1.011676 8.486349 0.498226
v 1.016507 8.479475 0.483164
v 1.048910 8.436611 0.606386
v 1.051907 8.432429 0.603664
v 0.623542 7.376502 0.061761
v 0.642211 7.471356 0.020123
v 0.728912 7.376293 0.104618
v 0.732687 7.462402 0.044200
v 0.732557 7.454981 0.176521
v 0.753248 7.554621 0.149631
v 0.723737 7.435328 0.266581
v 0.767764 7.515104 0.319278
v 0.801105 7.378171 0.265185
v 0.814499 7.357323 0.367485
v 0.835544 7.359690 0.237040
v 0.794276 7.266897 0.264711
v 0.872232 7.341928 0.205519
v 0.815247 7.277438 0.144913
v 0.926853 7.311036 0.177549
v 0.910486 7.357447 0.084503
v 0.998421 7.296109 0.161904
v 1.037490 7.393847 0.162450
v 1.049214 7.264447 0.196622
v 1.079882 7.286200 0.282298
v 1.081607 7.230065 0.159192
v 1.061788 7.167292 0.200978
v 1.169094 7.209462 0.131923
v 1.154511 7.158809 0.165276
v 1.166624 7.098866 0.043965
v 1.178397 7.090479 0.088457
v 1.165608 6.957811 0.096171
v 1.183932 6.977079 0.112469
v 1.261083 6.902156 0.188361
v 1.266769 6.913897 0.179818
v 1.395656 6.908764 0.173877
v 1.395148 6.909919 0.168767
v -0.337047 8.410317 0.743454
v -0.440215 8.364413 0.693896
v -0.394425 8.433979 0.816052
v -0.466977 8.426987 0.716583
v -0.315280 8.515055 0.704229
v -0.426225 8.462451 0.692786
v -0.409724 8.462410 0.539855
v -0.432854 8.431877 0.657070
v -0.574337 8.390255 0.616042
v -0.485784 8.445987 0.681304
v -0.543367 8.470962 0.630108
v -0.460673 8.507614 0.713923
v -0.598226 8.500686 0.589260
v -0.519088 8.543603 0.673534
v -0.558380 8.585856 0.667341
v -0.484627 8.642274 0.586198
v -0.568547 8.612346 0.707231
v -0.473193 8.649915 0.775809
v -0.604626 8.588723 0.729985
v -0.619976 8.543447 0.828624
v -0.649809 8.596264 0.694424
v -0.720560 8.540366 0.679811
v -0.666882 8.689764 0.612036
v -0.681373 8.668486 0.680428
v -0.632791 8.756102 0.752262
v -0.678870 8.728067 0.742537
v -0.705834 8.672629 0.848615
v -0.715609 8.677597 0.813761
v -0.809339 8.620012 0.775804
v -0.797990 8.632562 0.768915
v -0.837120 8.710386 0.693210
v -0.832535 8.713944 0.695292
v 0.057608 7.646016 -0.397546
v 0.097739 7.560660 -0.379953
v -0.000707 7.615549 -0.390696
v 0.001391 7.521598 -0.371348
v -0.007555 7.630329 -0.486136
v -0.003310 7.535840 -0.470035
v 0.113103 7.578651 -0.529498
v 0.040802 7.515964 -0.522536
v 0.149842 7.436949 -0.487363
v 0.061376 7.468918 -0.506263
v 0.011273 7.346979 -0.491513
v 0.022361 7.436836 -0.523269
v -0.094180 7.444962 -0.586055
v 0.001233 7.434932 -0.587274
v 0.024263 7.528853 -0.675895
v 0.024304 7.435347 -0.654394
v 0.158990 7.440075 -0.678678
v 0.072634 7.398388 -0.675460
v 0.141774 7.288947 -0.656669
v 0.072052 7.332475 -0.679421
v 0.019164 7.218095 -0.694399
v 0.022436 7.283731 -0.721461
v -0.015108 7.231794 -0.812707
v -0.042523 7.281173 -0.819244
v 0.010657 7.212323 -0.902511
v 0.039897 7.241586 -0.912859
v 0.025566 7.142618 -0.956384
v 0.053032 7.136152 -0.952928
v -0.017886 7.029875 -0.984057
v -0.004149 7.033123 -0.985731
v 0.074614 6.943595 -1.029561
v 0.077255 6.947193 -1.031321
v 0.257119 7.817544 -0.343013
v 0.175239 7.725390 -0.366042
v 0.222140 7.814096 -0.331247
v 0.099064 7.821672 -0.354094
v 0.250083 7.827956 -0.312172
v 0.180255 7.932108 -0.313994
v 0.340924 7.904298 -0.339862
v 0.229242 7.897494 -0.396499
v 0.306728 7.824456 -0.448592
v 0.259634 7.940664 -0.446409
v 0.198690 7.817546 -0.492720
v 0.237817 7.934313 -0.469023
v 0.119031 7.924203 -0.534220
v 0.240991 7.940314 -0.509866
v 0.193931 8.054698 -0.555927
v 0.243633 7.940722 -0.572241
v 0.351170 8.027795 -0.570139
v 0.252494 7.962735 -0.612061
v 0.336053 7.892016 -0.633586
v 0.254311 7.967232 -0.642914
v 0.314264 7.925329 -0.709492
v 0.247724 7.990005 -0.713838
v 0.292003 7.886442 -0.752126
v 0.220126 7.875956 -0.767826
v 0.333271 7.829349 -0.780241
v 0.304975 7.782194 -0.789316
v 0.401068 7.820665 -0.838296
v 0.417281 7.787428 -0.834676
v 0.444768 7.857141 -0.923769
v 0.435309 7.841658 -0.927767
v 0.394569 7.863176 -1.018117
v 0.394216 7.856939 -1.018661
v 0.037378 8.110490 -0.238022
v 0.149061 8.070844 -0.242204
v 0.013582 8.019069 -0.299778
v 0.127581 8.045247 -0.280243
v 0.117863 8.008627 -0.383112
v 0.122696 8.119740 -0.341965
v 0.182709 8.011863 -0.377918
v 0.261565 8.087030 -0.331077
v 0.178455 7.951215 -0.371862
v 0.292193 7.930796 -0.345230
v 0.172084 7.932792 -0.454419
v 0.276818 7.976342 -0.419828
v 0.272753 7.853818 -0.494659
v 0.305198 7.964509 -0.467139
v 0.275499 7.927025 -0.541055
v 0.380954 7.962820 -0.500307
v 0.276247 8.016437 -0.583217
v 0.341884 7.917679 -0.584278
v 0.256786 7.924940 -0.649727
v 0.357037 7.939029 -0.620360
v 0.309501 7.880949 -0.672191
v 0.384943 7.839996 -0.653555
v 0.288120 7.874490 -0.733866
v 0.276592 7.805592 -0.741508
v 0.259756 7.908244 -0.832076
v 0.298314 7.872574 -0.827752
v 0.371661 7.925768 -0.889579
v 0.357553 7.894426 -0.896873
v 0.449573 7.840330 -0.918157
v 0.433243 7.836615 -0.923462
v 0.427916 7.739205 -0.959733
v 0.422425 7.740759 -0.961342
v 0.011507 8.339276 1.067573
v -0.046406 8.406541 0.986125
v -0.037341 8.302742 1.052566
v -0.147981 8.324518 1.010175
v -0.021423 8.331398 1.173974
v -0.107499 8.388066 1.111587
v 0.025842 8.504539 1.089389
v -0.086489 8.474311 1.120701
v -0.158547 8.534757 0.943156
v -0.131531 8.474180 1.043719
v -0.172497 8.421635 1.093984
v -0.280366 8.370073 1.108745
v -0.065278 8.423556 1.224635
v -0.127141 8.491034 1.146327
v -0.156580 8.487448 1.215039
v -0.192201 8.558114 1.124210
v -0.101628 8.470970 1.265304
v -0.193956 8.515251 1.201846
v -0.278268 8.421023 1.277158
v -0.236980 8.499349 1.216935
v -0.279492 8.570494 1.254286
v -0.351954 8.586513 1.204733
v -0.244174 8.650628 1.301961
v -0.218963 8.697233 1.254121
v -0.164645 8.607941 1.358458
v -0.112367 8.619148 1.355615
v -0.196511 8.506408 1.392774
v -0.176720 8.485640 1.414013
v -0.316488 8.510254 1.415530
v -0.325325 8.496892 1.423397
v -0.354043 8.632654 1.443291
v -0.359827 8.631178 1.442482
v 0.433646 8.365737 0.549299
v 0.521616 8.285925 0.601548
v 0.445339 8.332285 0.526200
v 0.534979 8.251409 0.478639
v 0.450893 8.423596 0.456406
v 0.535674 8.359145 0.530546
v 0.480253 8.460909 0.607646
v 0.574495 8.394402 0.548201
v 0.558151 8.395350 0.687838
v 0.594822 8.386732 0.563663
v 0.668749 8.341898 0.675654
v 0.637186 8.396928 0.562456
v 0.741555 8.306794 0.595470
v 0.665375 8.401075 0.549143
v 0.764008 8.325537 0.473560
v 0.687556 8.414914 0.528382
v 0.718522 8.443024 0.382485
v 0.723207 8.447991 0.512068
v 0.769031 8.500324 0.482706
v 0.686111 8.576987 0.506194
v 0.785723 8.502087 0.487547
v 0.796001 8.486769 0.581881
v 0.844132 8.508212 0.437824
v 0.850639 8.503339 0.514290
v 0.919920 8.410463 0.506360
v 0.889583 8.449920 0.535497
v 0.939334 8.442571 0.638677
v 0.920949 8.470299 0.619404
v 0.971397 8.557652 0.647409
v 0.960656 8.568151 0.659408
v 1.031427 8.616144 0.575847
v 1.027237 8.621097 0.575985
v -0.729626 7.802375 0.333942
v -0.701062 7.785496 0.235567
v -0.700188 7.744664 0.345999
v -0.674725 7.681799 0.267399
v -0.756487 7.716060 0.398304
v -0.738239 7.629129 0.344561
v -0.840510 7.690823 0.330398
v -0.840047 7.605559 0.389627
v -0.884655 7.660019 0.263581
v -0.887230 7.578030 0.327216
v -0.885075 7.574309 0.193603
v -0.905980 7.542088 0.290055
v -0.887247 7.455296 0.203914
v -0.925484 7.506489 0.285739
v -0.931056 7.381266 0.298617
v -0.963779 7.479765 0.296313
v -1.010236 7.394070 0.306410
v -1.028170 7.495281 0.291822
v -1.056174 7.368258 0.298146
v -1.070314 7.444771 0.248528
v -1.098660 7.329038 0.207107
v -1.113391 7.404165 0.199826
v -1.204787 7.340656 0.200806
v -1.219095 7.398521 0.185579
v -1.296866 7.311180 0.233123
v -1.313086 7.345979 0.258716
v -1.343772 7.227499 0.281573
v -1.350715 7.234034 0.310819
v -1.361966 7.117546 0.273489
v -1.361072 7.110858 0.287311
v -1.401925 7.036917 0.203317
v -1.400692 7.033128 0.206645
v -0.014379 8.486918 0.703807
v -0.115578 8.471996 0.723956
v -0.015428 8.436337 0.733870
v -0.072744 8.400138 0.813082
v 0.004642 8.497211 0.754568
v 0.073877 8.465280 0.825680
v -0.012926 8.607203 0.759435
v 0.015135 8.572742 0.853748
v -0.158923 8.582889 0.852384
v -0.061665 8.579110 0.889755
v -0.091324 8.470819 1.009462
v -0.040795 8.522693 0.934457
v 0.007849 8.585280 0.964542
v 0.105581 8.562246 0.992607
v 0.009884 8.704894 0.871672
v -0.021892 8.664264 0.962278
v -0.161146 8.685691 0.935972
v -0.074567 8.668886 0.991574
v -0.144896 8.623367 1.087766
v -0.073595 8.661023 1.042084
v -0.001224 8.628215 1.134181
v -0.024993 8.668948 1.073025
v -0.033368 8.705947 1.116216
v -0.041367 8.737515 1.063712
v -0.054489 8.685929 1.158510
v -0.073201 8.708803 1.122820
v -0.124827 8.755170 1.160917
v -0.154698 8.748372 1.164892
v -0.095064 8.854818 1.165921
v -0.093999 8.846852 1.179111
v 0.006628 8.857973 1.212396
v 0.005038 8.855287 1.216570
v -0.071436 8.337289 0.002614
v -0.171289 8.311559 -0.002708
v -0.095206 8.358158 0.046886
v -0.178386 8.379175 0.104336
v -0.047105 8.313761 0.066873
v -0.035274 8.370793 0.152127
v 0.022183 8.347259 0.008912
v 0.067477 8.399631 0.085506
v 0.019172 8.426621 -0.053264
v 0.071285 8.477252 0.020096
v -0.053450 8.505483 -0.040402
v 0.030581 8.539651 0.008917
v -0.092963 8.571657 0.059691
v 0.008676 8.567224 0.042064
v -0.003741 8.661607 0.135332
v 0.028149 8.620258 0.046257
v 0.141311 8.678617 0.094574
v 0.070639 8.652766 0.023877
v 0.171315 8.610299 -0.039100
v 0.091415 8.641671 -0.006614
v 0.042174 8.635878 -0.076741
v 0.073918 8.670399 -0.016324
v 0.101604 8.705569 -0.088487
v 0.103822 8.736027 -0.035467
v 0.030431 8.741427 -0.116778
v 0.003119 8.760745 -0.085366
v -0.017202 8.673238 -0.149972
v -0.047778 8.672184 -0.149940
v 0.026207 8.600548 -0.190985
v 0.017791 8.592567 -0.200959
v 0.117990 8.618391 -0.229865
v 0.117190 8.615164 -0.233815
v 0.721860 7.436671 0.310634
v 0.713734 7.493372 0.217437
v 0.722623 7.528704 0.364473
v 0.704949 7.561095 0.261492
v 0.827402 7.625345 0.324021
v 0.793431 7.552205 0.250109
v 0.849004 7.661973 0.209983
v 0.818316 7.564767 0.170283
v 0.815286 7.686800 0.172387
v 0.770797 7.628562 0.091171
v 0.855565 7.708987 0.150864
v 0.813540 7.752812 0.059869
v 0.912572 7.710719 0.124598
v 0.913642 7.819874 0.131715
v 0.957506 7.714627 0.112037
v 0.993017 7.736957 0.213067
v 0.994409 7.713157 0.097177
v 1.003549 7.614533 0.143614
v 1.029853 7.701104 -0.000057
v 1.058554 7.644995 0.073992
v 1.038746 7.547807 -0.008464
v 1.073784 7.582924 0.055608
v 1.107784 7.468255 0.088941
v 1.124572 7.530384 0.096712
v 1.233993 7.495900 0.146006
v 1.224772 7.516057 0.102734
v 1.328084 7.500529 0.058434
v 1.331493 7.532119 0.052028
v 1.364433 7.452311 -0.040765
v 1.361089 7.461236 -0.053873
v 1.363972 7.337780 -0.071921
v 1.362194 7.338931 -0.076964
v -0.621111 7.673571 0.015071
v -0.677551 7.726009 0.091191
v -0.571899 7.735613 0.008901
v -0.626765 7.792338 0.083074
v -0.619763 7.842203 -0.060131
v -0.676684 7.774293 0.002140
v -0.714962 7.881006 -0.025529
v -0.763540 7.803445 0.032385
v -0.708168 7.913221 0.023697
v -0.752016 7.952422 0.114638
v -0.694134 8.025374 -0.074634
v -0.754432 7.948053 -0.028643
v -0.785675 7.916899 -0.048302
v -0.753069 7.833796 -0.109623
v -0.830083 7.934437 -0.036166
v -0.880860 7.864807 0.029431
v -0.893983 8.036528 -0.042786
v -0.898749 7.934261 -0.078117
v -0.872795 7.978198 -0.189549
v -0.929252 7.932186 -0.126595
v -0.897961 7.840700 -0.201753
v -0.937296 7.877199 -0.142116
v -0.997288 7.781144 -0.143761
v -1.003311 7.843125 -0.128233
v -1.096192 7.819379 -0.180012
v -1.105453 7.861713 -0.159060
v -1.130705 7.840877 -0.275086
v -1.121767 7.870380 -0.284000
v -1.104935 7.779381 -0.356740
v -1.095484 7.784623 -0.368599
v -1.131276 7.674005 -0.360619
v -1.127996 7.673117 -0.364835
v -0.477312 8.266205 0.896775
v -0.558951 8.195959 0.874727
v -0.449635 8.212086 0.965881
v -0.533213 8.146747 0.937054
v -0.547226 8.277446 0.977025
v -0.573558 8.187171 1.033968
v -0.664805 8.265366 0.912425
v -0.656040 8.196641 0.997781
v -0.725634 8.092238 0.883591
v -0.657926 8.131766 0.960654
v -0.670678 8.002365 1.068190
v -0.656094 8.104235 1.029522
v -0.726869 8.162152 1.091284
v -0.645543 8.210066 1.147640
v -0.770196 8.152202 1.101691
v -0.760030 8.244555 1.042928
v -0.831720 8.150883 1.094803
v -0.764371 8.232875 1.123559
v -0.826999 8.166711 1.168230
v -0.758148 8.184360 1.235290
v -0.849704 8.113559 1.156495
v -0.832478 8.052504 1.207552
v -0.926645 8.106179 1.126589
v -0.944173 8.043740 1.132772
v -1.029446 8.155099 1.149339
v -1.029648 8.112705 1.173628
v -1.048901 8.173265 1.279055
v -1.064396 8.145330 1.272688
v -1.027972 8.091477 1.375446
v -1.038827 8.085486 1.364885
v -1.045970 7.970673 1.375724
v -1.049447 7.970972 1.371478
v 0.644603 8.107751 0.680001
v 0.584012 8.209781 0.653073
v 0.711937 8.160119 0.705792
v 0.640386 8.256657 0.724960
v 0.665269 8.127556 0.752655
v 0.598084 8.162623 0.847856
v 0.666691 8.059346 0.731412
v 0.661697 7.978350 0.822083
v 0.745949 8.088343 0.739600
v 0.796931 7.990771 0.687761
v 0.775589 8.121625 0.820610
v 0.831546 8.063510 0.729515
v 0.829976 8.052683 0.821218
v 0.880034 7.976352 0.740755
v 0.864498 7.993948 0.911280
v 0.872582 8.079762 0.825389
v 0.860870 8.160699 0.950860
v 0.923986 8.110265 0.859868
v 0.948292 8.260413 0.824174
v 0.984282 8.162961 0.854290
v 1.057798 8.164445 0.719741
v 1.047317 8.136330 0.804736
v 1.086979 8.002556 0.765170
v 1.061843 8.046816 0.816247
v 1.075392 7.957711 0.916960
v 1.065318 8.010701 0.913038
v 1.139541 8.050844 0.995909
v 1.124198 8.053155 1.028453
v 1.252239 8.115292 0.989354
v 1.254475 8.098593 0.995766
v 1.347083 8.047663 0.917797
v 1.346932 8.042926 0.921612
v -0.462773 7.840170 -0.228400
v -0.363634 7.807947 -0.285664
v -0.476031 7.720099 -0.246420
v -0.409683 7.803016 -0.299979
v -0.445340 7.758487 -0.361732
v -0.490848 7.863377 -0.328973
v -0.414658 7.772848 -0.388915
v -0.358262 7.876383 -0.404604
v -0.399955 7.744070 -0.391477
v -0.290256 7.723593 -0.432622
v -0.427889 7.730113 -0.425237
v -0.421147 7.611578 -0.418163
v -0.552467 7.738637 -0.450968
v -0.450974 7.703515 -0.502073
v -0.451761 7.819156 -0.570018
v -0.478637 7.703772 -0.559518
v -0.355380 7.695603 -0.637360
v -0.465544 7.678538 -0.595903
v -0.429004 7.549547 -0.620516
v -0.486955 7.637221 -0.609026
v -0.585914 7.561986 -0.627545
v -0.532456 7.622928 -0.662044
v -0.580318 7.591845 -0.743916
v -0.582623 7.662045 -0.749770
v -0.542793 7.564473 -0.822337
v -0.501868 7.591623 -0.841889
v -0.531260 7.469883 -0.833535
v -0.500473 7.455102 -0.842229
v -0.613652 7.406103 -0.844664
v -0.610536 7.389033 -0.841605
v -0.686941 7.416736 -0.928673
v -0.690737 7.413039 -0.925973
v -0.120879 8.289074 1.128157
v -0.035723 8.319489 1.111719
v -0.123640 8.290226 1.071853
v -0.071425 8.347115 1.022015
v -0.180739 8.317574 1.096115
v -0.182705 8.380162 1.028843
v -0.176942 8.371520 1.160843
v -0.188675 8.432970 1.093517
v -0.083006 8.427505 1.164030
v -0.151629 8.462200 1.113694
v -0.070662 8.533399 1.089775
v -0.148977 8.497147 1.121386
v -0.193083 8.581548 1.062122
v -0.176270 8.530143 1.136428
v -0.291711 8.524125 1.125248
v -0.206699 8.522528 1.160133
v -0.264315 8.453520 1.228814
v -0.199656 8.508436 1.193459
v -0.157647 8.476609 1.286251
v -0.180906 8.529481 1.228481
v -0.183929 8.569532 1.280252
v -0.122943 8.595373 1.264517
v -0.213670 8.619659 1.308881
v -0.222380 8.654162 1.267652
v -0.276166 8.603345 1.333416
v -0.310182 8.611830 1.312456
v -0.284302 8.544136 1.374011
v -0.308478 8.531924 1.376820
v -0.234400 8.526233 1.432442
v -0.238075 8.515672 1.440210
v -0.199291 8.585070 1.482019
v -0.197783 8.581914 1.484999
v 0.351942 8.278456 1.026557
v 0.442138 8.250159 0.984505
v 0.357656 8.331244 0.990187
v 0.432407 8.336219 0.918829
v 0.394912 8.356245 1.084656
v 0.471867 8.363601 1.015894
v 0.509349 8.228025 1.109713
v 0.509210 8.305064 1.040651
v 0.609278 8.237963 0.915405
v 0.530429 8.284101 0.963971
v 0.547491 8.379622 0.980237
v 0.497876 8.453988 0.928156
v 0.494111 8.342734 1.148009
v 0.561281 8.361312 1.071540
v 0.641081 8.360096 1.054976
v 0.701572 8.276998 1.066807
v 0.701857 8.470121 0.978466
v 0.666022 8.436999 1.069697
v 0.599965 8.548404 1.108698
v 0.662897 8.483362 1.125034
v 0.601097 8.454275 1.247312
v 0.660669 8.450241 1.199267
v 0.703565 8.336906 1.244591
v 0.709639 8.380531 1.201941
v 0.825560 8.354667 1.169160
v 0.798519 8.391816 1.167372
v 0.871108 8.467783 1.201591
v 0.873212 8.487460 1.178178
v 0.863656 8.521499 1.301760
v 0.853327 8.532825 1.301842
v 0.846237 8.449260 1.395654
v 0.842193 8.452039 1.397290
v -0.632405 8.067720 0.212602
v -0.574051 8.055309 0.099087
v -0.626440 7.998579 0.220566
v -0.581262 7.954066 0.109111
v -0.694387 8.040298 0.170938
v -0.710220 7.921726 0.124733
v -0.705177 8.095079 0.064457
v -0.743925 7.973704 0.049907
v -0.627510 8.017312 -0.063526
v -0.710637 7.964337 0.018501
v -0.705006 7.891132 -0.046111
v -0.745349 7.983142 0.033586
v -0.810126 7.946985 -0.048553
v -0.739158 8.037001 -0.106047
v -0.842638 7.953126 -0.074397
v -0.848992 8.064607 -0.011338
v -0.885692 7.934994 -0.068016
v -0.943208 7.959178 0.044019
v -0.908962 7.889442 -0.086321
v -0.956749 7.809945 -0.020064
v -0.918745 7.875981 -0.145526
v -0.913928 7.782844 -0.163570
v -0.941693 7.917088 -0.251668
v -0.970114 7.851715 -0.225333
v -1.026369 7.846539 -0.258706
v -1.058079 7.856483 -0.212403
v -1.048354 7.796951 -0.305373
v -1.071027 7.792348 -0.275232
v -1.084688 7.683933 -0.301641
v -1.093996 7.695485 -0.289773
v -1.206941 7.671640 -0.289719
v -1.207711 7.677979 -0.289145
v -0.259058 8.287752 1.102993
v -0.247627 8.213265 1.166299
v -0.204938 8.251195 1.099986
v -0.111149 8.244954 1.129163
v -0.249546 8.277371 1.019516
v -0.170559 8.330401 0.994302
v -0.313698 8.378857 1.087403
v -0.251299 8.441991 1.044891
v -0.218321 8.389569 1.218904
v -0.203654 8.461137 1.152952
v -0.033628 8.423702 1.159977
v -0.120167 8.450127 1.121255
v -0.151685 8.526135 1.139274
v -0.117265 8.585046 1.068342
v -0.139374 8.517186 1.186977
v -0.224524 8.536194 1.141425
v -0.153595 8.577221 1.168604
v -0.214987 8.519170 1.219079
v -0.244926 8.630104 1.163813
v -0.215206 8.583092 1.231343
v -0.348580 8.528565 1.235522
v -0.278563 8.543649 1.249125
v -0.232578 8.448578 1.335148
v -0.215773 8.492690 1.300893
v -0.116684 8.559719 1.369892
v -0.157972 8.566368 1.357064
v -0.212203 8.666931 1.391250
v -0.208746 8.687285 1.370655
v -0.333754 8.634294 1.406240
v -0.344946 8.638502 1.397895
v -0.329556 8.514314 1.462084
v -0.334307 8.513531 1.461066
v 0.441762 8.364363 0.651821
v 0.530381 8.278104 0.688274
v 0.482483 8.343576 0.643558
v 0.551102 8.297758 0.544487
v 0.409358 8.444362 0.561009
v 0.486262 8.379939 0.641992
v 0.526689 8.436937 0.657799
v 0.461479 8.449448 0.768316
v 0.591254 8.391056 0.683525
v 0.504695 8.472317 0.633254
v 0.513436 8.478604 0.755276
v 0.560010 8.476491 0.635072
v 0.490715 8.581722 0.638793
v 0.591588 8.507218 0.668736
v 0.606021 8.557091 0.534517
v 0.622558 8.529041 0.659266
v 0.734492 8.450369 0.577470
v 0.656619 8.510992 0.660437
v 0.734884 8.429094 0.763979
v 0.673488 8.507767 0.707631
v 0.705338 8.566300 0.740140
v 0.647061 8.589923 0.812019
v 0.736900 8.625919 0.703533
v 0.689665 8.671429 0.664353
v 0.792334 8.582472 0.659175
v 0.805197 8.578911 0.603450
v 0.836281 8.534850 0.725450
v 0.862381 8.507228 0.721558
v 0.846493 8.600315 0.823032
v 0.850243 8.603385 0.804557
v 0.860817 8.709324 0.759346
v 0.865044 8.706598 0.755314
v 0.636691 8.074575 0.272723
v 0.617971 8.041010 0.190478
v 0.596750 8.109918 0.254223
v 0.546298 8.133067 0.182390
v 0.586353 8.119333 0.318852
v 0.530514 8.189203 0.303313
v 0.647898 8.181979 0.402926
v 0.607476 8.216533 0.329352
v 0.639834 8.286069 0.363587
v 0.640745 8.255540 0.278098
v 0.594192 8.380710 0.316011
v 0.655902 8.314375 0.310301
v 0.703452 8.352925 0.273701
v 0.700140 8.318457 0.189783
v 0.743624 8.343402 0.320187
v 0.797758 8.270927 0.327798
v 0.769232 8.399635 0.325525
v 0.777433 8.407765 0.415569
v 0.755960 8.504039 0.306320
v 0.811082 8.445171 0.309094
v 0.816327 8.452283 0.213178
v 0.840543 8.446425 0.275638
v 0.896344 8.405544 0.249443
v 0.873754 8.445141 0.278006
v 0.953182 8.465660 0.284788
v 0.942590 8.488179 0.316546
v 0.999514 8.399818 0.309364
v 1.006221 8.396526 0.335204
v 1.035471 8.336442 0.255398
v 1.042360 8.326733 0.261654
v 1.073458 8.352157 0.168806
v 1.075686 8.348203 0.168872
v 0.368571 8.280589 1.032215
v 0.314870 8.246109 1.096117
v 0.381109 8.279092 1.089701
v 0.425278 8.206221 1.119621
v 0.399697 8.312306 1.075733
v 0.469870 8.313371 1.018892
v 0.379419 8.362070 1.092175
v 0.355051 8.426751 1.034048
v 0.365169 8.371913 1.153792
v 0.280403 8.385814 1.181677
v 0.407094 8.340458 1.183907
v 0.397278 8.272444 1.242507
v 0.458436 8.365935 1.164622
v 0.534928 8.321205 1.147176
v 0.484560 8.489284 1.128617
v 0.476502 8.430879 1.197028
v 0.382444 8.498368 1.258133
v 0.459602 8.451476 1.260119
v 0.406814 8.381054 1.351176
v 0.464767 8.405722 1.301404
v 0.534430 8.319842 1.342175
v 0.527499 8.375745 1.306090
v 0.640296 8.406299 1.310952
v 0.594176 8.420578 1.334045
v 0.614094 8.491233 1.395034
v 0.606436 8.523608 1.372578
v 0.558288 8.497146 1.477800
v 0.536333 8.512435 1.478287
v 0.551955 8.412458 1.537645
v 0.541258 8.409520 1.545124
v 0.644254 8.356732 1.555074
v 0.642187 8.353923 1.557942
v 0.492212 7.503954 -0.192486
v 0.561221 7.471170 -0.106920
v 0.538680 7.469529 -0.241313
v 0.623135 7.454107 -0.165233
v 0.523446 7.410328 -0.226139
v 0.559123 7.329137 -0.153381
v 0.477429 7.411751 -0.246879
v 0.409638 7.319499 -0.239625
v 0.419513 7.446067 -0.379123
v 0.497110 7.390571 -0.315424
v 0.530019 7.360555 -0.377370
v 0.610051 7.440130 -0.356845
v 0.556326 7.304872 -0.388501
v 0.630753 7.261485 -0.312758
v 0.543594 7.276799 -0.429055
v 0.492647 7.177821 -0.401370
v 0.568469 7.257635 -0.489179
v 0.476149 7.287417 -0.550406
v 0.651661 7.327690 -0.567717
v 0.611012 7.235638 -0.551249
v 0.741023 7.197537 -0.511276
v 0.668356 7.182107 -0.552525
v 0.698642 7.086898 -0.552013
v 0.657083 7.117157 -0.596489
v 0.701774 7.024201 -0.635204
v 0.728123 7.066941 -0.644050
v 0.768789 6.999680 -0.738671
v 0.760058 7.025346 -0.759171
v 0.711207 6.902383 -0.807120
v 0.697848 6.906346 -0.816848
v 0.722103 6.772027 -0.784340
v 0.716883 6.771010 -0.786487
v 0.722829 7.880269 0.393046
v 0.736867 7.837978 0.486674
v 0.751487 7.849293 0.394653
v 0.761464 7.750177 0.423431
v 0.719757 7.861794 0.369657
v 0.709725 7.790875 0.294680
v 0.774191 7.884695 0.344153
v 0.741312 7.938586 0.261894
v 0.859509 7.930229 0.380647
v 0.847681 7.893160 0.284534
v 0.898287 7.786462 0.361667
v 0.877654 7.851676 0.283736
v 0.871828 7.741577 0.211586
v 0.876389 7.840871 0.241111
v 0.942976 7.835829 0.238919
v 0.908871 7.875296 0.149303
v 0.987364 7.872912 0.254617
v 0.967050 7.819554 0.168060
v 1.016917 7.816756 0.240821
v 1.009692 7.731373 0.206868
v 1.101975 7.804949 0.305422
v 1.085546 7.822020 0.232359
v 1.177472 7.825608 0.211178
v 1.169883 7.885975 0.202580
v 1.214593 7.794111 0.127572
v 1.201167 7.815830 0.089207
v 1.234257 7.695969 0.106892
v 1.224835 7.684186 0.080128
v 1.305270 7.628876 0.156992
v 1.302916 7.614078 0.153606
v 1.417493 7.643732 0.173521
v 1.417791 7.639352 0.176279
v 0.599584 7.308733 0.027219
v 0.594823 7.394526 -0.045495
v 0.658769 7.398608 0.120003
v 0.621931 7.448919 0.026289
v 0.771819 7.510739 0.024204
v 0.708393 7.432467 -0.026008
v 0.721427 7.539398 -0.083870
v 0.650659 7.468184 -0.134772
v 0.701236 7.601014 -0.103136
v 0.646561 7.670043 -0.173251
v 0.792427 7.608641 -0.086986
v 0.837421 7.699025 -0.037218
v 0.801609 7.526231 -0.070574
v 0.842991 7.472981 0.019552
v 0.787056 7.499988 -0.149874
v 0.735139 7.401268 -0.165023
v 0.791503 7.561018 -0.296401
v 0.851790 7.509738 -0.216361
v 0.968446 7.604871 -0.228470
v 0.939904 7.509741 -0.240590
v 1.053789 7.472852 -0.134680
v 1.005798 7.450185 -0.198987
v 1.022153 7.334965 -0.178155
v 0.999142 7.369251 -0.230542
v 1.046218 7.286578 -0.285112
v 1.068366 7.329873 -0.273371
v 1.180993 7.284443 -0.329418
v 1.183888 7.315233 -0.341907
v 1.161631 7.218388 -0.458977
v 1.155924 7.228207 -0.471188
v 1.121780 7.078724 -0.481581
v 1.118687 7.080137 -0.486066
v -0.383697 7.967840 1.266851
v -0.354423 8.053930 1.251498
v -0.462909 8.020878 1.284571
v -0.382019 8.051904 1.316166
v -0.449401 8.092206 1.253900
v -0.372426 8.139366 1.272738
v -0.453602 8.083755 1.192729
v -0.438782 8.167097 1.156141
v -0.511869 8.061819 1.183975
v -0.553259 8.116151 1.122014
v -0.616066 8.029745 1.213136
v -0.562553 8.104018 1.224267
v -0.546782 8.061045 1.314412
v -0.584734 8.124613 1.259432
v -0.522725 8.186542 1.338618
v -0.600915 8.155095 1.301180
v -0.634232 8.263913 1.302720
v -0.638216 8.182717 1.346257
v -0.748439 8.191730 1.293042
v -0.695971 8.168165 1.351448
v -0.755717 8.072734 1.343323
v -0.706245 8.111525 1.370043
v -0.705479 8.039826 1.448711
v -0.692620 8.092326 1.440661
v -0.738196 8.103574 1.525231
v -0.709200 8.130458 1.536018
v -0.819677 8.142134 1.556694
v -0.821700 8.166997 1.545545
v -0.907334 8.100096 1.537795
v -0.915697 8.105640 1.528523
v -0.929538 8.003736 1.562135
v -0.933018 8.003593 1.559113
v 0.377995 8.362791 0.814126
v 0.444799 8.344293 0.756978
v 0.386323 8.445179 0.796465
v 0.446603 8.433869 0.730822
v 0.325211 8.436067 0.737144
v 0.332203 8.456974 0.650053
v 0.261810 8.468383 0.776482
v 0.186521 8.503402 0.742189
v 0.290607 8.514397 0.897077
v 0.298297 8.549062 0.814555
v 0.359788 8.550167 0.817809
v 0.284331 8.590139 0.789896
v 0.339889 8.561554 0.887858
v 0.306112 8.604741 0.816690
v 0.331562 8.642052 0.854960
v 0.247181 8.658519 0.881026
v 0.357112 8.694192 0.847879
v 0.315167 8.731605 0.777795
v 0.415346 8.683326 0.834158
v 0.454743 8.687208 0.764806
v 0.429056 8.641808 0.874342
v 0.486799 8.609203 0.879919
v 0.401937 8.668842 0.930607
v 0.405591 8.643761 0.977423
v 0.391048 8.765676 0.945498
v 0.424508 8.747051 0.956800
v 0.488192 8.782277 0.884076
v 0.492553 8.771041 0.907810
v 0.549197 8.689901 0.891376
v 0.538794 8.692620 0.899219
v 0.521506 8.642712 0.980627
v 0.517598 8.644924 0.980737
v 0.401656 7.294656 -0.263900
v 0.395604 7.219199 -0.216908
v 0.363442 7.269676 -0.279626
v 0.296079 7.212084 -0.270455
v 0.380783 7.293137 -0.370301
v 0.389598 7.218376 -0.322638
v 0.499826 7.247831 -0.339311
v 0.435335 7.186429 -0.336250
v 0.526673 7.155202 -0.285178
v 0.447954 7.145872 -0.325858
v 0.485140 7.067870 -0.263844
v 0.436344 7.108775 -0.326169
v 0.423471 6.987762 -0.313756
v 0.429038 7.056409 -0.370282
v 0.355737 6.970001 -0.403511
v 0.423311 7.025545 -0.420462
v 0.360338 7.020957 -0.531209
v 0.431761 6.995511 -0.484413
v 0.453435 6.955252 -0.535960
v 0.496337 7.016788 -0.561362
v 0.468367 6.920001 -0.587704
v 0.522399 6.906637 -0.552238
v 0.431681 6.802071 -0.592287
v 0.481820 6.815898 -0.583195
v 0.545996 6.705746 -0.572668
v 0.556165 6.735953 -0.596168
v 0.662164 6.683544 -0.659923
v 0.638688 6.682365 -0.671940
v 0.665611 6.656101 -0.799889
v 0.660862 6.645615 -0.793429
v 0.600866 6.573068 -0.884868
v 0.601052 6.569720 -0.881934
v -0.567420 8.215652 0.378175
v -0.600980 8.152181 0.324750
v -0.637726 8.227876 0.381936
v -0.688387 8.156463 0.400449
v -0.593442 8.235221 0.431687
v -0.608627 8.220642 0.518669
v -0.572942 8.309200 0.411931
v -0.520154 8.363614 0.459487
v -0.623788 8.350360 0.355172
v -0.576297 8.375795 0.283710
v -0.685942 8.308716 0.348731
v -0.710044 8.253941 0.282188
v -0.727178 8.326716 0.413245
v -0.777365 8.261892 0.449136
v -0.742770 8.356341 0.361128
v -0.740259 8.372944 0.449033
v -0.766263 8.392646 0.367463
v -0.762550 8.408973 0.455377
v -0.796119 8.468846 0.376820
v -0.741821 8.526204 0.386303
v -0.821387 8.451203 0.297872
v -0.787513 8.472515 0.245024
v -0.851430 8.367214 0.292453
v -0.856855 8.341890 0.246174
v -0.910512 8.338409 0.366010
v -0.930088 8.304841 0.357522
v -0.996507 8.404803 0.422489
v -0.997320 8.399944 0.396434
v -1.043226 8.490658 0.335284
v -1.050830 8.479798 0.335136
v -1.067376 8.456878 0.219051
v -1.069967 8.453495 0.220416
v -0.486847 7.249126 -0.117670
v -0.509696 7.347277 -0.168906
v -0.491866 7.265340 -0.165533
v -0.408851 7.292723 -0.237225
v -0.496787 7.235931 -0.150240
v -0.424518 7.151633 -0.128981
v -0.542299 7.206956 -0.178443
v -0.605535 7.172833 -0.091164
v -0.572712 7.195670 -0.226743
v -0.643143 7.284048 -0.229858
v -0.552433 7.183602 -0.265438
v -0.507708 7.254179 -0.341592
v -0.556320 7.116724 -0.283188
v -0.455066 7.079045 -0.316486
v -0.588833 7.111712 -0.327483
v -0.577516 7.022486 -0.258988
v -0.645609 7.084335 -0.344381
v -0.556754 7.014650 -0.349815
v -0.612504 7.069723 -0.469467
v -0.618153 7.004048 -0.393616
v -0.633886 6.958360 -0.446566
v -0.705590 6.970587 -0.405070
v -0.614534 6.837619 -0.430942
v -0.672578 6.869780 -0.421735
v -0.769819 6.769771 -0.401915
v -0.765648 6.802584 -0.439737
v -0.838852 6.732373 -0.535591
v -0.853841 6.759083 -0.549154
v -0.801636 6.648213 -0.645213
v -0.794028 6.656021 -0.657928
v -0.757955 6.509919 -0.630950
v -0.753722 6.510687 -0.634616
v 0.557177 7.332603 -0.055252
v 0.570330 7.416324 -0.096954
v 0.674853 7.370728 0.015550
v 0.631010 7.403046 -0.061617
v 0.729401 7.472762 -0.092764
v 0.663921 7.430254 -0.145930
v 0.669237 7.557100 -0.111487
v 0.604892 7.571423 -0.179133
v 0.679238 7.602502 -0.052558
v 0.679207 7.695452 -0.069336
v 0.767355 7.536590 -0.061423
v 0.745574 7.613108 -0.112334
v 0.775201 7.557224 -0.155262
v 0.735153 7.619319 -0.214100
v 0.787765 7.503185 -0.163251
v 0.724555 7.453971 -0.213289
v 0.844616 7.464382 -0.131716
v 0.826317 7.374659 -0.108555
v 0.936536 7.463381 -0.145329
v 0.978776 7.452263 -0.073627
v 1.033050 7.529938 -0.223422
v 1.019752 7.461447 -0.218194
v 0.990985 7.447539 -0.366216
v 1.013586 7.414567 -0.327038
v 0.953789 7.284170 -0.375713
v 0.983378 7.293454 -0.347419
v 1.026441 7.160685 -0.296320
v 1.041614 7.184038 -0.293554
v 1.183095 7.137958 -0.279308
v 1.179319 7.145247 -0.290639
v 1.284432 7.148895 -0.392155
v 1.281395 7.146820 -0.395117
v 0.205081 8.024437 -0.265722
v 0.111142 7.951297 -0.306741
v 0.122609 8.094801 -0.338786
v 0.172750 7.983034 -0.367949
v 0.275707 8.089946 -0.322877
v 0.211090 7.994824 -0.374189
v 0.348382 7.925611 -0.336093
v 0.231155 7.958095 -0.368634
v 0.213820 7.799410 -0.425373
v 0.211541 7.924449 -0.410656
v 0.209275 7.944419 -0.487324
v 0.086220 7.967471 -0.500837
v 0.265162 8.079777 -0.485475
v 0.238898 7.962699 -0.523676
v 0.216205 7.988069 -0.546878
v 0.309681 7.904055 -0.539105
v 0.220576 8.063962 -0.604574
v 0.277918 7.952613 -0.617595
v 0.150944 7.932134 -0.676791
v 0.261202 7.930463 -0.657584
v 0.231583 7.799690 -0.690534
v 0.286356 7.873164 -0.673159
v 0.376044 7.784981 -0.706622
v 0.357270 7.857187 -0.708072
v 0.406584 7.870965 -0.793709
v 0.456721 7.887562 -0.775189
v 0.402115 7.906209 -0.891757
v 0.397628 7.943097 -0.888413
v 0.330068 7.877341 -0.969836
v 0.315278 7.888489 -0.972073
v 0.305386 7.771224 -1.005899
v 0.299382 7.772701 -1.007083
v -0.350012 8.393818 0.789412
v -0.435061 8.331364 0.805789
v -0.317341 8.357207 0.845325
v -0.380015 8.286652 0.895283
v -0.351360 8.462855 0.880663
v -0.395235 8.395632 0.951075
v -0.498133 8.459323 0.848328
v -0.475341 8.419869 0.944899
v -0.595911 8.359978 0.905904
v -0.513819 8.390028 0.967221
v -0.576866 8.300710 1.037151
v -0.514319 8.382751 1.009597
v -0.477634 8.344553 1.130775
v -0.499531 8.406598 1.046674
v -0.411224 8.484373 1.115379
v -0.506420 8.456333 1.075964
v -0.509878 8.587582 1.021572
v -0.544649 8.515554 1.092318
v -0.648798 8.514066 1.026314
v -0.585674 8.512952 1.097187
v -0.641710 8.494100 1.105227
v -0.584214 8.495309 1.159532
v -0.705340 8.420775 1.115264
v -0.654473 8.444420 1.144546
v -0.651779 8.406757 1.256342
v -0.639151 8.445531 1.232066
v -0.689469 8.526052 1.298565
v -0.666612 8.547830 1.296508
v -0.788878 8.571122 1.253204
v -0.788178 8.582084 1.241821
v -0.864458 8.476349 1.231003
v -0.866304 8.478625 1.226540
v 0.399820 7.926529 1.272581
v 0.390788 8.031993 1.245429
v 0.286190 7.915208 1.266394
v 0.278034 8.020659 1.238918
v 0.201937 7.968547 1.394207
v 0.285530 8.026629 1.354457
v 0.211902 8.108917 1.439655
v 0.316467 8.112964 1.408174
v 0.201666 8.184687 1.417779
v 0.280022 8.241565 1.367117
v 0.158400 8.221360 1.448283
v 0.139545 8.316459 1.397865
v 0.123661 8.210767 1.498263
v 0.024350 8.254240 1.484518
v 0.124375 8.168491 1.536152
v 0.029685 8.120090 1.561304
v 0.167329 8.150449 1.572961
v 0.169891 8.046279 1.605875
v 0.192330 8.216667 1.614115
v 0.168460 8.129782 1.650395
v 0.140208 8.177637 1.667769
v 0.162797 8.103028 1.689573
v 0.056256 8.182937 1.753342
v 0.120750 8.177824 1.750540
v 0.164268 8.222334 1.831419
v 0.167839 8.267549 1.814052
v 0.267204 8.192253 1.851074
v 0.291728 8.210232 1.839951
v 0.293301 8.082993 1.854912
v 0.308439 8.077636 1.852855
v 0.216548 8.007755 1.905130
v 0.220263 8.003751 1.905281
v -0.444193 8.262764 0.132256
v -0.370959 8.316117 0.129363
v -0.459982 8.306791 0.092522
v -0.390903 8.313826 0.034240
v -0.457277 8.391999 0.152986
v -0.400404 8.388011 0.082504
v -0.314372 8.429483 0.167319
v -0.347175 8.376159 0.101755
v -0.346530 8.436593 0.095349
v -0.340137 8.380253 0.024617
v -0.383482 8.485627 0.117672
v -0.354346 8.453794 0.037948
v -0.457037 8.425331 0.022743
v -0.376966 8.466781 0.013327
v -0.386850 8.418640 -0.105816
v -0.366234 8.481019 -0.043350
v -0.277134 8.525198 -0.117213
v -0.356153 8.526994 -0.072819
v -0.367738 8.540694 -0.117759
v -0.391048 8.578346 -0.050436
v -0.374908 8.537006 -0.159262
v -0.413460 8.558254 -0.108552
v -0.478836 8.484747 -0.145868
v -0.460653 8.523335 -0.113215
v -0.513441 8.587016 -0.123619
v -0.540701 8.591208 -0.094248
v -0.495685 8.669754 -0.181777
v -0.515658 8.653286 -0.188944
v -0.477203 8.609067 -0.279419
v -0.489014 8.608139 -0.273094
v -0.546199 8.522679 -0.285349
v -0.548740 8.524307 -0.281967
v 0.469057 8.269626 0.136818
v 0.400491 8.240263 0.029707
v 0.422699 8.279481 0.135049
v 0.308106 8.326539 0.093937
v 0.437167 8.239916 0.196834
v 0.355764 8.327526 0.249126
v 0.543539 8.297608 0.247712
v 0.445907 8.383637 0.257866
v 0.528700 8.394200 0.156433
v 0.511285 8.455904 0.270124
v 0.456824 8.452409 0.116996
v 0.482920 8.489968 0.239244
v 0.386989 8.566649 0.152137
v 0.488442 8.541433 0.230289
v 0.395731 8.646872 0.274824
v 0.499452 8.580676 0.231277
v 0.531857 8.640446 0.369112
v 0.531730 8.612223 0.241677
v 0.661322 8.554310 0.290370
v 0.573923 8.602354 0.231091
v 0.626231 8.537123 0.131638
v 0.572893 8.598239 0.184245
v 0.592121 8.653757 0.143456
v 0.539608 8.662730 0.087381
v 0.608330 8.755622 0.180314
v 0.640195 8.723213 0.144266
v 0.716696 8.698620 0.230946
v 0.709777 8.692412 0.193406
v 0.750137 8.595833 0.166691
v 0.735239 8.606191 0.160009
v 0.723948 8.604335 0.055000
v 0.719334 8.608810 0.056132
v 0.335492 8.413640 0.689780
v 0.374166 8.415087 0.581538
v 0.334655 8.440814 0.652417
v 0.258271 8.484564 0.578488
v 0.288460 8.485952 0.753572
v 0.359253 8.480372 0.663176
v 0.440206 8.453178 0.760924
v 0.403093 8.502919 0.664163
v 0.516816 8.459183 0.666171
v 0.423086 8.522771 0.646542
v 0.519032 8.499592 0.574915
v 0.430791 8.546173 0.631994
v 0.474927 8.563048 0.516563
v 0.436261 8.575316 0.624120
v 0.401487 8.652617 0.522768
v 0.449377 8.621479 0.622523
v 0.343171 8.714025 0.634102
v 0.448667 8.668772 0.640177
v 0.403594 8.682462 0.777241
v 0.464184 8.675001 0.695302
v 0.533743 8.597367 0.768276
v 0.501175 8.635406 0.699407
v 0.593387 8.602039 0.639384
v 0.536025 8.638381 0.644787
v 0.576754 8.712410 0.630452
v 0.563960 8.725198 0.582672
v 0.577058 8.780060 0.688119
v 0.547171 8.796378 0.687368
v 0.582968 8.739187 0.775257
v 0.572474 8.741551 0.788460
v 0.638968 8.654254 0.769821
v 0.638195 8.653116 0.775401
v 0.628504 7.419678 -0.013163
v 0.534677 7.396934 -0.097437
v 0.668437 7.443350 -0.064118
v 0.575354 7.426140 -0.150502
v 0.634833 7.484750 -0.055188
v 0.570925 7.550361 -0.144820
v 0.644255 7.505926 -0.013189
v 0.653224 7.629785 -0.044837
v 0.778029 7.510610 0.035499
v 0.715091 7.545877 -0.070417
v 0.783449 7.545660 -0.090671
v 0.714425 7.446815 -0.134126
v 0.795001 7.546160 -0.120812
v 0.733376 7.615463 -0.209256
v 0.893915 7.635110 -0.101600
v 0.838265 7.530629 -0.150688
v 0.925416 7.472880 -0.054541
v 0.859956 7.498387 -0.161719
v 0.875561 7.366154 -0.147396
v 0.877240 7.469097 -0.196140
v 0.869915 7.381520 -0.289800
v 0.930310 7.438970 -0.244378
v 0.985141 7.372869 -0.316966
v 1.005796 7.445762 -0.322179
v 1.080241 7.334643 -0.319300
v 1.114616 7.368708 -0.289267
v 1.123694 7.238142 -0.299241
v 1.144830 7.236741 -0.267727
v 1.121210 7.131322 -0.338403
v 1.124597 7.118874 -0.324474
v 1.142192 7.071555 -0.437476
v 1.141167 7.065912 -0.434620
v 0.616915 8.127016 0.823185
v 0.545870 8.172708 0.887967
v 0.648131 8.065570 0.949602
v 0.612867 8.161667 0.920385
v 0.630461 8.185498 1.021307
v 0.660918 8.235091 0.932174
v 0.580121 8.234431 1.042033
v 0.574299 8.311551 0.968887
v 0.576299 8.249569 1.084139
v 0.518674 8.335192 1.058064
v 0.595854 8.264621 1.116263
v 0.510636 8.323826 1.140025
v 0.616228 8.273339 1.150769
v 0.528485 8.296781 1.206297
v 0.640463 8.268397 1.186736
v 0.568282 8.246963 1.261984
v 0.675106 8.242389 1.207119
v 0.649732 8.165857 1.276623
v 0.735460 8.228012 1.191020
v 0.771247 8.141731 1.206138
v 0.798321 8.266695 1.203828
v 0.852287 8.253533 1.147862
v 0.844790 8.323408 1.257491
v 0.833181 8.377374 1.226958
v 0.819506 8.338114 1.348338
v 0.786897 8.371691 1.355242
v 0.801219 8.264306 1.411592
v 0.776895 8.265731 1.431621
v 0.857220 8.176193 1.422164
v 0.851737 8.165298 1.432161
v 0.967519 8.168911 1.411051
v 0.967617 8.164032 1.413174
v 0.173270 8.360160 0.058186
v 0.174911 8.288267 -0.026490
v 0.140189 8.375610 0.030281
v 0.076359 8.323898 -0.044505
v 0.130254 8.339798 0.084159
v 0.020098 8.354177 0.084888
v 0.167488 8.409349 0.115214
v 0.071553 8.448015 0.155747
v 0.165350 8.476061 0.031290
v 0.092987 8.527265 0.098245
v 0.040799 8.456672 -0.031682
v 0.056267 8.516503 0.060635
v -0.073892 8.562098 0.050468
v 0.037178 8.563821 0.049052
v 0.045897 8.611415 0.030716
v 0.048254 8.658840 0.131149
v 0.068963 8.621396 0.002457
v 0.175430 8.623942 0.034075
v 0.048665 8.639258 -0.000892
v 0.113048 8.595877 -0.061919
v 0.043913 8.645465 -0.063027
v 0.117888 8.659049 -0.029639
v 0.083579 8.713975 -0.086541
v 0.062474 8.746083 -0.033084
v 0.017014 8.694557 -0.116526
v -0.028970 8.704059 -0.101260
v 0.029712 8.625579 -0.145698
v 0.006895 8.611599 -0.164866
v 0.105182 8.635073 -0.185987
v 0.107957 8.624837 -0.198572
v 0.112324 8.722478 -0.218432
v 0.117853 8.722057 -0.218116
v 0.063951 7.735433 -0.381417
v 0.152493 7.696433 -0.368950
v 0.028048 7.662152 -0.345901
v 0.105280 7.604275 -0.331704
v 0.048610 7.639560 -0.450027
v 0.011593 7.550190 -0.437427
v 0.114721 7.640114 -0.516605
v 0.098980 7.544752 -0.503393
v 0.209738 7.595490 -0.535773
v 0.147899 7.520117 -0.532457
v 0.258737 7.517357 -0.536421
v 0.165464 7.491908 -0.549403
v 0.259026 7.424906 -0.542920
v 0.169533 7.453271 -0.569426
v 0.203476 7.336523 -0.553726
v 0.155469 7.413850 -0.588824
v 0.083332 7.300202 -0.598933
v 0.119571 7.386284 -0.627089
v 0.015323 7.388586 -0.719488
v 0.099628 7.370641 -0.710028
v 0.126348 7.360523 -0.802790
v 0.142925 7.428818 -0.819596
v 0.204678 7.297981 -0.834827
v 0.258756 7.318229 -0.832140
v 0.201399 7.182130 -0.831579
v 0.236211 7.161057 -0.816621
v 0.121097 7.102381 -0.889695
v 0.120460 7.076283 -0.877288
v 0.075086 7.083945 -1.021655
v 0.088529 7.079394 -1.018931
v 0.162311 7.067135 -1.134395
v 0.164120 7.063025 -1.132491
v -0.737287 7.738654 0.302239
v -0.706121 7.699874 0.214148
v -0.759266 7.706587 0.293252
v -0.737095 7.615275 0.255758
v -0.741130 7.714409 0.321841
v -0.745594 7.635434 0.384914
v -0.792235 7.723230 0.331482
v -0.806401 7.767276 0.421451
v -0.863096 7.746045 0.256998
v -0.883875 7.719176 0.352295
v -0.870588 7.629476 0.294369
v -0.891656 7.688052 0.374120
v -0.927963 7.691267 0.312622
v -0.931746 7.617526 0.381783
v -0.966296 7.669428 0.268387
v -0.951455 7.591950 0.331729
v -1.025977 7.671155 0.372082
v -1.007249 7.593910 0.309490
v -1.054656 7.607282 0.372133
v -1.035191 7.531522 0.327763
v -1.124663 7.570388 0.427750
v -1.119265 7.581927 0.353901
v -1.202054 7.571236 0.343599
v -1.209287 7.630743 0.342668
v -1.253066 7.545066 0.277349
v -1.250173 7.571613 0.241173
v -1.281204 7.461078 0.246449
v -1.273772 7.454498 0.218165
v -1.336029 7.385191 0.282032
v -1.331475 7.371827 0.277001
v -1.431819 7.374062 0.320884
v -1.430787 7.369388 0.322518
v -0.541266 8.199926 0.906897
v -0.510273 8.130598 1.005702
v -0.535945 8.278145 0.996247
v -0.596389 8.173505 1.026686
v -0.637227 8.259646 0.880449
v -0.631530 8.180070 0.976181
v -0.702944 8.071020 0.870040
v -0.624845 8.124146 0.951328
v -0.658830 7.985060 1.063126
v -0.625851 8.102745 1.038797
v -0.685598 8.091755 1.092466
v -0.692008 8.173051 0.998236
v -0.669976 8.116367 1.157774
v -0.754555 8.103070 1.067227
v -0.758135 8.012115 1.158025
v -0.768797 8.117292 1.092045
v -0.867480 8.019551 1.057567
v -0.806868 8.124295 1.087306
v -0.927234 8.171040 0.997666
v -0.873222 8.161645 1.093919
v -0.905560 8.290745 1.129537
v -0.939804 8.206581 1.145804
v -0.879357 8.229821 1.277990
v -0.929825 8.189300 1.242432
v -0.882901 8.077656 1.312033
v -0.915075 8.092108 1.269331
v -0.969505 7.977210 1.246971
v -0.975177 8.008981 1.229033
v -1.103128 7.996976 1.209779
v -1.095813 8.012989 1.215336
v -1.183627 8.073505 1.282952
v -1.180773 8.071446 1.288094
v 0.027089 8.394388 0.995870
v 0.101087 8.352410 1.037345
v 0.052710 8.352121 0.945310
v 0.144611 8.353351 0.922711
v -0.008641 8.435686 0.914422
v 0.074617 8.454827 0.873681
v 0.048957 8.515728 0.991163
v 0.081351 8.557996 0.912919
v 0.122003 8.515192 1.025425
v 0.142550 8.561112 0.945255
v 0.202004 8.506198 1.018049
v 0.174712 8.558344 0.943927
v 0.271469 8.534954 0.977737
v 0.193510 8.576722 0.944032
v 0.296149 8.615939 0.910724
v 0.212771 8.618059 0.955466
v 0.211560 8.716390 0.870888
v 0.210615 8.678652 0.957681
v 0.078364 8.728124 0.958604
v 0.152241 8.703616 0.990534
v 0.104210 8.646272 1.094881
v 0.154087 8.667304 1.050324
v 0.256002 8.631424 1.103658
v 0.229343 8.663225 1.065925
v 0.303656 8.739084 1.019159
v 0.268186 8.737249 1.041698
v 0.197674 8.823748 1.024812
v 0.208117 8.810508 1.047218
v 0.133087 8.786772 1.127545
v 0.147000 8.785749 1.126129
v 0.210437 8.726171 1.194559
v 0.214035 8.727391 1.191738
v -0.646426 7.396424 0.044486
v -0.626027 7.312166 0.091628
v -0.638215 7.406661 0.098561
v -0.670197 7.376853 0.187029
v -0.621894 7.464413 0.073445
v -0.679928 7.507349 0.140724
v -0.688108 7.463444 0.013217
v -0.741311 7.545865 0.023898
v -0.755471 7.371739 0.013105
v -0.802362 7.456979 0.029640
v -0.835632 7.389985 0.168062
v -0.824505 7.449517 0.090151
v -0.888741 7.462573 0.055582
v -0.927183 7.547223 0.088666
v -0.896538 7.434955 -0.008859
v -0.869342 7.493531 -0.083473
v -0.902555 7.373508 -0.007435
v -0.842444 7.323744 -0.067834
v -0.980237 7.373907 0.000274
v -0.938513 7.310424 -0.043580
v -1.013115 7.326268 -0.066705
v -0.969738 7.276555 -0.098173
v -1.098699 7.325200 -0.137516
v -1.082196 7.270170 -0.126607
v -1.204017 7.256152 -0.071450
v -1.180568 7.226219 -0.093306
v -1.232260 7.124528 -0.025696
v -1.219624 7.122405 -0.051978
v -1.219624 6.993801 -0.069822
v -1.219213 7.002260 -0.081739
v -1.243907 6.924129 -0.178286
v -1.245231 6.928180 -0.180771
v -0.068633 8.268813 -0.086413
v -0.119784 8.206876 -0.128230
v -0.098063 8.221634 -0.003816
v -0.183930 8.192931 -0.005834
v -0.081208 8.328713 0.065740
v -0.169744 8.309679 0.066373
v -0.176890 8.446219 0.073618
v -0.195660 8.392442 0.003212
v -0.279326 8.433139 0.077724
v -0.308232 8.375828 0.013841
v -0.418000 8.467270 0.125046
v -0.359770 8.459462 0.056129
v -0.377690 8.436786 -0.028482
v -0.430003 8.373129 -0.066062
v -0.315496 8.499006 -0.063324
v -0.253444 8.473820 -0.124286
v -0.342736 8.583547 -0.051357
v -0.273961 8.630472 -0.015731
v -0.417154 8.607742 -0.042997
v -0.430673 8.642539 0.028322
v -0.475003 8.554061 -0.060081
v -0.530551 8.543615 -0.023952
v -0.457708 8.526662 -0.114640
v -0.495359 8.491231 -0.129030
v -0.467143 8.585219 -0.150654
v -0.492062 8.557912 -0.166571
v -0.563387 8.605715 -0.121753
v -0.585689 8.590798 -0.121497
v -0.553520 8.691633 -0.189714
v -0.560976 8.682483 -0.196092
v -0.510422 8.672977 -0.299284
v -0.513832 8.670184 -0.300319
v -0.088062 7.006661 -0.269162
v -0.178596 6.988050 -0.234474
v -0.155179 7.106031 -0.365531
v -0.208757 7.047529 -0.306768
v -0.315529 7.147604 -0.346469
v -0.338408 7.076686 -0.281714
v -0.351491 7.243717 -0.270959
v -0.425870 7.215765 -0.212372
v -0.372825 7.349034 -0.323072
v -0.461198 7.380750 -0.292572
v -0.399017 7.378364 -0.477299
v -0.442926 7.305792 -0.426788
v -0.353078 7.219579 -0.477303
v -0.441624 7.260698 -0.462644
v -0.457169 7.263747 -0.501032
v -0.496859 7.193633 -0.443980
v -0.470245 7.271945 -0.566956
v -0.512524 7.201516 -0.512199
v -0.629739 7.261701 -0.561624
v -0.567800 7.199709 -0.566224
v -0.648952 7.095955 -0.511097
v -0.594819 7.115841 -0.556060
v -0.535368 6.988813 -0.571614
v -0.540935 7.038269 -0.602365
v -0.542160 6.997023 -0.721038
v -0.501291 6.994413 -0.736787
v -0.641149 6.969938 -0.826989
v -0.624796 6.946492 -0.820785
v -0.727859 6.835439 -0.810195
v -0.714587 6.833178 -0.815909
v -0.675858 6.691797 -0.812539
v -0.672107 6.693066 -0.815485
v -0.684218 7.705210 0.114256
v -0.695669 7.598669 0.165183
v -0.744477 7.679351 0.110070
v -0.790405 7.664657 0.218470
v -0.759360 7.606982 0.039571
v -0.809091 7.582521 0.144471
v -0.710353 7.456412 0.107077
v -0.768469 7.540624 0.167131
v -0.770836 7.435389 0.279022
v -0.786362 7.537186 0.220100
v -0.866882 7.515863 0.206729
v -0.906664 7.572574 0.303046
v -0.921261 7.581743 0.133565
v -0.919773 7.480557 0.195491
v -0.974375 7.519395 0.197913
v -0.925155 7.447934 0.117004
v -1.015180 7.410721 0.267532
v -0.989983 7.433902 0.153939
v -0.964684 7.296868 0.132971
v -0.997022 7.395019 0.111943
v -1.020780 7.364929 -0.024297
v -1.059655 7.371019 0.054283
v -1.161471 7.354203 0.014832
v -1.187961 7.416990 0.032122
v -1.207812 7.280307 0.028702
v -1.227475 7.284962 0.077406
v -1.275482 7.222668 -0.018102
v -1.282079 7.208750 0.013497
v -1.278242 7.086194 -0.052835
v -1.287140 7.091848 -0.038771
v -1.351725 6.992857 0.038104
v -1.354962 6.997304 0.040327
v 0.471547 7.740186 -0.221952
v 0.467689 7.831340 -0.219944
v 0.495939 7.780532 -0.233994
v 0.567465 7.795621 -0.179366
v 0.515587 7.687488 -0.268816
v 0.518848 7.778686 -0.268628
v 0.423178 7.790264 -0.346274
v 0.502710 7.791291 -0.301535
v 0.529381 7.833347 -0.311305
v 0.538041 7.921989 -0.291415
v 0.640914 7.751288 -0.283517
v 0.576098 7.794391 -0.331151
v 0.518802 7.721957 -0.420330
v 0.554202 7.803139 -0.398324
v 0.618833 7.766986 -0.420397
v 0.585154 7.850164 -0.436982
v 0.660547 7.783075 -0.446186
v 0.583719 7.786876 -0.495288
v 0.662730 7.733238 -0.480804
v 0.615197 7.673648 -0.508549
v 0.728832 7.727229 -0.507810
v 0.758434 7.671805 -0.482882
v 0.806977 7.776924 -0.571297
v 0.791031 7.726641 -0.583207
v 0.757026 7.752448 -0.697297
v 0.780146 7.722816 -0.682053
v 0.742878 7.629735 -0.749854
v 0.765915 7.633632 -0.736244
v 0.835069 7.539192 -0.752253
v 0.840235 7.551603 -0.750824
v 0.945811 7.556717 -0.799146
v 0.944634 7.560874 -0.800613
v 0.545262 7.864335 1.158067
v 0.539437 7.966236 1.136934
v 0.498218 7.911425 1.279809
v 0.567124 7.960246 1.218713
v 0.496398 8.036345 1.278871
v 0.573181 8.062408 1.213378
v 0.438418 8.079726 1.247292
v 0.450238 8.168478 1.193928
v 0.404808 8.097824 1.330084
v 0.318438 8.155004 1.341701
v 0.435146 8.065086 1.381092
v 0.377297 7.993002 1.429275
v 0.497871 8.068445 1.389460
v 0.557487 7.983425 1.380422
v 0.526642 8.123340 1.413988
v 0.600495 8.160298 1.350394
v 0.520369 8.158248 1.472971
v 0.484544 8.252609 1.446956
v 0.502083 8.136026 1.532549
v 0.417061 8.159396 1.560998
v 0.518489 8.069703 1.547413
v 0.469331 8.022260 1.583383
v 0.598104 8.040337 1.547355
v 0.597904 7.980397 1.562263
v 0.674997 8.067779 1.611679
v 0.712656 8.043141 1.600689
v 0.698866 8.112605 1.720492
v 0.709312 8.083628 1.722729
v 0.643680 8.060910 1.826793
v 0.655664 8.051945 1.822990
v 0.629318 7.942306 1.863149
v 0.633951 7.940943 1.861192
v -0.738022 7.571309 0.548477
v -0.754614 7.670518 0.556559
v -0.708332 7.606188 0.499990
v -0.712669 7.662963 0.416677
v -0.732371 7.527106 0.509442
v -0.709794 7.472308 0.427769
v -0.861840 7.503501 0.562138
v -0.856210 7.479788 0.464214
v -0.931615 7.650471 0.444942
v -0.914371 7.554409 0.419295
v -0.867495 7.568464 0.244017
v -0.880396 7.528671 0.335850
v -0.903369 7.439349 0.363403
v -0.863081 7.352026 0.332830
v -0.977650 7.427980 0.513995
v -0.980954 7.449540 0.415469
v -1.067481 7.470745 0.375133
v -1.089774 7.568265 0.388393
v -1.090442 7.424416 0.294853
v -1.082482 7.461369 0.213508
v -1.072880 7.323583 0.309189
v -1.042814 7.276864 0.259182
v -1.141295 7.277117 0.403969
v -1.117979 7.222793 0.412984
v -1.245035 7.250774 0.351272
v -1.235864 7.220457 0.383025
v -1.278266 7.149751 0.335031
v -1.273678 7.133876 0.359949
v -1.293942 7.043474 0.249934
v -1.286662 7.030420 0.249592
v -1.447588 7.050615 0.206243
v -1.446243 7.049866 0.201438
v 0.455747 7.998556 1.191688
v 0.522027 7.928704 1.165936
v 0.451254 7.999362 1.135713
v 0.530632 7.985178 1.077117
v 0.423718 8.072275 1.145746
v 0.499338 8.085023 1.082071
v 0.470868 8.181983 1.158184
v 0.538966 8.109735 1.149336
v 0.555785 8.215853 1.144247
v 0.576549 8.126499 1.183235
v 0.600825 8.214560 1.132954
v 0.616581 8.125733 1.175345
v 0.642057 8.226044 1.138551
v 0.679292 8.136183 1.160324
v 0.669407 8.238249 1.147248
v 0.737471 8.170651 1.120170
v 0.707867 8.257276 1.169602
v 0.765004 8.273433 1.089541
v 0.749505 8.294414 1.199381
v 0.720785 8.370870 1.165033
v 0.752102 8.304546 1.254759
v 0.694047 8.340956 1.282246
v 0.763890 8.259180 1.290216
v 0.727184 8.243339 1.333698
v 0.824293 8.225637 1.297522
v 0.819770 8.189388 1.322584
v 0.900634 8.251450 1.318108
v 0.912772 8.226719 1.328751
v 0.935512 8.304290 1.385531
v 0.938529 8.290782 1.390677
v 0.917226 8.302564 1.477106
v 0.919305 8.298071 1.477683
v -0.673169 8.053087 0.642949
v -0.690405 7.967327 0.703869
v -0.712381 8.113451 0.746987
v -0.758983 8.019522 0.727791
v -0.702806 8.045842 0.839839
v -0.737971 7.945229 0.837985
v -0.619741 8.056820 0.872832
v -0.602398 7.982680 0.947434
v -0.631115 8.141767 0.916637
v -0.564353 8.146586 0.999599
v -0.717558 8.229598 0.932836
v -0.695405 8.172284 1.019942
v -0.827437 8.116728 0.960069
v -0.763172 8.146114 1.039877
v -0.802362 8.023198 1.093516
v -0.769952 8.124018 1.081350
v -0.730514 8.130318 1.214387
v -0.792858 8.152574 1.130835
v -0.844214 8.197777 1.168859
v -0.806125 8.283096 1.153104
v -0.917642 8.188485 1.141479
v -0.944573 8.221946 1.075222
v -0.923582 8.123745 1.163567
v -0.962390 8.095885 1.122238
v -0.964128 8.130841 1.218863
v -0.985510 8.090071 1.207677
v -1.059007 8.158081 1.255167
v -1.075308 8.132913 1.245246
v -1.037721 8.098821 1.368565
v -1.048017 8.091576 1.359030
v -1.049925 7.969272 1.369359
v -1.053301 7.969392 1.365236
v -0.218963 8.136817 1.254406
v -0.308916 8.136363 1.222492
v -0.258831 8.105288 1.285523
v -0.302374 8.020372 1.287408
v -0.269762 8.189404 1.346795
v -0.347863 8.134565 1.344991
v -0.379716 8.259368 1.246523
v -0.397749 8.175538 1.288448
v -0.503608 8.150419 1.197462
v -0.433815 8.123533 1.256761
v -0.517503 8.011407 1.291130
v -0.449177 8.075660 1.308836
v -0.418821 8.013826 1.430708
v -0.454325 8.091372 1.387855
v -0.384536 8.176877 1.467518
v -0.468516 8.136239 1.447362
v -0.528355 8.269360 1.421681
v -0.529412 8.183943 1.464264
v -0.666690 8.150317 1.402060
v -0.599880 8.138045 1.452894
v -0.614960 7.999982 1.481022
v -0.577427 8.059620 1.486805
v -0.506026 8.035917 1.601830
v -0.533727 8.078320 1.576652
v -0.586181 8.129126 1.674321
v -0.577652 8.169566 1.664756
v -0.710170 8.112731 1.686878
v -0.728046 8.128016 1.671174
v -0.736064 7.985058 1.691107
v -0.747230 7.978510 1.685415
v -0.651720 7.923779 1.777919
v -0.653959 7.919604 1.777336
v 0.140577 7.219274 -0.348118
v 0.216096 7.271098 -0.362955
v 0.169102 7.195818 -0.292530
v 0.254062 7.233031 -0.294993
v 0.234574 7.101460 -0.306880
v 0.217111 7.174860 -0.360885
v 0.297183 7.118299 -0.385309
v 0.234282 7.165084 -0.434944
v 0.334291 7.145560 -0.401541
v 0.332377 7.224440 -0.450361
v 0.376659 7.117165 -0.415211
v 0.454220 7.168070 -0.413786
v 0.388356 7.066259 -0.432920
v 0.454741 7.033745 -0.376841
v 0.369596 7.026337 -0.464991
v 0.351639 6.952366 -0.411935
v 0.364597 7.004237 -0.522910
v 0.277468 6.972561 -0.526664
v 0.380227 6.965177 -0.590825
v 0.352165 7.024819 -0.640399
v 0.433429 6.924880 -0.644353
v 0.482453 6.971306 -0.657197
v 0.478600 6.841859 -0.645265
v 0.529803 6.845717 -0.625606
v 0.461395 6.737316 -0.658612
v 0.483148 6.716138 -0.630705
v 0.431483 6.652469 -0.735237
v 0.421170 6.631871 -0.720232
v 0.443859 6.596463 -0.849232
v 0.452043 6.589586 -0.840591
v 0.538185 6.541540 -0.916845
v 0.538563 6.538097 -0.913758
v 0.230468 8.439538 0.347961
v 0.170610 8.467003 0.407845
v 0.224402 8.494953 0.382415
v 0.283467 8.482159 0.447768
v 0.187717 8.557052 0.356471
v 0.212190 8.561649 0.441930
v 0.069628 8.551815 0.443087
v 0.155955 8.540700 0.461727
v 0.142178 8.523751 0.602980
v 0.178040 8.522883 0.521515
v 0.215170 8.601657 0.531796
v 0.293654 8.578484 0.496772
v 0.140728 8.679375 0.428988
v 0.185450 8.674208 0.505777
v 0.183417 8.704492 0.559812
v 0.110185 8.711272 0.609955
v 0.235611 8.727413 0.560682
v 0.277960 8.708436 0.636641
v 0.254660 8.763428 0.531591
v 0.325073 8.743585 0.501448
v 0.239304 8.814217 0.508861
v 0.224646 8.816006 0.444600
v 0.216530 8.864289 0.542988
v 0.164551 8.873188 0.541781
v 0.244973 8.856405 0.606011
v 0.226318 8.856485 0.640898
v 0.303263 8.812358 0.597507
v 0.319767 8.805537 0.616916
v 0.335322 8.828152 0.524975
v 0.347332 8.824428 0.521002
v 0.302767 8.904733 0.496177
v 0.304706 8.904203 0.492206
v 0.613972 7.994019 0.974864
v 0.586528 8.089605 0.950174
v 0.554284 7.993668 1.023161
v 0.501089 8.081065 1.028780
v 0.647655 8.002631 1.088597
v 0.600361 8.093436 1.092744
v 0.730278 8.095473 1.024673
v 0.660678 8.151892 1.074394
v 0.720159 8.190427 0.975560
v 0.656327 8.196587 1.055478
v 0.682527 8.266728 0.970926
v 0.644170 8.228112 1.057742
v 0.609322 8.336271 1.039066
v 0.674026 8.256894 1.042519
v 0.635832 8.265067 1.174873
v 0.709684 8.256015 1.104422
v 0.698661 8.237809 1.177879
v 0.774057 8.195692 1.122734
v 0.702577 8.221094 1.229345
v 0.712118 8.138953 1.267524
v 0.711747 8.280077 1.286627
v 0.651411 8.288464 1.331907
v 0.774743 8.385547 1.280428
v 0.768967 8.340372 1.320589
v 0.842990 8.265127 1.307903
v 0.808397 8.284244 1.330526
v 0.811049 8.270064 1.408479
v 0.786873 8.280589 1.423530
v 0.849808 8.167793 1.426635
v 0.843965 8.157744 1.436399
v 0.975911 8.163324 1.403342
v 0.976229 8.158548 1.405169
v -0.000939 8.481154 0.427896
v -0.024075 8.483340 0.537661
v 0.027817 8.437284 0.449538
v 0.083777 8.432994 0.546690
v 0.055270 8.491135 0.382041
v 0.130908 8.507089 0.463360
v 0.014461 8.605733 0.441773
v 0.124193 8.598026 0.463861
v 0.026335 8.623830 0.584157
v 0.123340 8.619114 0.527978
v 0.157903 8.578170 0.663895
v 0.159170 8.592353 0.552604
v 0.305163 8.582951 0.577626
v 0.207475 8.615347 0.532950
v 0.285828 8.680851 0.423356
v 0.227178 8.699817 0.517105
v 0.136006 8.762676 0.425933
v 0.205686 8.753499 0.513390
v 0.100811 8.802570 0.591283
v 0.190370 8.792982 0.548461
v 0.201447 8.814249 0.529066
v 0.241874 8.801400 0.600534
v 0.179720 8.860819 0.532301
v 0.241115 8.848250 0.554512
v 0.261900 8.857825 0.447063
v 0.269133 8.857351 0.496399
v 0.349657 8.795752 0.517902
v 0.320583 8.804715 0.531301
v 0.331399 8.818762 0.632386
v 0.320080 8.823530 0.621186
v 0.270061 8.909410 0.639736
v 0.270083 8.910063 0.634164
v -0.613169 7.240914 0.078598
v -0.576284 7.291713 -0.020187
v -0.543987 7.136998 -0.013574
v -0.626702 7.219783 -0.011435
v -0.595511 7.191221 -0.125664
v -0.684642 7.257848 -0.089386
v -0.558368 7.228882 -0.139404
v -0.584039 7.331359 -0.189793
v -0.585958 7.210972 -0.158157
v -0.491533 7.205186 -0.227078
v -0.626185 7.086531 -0.146488
v -0.577241 7.140132 -0.238308
v -0.547244 7.063935 -0.248140
v -0.601517 7.159945 -0.287329
v -0.629803 7.030555 -0.229399
v -0.611965 7.109850 -0.313622
v -0.756851 7.116936 -0.300681
v -0.661530 7.059350 -0.336699
v -0.680518 7.122624 -0.475877
v -0.680813 7.037821 -0.415606
v -0.573527 6.975574 -0.508523
v -0.643280 6.966159 -0.457899
v -0.604335 6.825586 -0.419576
v -0.659016 6.868055 -0.423717
v -0.763099 6.762364 -0.391580
v -0.761444 6.797254 -0.430128
v -0.845882 6.729551 -0.522302
v -0.867960 6.755383 -0.529231
v -0.825670 6.657094 -0.647580
v -0.821132 6.667536 -0.660658
v -0.759838 6.524087 -0.662898
v -0.756407 6.526062 -0.667208
v 0.166014 8.468421 0.384601
v 0.260199 8.430377 0.337549
v 0.167703 8.488606 0.331952
v 0.194963 8.450777 0.230178
v 0.123461 8.431665 0.369066
v 0.037364 8.424394 0.297886
v 0.111977 8.510855 0.405209
v 0.006954 8.522675 0.442119
v 0.168655 8.594904 0.431097
v 0.076667 8.600668 0.367559
v 0.205096 8.610133 0.285573
v 0.099264 8.634789 0.312475
v 0.096879 8.617266 0.173970
v 0.077586 8.651591 0.278763
v -0.053069 8.688999 0.234591
v 0.055261 8.696165 0.261891
v 0.056297 8.721660 0.228369
v 0.076990 8.744121 0.336069
v 0.082304 8.735207 0.172335
v 0.091777 8.761182 0.267925
v 0.220804 8.769354 0.252624
v 0.140550 8.786317 0.264786
v 0.133511 8.854314 0.371463
v 0.119874 8.846469 0.307017
v 0.006323 8.890300 0.285572
v 0.052991 8.885823 0.268915
v 0.056668 8.866497 0.149874
v 0.074871 8.873495 0.176705
v 0.191678 8.868998 0.170245
v 0.180032 8.874019 0.180932
v 0.201292 8.935664 0.276855
v 0.195775 8.936605 0.276945
v -0.252651 7.155539 -0.288763
v -0.368324 7.174728 -0.256811
v -0.237472 7.235358 -0.281073
v -0.352909 7.262281 -0.254260
v -0.285972 7.296839 -0.403228
v -0.338444 7.210820 -0.335282
v -0.412888 7.265249 -0.419697
v -0.384269 7.158843 -0.368431
v -0.453367 7.267507 -0.384612
v -0.485105 7.176627 -0.310430
v -0.469433 7.281877 -0.392536
v -0.573390 7.281884 -0.329589
v -0.491924 7.268677 -0.438253
v -0.560802 7.368540 -0.445500
v -0.505272 7.251809 -0.487967
v -0.457726 7.343995 -0.551294
v -0.502650 7.212258 -0.521235
v -0.389589 7.203180 -0.564872
v -0.524484 7.159974 -0.520234
v -0.459770 7.076060 -0.499254
v -0.582448 7.121142 -0.556433
v -0.619342 7.063504 -0.497947
v -0.676285 7.120130 -0.646950
v -0.637521 7.060648 -0.634880
v -0.599671 7.059755 -0.775038
v -0.618432 7.020059 -0.743580
v -0.531619 6.919317 -0.802650
v -0.563344 6.914692 -0.786256
v -0.574926 6.773655 -0.780854
v -0.589776 6.783792 -0.781789
v -0.691587 6.699230 -0.819115
v -0.694093 6.704130 -0.821691
v -0.366473 7.696788 -0.307619
v -0.333722 7.809835 -0.321238
v -0.340685 7.678580 -0.398790
v -0.317542 7.794334 -0.408952
v -0.259104 7.675426 -0.387857
v -0.184766 7.765185 -0.409185
v -0.233162 7.616807 -0.349645
v -0.117269 7.621202 -0.373876
v -0.264237 7.543853 -0.395922
v -0.164256 7.480680 -0.403039
v -0.308771 7.533756 -0.496857
v -0.206417 7.475294 -0.508838
v -0.222260 7.612451 -0.589221
v -0.200087 7.497235 -0.572751
v -0.081103 7.542469 -0.658436
v -0.175585 7.475378 -0.633743
v -0.070379 7.378545 -0.649368
v -0.176211 7.431616 -0.653932
v -0.203367 7.298482 -0.636447
v -0.213886 7.398012 -0.669229
v -0.332130 7.352004 -0.708559
v -0.252116 7.376170 -0.735319
v -0.277123 7.348251 -0.832938
v -0.286548 7.415827 -0.849497
v -0.221098 7.309824 -0.918917
v -0.183301 7.343163 -0.934172
v -0.183093 7.202436 -0.948525
v -0.148268 7.198872 -0.951154
v -0.235395 7.091766 -0.974115
v -0.225285 7.078162 -0.969551
v -0.325704 7.049363 -1.055630
v -0.325639 7.043961 -1.053199
v 0.562667 7.969354 -0.060977
v 0.466809 8.008363 -0.128286
v 0.542816 8.012455 -0.018954
v 0.456733 8.094134 -0.053002
v 0.636401 8.037545 -0.061824
v 0.553150 8.120209 -0.100255
v 0.586405 8.000084 -0.218177
v 0.572585 8.116146 -0.178436
v 0.405052 8.098864 -0.258709
v 0.502179 8.122095 -0.186131
v 0.519386 8.178710 -0.161014
v 0.470155 8.284149 -0.119784
v 0.677950 8.157867 -0.133631
v 0.581990 8.186559 -0.205807
v 0.583980 8.052409 -0.300005
v 0.551153 8.167787 -0.270828
v 0.622593 8.182485 -0.283274
v 0.518072 8.201351 -0.346207
v 0.635139 8.211008 -0.304560
v 0.588698 8.140170 -0.374327
v 0.687925 8.166413 -0.313166
v 0.700033 8.080418 -0.341818
v 0.754051 8.241067 -0.360243
v 0.772939 8.173038 -0.379410
v 0.708265 8.177427 -0.471345
v 0.753209 8.162995 -0.443375
v 0.777592 8.109015 -0.478901
v 0.806543 8.099145 -0.458839
v 0.745458 8.041918 -0.550366
v 0.751705 8.024729 -0.550550
v 0.746414 8.091948 -0.662111
v 0.744780 8.086597 -0.664718
v 0.716182 7.722919 0.770948
v 0.742519 7.658378 0.665326
v 0.707034 7.789539 0.727810
v 0.734167 7.731928 0.618448
v 0.803259 7.752951 0.758663
v 0.831611 7.784026 0.639307
v 0.839487 7.636897 0.728886
v 0.866116 7.720152 0.637371
v 0.850805 7.581836 0.583812
v 0.863203 7.705089 0.609705
v 0.912516 7.696061 0.477310
v 0.907663 7.709525 0.603050
v 0.965457 7.834380 0.562964
v 0.964308 7.717121 0.610549
v 0.989495 7.806894 0.729876
v 1.006676 7.715918 0.643600
v 1.007486 7.640808 0.779156
v 1.036143 7.678556 0.661814
v 1.051784 7.533659 0.655317
v 1.070879 7.643113 0.637734
v 1.146831 7.596321 0.536540
v 1.145365 7.634342 0.622212
v 1.250791 7.608127 0.618568
v 1.255761 7.681955 0.630764
v 1.306015 7.567054 0.699035
v 1.301274 7.594821 0.747718
v 1.302596 7.458462 0.721823
v 1.293480 7.446192 0.756062
v 1.333860 7.369876 0.649210
v 1.328259 7.352876 0.654790
v 1.443053 7.358187 0.589121
v 1.441583 7.352369 0.587117
v 0.635190 8.063188 0.777755
v 0.674877 8.046569 0.687854
v 0.688519 8.107638 0.779413
v 0.694187 8.152307 0.690498
v 0.618371 8.118871 0.793715
v 0.570731 8.203400 0.770945
v 0.629623 8.090131 0.865182
v 0.563173 8.146099 0.914022
v 0.701040 8.091337 0.906043
v 0.637854 8.155168 0.949245
v 0.728578 8.179829 0.887742
v 0.665867 8.210344 0.958943
v 0.752647 8.303862 0.880924
v 0.733993 8.260034 0.968471
v 0.850874 8.138512 0.905799
v 0.791963 8.193324 0.964608
v 0.790996 8.217607 1.031235
v 0.784733 8.142930 1.096943
v 0.796652 8.326951 1.087130
v 0.851627 8.259013 1.072612
v 0.932717 8.325404 0.992033
v 0.925459 8.281844 1.051195
v 0.998735 8.184172 1.007174
v 0.965069 8.208655 1.049072
v 0.963178 8.128769 1.138589
v 0.951459 8.170598 1.129919
v 0.983535 8.229792 1.206963
v 0.964302 8.237091 1.228150
v 1.071936 8.301048 1.185475
v 1.073678 8.288348 1.192801
v 1.155029 8.219491 1.145844
v 1.154112 8.216445 1.149680
v 0.091979 7.073151 -0.290288
v 0.122163 7.144252 -0.342191
v 0.142171 7.111528 -0.210497
v 0.190341 7.177931 -0.254436
v 0.247926 7.020394 -0.213061
v 0.246346 7.088135 -0.276850
v 0.337459 7.028496 -0.341443
v 0.250210 7.031304 -0.373696
v 0.358520 7.097135 -0.417675
v 0.284487 7.128745 -0.464369
v 0.408674 7.158092 -0.404500
v 0.411444 7.238580 -0.451132
v 0.486737 7.113034 -0.392888
v 0.564935 7.161880 -0.380256
v 0.488575 7.025595 -0.391919
v 0.546621 6.991566 -0.327630
v 0.447202 6.969652 -0.432569
v 0.413596 6.897794 -0.383913
v 0.447891 6.973702 -0.524104
v 0.467888 6.907036 -0.479399
v 0.516136 6.901712 -0.533284
v 0.474124 6.851809 -0.511001
v 0.589405 6.826188 -0.547197
v 0.608848 6.794271 -0.506645
v 0.670098 6.815256 -0.660724
v 0.639747 6.787686 -0.655306
v 0.604415 6.761993 -0.796119
v 0.607536 6.741076 -0.778426
v 0.521373 6.637209 -0.835624
v 0.532287 6.633393 -0.828113
v 0.522615 6.493105 -0.801349
v 0.527008 6.493375 -0.799838
v 0.519555 7.398371 -0.182380
v 0.448372 7.302922 -0.176984
v 0.468686 7.407831 -0.180097
v 0.363579 7.391548 -0.233893
v 0.499131 7.401086 -0.216594
v 0.497026 7.511339 -0.261831
v 0.626195 7.368453 -0.229414
v 0.536979 7.387361 -0.306157
v 0.486027 7.216941 -0.260007
v 0.509648 7.322668 -0.309711
v 0.490067 7.334044 -0.384174
v 0.386438 7.349696 -0.440941
v 0.612509 7.446321 -0.428903
v 0.569363 7.336255 -0.413724
v 0.651311 7.273879 -0.368636
v 0.554793 7.283214 -0.437945
v 0.657200 7.265597 -0.431027
v 0.553793 7.249744 -0.488144
v 0.698632 7.332893 -0.543587
v 0.653216 7.238044 -0.530703
v 0.590329 7.257569 -0.659830
v 0.637103 7.202372 -0.609227
v 0.540904 7.099197 -0.654062
v 0.605416 7.108236 -0.626761
v 0.615888 6.967839 -0.598499
v 0.651689 7.006404 -0.604609
v 0.764895 6.918162 -0.612402
v 0.758784 6.944173 -0.635495
v 0.837857 6.907092 -0.739824
v 0.849935 6.919965 -0.740288
v 0.818392 6.865670 -0.870405
v 0.820368 6.870862 -0.872562
v 0.731408 7.768081 0.314504
v 0.741614 7.686462 0.374837
v 0.699125 7.728791 0.297736
v 0.682870 7.630114 0.277622
v 0.741359 7.754876 0.264953
v 0.704214 7.756050 0.169954
v 0.854526 7.787581 0.271637
v 0.828410 7.735221 0.188077
v 0.878355 7.602571 0.289529
v 0.862716 7.661471 0.207723
v 0.789977 7.561455 0.095751
v 0.828244 7.641523 0.146059
v 0.898858 7.679441 0.111761
v 0.879800 7.768043 0.064938
v 0.986431 7.696435 0.236078
v 0.955589 7.652167 0.149503
v 0.963502 7.514141 0.179360
v 0.958039 7.596104 0.118878
v 0.945560 7.525046 0.012596
v 0.982192 7.592396 0.061012
v 1.056232 7.596122 0.011518
v 1.039388 7.651877 -0.036621
v 1.154179 7.596057 0.019337
v 1.173127 7.641831 0.053977
v 1.192759 7.520781 0.022721
v 1.207853 7.515480 0.065142
v 1.251764 7.483444 -0.017335
v 1.248924 7.454678 -0.008502
v 1.308281 7.463013 -0.121805
v 1.311347 7.453265 -0.110671
v 1.304111 7.330927 -0.151754
v 1.305983 7.329668 -0.147179
v 0.385204 7.316689 -0.256177
v 0.423111 7.399046 -0.278301
v 0.418470 7.320431 -0.235491
v 0.495055 7.369527 -0.214671
v 0.428694 7.251474 -0.283666
v 0.480019 7.327954 -0.298685
v 0.386094 7.328486 -0.376432
v 0.471198 7.346412 -0.342594
v 0.443446 7.441041 -0.397045
v 0.481492 7.370583 -0.349116
v 0.489298 7.348397 -0.395853
v 0.564298 7.398850 -0.372646
v 0.494334 7.337325 -0.438124
v 0.565016 7.309411 -0.383958
v 0.471042 7.208715 -0.432693
v 0.543662 7.266830 -0.425075
v 0.631066 7.185074 -0.391514
v 0.599495 7.250305 -0.450312
v 0.645715 7.222811 -0.509455
v 0.704680 7.280068 -0.498232
v 0.654869 7.199640 -0.593031
v 0.632091 7.252609 -0.631163
v 0.622640 7.118325 -0.631782
v 0.573179 7.116141 -0.656423
v 0.691204 7.050402 -0.652665
v 0.656290 7.029254 -0.660019
v 0.699837 6.991271 -0.748368
v 0.701221 6.970540 -0.730123
v 0.806792 6.934128 -0.790755
v 0.796256 6.925219 -0.791635
v 0.849435 6.810660 -0.764186
v 0.845370 6.808809 -0.765534
v 0.027766 8.456966 0.826384
v -0.053544 8.433078 0.870993
v 0.031615 8.453140 0.873882
v 0.024843 8.403517 0.955512
v 0.061112 8.429783 0.822092
v 0.144692 8.398892 0.857192
v 0.070936 8.509222 0.816752
v 0.151746 8.516839 0.765922
v 0.045836 8.599362 0.818390
v 0.127614 8.573563 0.861038
v 0.024208 8.586309 0.917789
v 0.119072 8.584589 0.904758
v 0.074657 8.560764 1.017783
v 0.138409 8.590686 0.952881
v 0.190611 8.538923 1.048542
v 0.171945 8.591665 0.970813
v 0.300074 8.605475 0.977396
v 0.207796 8.630954 0.980134
v 0.230207 8.730490 0.903672
v 0.211041 8.699602 0.980650
v 0.136873 8.731496 0.989697
v 0.202058 8.710568 1.008284
v 0.209606 8.739100 1.002799
v 0.191356 8.716544 1.051575
v 0.305410 8.721684 1.035714
v 0.265864 8.724658 1.051174
v 0.245347 8.676777 1.143901
v 0.232816 8.693186 1.124434
v 0.148223 8.749565 1.155131
v 0.160102 8.752428 1.147921
v 0.179561 8.845370 1.103127
v 0.184192 8.844291 1.103690
v -0.441996 8.217405 1.003154
v -0.458121 8.281467 0.917923
v -0.510333 8.231807 1.016075
v -0.564215 8.248714 0.924211
v -0.476342 8.329418 1.053359
v -0.542595 8.344827 0.969685
v -0.401051 8.422501 0.932767
v -0.492609 8.366732 0.921145
v -0.493031 8.405634 0.771160
v -0.520170 8.342112 0.853964
v -0.611492 8.374185 0.826467
v -0.548618 8.380775 0.913826
v -0.616098 8.447098 0.826277
v -0.585966 8.418776 0.925866
v -0.528425 8.551694 0.882538
v -0.595964 8.479431 0.925486
v -0.535061 8.498145 1.050230
v -0.615516 8.484707 0.979699
v -0.661060 8.385274 1.073094
v -0.660923 8.445475 0.998505
v -0.767443 8.386361 0.955056
v -0.714726 8.446339 0.953076
v -0.783328 8.509349 0.962860
v -0.789765 8.535377 0.904855
v -0.805490 8.573837 1.039029
v -0.771550 8.607547 1.036095
v -0.783464 8.521239 1.132921
v -0.759304 8.529281 1.152221
v -0.810921 8.411576 1.134001
v -0.808165 8.402466 1.146831
v -0.910300 8.387584 1.071717
v -0.911396 8.383269 1.074758
v 0.555618 7.485967 -0.088771
v 0.572369 7.590891 -0.110044
v 0.679430 7.503035 -0.091525
v 0.613002 7.534634 -0.171092
v 0.681303 7.598560 -0.102071
v 0.622457 7.655320 -0.173187
v 0.665685 7.617295 -0.052973
v 0.696550 7.718476 -0.029481
v 0.744983 7.548192 -0.030240
v 0.709960 7.625378 -0.097752
v 0.751728 7.573899 -0.108655
v 0.687451 7.608960 -0.188538
v 0.764822 7.517898 -0.108854
v 0.709519 7.428319 -0.134531
v 0.837270 7.516900 -0.098749
v 0.868438 7.450077 -0.019344
v 0.957263 7.601860 -0.103682
v 0.909186 7.516040 -0.149132
v 0.916370 7.583147 -0.279296
v 0.940649 7.505246 -0.228114
v 0.866456 7.429700 -0.334126
v 0.920137 7.429568 -0.274451
v 0.906462 7.288491 -0.261141
v 0.944667 7.336421 -0.241995
v 1.049477 7.246718 -0.202968
v 1.053175 7.288866 -0.225973
v 1.166016 7.255324 -0.293425
v 1.180977 7.283247 -0.288197
v 1.197016 7.223945 -0.424105
v 1.195207 7.236759 -0.433604
v 1.155545 7.111002 -0.496634
v 1.153710 7.114063 -0.500710
v -0.539294 7.886339 1.166235
v -0.481569 7.967421 1.188560
v -0.541638 7.917629 1.147189
v -0.547993 8.012142 1.109352
v -0.545373 7.881060 1.134420
v -0.615054 7.900068 1.062392
v -0.620556 7.798122 1.187896
v -0.625773 7.895480 1.157913
v -0.693645 7.895017 1.208907
v -0.627684 7.959128 1.252995
v -0.717261 7.925231 1.171949
v -0.733742 8.013518 1.123591
v -0.797776 7.833326 1.108248
v -0.736467 7.882338 1.173393
v -0.759486 7.891221 1.234281
v -0.727036 7.804664 1.277407
v -0.769986 7.969906 1.316727
v -0.819025 7.885611 1.286822
v -0.908530 7.958591 1.259022
v -0.876850 7.890757 1.310168
v -0.965524 7.835530 1.245277
v -0.917348 7.841228 1.303205
v -0.942087 7.732039 1.318617
v -0.917655 7.780317 1.345562
v -0.934098 7.725663 1.443092
v -0.945996 7.767791 1.431305
v -1.024951 7.762193 1.501118
v -1.022414 7.792257 1.502893
v -1.129249 7.754035 1.494193
v -1.135599 7.765596 1.486819
v -1.186291 7.666353 1.473081
v -1.189221 7.668811 1.469706
v 0.218178 8.243197 1.150482
v 0.149222 8.305168 1.119268
v 0.114149 8.182254 1.228743
v 0.099860 8.263529 1.176207
v 0.042393 8.323925 1.281587
v 0.127641 8.356841 1.246671
v -0.002159 8.401218 1.219221
v 0.043482 8.462016 1.157656
v -0.079292 8.394960 1.222006
v -0.145601 8.441127 1.166856
v -0.118398 8.362529 1.298372
v -0.048174 8.418627 1.259753
v -0.050558 8.405164 1.326344
v -0.093197 8.469873 1.266640
v -0.051500 8.447133 1.341239
v 0.020069 8.497835 1.297916
v -0.016011 8.420762 1.400126
v -0.059968 8.487807 1.344067
v -0.094490 8.460116 1.421314
v -0.175893 8.477015 1.395836
v -0.064872 8.390823 1.453309
v -0.107801 8.339904 1.481862
v 0.010101 8.415529 1.511563
v 0.045120 8.376037 1.535534
v 0.032318 8.537205 1.559183
v 0.008979 8.507677 1.580948
v -0.115512 8.566238 1.586033
v -0.102982 8.545807 1.602334
v -0.189204 8.446891 1.631045
v -0.174846 8.448005 1.632668
v -0.108983 8.361770 1.707120
v -0.105001 8.364428 1.706122
v -0.369650 7.209316 -0.267354
v -0.296772 7.150651 -0.255328
v -0.391005 7.178789 -0.213730
v -0.361221 7.104264 -0.164170
v -0.396402 7.252031 -0.170676
v -0.441761 7.205233 -0.102487
v -0.483792 7.291038 -0.216261
v -0.554324 7.279122 -0.154775
v -0.540306 7.282584 -0.308855
v -0.554076 7.208911 -0.251583
v -0.477510 7.200374 -0.343248
v -0.541450 7.169078 -0.281366
v -0.462709 7.090422 -0.322403
v -0.547348 7.119968 -0.293070
v -0.524803 7.001956 -0.271392
v -0.577933 7.074516 -0.299843
v -0.654034 6.987626 -0.244922
v -0.629797 7.043241 -0.317149
v -0.692151 6.999297 -0.346010
v -0.748409 7.061279 -0.350828
v -0.660896 6.973442 -0.441239
v -0.708765 6.958392 -0.392618
v -0.708076 6.878360 -0.423176
v -0.749188 6.873739 -0.385588
v -0.684508 6.779858 -0.457924
v -0.686775 6.751741 -0.426911
v -0.679545 6.702067 -0.569312
v -0.702742 6.695984 -0.554960
v -0.785611 6.652690 -0.655852
v -0.782508 6.641855 -0.647591
v -0.897542 6.571916 -0.655036
v -0.895098 6.568304 -0.653242
v -0.548461 8.120301 1.001592
v -0.476912 8.094879 1.085781
v -0.492818 8.231898 1.050966
v -0.537167 8.133508 1.085689
v -0.636055 8.168022 1.038917
v -0.563489 8.152551 1.124638
v -0.650093 8.040240 1.115689
v -0.574494 8.118162 1.148342
v -0.545683 8.005582 1.230370
v -0.549004 8.108555 1.183056
v -0.459044 8.135801 1.289235
v -0.551135 8.143837 1.223600
v -0.545305 8.277377 1.239295
v -0.588278 8.177177 1.270383
v -0.699364 8.234734 1.204146
v -0.643836 8.181040 1.287133
v -0.748605 8.091951 1.247914
v -0.662409 8.140235 1.303521
v -0.692067 8.050749 1.350362
v -0.656255 8.144419 1.340409
v -0.713843 8.087477 1.396817
v -0.692811 8.166961 1.379716
v -0.820680 8.120886 1.365815
v -0.773853 8.155445 1.399377
v -0.821638 8.163093 1.479544
v -0.800486 8.208740 1.476740
v -0.801633 8.138198 1.572063
v -0.775256 8.154062 1.585516
v -0.802353 8.045336 1.612255
v -0.789827 8.040638 1.622411
v -0.874362 7.969167 1.598670
v -0.871393 7.965456 1.601759
v -0.175239 8.266264 -0.074429
v -0.154078 8.196278 -0.135847
v -0.216371 8.222095 -0.049930
v -0.246094 8.144333 -0.096701
v -0.306412 8.302950 -0.063909
v -0.268404 8.241208 -0.126048
v -0.310008 8.283206 -0.203927
v -0.220186 8.314141 -0.213576
v -0.307383 8.207002 -0.235961
v -0.241947 8.159397 -0.286657
v -0.339637 8.261049 -0.223208
v -0.360832 8.178126 -0.265547
v -0.378587 8.266853 -0.268216
v -0.379165 8.184863 -0.317159
v -0.486574 8.258839 -0.269913
v -0.408669 8.243931 -0.323079
v -0.379565 8.377915 -0.328317
v -0.411684 8.297678 -0.368919
v -0.301612 8.283012 -0.438229
v -0.382394 8.267902 -0.417005
v -0.375236 8.153308 -0.470622
v -0.410650 8.202357 -0.433973
v -0.517871 8.148628 -0.458891
v -0.498023 8.200154 -0.446521
v -0.561363 8.246186 -0.521207
v -0.581222 8.273905 -0.495941
v -0.542974 8.294323 -0.620106
v -0.527030 8.317379 -0.616274
v -0.492635 8.232716 -0.705555
v -0.479428 8.235633 -0.709700
v -0.534038 8.124256 -0.735714
v -0.529919 8.123103 -0.737834
v 0.621897 7.315786 0.034613
v 0.563276 7.316036 -0.035049
v 0.698375 7.348154 -0.039986
v 0.632657 7.302222 -0.083123
v 0.634913 7.420649 -0.084776
v 0.566111 7.399781 -0.140636
v 0.607937 7.488436 -0.012054
v 0.575234 7.547623 -0.073020
v 0.714494 7.514405 -0.012608
v 0.663587 7.535383 -0.085119
v 0.714632 7.518526 -0.090233
v 0.698650 7.597093 -0.133374
v 0.713230 7.439788 -0.171328
v 0.763724 7.510523 -0.144195
v 0.835656 7.415901 -0.051999
v 0.829385 7.492713 -0.100475
v 0.957459 7.547290 -0.064777
v 0.906495 7.510435 -0.130609
v 0.953923 7.589962 -0.238304
v 0.956937 7.513050 -0.213303
v 0.895521 7.467340 -0.340762
v 0.934810 7.447671 -0.289597
v 0.897523 7.308001 -0.295720
v 0.933725 7.338761 -0.270144
v 1.018457 7.233819 -0.218245
v 1.029901 7.271413 -0.227896
v 1.156566 7.243684 -0.276322
v 1.173033 7.258678 -0.261098
v 1.213836 7.225984 -0.405055
v 1.214313 7.237957 -0.411247
v 1.173111 7.127257 -0.503087
v 1.172198 7.130494 -0.506154
v -0.030972 8.359857 0.045192
v -0.128813 8.333532 0.028160
v -0.061989 8.390199 0.058698
v -0.144794 8.412847 0.115146
v -0.022219 8.350983 0.085514
v 0.003523 8.402029 0.170881
v 0.095342 8.384322 0.007482
v 0.021251 8.429845 0.062202
v 0.023779 8.513350 0.016560
v -0.072818 8.491920 -0.011112
v 0.020739 8.523557 0.089870
v -0.020576 8.563096 0.175226
v 0.079530 8.524670 0.033416
v 0.165913 8.541012 0.086585
v 0.066938 8.558384 -0.021874
v 0.053744 8.609755 0.066120
v 0.083764 8.589214 -0.032717
v 0.027497 8.634804 0.040163
v -0.027584 8.586720 -0.075660
v 0.019137 8.628831 -0.009446
v 0.016796 8.691130 -0.052664
v -0.008576 8.725493 0.010323
v 0.086965 8.715388 -0.080735
v 0.129469 8.733493 -0.041081
v 0.106790 8.639913 -0.111706
v 0.147666 8.624612 -0.125127
v 0.028666 8.609836 -0.145108
v 0.031878 8.591258 -0.169009
v -0.027831 8.695203 -0.182256
v -0.014874 8.690699 -0.188854
v 0.057619 8.764554 -0.211121
v 0.058789 8.761630 -0.215179
v -0.674372 7.613141 0.057877
v -0.600873 7.535886 -0.011945
v -0.634143 7.580302 0.089593
v -0.605527 7.458809 0.115406
v -0.684348 7.612096 0.094608
v -0.725693 7.558580 0.202646
v -0.802715 7.663797 0.065075
v -0.790275 7.538619 0.085602
v -0.790958 7.589561 -0.052048
v -0.828540 7.509541 0.039768
v -0.747256 7.475568 -0.085058
v -0.816776 7.467382 0.021458
v -0.748679 7.348194 -0.036245
v -0.825984 7.426336 0.028281
v -0.823349 7.277685 0.070407
v -0.866360 7.394555 0.043257
v -0.960825 7.327450 0.153824
v -0.932768 7.376481 0.039568
v -1.069971 7.447804 0.060474
v -1.019128 7.358553 0.012669
v -1.068515 7.421836 -0.119291
v -1.071640 7.344247 -0.065588
v -1.023376 7.270148 -0.194622
v -1.060525 7.261039 -0.129492
v -1.030791 7.112391 -0.128854
v -1.066852 7.147308 -0.102597
v -1.143794 7.042957 -0.030239
v -1.157258 7.075667 -0.043469
v -1.293856 7.052935 -0.055307
v -1.302759 7.056816 -0.039114
v -1.385423 7.039300 -0.163831
v -1.388934 7.044166 -0.161684
v -0.697798 7.947808 0.777830
v -0.637076 7.999714 0.867445
v -0.650936 7.962559 0.749674
v -0.592582 8.059093 0.790762
v -0.725263 8.000097 0.676367
v -0.670700 8.077434 0.750219
v -0.757734 8.134320 0.719268
v -0.749724 8.072744 0.822013
v -0.711479 8.174937 0.747265
v -0.654260 8.193307 0.851193
v -0.783058 8.163522 0.754819
v -0.722296 8.266674 0.745865
v -0.811604 8.188760 0.771660
v -0.745302 8.288250 0.782529
v -0.825695 8.218586 0.791473
v -0.764939 8.248630 0.890561
v -0.850445 8.217883 0.799136
v -0.857435 8.134647 0.885365
v -0.896535 8.223668 0.791714
v -0.946767 8.133739 0.763839
v -0.963836 8.291207 0.737520
v -0.975030 8.234358 0.804981
v -0.985960 8.321921 0.878283
v -1.024801 8.270744 0.847732
v -1.027480 8.218075 0.955813
v -1.047266 8.219825 0.906292
v -1.096347 8.121712 0.904358
v -1.094496 8.149517 0.882251
v -1.189563 8.145252 0.832151
v -1.182628 8.160306 0.838600
v -1.261570 8.221860 0.869883
v -1.260711 8.219762 0.875441
v -0.347910 8.346939 0.941862
v -0.396759 8.268534 0.996310
v -0.356517 8.386151 0.997254
v -0.372775 8.310209 1.071190
v -0.305280 8.364900 0.988390
v -0.245370 8.322993 1.066830
v -0.282336 8.384803 0.939341
v -0.181135 8.397981 0.972250
v -0.301666 8.449001 0.937126
v -0.213274 8.499753 0.903819
v -0.352207 8.537855 0.916784
v -0.274713 8.526460 0.990017
v -0.394869 8.505811 1.015297
v -0.294888 8.543001 1.026206
v -0.341541 8.472966 1.130603
v -0.299135 8.544290 1.062684
v -0.348254 8.551395 1.103241
v -0.249599 8.592737 1.095742
v -0.372815 8.548084 1.143525
v -0.323481 8.609085 1.089395
v -0.366508 8.637092 1.138565
v -0.407181 8.662353 1.075187
v -0.360206 8.691198 1.180032
v -0.320229 8.728085 1.147184
v -0.323623 8.673163 1.241324
v -0.277466 8.683638 1.246899
v -0.340014 8.607402 1.276057
v -0.320912 8.594564 1.297960
v -0.419128 8.581443 1.283221
v -0.421856 8.569930 1.293821
v -0.487561 8.640798 1.286403
v -0.490945 8.637157 1.288411
v 0.211619 8.095542 1.291635
v 0.326690 8.088598 1.254648
v 0.241390 8.213354 1.283173
v 0.319066 8.122737 1.303487
v 0.338007 8.223798 1.238697
v 0.405505 8.125747 1.260779
v 0.318617 8.214294 1.169613
v 0.428051 8.184690 1.127124
v 0.294022 8.272893 1.140442
v 0.394810 8.283356 1.074186
v 0.299112 8.345978 1.165254
v 0.383240 8.380619 1.085378
v 0.306162 8.421043 1.206559
v 0.417838 8.405663 1.162403
v 0.357541 8.377297 1.297177
v 0.439168 8.419358 1.218275
v 0.453235 8.336063 1.305981
v 0.461488 8.426807 1.226263
v 0.442751 8.410185 1.319345
v 0.528563 8.422904 1.255659
v 0.497573 8.454165 1.351850
v 0.475102 8.525023 1.301682
v 0.569374 8.467869 1.357533
v 0.611127 8.493675 1.305206
v 0.594650 8.406978 1.388928
v 0.639378 8.379156 1.377941
v 0.558424 8.394365 1.463370
v 0.564188 8.363213 1.480197
v 0.552370 8.469205 1.534984
v 0.567073 8.458971 1.534094
v 0.654134 8.509495 1.546797
v 0.656094 8.504341 1.549294
v 0.644724 8.131008 0.662716
v 0.603808 8.133068 0.775657
v 0.705541 8.172411 0.694678
v 0.700349 8.115334 0.800269
v 0.644322 8.279665 0.737218
v 0.671931 8.195912 0.818811
v 0.550028 8.261334 0.882741
v 0.634088 8.182895 0.847878
v 0.677423 8.234010 0.845764
v 0.665233 8.165964 0.944026
v 0.773584 8.215154 0.839379
v 0.706672 8.240502 0.935891
v 0.775288 8.076261 0.984143
v 0.735645 8.186691 0.958301
v 0.775468 8.238838 1.003613
v 0.690878 8.283165 1.076509
v 0.834243 8.344478 0.920924
v 0.842584 8.260255 1.006195
v 0.937413 8.187571 0.927227
v 0.877819 8.222825 1.008532
v 0.908639 8.109625 1.075703
v 0.878980 8.192677 1.063755
v 0.870194 8.221428 1.187762
v 0.908858 8.230818 1.128722
v 0.981661 8.285115 1.155979
v 0.965847 8.332995 1.138411
v 1.065825 8.257309 1.111464
v 1.077483 8.269398 1.080077
v 1.085834 8.156196 1.134310
v 1.095548 8.144727 1.124776
v 1.065792 8.137940 1.245291
v 1.068003 8.132362 1.245008
v -0.556745 8.240901 0.420169
v -0.501981 8.286735 0.368653
v -0.585557 8.252775 0.384241
v -0.557193 8.258958 0.301108
v -0.579360 8.206149 0.397072
v -0.606511 8.149287 0.335564
v -0.623551 8.218117 0.430467
v -0.671974 8.149112 0.455907
v -0.663405 8.303111 0.453243
v -0.710788 8.236502 0.420505
v -0.691246 8.304967 0.311826
v -0.738666 8.258542 0.369704
v -0.772010 8.233782 0.305320
v -0.773164 8.257993 0.389973
v -0.801558 8.272070 0.298301
v -0.815975 8.276036 0.385077
v -0.810962 8.381687 0.334722
v -0.861402 8.309644 0.330321
v -0.899578 8.354332 0.428415
v -0.911559 8.323049 0.357674
v -0.961119 8.252706 0.416065
v -0.940998 8.277445 0.359166
v -0.994295 8.288077 0.366023
v -0.987593 8.285067 0.314362
v -1.035154 8.305261 0.377719
v -1.046752 8.268379 0.371656
v -1.105667 8.331991 0.338981
v -1.116835 8.314594 0.354897
v -1.148016 8.272045 0.274511
v -1.151617 8.269240 0.286731
v -1.171452 8.182269 0.294720
v -1.171865 8.183164 0.299011
v 0.598163 8.083747 0.151255
v 0.621798 8.001843 0.124830
v 0.559479 8.081743 0.023595
v 0.616685 8.046168 0.082136
v 0.698365 8.066714 0.054813
v 0.701120 8.132599 0.114953
v 0.730365 7.995267 0.083519
v 0.771487 7.990872 0.162606
v 0.720626 7.947808 0.040458
v 0.754468 7.870243 0.068806
v 0.733617 7.958227 -0.024743
v 0.718374 7.882059 -0.068689
v 0.755023 8.000551 -0.065839
v 0.698174 8.000590 -0.134639
v 0.788409 8.054997 -0.070961
v 0.742490 8.129723 -0.087476
v 0.856267 8.072531 -0.040342
v 0.867498 8.135179 0.022222
v 0.902110 7.998495 -0.030228
v 0.942818 7.970220 0.031714
v 0.884114 7.951721 -0.108593
v 0.893213 7.886420 -0.113429
v 0.898039 8.005951 -0.240672
v 0.931914 7.993568 -0.201990
v 1.049676 8.039858 -0.216740
v 1.050819 8.075575 -0.199524
v 1.142845 7.956372 -0.162648
v 1.155152 7.960499 -0.139610
v 1.139959 7.826391 -0.218157
v 1.144660 7.815859 -0.211693
v 1.143938 7.827407 -0.364599
v 1.144141 7.822951 -0.364717
v -0.659683 8.002536 0.266922
v -0.693761 7.925974 0.297491
v -0.720528 8.038492 0.290095
v -0.755380 7.966847 0.330218
v -0.680214 8.045340 0.348565
v -0.704275 8.018248 0.430079
v -0.629902 8.094799 0.336917
v -0.627329 8.127244 0.419972
v -0.665957 8.155944 0.301534
v -0.634151 8.222709 0.351416
v -0.730812 8.192981 0.264164
v -0.724456 8.235962 0.342072
v -0.801405 8.153003 0.318207
v -0.768113 8.226498 0.356254
v -0.869013 8.187645 0.419947
v -0.827526 8.252760 0.375266
v -0.865415 8.316959 0.463639
v -0.876156 8.288175 0.379892
v -0.870135 8.401684 0.347086
v -0.916081 8.337800 0.356835
v -0.929558 8.336933 0.240050
v -0.952765 8.323176 0.300369
v -0.984325 8.224607 0.269474
v -0.975807 8.258567 0.309078
v -1.029513 8.209645 0.374134
v -1.012972 8.245605 0.376405
v -1.102162 8.277513 0.408468
v -1.087615 8.296903 0.397933
v -1.165920 8.307230 0.338260
v -1.160305 8.316700 0.330950
v -1.194699 8.241929 0.271756
v -1.193051 8.244348 0.268391
v -0.123280 7.820552 -0.345921
v -0.108428 7.926459 -0.332385
v 0.006248 7.816445 -0.401415
v -0.032841 7.915991 -0.387903
v 0.105104 7.913644 -0.405700
v 0.037659 7.996631 -0.392117
v 0.176539 7.952319 -0.370054
v 0.147862 8.053337 -0.345705
v 0.235584 7.959407 -0.415767
v 0.272276 8.053641 -0.378435
v 0.247443 7.967151 -0.461584
v 0.341859 8.002360 -0.423295
v 0.270128 7.991534 -0.484688
v 0.345433 7.914792 -0.476954
v 0.274113 7.997105 -0.530224
v 0.255494 7.893704 -0.554340
v 0.238319 8.037066 -0.598737
v 0.288769 7.942190 -0.607295
v 0.179262 7.939712 -0.670250
v 0.273213 7.931633 -0.653246
v 0.240826 7.826512 -0.693683
v 0.292963 7.884578 -0.676772
v 0.354226 7.804016 -0.718435
v 0.355770 7.867684 -0.713489
v 0.348805 7.855410 -0.795615
v 0.394951 7.867367 -0.790827
v 0.358653 7.834220 -0.858859
v 0.385385 7.817964 -0.852435
v 0.335363 7.765663 -0.915050
v 0.341190 7.750852 -0.913743
v 0.323241 7.794629 -1.009501
v 0.319787 7.790579 -1.010351
v -0.297648 8.418601 0.340472
v -0.189144 8.464244 0.376913
v -0.253260 8.416537 0.239783
v -0.183344 8.466247 0.328243
v -0.279785 8.532861 0.332291
v -0.182218 8.542027 0.257582
v -0.174363 8.577032 0.432887
v -0.150372 8.563166 0.312817
v 0.003663 8.533720 0.355368
v -0.108985 8.515944 0.308686
v -0.096387 8.583144 0.267671
v -0.090723 8.542304 0.151548
v -0.217929 8.631946 0.310492
v -0.104101 8.641535 0.264277
v -0.037645 8.719600 0.385758
v -0.077376 8.696749 0.271373
v 0.034268 8.728667 0.201293
v -0.082438 8.736809 0.239997
v -0.112270 8.708797 0.118693
v -0.105114 8.744466 0.222009
v -0.226087 8.743116 0.212365
v -0.140798 8.765240 0.236196
v -0.163883 8.815280 0.209237
v -0.145131 8.834218 0.277222
v -0.107745 8.817005 0.184813
v -0.159785 8.815362 0.201800
v -0.163497 8.768486 0.161794
v -0.197733 8.759396 0.152941
v -0.098266 8.776438 0.112465
v -0.100203 8.769723 0.095601
v -0.076455 8.869644 0.105371
v -0.072053 8.868467 0.101225
v -0.383215 8.238748 0.024764
v -0.340481 8.312475 0.076595
v -0.342398 8.253313 -0.001718
v -0.254423 8.300208 -0.004799
v -0.354530 8.189770 -0.013015
v -0.275555 8.173609 -0.071751
v -0.411428 8.216024 -0.080297
v -0.383575 8.139811 -0.138296
v -0.433189 8.274471 -0.135958
v -0.404964 8.206578 -0.203353
v -0.360264 8.329705 -0.196829
v -0.405356 8.248751 -0.233725
v -0.329393 8.276052 -0.301037
v -0.421837 8.260760 -0.266855
v -0.370831 8.246731 -0.336610
v -0.453750 8.263695 -0.283838
v -0.399233 8.219555 -0.349898
v -0.470078 8.149347 -0.349556
v -0.387834 8.240429 -0.393353
v -0.346671 8.178061 -0.441063
v -0.377053 8.330040 -0.451138
v -0.408215 8.267168 -0.474257
v -0.503456 8.304295 -0.467794
v -0.462556 8.278693 -0.501929
v -0.513383 8.230273 -0.541449
v -0.477348 8.255573 -0.546602
v -0.480670 8.235171 -0.632750
v -0.453022 8.239621 -0.642191
v -0.525259 8.146760 -0.664268
v -0.517358 8.136417 -0.671264
v -0.633060 8.147966 -0.688595
v -0.632911 8.143260 -0.690239
v 0.197410 7.969919 -0.284244
v 0.200838 8.086028 -0.241029
v 0.254324 7.997694 -0.325762
v 0.329102 8.078699 -0.269132
v 0.255857 7.944586 -0.283666
v 0.367921 7.906717 -0.246681
v 0.231996 7.897721 -0.343805
v 0.248259 7.775109 -0.351697
v 0.119671 7.921541 -0.466945
v 0.241503 7.919450 -0.444295
v 0.251937 8.093685 -0.446761
v 0.277148 7.975623 -0.474798
v 0.445619 7.986093 -0.438116
v 0.339136 7.949301 -0.489770
v 0.388331 7.790180 -0.502123
v 0.321089 7.893309 -0.516381
v 0.213070 7.809592 -0.595733
v 0.285660 7.906516 -0.569337
v 0.203306 7.990124 -0.654429
v 0.294365 7.928704 -0.645911
v 0.369095 8.048720 -0.681114
v 0.349381 7.962444 -0.705527
v 0.495623 7.938847 -0.695556
v 0.431873 7.915341 -0.723441
v 0.477757 7.781344 -0.731373
v 0.434499 7.812081 -0.746142
v 0.369871 7.719866 -0.824606
v 0.368072 7.756534 -0.825434
v 0.321231 7.785075 -0.949596
v 0.339066 7.786560 -0.945492
v 0.406646 7.851053 -1.038877
v 0.411085 7.846825 -1.037970
v 0.512266 8.290369 0.779537
v 0.456854 8.270725 0.890751
v 0.580141 8.236059 0.806986
v 0.525990 8.254250 0.919065
v 0.578604 8.369859 0.809273
v 0.560065 8.317974 0.922363
v 0.447813 8.433790 0.894128
v 0.523093 8.345208 0.942204
v 0.404292 8.332253 1.045739
v 0.505556 8.316789 0.972722
v 0.559013 8.216428 1.082506
v 0.551275 8.311363 1.000332
v 0.705086 8.307654 0.968878
v 0.610106 8.359855 1.032746
v 0.631083 8.486922 0.951521
v 0.631563 8.413282 1.053512
v 0.528749 8.514883 1.107563
v 0.629302 8.439501 1.101932
v 0.578644 8.389568 1.231096
v 0.639781 8.424003 1.144031
v 0.712315 8.394691 1.179924
v 0.666939 8.470179 1.149499
v 0.723491 8.448453 1.230139
v 0.674470 8.503989 1.221782
v 0.791057 8.507982 1.227203
v 0.788867 8.546775 1.187001
v 0.860174 8.444403 1.201975
v 0.882106 8.446620 1.171919
v 0.870603 8.359096 1.259904
v 0.883299 8.346191 1.255475
v 0.856722 8.372146 1.370654
v 0.859431 8.366613 1.371919
v 0.703929 7.924303 0.757921
v 0.665169 7.994081 0.800659
v 0.750347 7.922906 0.819509
v 0.727348 8.010266 0.813417
v 0.783512 7.945475 0.710228
v 0.748028 8.009739 0.763226
v 0.733441 8.061198 0.661301
v 0.717183 8.041340 0.748129
v 0.700024 8.153185 0.737690
v 0.724672 8.076190 0.778460
v 0.768843 8.126913 0.753589
v 0.752485 8.093788 0.836251
v 0.799345 8.148882 0.747332
v 0.810489 8.080287 0.805370
v 0.909915 8.074256 0.695047
v 0.881019 8.092234 0.778950
v 0.927739 8.000685 0.833213
v 0.902611 8.087343 0.825679
v 0.963138 8.085207 0.857257
v 0.924011 8.134456 0.907466
v 1.016466 8.117439 0.811741
v 1.003615 8.094515 0.873446
v 1.044187 8.049528 0.851867
v 1.033334 8.026866 0.899275
v 1.125865 8.048679 0.834590
v 1.136053 8.009800 0.832597
v 1.213722 8.097523 0.877608
v 1.219543 8.071664 0.881744
v 1.240265 8.084248 0.992505
v 1.245727 8.074348 0.985288
v 1.254510 7.985901 1.047590
v 1.256442 7.983977 1.043975
v 0.530388 8.210845 0.226283
v 0.520383 8.268279 0.329121
v 0.604448 8.208109 0.241601
v 0.627465 8.227014 0.356000
v 0.563925 8.134444 0.251381
v 0.629486 8.065427 0.321471
v 0.562323 8.111640 0.160193
v 0.622707 8.010880 0.173447
v 0.628514 8.152690 0.114585
v 0.672820 8.059139 0.057491
v 0.692618 8.226194 0.081947
v 0.751786 8.123869 0.080131
v 0.786746 8.211942 0.164740
v 0.773138 8.148347 0.066023
v 0.860239 8.113203 0.140532
v 0.797469 8.150704 0.047645
v 0.871566 8.099087 0.072304
v 0.835463 8.046970 -0.027469
v 0.918127 8.097568 0.094050
v 0.953726 7.999200 0.103942
v 1.019809 8.157287 0.155272
v 1.003571 8.122079 0.076758
v 1.024318 8.230402 0.006389
v 1.054787 8.167735 0.013596
v 1.020023 8.133942 -0.113173
v 1.048968 8.119650 -0.071720
v 1.072432 7.998199 -0.093870
v 1.080658 8.020899 -0.068495
v 1.188506 7.984717 -0.020208
v 1.183668 8.001219 -0.023523
v 1.278229 8.074471 -0.045016
v 1.275697 8.075639 -0.050228
v 0.729095 7.569257 0.291480
v 0.756861 7.590991 0.401986
v 0.724565 7.541919 0.327026
v 0.711936 7.461545 0.409702
v 0.726540 7.544648 0.278348
v 0.677674 7.447139 0.238861
v 0.828528 7.570699 0.231237
v 0.787106 7.467838 0.197196
v 0.839393 7.441888 0.308742
v 0.810633 7.454673 0.197098
v 0.837785 7.402326 0.253191
v 0.801269 7.411565 0.143482
v 0.848590 7.357784 0.253191
v 0.789601 7.259949 0.233105
v 0.956808 7.303481 0.350952
v 0.938248 7.316740 0.237221
v 1.012235 7.291900 0.213252
v 1.054130 7.400056 0.211820
v 1.037474 7.255044 0.154749
v 1.021368 7.296813 0.061868
v 1.034628 7.175250 0.155645
v 0.986905 7.127736 0.102282
v 1.100363 7.125429 0.209065
v 1.069958 7.066787 0.228079
v 1.178837 7.094386 0.139085
v 1.167927 7.057752 0.173679
v 1.196099 6.990263 0.116827
v 1.183277 6.962737 0.132924
v 1.280490 6.958070 0.027592
v 1.282537 6.952045 0.043554
v 1.411809 6.944353 0.081893
v 1.410163 6.939819 0.085112
v -0.224387 8.236081 -0.091943
v -0.318570 8.262037 -0.022832
v -0.206982 8.291920 -0.077013
v -0.259307 8.353041 0.011569
v -0.158853 8.252156 -0.046383
v -0.115627 8.334048 0.029418
v -0.097157 8.237385 -0.108854
v -0.024439 8.311505 -0.049365
v -0.091727 8.320236 -0.154503
v 0.025375 8.295594 -0.153786
v -0.080507 8.313370 -0.225801
v -0.007676 8.387505 -0.166470
v -0.123120 8.375685 -0.240923
v -0.021012 8.426774 -0.205084
v -0.145362 8.461163 -0.201252
v -0.030890 8.444353 -0.231818
v -0.063953 8.561401 -0.184829
v -0.047787 8.480606 -0.271612
v 0.063410 8.558333 -0.241234
v -0.010516 8.505992 -0.297004
v 0.099018 8.454343 -0.325344
v 0.012299 8.470716 -0.317015
v 0.010534 8.386987 -0.386345
v -0.021839 8.437035 -0.347925
v -0.091288 8.435833 -0.429960
v -0.057773 8.469895 -0.406609
v -0.054576 8.520145 -0.482257
v -0.059259 8.547361 -0.460018
v 0.024944 8.543866 -0.519061
v 0.035183 8.555084 -0.509916
v 0.078371 8.476797 -0.558075
v 0.083456 8.479199 -0.556032
v 0.303300 8.203150 1.151772
v 0.220383 8.284553 1.122758
v 0.269904 8.210928 1.259700
v 0.212061 8.305145 1.213646
v 0.174016 8.187658 1.274540
v 0.078502 8.255106 1.248628
v 0.163232 8.123212 1.315749
v 0.052595 8.088046 1.345185
v 0.248907 8.079765 1.431824
v 0.157225 8.156139 1.421590
v 0.171872 8.186295 1.463762
v 0.228627 8.274661 1.406196
v 0.149909 8.196611 1.499669
v 0.047702 8.256238 1.481182
v 0.160705 8.171750 1.527799
v 0.082729 8.089603 1.566722
v 0.179919 8.193031 1.576417
v 0.266423 8.111163 1.588991
v 0.237274 8.292037 1.608532
v 0.202442 8.202609 1.654603
v 0.098135 8.274264 1.692674
v 0.167604 8.221000 1.707072
v 0.087877 8.129977 1.742929
v 0.150942 8.158726 1.727656
v 0.212171 8.071627 1.762696
v 0.217687 8.122404 1.747713
v 0.263215 8.143709 1.832184
v 0.289353 8.164603 1.820372
v 0.222826 8.176656 1.917014
v 0.213033 8.191157 1.914077
v 0.160742 8.099142 1.956654
v 0.155818 8.102538 1.956371
v -0.108581 7.752018 -0.379535
v -0.047239 7.644445 -0.378637
v -0.172179 7.714820 -0.356713
v -0.130442 7.598350 -0.351368
v -0.161359 7.718102 -0.460729
v -0.194379 7.600030 -0.443282
v -0.063086 7.652257 -0.527519
v -0.170108 7.593133 -0.507862
v -0.081408 7.520492 -0.498583
v -0.179998 7.595415 -0.500087
v -0.129238 7.508198 -0.518154
v -0.244137 7.552941 -0.506665
v -0.171302 7.456294 -0.554704
v -0.217252 7.350167 -0.510417
v -0.038166 7.433203 -0.630339
v -0.159885 7.455536 -0.625704
v -0.167867 7.575250 -0.707959
v -0.191649 7.456709 -0.681157
v -0.330070 7.483117 -0.701672
v -0.228987 7.441686 -0.715193
v -0.274868 7.357170 -0.731843
v -0.206581 7.411108 -0.760865
v -0.257532 7.330711 -0.821136
v -0.253668 7.400921 -0.842134
v -0.211745 7.310334 -0.920711
v -0.170683 7.343613 -0.936063
v -0.177860 7.197886 -0.944602
v -0.141659 7.192174 -0.946410
v -0.237004 7.086855 -0.969314
v -0.227357 7.072141 -0.964115
v -0.331556 7.047507 -1.053219
v -0.331827 7.041897 -1.050612
v 0.292642 8.451610 0.642619
v 0.370446 8.401444 0.691381
v 0.337624 8.438148 0.559410
v 0.403791 8.391979 0.626029
v 0.389778 8.506300 0.641251
v 0.468725 8.469162 0.583494
v 0.445710 8.493664 0.735675
v 0.511004 8.472168 0.656793
v 0.538108 8.389545 0.772146
v 0.534943 8.425448 0.673918
v 0.653591 8.353274 0.667439
v 0.581978 8.427108 0.648262
v 0.649571 8.455155 0.541114
v 0.613686 8.474834 0.637409
v 0.567091 8.582281 0.584710
v 0.628682 8.527204 0.648902
v 0.557597 8.597086 0.735363
v 0.639554 8.548777 0.691808
v 0.650587 8.516250 0.813652
v 0.669957 8.530908 0.723874
v 0.757642 8.458523 0.749346
v 0.717602 8.511271 0.709078
v 0.797115 8.505730 0.636406
v 0.756487 8.540343 0.667961
v 0.775617 8.627170 0.620069
v 0.788585 8.608894 0.660816
v 0.779384 8.687406 0.718939
v 0.803229 8.668001 0.714941
v 0.829482 8.649413 0.806333
v 0.837067 8.646802 0.793069
v 0.903701 8.581405 0.802874
v 0.904574 8.582290 0.797792
v 0.396040 8.176512 -0.067788
v 0.480889 8.154788 -0.015787
v 0.445203 8.199229 -0.128869
v 0.525935 8.142235 -0.104179
v 0.406433 8.145678 -0.141681
v 0.446162 8.054710 -0.164525
v 0.340624 8.156085 -0.137066
v 0.319060 8.073708 -0.192962
v 0.304422 8.202203 -0.166078
v 0.262573 8.131033 -0.225734
v 0.294093 8.246520 -0.210525
v 0.242923 8.181448 -0.269877
v 0.267888 8.296848 -0.255021
v 0.279187 8.224002 -0.325314
v 0.286765 8.355545 -0.317616
v 0.330575 8.272607 -0.357331
v 0.392222 8.388895 -0.325057
v 0.373521 8.311004 -0.387975
v 0.512263 8.322238 -0.355539
v 0.443599 8.296872 -0.408828
v 0.524443 8.200360 -0.428179
v 0.460664 8.237870 -0.442948
v 0.442590 8.153479 -0.525753
v 0.425099 8.208974 -0.509695
v 0.376524 8.228301 -0.617548
v 0.411930 8.247208 -0.596610
v 0.450315 8.313653 -0.668349
v 0.436110 8.339270 -0.661075
v 0.553835 8.343403 -0.687972
v 0.558391 8.355263 -0.679828
v 0.642351 8.275866 -0.706813
v 0.645411 8.278734 -0.703923
v -0.342167 7.034186 -0.165722
v -0.355212 7.116615 -0.238446
v -0.286817 7.008824 -0.279177
v -0.392215 7.031220 -0.253820
v -0.338235 6.928534 -0.153248
v -0.395512 7.004536 -0.209786
v -0.496145 7.003001 -0.097502
v -0.433208 7.036979 -0.181988
v -0.556406 7.127058 -0.243135
v -0.471710 7.055923 -0.238675
v -0.455580 7.020844 -0.300646
v -0.401800 7.079845 -0.377327
v -0.450155 6.935358 -0.298848
v -0.349987 6.888249 -0.299583
v -0.500209 6.909105 -0.322514
v -0.520078 6.843324 -0.235731
v -0.540100 6.912459 -0.393990
v -0.515495 6.829816 -0.324577
v -0.495540 6.823008 -0.416591
v -0.432455 6.757452 -0.379116
v -0.489165 6.817073 -0.546275
v -0.531812 6.777918 -0.488210
v -0.657727 6.779866 -0.559107
v -0.617918 6.732152 -0.538093
v -0.727450 6.652694 -0.479106
v -0.683521 6.641967 -0.498487
v -0.659834 6.513460 -0.439207
v -0.646215 6.526872 -0.465860
v -0.566480 6.425908 -0.524045
v -0.574831 6.436657 -0.533192
v -0.581865 6.391982 -0.664413
v -0.586905 6.394266 -0.664545
v -0.282735 8.319952 1.015870
v -0.264517 8.265079 1.111927
v -0.280174 8.388812 1.062832
v -0.303429 8.305711 1.134408
v -0.227493 8.384110 1.100178
v -0.223261 8.302783 1.177235
v -0.195760 8.382076 1.072792
v -0.114883 8.338776 1.137242
v -0.185608 8.415387 1.056426
v -0.076206 8.415961 1.080938
v -0.207325 8.452781 1.085741
v -0.099573 8.478732 1.102645
v -0.199838 8.501442 1.109766
v -0.116975 8.462572 1.174517
v -0.206420 8.509517 1.154498
v -0.245110 8.430673 1.224187
v -0.303562 8.560533 1.139433
v -0.208045 8.544093 1.195789
v -0.188916 8.644522 1.168648
v -0.228118 8.581196 1.234864
v -0.118783 8.607349 1.262865
v -0.198277 8.584832 1.271272
v -0.147705 8.521136 1.335479
v -0.199485 8.545176 1.301494
v -0.246911 8.492589 1.361667
v -0.251350 8.528811 1.327738
v -0.325222 8.559530 1.369317
v -0.293729 8.570005 1.370709
v -0.294986 8.631722 1.417491
v -0.293730 8.643789 1.406147
v -0.233328 8.647456 1.470283
v -0.231141 8.651489 1.467062
v 0.747004 7.636994 0.342032
v 0.715523 7.662542 0.224105
v 0.836219 7.727877 0.276762
v 0.815764 7.608570 0.246795
v 0.800021 7.726119 0.180997
v 0.763956 7.621936 0.122723
v 0.728035 7.765544 0.190765
v 0.671447 7.797313 0.084280
v 0.788133 7.835134 0.206352
v 0.774188 7.956652 0.230632
v 0.901182 7.755078 0.309236
v 0.868951 7.803718 0.199028
v 0.848054 7.652219 0.094708
v 0.870580 7.768768 0.132909
v 0.924292 7.817368 0.093700
v 0.869277 7.873754 -0.002968
v 0.993627 7.833234 0.121662
v 0.992539 7.950131 0.165072
v 1.031122 7.784687 0.150978
v 1.061008 7.791209 0.257520
v 1.030902 7.711794 0.119004
v 1.042742 7.635610 0.169878
v 1.062330 7.695095 0.026409
v 1.044699 7.628219 0.000380
v 1.155288 7.740650 -0.070388
v 1.168575 7.696208 -0.040055
v 1.300925 7.739691 0.004476
v 1.294240 7.706817 -0.011011
v 1.365573 7.619579 0.081248
v 1.359815 7.615039 0.064291
v 1.357616 7.476142 0.045546
v 1.355911 7.477469 0.039697
v -0.330459 8.298946 1.005425
v -0.284928 8.376504 0.938531
v -0.333514 8.291506 0.951606
v -0.383286 8.327457 0.857832
v -0.452443 8.240005 1.016356
v -0.375850 8.319285 0.996069
v -0.450248 8.384266 1.039379
v -0.352198 8.399681 1.091454
v -0.455789 8.440761 0.992085
v -0.390565 8.513675 0.937380
v -0.510699 8.412313 0.970055
v -0.576940 8.415873 0.879707
v -0.580613 8.309170 1.073573
v -0.523170 8.397290 1.034863
v -0.503963 8.450223 1.070814
v -0.423936 8.435943 1.147982
v -0.495833 8.591506 1.029465
v -0.548495 8.514175 1.091190
v -0.667252 8.517104 1.000575
v -0.614272 8.502489 1.083678
v -0.679103 8.382481 1.112497
v -0.617253 8.437534 1.118596
v -0.593790 8.417982 1.250313
v -0.600612 8.462969 1.201924
v -0.657739 8.541575 1.260114
v -0.626160 8.578080 1.247792
v -0.758346 8.561294 1.208966
v -0.761706 8.580787 1.182288
v -0.813239 8.455562 1.203506
v -0.825668 8.451062 1.193456
v -0.791521 8.399824 1.315017
v -0.795548 8.396034 1.314108
v -0.188833 8.055922 -0.250117
v -0.062313 8.063870 -0.268089
v -0.194972 8.103344 -0.301608
v -0.076348 8.068978 -0.335383
v -0.196880 8.056824 -0.316626
v -0.130283 7.956575 -0.360310
v -0.219378 8.058282 -0.299624
v -0.284697 7.949046 -0.313567
v -0.239132 8.067257 -0.353130
v -0.350832 8.100242 -0.299946
v -0.221737 8.174742 -0.385950
v -0.296752 8.073071 -0.406666
v -0.189488 8.057635 -0.487296
v -0.304206 8.095749 -0.445100
v -0.285326 8.131218 -0.480288
v -0.336388 8.015818 -0.501941
v -0.361949 8.184957 -0.504413
v -0.320534 8.076393 -0.558190
v -0.463173 8.071327 -0.543894
v -0.356862 8.072462 -0.584510
v -0.406287 7.996916 -0.625405
v -0.346566 8.070581 -0.626806
v -0.404683 8.017832 -0.684612
v -0.370990 8.085529 -0.678387
v -0.451164 8.051769 -0.743526
v -0.443689 8.106897 -0.731558
v -0.394989 8.066865 -0.817723
v -0.368677 8.094184 -0.818495
v -0.364084 7.989187 -0.852051
v -0.346326 7.985213 -0.857403
v -0.436716 7.928554 -0.877973
v -0.432643 7.923983 -0.879841
v 0.311372 8.362704 0.181926
v 0.363165 8.367027 0.253185
v 0.403630 8.281640 0.129410
v 0.416039 8.319690 0.208006
v 0.530936 8.352307 0.180098
v 0.464239 8.409339 0.188941
v 0.562440 8.394152 0.278317
v 0.496777 8.450882 0.294109
v 0.581406 8.374853 0.337491
v 0.534528 8.426329 0.391638
v 0.601387 8.373479 0.364483
v 0.621732 8.366202 0.449995
v 0.663868 8.401596 0.319414
v 0.723811 8.340263 0.340012
v 0.672105 8.439464 0.254564
v 0.732847 8.388238 0.292846
v 0.752577 8.340955 0.153232
v 0.770655 8.360669 0.237278
v 0.848847 8.267676 0.262113
v 0.811362 8.333089 0.283621
v 0.878767 8.348799 0.391951
v 0.857759 8.365307 0.332331
v 0.904613 8.394944 0.297252
v 0.874572 8.425582 0.267409
v 0.946442 8.332362 0.292018
v 0.926965 8.353053 0.265015
v 0.969995 8.326876 0.168040
v 0.959639 8.349017 0.177285
v 1.023577 8.436994 0.140755
v 1.015899 8.444324 0.133135
v 1.093817 8.505972 0.207636
v 1.091215 8.509473 0.206990
v -0.260808 8.444830 0.555434
v -0.150085 8.473759 0.586768
v -0.251214 8.528487 0.478554
v -0.173012 8.547085 0.565828
v -0.335694 8.526514 0.620177
v -0.223862 8.566109 0.618148
v -0.220951 8.499843 0.769203
v -0.183348 8.539364 0.663835
v -0.041407 8.561493 0.736104
v -0.128699 8.571563 0.656372
v -0.035451 8.663629 0.570548
v -0.132007 8.647010 0.637474
v -0.208515 8.682486 0.505181
v -0.185233 8.679497 0.621488
v -0.341532 8.646107 0.630069
v -0.230562 8.676309 0.659256
v -0.277433 8.665157 0.811365
v -0.223901 8.706816 0.714013
v -0.111044 8.763010 0.797927
v -0.191078 8.768874 0.729489
v -0.110429 8.836694 0.631160
v -0.183879 8.820200 0.676524
v -0.271555 8.833320 0.571487
v -0.255417 8.830572 0.639868
v -0.368525 8.796773 0.696415
v -0.318363 8.812059 0.701987
v -0.282076 8.796475 0.820721
v -0.271209 8.808388 0.789481
v -0.159697 8.856943 0.785775
v -0.174069 8.857341 0.775662
v -0.176270 8.916895 0.671021
v -0.182128 8.915971 0.671180
v 0.460825 7.142253 -0.142149
v 0.376476 7.148514 -0.200394
v 0.467019 7.161668 -0.197184
v 0.459064 7.241008 -0.261901
v 0.570739 7.132163 -0.189343
v 0.482038 7.111886 -0.236960
v 0.509149 7.013181 -0.158475
v 0.459108 7.056120 -0.237207
v 0.427457 6.964777 -0.181923
v 0.433326 7.037475 -0.254222
v 0.375490 6.952172 -0.222515
v 0.418252 7.028108 -0.276845
v 0.354011 6.923503 -0.298550
v 0.429248 6.988043 -0.325391
v 0.345277 6.927656 -0.395154
v 0.442835 6.948372 -0.370664
v 0.410005 6.967316 -0.507276
v 0.460863 6.911313 -0.437824
v 0.575268 6.951788 -0.515457
v 0.511668 6.888727 -0.497814
v 0.580817 6.801508 -0.448445
v 0.534273 6.829380 -0.501771
v 0.530710 6.741589 -0.545837
v 0.487654 6.760716 -0.584359
v 0.533846 6.633743 -0.522568
v 0.493272 6.612988 -0.520075
v 0.627459 6.544004 -0.513697
v 0.621096 6.523197 -0.492425
v 0.731525 6.491475 -0.586609
v 0.744565 6.492428 -0.578829
v 0.757165 6.456072 -0.720166
v 0.761610 6.458643 -0.720123
v -0.518885 7.455108 -0.174304
v -0.441006 7.498785 -0.243837
v -0.482447 7.416420 -0.170769
v -0.384410 7.405293 -0.226200
v -0.558788 7.372722 -0.213231
v -0.462192 7.345847 -0.265715
v -0.535425 7.449043 -0.356490
v -0.499270 7.344036 -0.334718
v -0.358684 7.401119 -0.412398
v -0.431004 7.337749 -0.352717
v -0.383140 7.258221 -0.384362
v -0.484829 7.298694 -0.355571
v -0.457390 7.201989 -0.382809
v -0.444319 7.297712 -0.441749
v -0.377484 7.176964 -0.489983
v -0.473839 7.235594 -0.480711
v -0.446161 7.282097 -0.586551
v -0.494089 7.199730 -0.525507
v -0.610952 7.271043 -0.576713
v -0.550409 7.190928 -0.570730
v -0.662144 7.119342 -0.527476
v -0.592198 7.125975 -0.573204
v -0.571373 6.991162 -0.560877
v -0.559517 7.042757 -0.602048
v -0.505309 6.960955 -0.701275
v -0.543741 6.993164 -0.705212
v -0.594244 6.933005 -0.813301
v -0.604051 6.962188 -0.826590
v -0.696648 6.849474 -0.845082
v -0.711617 6.856263 -0.841770
v -0.705366 6.713043 -0.832281
v -0.710462 6.713397 -0.829847
v 0.077972 7.555176 -0.392486
v -0.036321 7.528196 -0.388849
v 0.049257 7.531358 -0.470061
v -0.028694 7.617739 -0.486374
v 0.098178 7.563216 -0.439412
v 0.136374 7.673813 -0.450063
v 0.135616 7.505071 -0.428220
v 0.249176 7.529555 -0.410653
v 0.128959 7.458699 -0.475857
v 0.196349 7.372031 -0.434008
v 0.104886 7.444410 -0.520518
v 0.062772 7.340029 -0.486827
v 0.087846 7.445544 -0.573771
v -0.025857 7.416445 -0.568394
v 0.082347 7.437572 -0.643858
v 0.022574 7.535574 -0.668895
v 0.093753 7.423975 -0.692755
v 0.180319 7.502904 -0.701739
v 0.096983 7.418709 -0.727830
v 0.176333 7.356610 -0.700366
v 0.000658 7.322785 -0.753994
v 0.087451 7.318303 -0.749401
v 0.112424 7.174514 -0.727375
v 0.144438 7.232235 -0.749532
v 0.266956 7.164102 -0.819083
v 0.227596 7.192352 -0.838563
v 0.237790 7.177724 -0.979308
v 0.248340 7.209319 -0.989425
v 0.133667 7.132539 -1.073908
v 0.122589 7.144729 -1.079535
v 0.070674 6.994650 -1.067593
v 0.065360 6.996810 -1.068863
v -0.636579 8.088819 0.324962
v -0.599072 8.174683 0.393104
v -0.689682 8.135877 0.336962
v -0.622595 8.223708 0.302209
v -0.725540 8.156536 0.406665
v -0.661677 8.245120 0.367972
v -0.668162 8.217180 0.505200
v -0.634754 8.251768 0.399794
v -0.582302 8.320257 0.502848
v -0.611109 8.279595 0.398256
v -0.585557 8.386237 0.380434
v -0.663931 8.311184 0.421021
v -0.673970 8.399001 0.442187
v -0.711278 8.341591 0.348726
v -0.761555 8.355172 0.501558
v -0.744248 8.366155 0.387529
v -0.825900 8.280681 0.385669
v -0.756701 8.371663 0.366791
v -0.806529 8.328102 0.264050
v -0.775916 8.392104 0.338697
v -0.835892 8.419817 0.310227
v -0.783937 8.464524 0.258584
v -0.889743 8.466851 0.313665
v -0.856458 8.514406 0.350328
v -0.944250 8.447122 0.363065
v -0.938651 8.462401 0.411918
v -0.980107 8.377303 0.367094
v -0.991223 8.365397 0.397311
v -1.013196 8.329253 0.304501
v -1.021940 8.315631 0.310209
v -1.056631 8.355795 0.228493
v -1.059375 8.350726 0.227920
v -0.612876 7.489749 -0.057568
v -0.530587 7.405897 -0.095232
v -0.610184 7.451682 -0.036184
v -0.582082 7.340031 0.008149
v -0.575383 7.511364 -0.001645
v -0.631741 7.467586 0.098994
v -0.682585 7.602120 -0.035478
v -0.708740 7.502156 0.031933
v -0.733370 7.443125 -0.084283
v -0.809633 7.498208 -0.004464
v -0.748959 7.331344 0.032658
v -0.803864 7.441694 0.038078
v -0.842987 7.401523 0.160233
v -0.819027 7.465542 0.057527
v -0.897073 7.375103 0.071431
v -0.885669 7.464470 -0.012858
v -0.864328 7.279000 0.015867
v -0.897839 7.392499 -0.019006
v -0.964120 7.344157 -0.050044
v -0.923460 7.387377 -0.142269
v -1.050525 7.330028 -0.075611
v -1.087755 7.412066 -0.060265
v -1.099835 7.262259 -0.027599
v -1.133511 7.274804 0.036070
v -1.091724 7.155715 -0.054186
v -1.091241 7.119207 -0.013276
v -1.140936 7.095693 -0.152954
v -1.117904 7.071715 -0.168147
v -1.267207 7.090617 -0.213431
v -1.262611 7.074397 -0.206370
v -1.375491 7.025650 -0.140877
v -1.372576 7.020215 -0.140960
v -0.741815 7.823670 0.669044
v -0.714832 7.779573 0.769134
v -0.678149 7.837028 0.678150
v -0.638019 7.882169 0.773242
v -0.716820 7.909523 0.596493
v -0.683943 7.959852 0.691765
v -0.780761 8.049898 0.655365
v -0.790912 7.964572 0.728215
v -0.768076 8.100167 0.742309
v -0.768704 8.023533 0.824877
v -0.718595 8.131624 0.753814
v -0.675464 8.127064 0.857783
v -0.732930 8.192341 0.744167
v -0.663416 8.273525 0.779769
v -0.829963 8.250546 0.776481
v -0.825107 8.301384 0.676070
v -0.873574 8.223832 0.777837
v -0.922424 8.171318 0.690966
v -0.882180 8.205375 0.827031
v -0.916474 8.113473 0.847161
v -0.902300 8.272865 0.912928
v -0.949037 8.213414 0.877649
v -0.992445 8.217757 0.880735
v -1.003075 8.240721 0.818959
v -1.034993 8.144919 0.903521
v -1.038268 8.174386 0.863175
v -1.131358 8.148558 0.807252
v -1.118068 8.177741 0.816519
v -1.207539 8.237394 0.855916
v -1.201701 8.252920 0.854072
v -1.235986 8.220971 0.969827
v -1.233543 8.225805 0.971374
v 0.670976 7.859719 0.146005
v 0.649251 7.790022 0.094499
v 0.640702 7.870826 0.120540
v 0.592315 7.860668 0.046124
v 0.662010 7.904268 0.140097
v 0.617392 7.968258 0.096544
v 0.744405 7.955394 0.150188
v 0.700698 7.962152 0.072557
v 0.781514 7.894231 0.054112
v 0.752497 7.977389 0.039104
v 0.731100 7.902308 -0.050640
v 0.745976 7.976491 -0.003122
v 0.710527 8.022505 -0.103774
v 0.767379 8.009646 -0.036063
v 0.773976 8.120211 -0.040952
v 0.805347 8.036699 -0.045842
v 0.877843 8.082725 0.027305
v 0.851850 8.036845 -0.044818
v 0.925998 7.971662 0.001342
v 0.883345 8.005322 -0.056578
v 0.912938 7.917000 -0.097356
v 0.893344 7.979601 -0.106135
v 0.920288 7.954134 -0.203474
v 0.935438 7.992670 -0.170480
v 1.015478 7.992657 -0.232382
v 1.013445 8.030788 -0.221490
v 1.116080 7.983801 -0.225533
v 1.124679 8.000136 -0.206558
v 1.183217 7.905725 -0.219241
v 1.190066 7.905419 -0.207919
v 1.204984 7.820136 -0.274273
v 1.207261 7.818331 -0.270880
v 0.159710 8.187244 1.239506
v 0.258353 8.162741 1.225573
v 0.200276 8.298640 1.215580
v 0.260379 8.222766 1.249577
v 0.316795 8.309536 1.202695
v 0.336522 8.223435 1.254872
v 0.355785 8.287754 1.147013
v 0.424141 8.213028 1.163398
v 0.369272 8.324245 1.095049
v 0.459644 8.301326 1.052241
v 0.414800 8.387729 1.142063
v 0.405755 8.459048 1.068873
v 0.421683 8.412446 1.192226
v 0.328718 8.455038 1.200495
v 0.436259 8.390977 1.227425
v 0.366015 8.355737 1.293371
v 0.477286 8.382895 1.233096
v 0.489320 8.298830 1.290657
v 0.518223 8.411886 1.256258
v 0.593960 8.363325 1.241363
v 0.575491 8.498163 1.252860
v 0.566655 8.446105 1.307512
v 0.508568 8.522685 1.360795
v 0.560178 8.490806 1.356772
v 0.549354 8.441614 1.422234
v 0.582158 8.453301 1.392801
v 0.612031 8.472930 1.453995
v 0.626728 8.488408 1.432352
v 0.677186 8.429966 1.478293
v 0.690112 8.428116 1.470514
v 0.662960 8.371075 1.546052
v 0.667199 8.368409 1.544936
v 0.205751 8.159300 -0.151888
v 0.098134 8.224044 -0.132827
v 0.210247 8.203289 -0.206128
v 0.154436 8.301608 -0.148204
v 0.229698 8.198148 -0.158965
v 0.285580 8.275200 -0.074841
v 0.246372 8.162344 -0.170381
v 0.362556 8.119566 -0.141960
v 0.214332 8.152631 -0.303010
v 0.326724 8.178734 -0.249876
v 0.327540 8.233844 -0.270079
v 0.292325 8.339167 -0.208405
v 0.489619 8.220733 -0.248326
v 0.378176 8.222633 -0.309265
v 0.394968 8.151493 -0.373514
v 0.347704 8.262763 -0.334506
v 0.403494 8.182422 -0.407054
v 0.376089 8.295636 -0.356378
v 0.523291 8.226578 -0.380033
v 0.423767 8.272552 -0.407072
v 0.458062 8.300092 -0.468778
v 0.450016 8.381287 -0.421909
v 0.428911 8.309559 -0.536453
v 0.361857 8.343060 -0.543382
v 0.435113 8.241731 -0.582937
v 0.392626 8.216319 -0.610075
v 0.520071 8.209592 -0.605079
v 0.522822 8.174285 -0.617828
v 0.610092 8.265122 -0.647667
v 0.594038 8.262628 -0.657166
v 0.578952 8.332176 -0.741624
v 0.577135 8.327028 -0.744869
v -0.626793 7.563474 -0.038867
v -0.534826 7.502560 -0.108912
v -0.604508 7.507143 0.035439
v -0.518607 7.421531 -0.013207
v -0.666089 7.443146 -0.064164
v -0.694587 7.358108 0.030869
v -0.650700 7.370491 -0.187918
v -0.699047 7.298585 -0.090108
v -0.574763 7.233276 -0.128014
v -0.676223 7.281776 -0.061468
v -0.642774 7.190917 -0.110688
v -0.736706 7.220285 -0.024728
v -0.662391 7.094802 -0.107958
v -0.652776 7.007956 -0.010798
v -0.669641 7.084603 -0.191790
v -0.559470 7.024637 -0.228415
v -0.756711 7.094093 -0.223568
v -0.670841 6.996186 -0.212820
v -0.756894 6.990551 -0.212442
v -0.660084 6.948120 -0.260594
v -0.782889 6.913555 -0.200660
v -0.747597 6.841156 -0.146977
v -0.934553 6.893173 -0.204867
v -0.875638 6.868360 -0.248565
v -0.933947 6.876974 -0.395956
v -0.921089 6.831085 -0.362763
v -0.840373 6.736656 -0.466582
v -0.864122 6.728882 -0.437009
v -0.843317 6.579618 -0.389699
v -0.859427 6.590247 -0.388200
v -0.984238 6.512263 -0.340759
v -0.987707 6.516993 -0.343636
v 0.066066 7.701893 -0.388812
v 0.129750 7.637710 -0.375912
v 0.025168 7.659708 -0.362195
v 0.052631 7.573841 -0.347564
v 0.011104 7.671032 -0.459097
v -0.008508 7.582563 -0.447691
v 0.117674 7.613932 -0.521341
v 0.045383 7.558206 -0.518162
v 0.153764 7.464549 -0.470919
v 0.070846 7.497981 -0.489584
v -0.000265 7.376222 -0.467109
v 0.011518 7.462067 -0.495977
v -0.000583 7.439523 -0.593540
v -0.078979 7.485471 -0.602730
v 0.043657 7.439497 -0.651292
v 0.081053 7.521078 -0.668253
v 0.075220 7.379410 -0.651082
v 0.166017 7.378558 -0.641252
v 0.041423 7.368176 -0.704635
v 0.087712 7.305967 -0.680590
v 0.059287 7.299895 -0.755841
v 0.121360 7.326384 -0.760554
v 0.049461 7.339236 -0.875452
v 0.071286 7.292318 -0.859591
v -0.041613 7.218270 -0.897674
v -0.001894 7.210265 -0.895222
v 0.005920 7.073566 -0.896518
v 0.024821 7.091128 -0.904683
v 0.117825 7.023528 -0.978054
v 0.110800 7.033701 -0.983552
v 0.121528 7.037469 -1.116590
v 0.116977 7.037132 -1.116777
v -0.643504 7.914556 0.088954
v -0.590387 7.893093 0.008978
v -0.662668 7.881546 0.045062
v -0.663863 7.784437 0.029360
v -0.692712 7.907178 0.066400
v -0.742190 7.884073 0.148231
v -0.707666 7.962932 0.037054
v -0.704914 8.049754 0.083234
v -0.708281 7.961859 -0.036424
v -0.643995 8.009929 -0.093300
v -0.755234 7.963312 -0.012171
v -0.725365 7.894240 -0.075535
v -0.799535 7.935541 -0.053314
v -0.740591 7.987847 -0.112203
v -0.845544 7.976771 -0.072738
v -0.833429 8.070407 -0.045100
v -0.899595 7.944124 -0.047762
v -0.940020 7.972211 0.037416
v -0.917336 7.871446 -0.071225
v -0.954039 7.812444 -0.018134
v -0.930535 7.878359 -0.139273
v -0.933225 7.805826 -0.145767
v -1.006069 7.880538 -0.155895
v -0.993328 7.830425 -0.182821
v -1.098511 7.820328 -0.134933
v -1.093369 7.778456 -0.146423
v -1.166823 7.868993 -0.238776
v -1.166844 7.840126 -0.242819
v -1.133438 7.837081 -0.373458
v -1.139658 7.825966 -0.366374
v -1.105158 7.710910 -0.416599
v -1.107981 7.708920 -0.413096
v -0.008560 8.468262 0.306300
v -0.000494 8.489414 0.417785
v -0.033078 8.544814 0.332102
v 0.076478 8.547677 0.362610
v -0.027110 8.529993 0.298968
v 0.067636 8.509634 0.239387
v -0.061894 8.518207 0.288566
v -0.056198 8.480722 0.181310
v -0.091483 8.557764 0.285863
v -0.178672 8.522860 0.221666
v -0.100713 8.621852 0.279299
v -0.206646 8.612414 0.319677
v -0.093017 8.658013 0.286515
v -0.134245 8.671392 0.391694
v -0.082639 8.700153 0.281285
v -0.020146 8.720168 0.374211
v -0.073787 8.742346 0.258685
v 0.039929 8.743566 0.255747
v -0.084368 8.754376 0.218520
v -0.026835 8.731697 0.138515
v -0.124499 8.746098 0.209949
v -0.152647 8.717445 0.135871
v -0.161217 8.781879 0.224297
v -0.225988 8.766660 0.213449
v -0.176863 8.866234 0.252210
v -0.178931 8.853887 0.203224
v -0.098112 8.901902 0.196176
v -0.120251 8.893223 0.172288
v -0.054657 8.853933 0.123995
v -0.071463 8.852788 0.123454
v -0.095840 8.788366 0.075275
v -0.100762 8.789030 0.078048
v -0.356748 7.746008 -0.308006
v -0.338457 7.855693 -0.308972
v -0.350934 7.778614 -0.362338
v -0.248496 7.805870 -0.395951
v -0.355641 7.727686 -0.335938
v -0.298330 7.633493 -0.350409
v -0.420832 7.731594 -0.365118
v -0.488380 7.653697 -0.323455
v -0.445277 7.752389 -0.424014
v -0.522948 7.818507 -0.379722
v -0.437142 7.765785 -0.481426
v -0.413084 7.874323 -0.484096
v -0.412500 7.735259 -0.524605
v -0.314481 7.775288 -0.558608
v -0.420025 7.677031 -0.535241
v -0.332445 7.613253 -0.560307
v -0.466065 7.687661 -0.572980
v -0.455596 7.577214 -0.565348
v -0.492211 7.673316 -0.627228
v -0.443813 7.587829 -0.638211
v -0.430737 7.698923 -0.748003
v -0.463459 7.625270 -0.730977
v -0.605417 7.677929 -0.757933
v -0.566344 7.626785 -0.772082
v -0.651973 7.515341 -0.722849
v -0.609672 7.525422 -0.746338
v -0.545635 7.404838 -0.783196
v -0.541221 7.435975 -0.793025
v -0.521628 7.442187 -0.924091
v -0.506342 7.443956 -0.929977
v -0.633179 7.469902 -1.001634
v -0.630834 7.474591 -1.003487
v 0.471226 8.322829 0.723166
v 0.553153 8.244716 0.721963
v 0.506656 8.340481 0.596733
v 0.558714 8.272787 0.671046
v 0.655500 8.328517 0.657755
v 0.592882 8.364636 0.744872
v 0.670845 8.253518 0.708975
v 0.661690 8.209816 0.813000
v 0.649466 8.197211 0.637497
v 0.708970 8.104774 0.610482
v 0.680073 8.349882 0.546720
v 0.734213 8.272922 0.609657
v 0.782006 8.293591 0.690209
v 0.736088 8.312249 0.791985
v 0.882150 8.151386 0.680495
v 0.835287 8.250729 0.653113
v 0.861509 8.313257 0.619143
v 0.878480 8.299417 0.508078
v 0.850842 8.454047 0.638511
v 0.910029 8.373315 0.648743
v 0.900266 8.379352 0.798271
v 0.936984 8.355064 0.726903
v 0.970952 8.227863 0.770324
v 0.962745 8.269307 0.718217
v 1.062148 8.222685 0.640345
v 1.040084 8.267149 0.648556
v 1.140930 8.336737 0.658530
v 1.129646 8.362614 0.640417
v 1.165071 8.379004 0.774167
v 1.156471 8.392156 0.780026
v 1.171465 8.277950 0.856347
v 1.168886 8.280867 0.860455
v -0.005317 8.313543 1.103004
v 0.040340 8.388559 1.021381
v 0.003590 8.369112 1.120765
v -0.062007 8.434348 1.044505
v -0.013875 8.333646 1.111257
v -0.131314 8.310704 1.118738
v 0.003353 8.337925 1.151132
v -0.005037 8.243895 1.225040
v 0.084948 8.418984 1.191491
v -0.009668 8.366680 1.243322
v -0.096935 8.477362 1.178844
v -0.039245 8.404488 1.254577
v -0.160152 8.329079 1.302818
v -0.054177 8.379622 1.278549
v 0.025470 8.318879 1.397770
v -0.020141 8.409380 1.333712
v -0.023053 8.443833 1.387750
v 0.070971 8.499596 1.338514
v -0.038211 8.478133 1.429429
v -0.095879 8.544369 1.369057
v -0.067920 8.443412 1.452187
v -0.155275 8.427452 1.453436
v -0.026311 8.421870 1.493474
v -0.062421 8.369620 1.525314
v -0.061493 8.481411 1.537985
v -0.055053 8.437713 1.567791
v -0.122474 8.454524 1.581504
v -0.126048 8.424466 1.600096
v -0.123620 8.532244 1.640869
v -0.125488 8.517519 1.650624
v -0.043489 8.516740 1.717893
v -0.046526 8.512312 1.720557
v 0.532585 7.471093 -0.172343
v 0.437939 7.451216 -0.229670
v 0.549172 7.518733 -0.272623
v 0.502144 7.416753 -0.267345
v 0.471478 7.522184 -0.312675
v 0.405080 7.431620 -0.318032
v 0.442876 7.571314 -0.281669
v 0.341368 7.564192 -0.329468
v 0.474314 7.626508 -0.299508
v 0.387098 7.675413 -0.350899
v 0.512345 7.588279 -0.367417
v 0.429630 7.643947 -0.419366
v 0.508419 7.598632 -0.454257
v 0.420710 7.535030 -0.484277
v 0.588535 7.478723 -0.442314
v 0.539223 7.566825 -0.491769
v 0.574649 7.560230 -0.549757
v 0.634860 7.652516 -0.527460
v 0.527503 7.553945 -0.620552
v 0.615054 7.544702 -0.573264
v 0.597209 7.502314 -0.632559
v 0.669584 7.502458 -0.591365
v 0.585451 7.436823 -0.658570
v 0.611087 7.382847 -0.629110
v 0.596129 7.407369 -0.754502
v 0.555264 7.380883 -0.765692
v 0.661674 7.419194 -0.855177
v 0.657747 7.386743 -0.848764
v 0.780131 7.356928 -0.852098
v 0.767966 7.346205 -0.855898
v 0.805641 7.234212 -0.831737
v 0.800775 7.232600 -0.834044
v 0.142820 8.340619 0.007603
v 0.225865 8.276683 -0.032234
v 0.135392 8.371399 -0.058526
v 0.208784 8.301803 -0.106912
v 0.100755 8.325426 -0.064280
v 0.102619 8.241401 -0.138493
v 0.058504 8.330000 -0.029085
v -0.031656 8.284138 -0.077450
v 0.016571 8.459798 -0.015185
v -0.003815 8.389670 -0.100260
v 0.011163 8.428411 -0.149195
v 0.119875 8.404493 -0.162639
v -0.023427 8.416885 -0.193433
v -0.028573 8.331683 -0.266134
v -0.134690 8.479212 -0.192868
v -0.028476 8.460872 -0.223746
v -0.016578 8.491972 -0.266309
v 0.019096 8.564527 -0.188628
v 0.004714 8.480505 -0.287349
v 0.103771 8.484204 -0.277017
v -0.010196 8.452487 -0.307839
v 0.041280 8.401555 -0.348509
v -0.002963 8.506569 -0.343944
v -0.019637 8.457373 -0.385372
v 0.054027 8.501179 -0.391803
v 0.039464 8.464480 -0.422205
v 0.020771 8.560547 -0.453163
v 0.032201 8.536381 -0.472886
v -0.053950 8.535448 -0.518996
v -0.039665 8.529046 -0.524552
v -0.061187 8.452393 -0.570039
v -0.055630 8.451948 -0.570634
v -0.239355 7.312330 -0.339313
v -0.303973 7.379712 -0.350752
v -0.222185 7.357685 -0.348068
v -0.201993 7.441032 -0.386698
v -0.190604 7.301666 -0.335676
v -0.104033 7.326041 -0.363205
v -0.167558 7.192707 -0.401485
v -0.194828 7.278409 -0.429019
v -0.165619 7.243673 -0.501553
v -0.258010 7.250472 -0.485295
v -0.162936 7.259663 -0.547596
v -0.240088 7.312764 -0.556228
v -0.143341 7.269586 -0.582137
v -0.167049 7.355238 -0.612934
v -0.112125 7.249108 -0.634276
v -0.056113 7.317609 -0.666163
v -0.095449 7.204501 -0.664649
v -0.003184 7.186800 -0.660122
v -0.120792 7.110137 -0.684827
v -0.095208 7.180315 -0.722384
v -0.105871 7.118947 -0.791303
v -0.139413 7.175512 -0.814316
v -0.172370 7.047274 -0.806897
v -0.227577 7.052381 -0.801173
v -0.129846 6.986967 -0.858988
v -0.157291 6.960979 -0.841131
v -0.172797 6.942866 -0.940065
v -0.169891 6.918655 -0.926573
v -0.098785 6.885480 -1.027025
v -0.109081 6.877641 -1.021857
v -0.069883 6.752672 -1.007013
v -0.074398 6.751683 -1.006142
v -0.114464 8.134303 1.313657
v -0.130378 8.019843 1.356162
v -0.091635 8.106939 1.313912
v -0.007372 8.024781 1.350116
v -0.100714 8.121681 1.333424
v 0.007204 8.177194 1.312613
v -0.139632 8.237837 1.346608
v -0.074268 8.148225 1.400071
v -0.205971 8.131618 1.431154
v -0.085691 8.156648 1.439361
v -0.114960 8.034474 1.518730
v -0.073574 8.145420 1.484978
v 0.037553 8.082474 1.544726
v -0.053114 8.160623 1.515859
v 0.054309 8.246687 1.531839
v -0.050690 8.188046 1.558247
v -0.026927 8.207521 1.606900
v -0.104576 8.292433 1.563066
v -0.104304 8.165976 1.654158
v -0.029935 8.241996 1.628290
v -0.040506 8.202369 1.702918
v 0.037625 8.246135 1.685632
v -0.041360 8.160573 1.738214
v 0.021226 8.124952 1.749966
v -0.093450 8.133439 1.791462
v -0.081254 8.082222 1.806392
v -0.130310 8.155327 1.874402
v -0.163886 8.141066 1.874940
v -0.129415 8.218095 1.955922
v -0.126564 8.200983 1.961563
v -0.050507 8.218089 2.028519
v -0.051665 8.212293 2.030243
v -0.008940 8.076451 -0.261339
v 0.086628 8.076757 -0.256315
v 0.024187 7.994394 -0.354116
v 0.062202 8.076918 -0.324065
v 0.138998 8.022702 -0.379025
v 0.141752 8.112324 -0.345576
v 0.195797 7.991915 -0.339198
v 0.257949 8.054055 -0.301327
v 0.222521 7.930431 -0.359099
v 0.313865 7.927685 -0.330686
v 0.249954 7.921542 -0.443698
v 0.273487 7.828959 -0.449442
v 0.209311 7.952004 -0.505360
v 0.297119 7.917424 -0.489472
v 0.265695 7.947030 -0.544207
v 0.353172 7.970325 -0.513167
v 0.248798 8.056841 -0.600144
v 0.291627 7.971830 -0.610007
v 0.215764 7.943296 -0.664288
v 0.298241 7.950420 -0.644713
v 0.296999 7.895284 -0.703790
v 0.302041 7.965010 -0.692044
v 0.357522 7.936334 -0.762007
v 0.396726 7.973229 -0.744179
v 0.392849 7.853793 -0.782929
v 0.432185 7.842787 -0.771069
v 0.346603 7.784915 -0.839049
v 0.356351 7.758373 -0.836918
v 0.305886 7.797253 -0.938185
v 0.293754 7.790446 -0.940919
v 0.351560 7.849696 -1.026167
v 0.347477 7.852066 -1.026945
v 0.531124 7.947744 -0.102829
v 0.537421 7.838813 -0.122807
v 0.469169 7.952890 -0.153057
v 0.463455 7.845704 -0.181042
v 0.566658 7.961332 -0.208850
v 0.506068 7.891002 -0.269574
v 0.653248 7.850083 -0.216296
v 0.567469 7.845979 -0.286509
v 0.595257 7.698214 -0.253974
v 0.548057 7.792092 -0.289526
v 0.470992 7.709665 -0.388678
v 0.537129 7.790049 -0.350351
v 0.573321 7.807392 -0.411491
v 0.502993 7.886785 -0.443978
v 0.631786 7.817273 -0.425956
v 0.670500 7.913208 -0.385927
v 0.664180 7.771896 -0.430976
v 0.750860 7.759853 -0.362812
v 0.659094 7.730024 -0.474336
v 0.682423 7.636944 -0.451657
v 0.666845 7.732123 -0.553169
v 0.610547 7.681281 -0.584747
v 0.723186 7.767319 -0.616752
v 0.701505 7.706651 -0.629798
v 0.782752 7.683371 -0.648947
v 0.741502 7.682013 -0.675913
v 0.781151 7.585612 -0.695905
v 0.757287 7.566818 -0.708457
v 0.890836 7.563707 -0.728325
v 0.897232 7.550183 -0.721525
v 0.960021 7.609036 -0.820114
v 0.964501 7.609040 -0.816845
v 0.499919 8.091966 -0.048468
v 0.397376 8.108099 -0.117685
v 0.536666 8.158447 -0.087428
v 0.434479 8.172798 -0.157557
v 0.562432 8.056767 -0.160725
v 0.465593 8.125135 -0.199636
v 0.443828 7.976916 -0.239610
v 0.424303 8.095053 -0.204559
v 0.307800 8.052223 -0.292535
v 0.387105 8.121412 -0.225531
v 0.300455 8.226275 -0.294056
v 0.405970 8.160495 -0.283784
v 0.451796 8.300487 -0.261893
v 0.450792 8.194993 -0.328495
v 0.590320 8.217172 -0.263276
v 0.500328 8.183915 -0.343035
v 0.609479 8.075633 -0.351071
v 0.515828 8.153059 -0.379368
v 0.502223 8.042550 -0.472911
v 0.504079 8.146521 -0.434369
v 0.427461 8.171082 -0.540261
v 0.510554 8.175837 -0.500086
v 0.532152 8.207498 -0.567852
v 0.549973 8.268601 -0.530233
v 0.571243 8.179010 -0.584392
v 0.619776 8.160972 -0.564544
v 0.530605 8.142287 -0.661205
v 0.564321 8.137070 -0.646973
v 0.613262 8.045777 -0.671217
v 0.620151 8.061138 -0.663585
v 0.729729 8.071137 -0.686886
v 0.728794 8.077208 -0.685801
v -0.691504 8.025313 0.613338
v -0.658972 8.023020 0.740908
v -0.651151 8.049894 0.626520
v -0.584016 8.135426 0.700782
v -0.737757 8.109885 0.549467
v -0.709848 8.125452 0.677203
v -0.827846 8.019481 0.698432
v -0.775019 8.139275 0.712446
v -0.743624 8.064211 0.866437
v -0.749597 8.144234 0.762042
v -0.652489 8.244780 0.849978
v -0.730035 8.189176 0.759245
v -0.738647 8.332361 0.677900
v -0.784196 8.236061 0.755291
v -0.895300 8.192596 0.636765
v -0.847301 8.234499 0.751995
v -0.853377 8.275557 0.748934
v -0.887569 8.169978 0.819797
v -0.901111 8.324263 0.736350
v -0.933372 8.234046 0.803574
v -0.906494 8.348774 0.905299
v -0.963947 8.286906 0.856466
v -0.956521 8.184207 0.969021
v -0.977308 8.208344 0.897791
v -1.045533 8.095602 0.853401
v -1.031671 8.149882 0.836484
v -1.134426 8.196723 0.804977
v -1.145401 8.192547 0.767772
v -1.202173 8.283882 0.878152
v -1.210371 8.266262 0.876464
v -1.222972 8.216127 1.000453
v -1.226073 8.211144 0.997471
v -0.090458 7.591546 -0.380404
v -0.101462 7.696732 -0.391778
v -0.040431 7.616976 -0.387327
v 0.036641 7.689844 -0.395387
v -0.047086 7.562450 -0.341304
v 0.052981 7.527495 -0.332388
v -0.116119 7.452125 -0.417064
v -0.013742 7.476895 -0.431903
v -0.018160 7.504909 -0.526511
v -0.039070 7.607528 -0.545132
v 0.076488 7.457985 -0.540203
v 0.171478 7.505846 -0.541215
v 0.005610 7.446532 -0.573327
v 0.082137 7.377117 -0.548030
v 0.058705 7.437376 -0.612622
v 0.053487 7.336444 -0.579453
v 0.084250 7.387459 -0.653695
v 0.187908 7.371288 -0.636140
v 0.092717 7.464572 -0.768822
v 0.084039 7.373375 -0.745418
v -0.053837 7.374589 -0.804648
v 0.013250 7.334775 -0.793580
v -0.054648 7.204967 -0.775145
v 0.001163 7.231597 -0.787361
v 0.081453 7.110448 -0.807553
v 0.082524 7.153262 -0.827573
v 0.133596 7.130903 -0.949312
v 0.163922 7.139470 -0.949833
v 0.078517 7.125741 -1.077376
v 0.075808 7.140157 -1.083137
v -0.025129 7.033429 -1.115882
v -0.028250 7.037386 -1.117580
v -0.374375 7.421599 -0.321625
v -0.332058 7.312376 -0.288222
v -0.398920 7.394027 -0.287174
v -0.456117 7.315795 -0.213387
v -0.494700 7.463199 -0.343059
v -0.428171 7.361266 -0.338621
v -0.347013 7.408245 -0.462749
v -0.426498 7.338943 -0.401794
v -0.304771 7.207063 -0.398389
v -0.406109 7.274618 -0.396580
v -0.514553 7.174492 -0.297214
v -0.467596 7.254598 -0.376045
v -0.506326 7.282442 -0.437291
v -0.595087 7.364508 -0.422365
v -0.481988 7.254880 -0.506879
v -0.417892 7.336677 -0.570417
v -0.484776 7.197727 -0.512214
v -0.382076 7.132541 -0.518505
v -0.574489 7.159626 -0.512370
v -0.485086 7.180790 -0.569656
v -0.533086 7.119275 -0.610843
v -0.472541 7.173208 -0.650415
v -0.587993 7.101558 -0.705033
v -0.625473 7.162046 -0.717132
v -0.674556 7.005805 -0.703760
v -0.723014 7.018650 -0.683330
v -0.655956 6.869044 -0.693348
v -0.676152 6.851757 -0.668939
v -0.576572 6.772478 -0.770159
v -0.571892 6.757760 -0.760827
v -0.564615 6.745343 -0.918160
v -0.559998 6.741478 -0.917247
v -0.037730 8.369336 0.039159
v -0.044756 8.299942 -0.041235
v -0.150855 8.398676 -0.010157
v -0.064492 8.367634 -0.064063
v -0.005636 8.481781 0.020767
v -0.019334 8.418577 -0.063765
v 0.123967 8.406597 -0.055543
v 0.028210 8.382461 -0.095242
v 0.116517 8.327944 -0.163418
v 0.019131 8.364197 -0.140403
v 0.046690 8.298551 -0.239223
v -0.001913 8.372334 -0.179878
v -0.046694 8.309995 -0.274532
v -0.024035 8.391355 -0.209761
v -0.140660 8.373119 -0.258326
v -0.048468 8.418531 -0.230642
v -0.146946 8.518617 -0.207139
v -0.070283 8.472708 -0.264960
v -0.011026 8.555009 -0.243101
v -0.061660 8.497515 -0.298610
v -0.002318 8.524239 -0.295908
v -0.036539 8.471369 -0.343335
v 0.102432 8.540906 -0.343274
v 0.048796 8.518876 -0.368092
v 0.074169 8.397665 -0.412673
v 0.037532 8.422866 -0.396541
v -0.062756 8.389345 -0.474098
v -0.058165 8.415330 -0.456828
v -0.084727 8.511876 -0.529457
v -0.095032 8.520986 -0.521747
v 0.019883 8.575958 -0.567976
v 0.018747 8.580075 -0.564800
v -0.539775 8.250225 0.698063
v -0.587162 8.226400 0.595364
v -0.539261 8.204814 0.689635
v -0.610115 8.123219 0.648618
v -0.557548 8.252126 0.736888
v -0.634101 8.172692 0.771385
v -0.639852 8.325587 0.707872
v -0.695559 8.235407 0.753967
v -0.729728 8.281411 0.621248
v -0.739220 8.232057 0.725336
v -0.798995 8.162802 0.622980
v -0.756452 8.198794 0.724247
v -0.828942 8.082149 0.735553
v -0.774909 8.182213 0.756242
v -0.816723 8.128729 0.881144
v -0.813430 8.205282 0.794605
v -0.794508 8.292758 0.894738
v -0.862895 8.231265 0.824722
v -0.889146 8.350513 0.767940
v -0.918258 8.272035 0.827521
v -0.984132 8.236525 0.715867
v -0.961315 8.238541 0.798366
v -1.018643 8.197523 0.803660
v -0.985907 8.234689 0.850975
v -1.073358 8.247122 0.807801
v -1.065092 8.216983 0.848574
v -1.139822 8.263945 0.888835
v -1.122578 8.287757 0.906401
v -1.161540 8.189943 0.964766
v -1.155061 8.189970 0.980617
v -1.214596 8.098322 0.929311
v -1.213619 8.095549 0.934287
v 0.582389 7.833963 -0.070764
v 0.527963 7.736779 -0.126960
v 0.548567 7.857472 -0.091825
v 0.464915 7.802395 -0.166214
v 0.621190 7.873160 -0.135961
v 0.531284 7.843627 -0.217261
v 0.647444 7.740888 -0.196790
v 0.573410 7.822371 -0.255478
v 0.507471 7.678215 -0.282358
v 0.535222 7.798670 -0.265463
v 0.465102 7.799457 -0.350454
v 0.565438 7.833265 -0.284464
v 0.501163 7.832954 -0.385115
v 0.599997 7.786615 -0.324705
v 0.511427 7.733970 -0.473234
v 0.613230 7.772669 -0.412378
v 0.632010 7.648131 -0.433039
v 0.638583 7.772714 -0.433848
v 0.769002 7.726141 -0.415265
v 0.686160 7.763004 -0.479112
v 0.749380 7.750246 -0.540191
v 0.755482 7.842064 -0.531668
v 0.741309 7.740905 -0.619016
v 0.690654 7.784603 -0.650487
v 0.740155 7.663818 -0.660712
v 0.694279 7.647859 -0.687456
v 0.812994 7.599466 -0.681713
v 0.801257 7.564545 -0.684761
v 0.917822 7.596126 -0.732583
v 0.902987 7.596863 -0.743583
v 0.933306 7.630860 -0.846855
v 0.929726 7.626183 -0.848908
v 0.171332 8.394977 0.147370
v 0.222085 8.323365 0.062246
v 0.144206 8.448467 0.084314
v 0.171468 8.375873 -0.010224
v 0.083130 8.413922 0.091373
v 0.029460 8.353081 -0.000105
v 0.043615 8.441583 0.137168
v -0.074974 8.425203 0.112294
v 0.037770 8.522727 0.111774
v -0.018268 8.565898 0.211505
v 0.063392 8.563003 0.085478
v 0.143574 8.592205 0.173048
v 0.080395 8.564250 0.045066
v 0.199400 8.537904 0.035371
v 0.059426 8.566846 0.010652
v 0.100866 8.499019 -0.082260
v 0.030809 8.596399 -0.002282
v -0.049346 8.544975 -0.078971
v 0.018263 8.649055 -0.027243
v -0.078898 8.670193 0.016637
v 0.033983 8.713054 -0.047851
v 0.047762 8.753685 0.031914
v 0.093760 8.716836 -0.072263
v 0.163473 8.718981 -0.052631
v 0.052533 8.688800 -0.096686
v 0.091200 8.665727 -0.127110
v 0.068742 8.742750 -0.129527
v 0.078051 8.723078 -0.158491
v -0.014954 8.743632 -0.175412
v -0.001453 8.736869 -0.185418
v -0.030618 8.654852 -0.226748
v -0.024655 8.654121 -0.227883
v -0.192627 8.082971 -0.236614
v -0.306996 8.086993 -0.194813
v -0.251112 8.187330 -0.241541
v -0.280370 8.077820 -0.286209
v -0.137295 8.129412 -0.298307
v -0.246738 8.075944 -0.295599
v -0.165235 7.971089 -0.343190
v -0.248625 8.047558 -0.297996
v -0.346510 7.952003 -0.343397
v -0.273558 8.049558 -0.341204
v -0.296453 8.061648 -0.395355
v -0.364296 8.143654 -0.336058
v -0.298012 8.087254 -0.458938
v -0.208979 8.169918 -0.449795
v -0.303627 8.064915 -0.497283
v -0.203573 8.008624 -0.538078
v -0.342159 8.065142 -0.520477
v -0.365088 7.947412 -0.541873
v -0.368950 8.074554 -0.581737
v -0.469084 8.079255 -0.540753
v -0.398179 8.098568 -0.650623
v -0.384084 8.184242 -0.626007
v -0.357392 8.087763 -0.708101
v -0.294097 8.121772 -0.715160
v -0.352771 8.017268 -0.732259
v -0.306678 7.994461 -0.749212
v -0.420784 7.975494 -0.761740
v -0.415525 7.940571 -0.769218
v -0.496879 8.002491 -0.826212
v -0.480381 7.999415 -0.832856
v -0.462775 8.054366 -0.915123
v -0.459871 8.049401 -0.917128
v -0.462363 8.106039 -0.049183
v -0.519379 8.138321 0.029260
v -0.466763 8.173078 -0.067262
v -0.475949 8.245926 0.003836
v -0.392160 8.134142 -0.042818
v -0.317523 8.203789 -0.037829
v -0.404294 8.095246 -0.131988
v -0.313609 8.100566 -0.178830
v -0.493159 8.169589 -0.196753
v -0.405470 8.173225 -0.249133
v -0.402510 8.332558 -0.170903
v -0.389839 8.255889 -0.237293
v -0.247865 8.285525 -0.311485
v -0.343117 8.250643 -0.298974
v -0.342870 8.126894 -0.376253
v -0.390939 8.198081 -0.320864
v -0.374354 8.243538 -0.361669
v -0.464045 8.198448 -0.342468
v -0.401742 8.255604 -0.380545
v -0.406916 8.174081 -0.420308
v -0.332995 8.298376 -0.474789
v -0.395783 8.256078 -0.474195
v -0.491134 8.354918 -0.473716
v -0.476198 8.307759 -0.508663
v -0.592821 8.230359 -0.490470
v -0.553094 8.231937 -0.512441
v -0.533935 8.119720 -0.582592
v -0.517974 8.145421 -0.581262
v -0.484854 8.185102 -0.696188
v -0.472160 8.180379 -0.702956
v -0.567095 8.270215 -0.752770
v -0.563367 8.273702 -0.752999
v -0.282430 7.747411 -0.339374
v -0.355053 7.842142 -0.306083
v -0.272092 7.839549 -0.416026
v -0.380493 7.791395 -0.380153
v -0.256380 7.675013 -0.415375
v -0.355770 7.742355 -0.384666
v -0.429219 7.612354 -0.348061
v -0.396774 7.729024 -0.374365
v -0.431708 7.738680 -0.421206
v -0.534254 7.780129 -0.365324
v -0.436860 7.751299 -0.478928
v -0.406706 7.871371 -0.484382
v -0.416661 7.715276 -0.510672
v -0.300397 7.728507 -0.551461
v -0.458062 7.708191 -0.525545
v -0.388261 7.607691 -0.545138
v -0.506192 7.693081 -0.569922
v -0.400712 7.641795 -0.609921
v -0.450564 7.764690 -0.688299
v -0.458679 7.655050 -0.681472
v -0.612500 7.696833 -0.675621
v -0.543672 7.643960 -0.705506
v -0.609153 7.523156 -0.662134
v -0.554310 7.558798 -0.695518
v -0.493354 7.453991 -0.755449
v -0.500782 7.507885 -0.764029
v -0.522666 7.503080 -0.881979
v -0.502572 7.531305 -0.894134
v -0.635558 7.502395 -0.930865
v -0.645820 7.517477 -0.928799
v -0.696504 7.390902 -0.904053
v -0.701639 7.393862 -0.902249
v -0.029098 8.261463 1.210325
v 0.064675 8.198412 1.249498
v -0.017428 8.311218 1.275186
v 0.096969 8.280143 1.291031
v 0.004275 8.323265 1.203815
v 0.106857 8.365215 1.158862
v -0.059171 8.334340 1.183694
v -0.051485 8.420053 1.100641
v -0.079868 8.375256 1.243873
v -0.178815 8.415328 1.189953
v -0.080511 8.388348 1.287493
v -0.195527 8.356005 1.292870
v -0.070336 8.384084 1.321947
v -0.147927 8.305248 1.367423
v -0.046946 8.382466 1.348267
v -0.042020 8.282901 1.414344
v -0.024819 8.393949 1.388115
v 0.092644 8.373741 1.397997
v -0.055765 8.477984 1.390266
v -0.001897 8.405600 1.446483
v -0.059706 8.419628 1.446267
v -0.027447 8.351296 1.492511
v -0.106910 8.451308 1.481810
v -0.170476 8.422106 1.493189
v -0.103183 8.566209 1.523537
v -0.105472 8.523915 1.555652
v 0.008893 8.537602 1.615830
v -0.022257 8.523654 1.625361
v 0.002889 8.412153 1.679377
v -0.012091 8.420363 1.674671
v -0.118870 8.368670 1.704601
v -0.121336 8.373407 1.701910
v -0.420248 7.356064 -0.277928
v -0.345033 7.263540 -0.262414
v -0.498600 7.287456 -0.229319
v -0.393446 7.237696 -0.259737
v -0.488541 7.165910 -0.263901
v -0.409332 7.213036 -0.341127
v -0.462735 7.123839 -0.271568
v -0.352216 7.109250 -0.316641
v -0.488156 7.102394 -0.265449
v -0.403301 7.020765 -0.241057
v -0.566774 7.020266 -0.214568
v -0.465593 7.014997 -0.279324
v -0.437581 6.872149 -0.223960
v -0.477633 6.959728 -0.295962
v -0.508173 6.924494 -0.339297
v -0.415266 6.949415 -0.411449
v -0.599842 6.967160 -0.420186
v -0.534130 6.875930 -0.377552
v -0.651740 6.834166 -0.346781
v -0.562055 6.830218 -0.404792
v -0.574871 6.715107 -0.351392
v -0.558872 6.767705 -0.421470
v -0.504934 6.664347 -0.455715
v -0.554793 6.709893 -0.478455
v -0.578427 6.629183 -0.541627
v -0.569379 6.663177 -0.581859
v -0.651964 6.568541 -0.585553
v -0.679582 6.590138 -0.591887
v -0.701000 6.474502 -0.559576
v -0.716689 6.476422 -0.551359
v -0.669944 6.366907 -0.552938
v -0.674054 6.365699 -0.548720
v 0.562279 8.088332 0.960252
v 0.608799 8.122772 0.864504
v 0.542655 8.141383 0.942358
v 0.512571 8.232368 0.884613
v 0.523401 8.109198 0.981143
v 0.434134 8.151781 1.033450
v 0.587806 8.034281 1.107633
v 0.572629 8.136302 1.064285
v 0.658477 8.187138 1.084033
v 0.733128 8.169062 1.002680
v 0.613689 8.267839 1.082251
v 0.584015 8.357821 1.022750
v 0.518583 8.241689 1.240985
v 0.606085 8.241744 1.171263
v 0.707763 8.100171 1.191119
v 0.682685 8.203234 1.155525
v 0.804275 8.242476 1.060960
v 0.727507 8.266597 1.138694
v 0.761032 8.325373 1.184309
v 0.736590 8.408056 1.134744
v 0.764500 8.325270 1.239598
v 0.698534 8.355194 1.279866
v 0.791837 8.320746 1.258416
v 0.786644 8.269170 1.299753
v 0.908825 8.343151 1.250695
v 0.888932 8.321084 1.290569
v 0.939548 8.199721 1.291030
v 0.916432 8.215426 1.308862
v 0.879237 8.139577 1.405770
v 0.874379 8.155273 1.403584
v 0.850787 8.211205 1.515558
v 0.851448 8.216026 1.512799
v 0.153858 8.363227 1.024004
v 0.268401 8.318616 1.028145
v 0.200294 8.450551 1.001576
v 0.277718 8.375374 1.060579
v 0.266926 8.444341 0.956901
v 0.349850 8.368586 1.007023
v 0.258018 8.424513 0.907693
v 0.371702 8.386232 0.880528
v 0.252842 8.476529 0.877089
v 0.341632 8.479368 0.792027
v 0.298676 8.545299 0.914291
v 0.261225 8.602973 0.812317
v 0.312781 8.579982 0.931369
v 0.200669 8.625051 0.908409
v 0.319856 8.608205 0.953821
v 0.215412 8.604041 1.018642
v 0.336078 8.624470 0.976190
v 0.313722 8.566585 1.082383
v 0.365280 8.631949 0.981303
v 0.431426 8.566473 1.038664
v 0.393301 8.665983 0.993906
v 0.473594 8.648091 0.954748
v 0.406700 8.753583 0.982786
v 0.445736 8.712898 1.028973
v 0.370372 8.758729 1.082706
v 0.419231 8.735245 1.089740
v 0.367714 8.687354 1.155135
v 0.399667 8.686338 1.137640
v 0.429071 8.613808 1.169035
v 0.434796 8.622401 1.154022
v 0.516193 8.611390 1.157194
v 0.516021 8.615170 1.152346
v -0.032212 8.154150 -0.203255
v -0.118705 8.082991 -0.230732
v -0.083438 8.155543 -0.174725
v -0.188923 8.181664 -0.136125
v -0.001521 8.139553 -0.128097
v -0.027108 8.230035 -0.061330
v 0.032539 8.218126 -0.237153
v 0.080215 8.301380 -0.173158
v -0.114458 8.308147 -0.275190
v -0.027945 8.371959 -0.233440
v -0.139862 8.422010 -0.071474
v -0.053203 8.377605 -0.133263
v 0.025889 8.425788 -0.161287
v 0.115718 8.469147 -0.103405
v 0.055123 8.332825 -0.305532
v -0.000277 8.412598 -0.243350
v -0.159513 8.398992 -0.278425
v -0.060196 8.449279 -0.248309
v -0.056247 8.525290 -0.298923
v -0.084280 8.591641 -0.225985
v -0.018420 8.518190 -0.327741
v 0.056053 8.547456 -0.297829
v -0.029630 8.529410 -0.344835
v 0.009515 8.487551 -0.382061
v -0.131458 8.516246 -0.417373
v -0.081660 8.510368 -0.427987
v -0.054126 8.377787 -0.471116
v -0.036495 8.402540 -0.455496
v 0.093128 8.419969 -0.506831
v 0.082614 8.431548 -0.499954
v 0.077330 8.557077 -0.559525
v 0.071801 8.555986 -0.560744
v 0.421550 8.360422 0.312240
v 0.489495 8.281694 0.248464
v 0.453943 8.390324 0.279815
v 0.454191 8.340272 0.168563
v 0.424104 8.397956 0.286017
v 0.340241 8.412502 0.198624
v 0.437416 8.437521 0.303030
v 0.331382 8.497015 0.312999
v 0.456977 8.483274 0.279198
v 0.434056 8.521595 0.392724
v 0.478197 8.510174 0.269061
v 0.538923 8.493948 0.373614
v 0.500558 8.532183 0.256991
v 0.599457 8.470639 0.293235
v 0.521269 8.556483 0.241266
v 0.596173 8.480053 0.182700
v 0.537142 8.584712 0.221775
v 0.521484 8.547502 0.106656
v 0.554516 8.626442 0.196204
v 0.460749 8.666129 0.158901
v 0.577832 8.677011 0.191664
v 0.542002 8.718781 0.263339
v 0.608280 8.674543 0.193202
v 0.646969 8.666343 0.253717
v 0.631193 8.659837 0.144647
v 0.656819 8.659103 0.192422
v 0.692718 8.636056 0.167834
v 0.712992 8.630491 0.197237
v 0.703500 8.603778 0.111821
v 0.717024 8.591858 0.110536
v 0.705826 8.655099 0.047191
v 0.708721 8.651054 0.043661
v 0.286008 8.319621 1.028887
v 0.183598 8.304955 1.086776
v 0.272400 8.299379 1.063587
v 0.264263 8.210535 1.141655
v 0.291687 8.306706 1.027211
v 0.391731 8.243123 1.025672
v 0.352749 8.426893 0.991645
v 0.352095 8.350816 1.082562
v 0.384657 8.398847 1.110696
v 0.276120 8.408390 1.157413
v 0.384719 8.404863 1.102308
v 0.403252 8.314621 1.176920
v 0.470894 8.464470 1.091114
v 0.437056 8.399705 1.184464
v 0.568190 8.333297 1.163596
v 0.465428 8.379719 1.200189
v 0.468141 8.287584 1.311963
v 0.454216 8.385459 1.246536
v 0.475296 8.419094 1.310374
v 0.378204 8.454187 1.331493
v 0.536344 8.455496 1.292108
v 0.479839 8.425467 1.352247
v 0.532239 8.417833 1.360029
v 0.479531 8.400601 1.403159
v 0.592358 8.380791 1.381782
v 0.597314 8.335932 1.408969
v 0.678788 8.456754 1.406941
v 0.658087 8.443539 1.432053
v 0.617420 8.529600 1.500972
v 0.625887 8.515324 1.506714
v 0.566338 8.461989 1.591412
v 0.570906 8.458213 1.591489
v -0.521910 8.049468 -0.009854
v -0.584070 7.968266 0.017046
v -0.593073 8.089709 -0.030648
v -0.665317 8.042161 0.030190
v -0.587466 7.994727 -0.135832
v -0.662974 7.977945 -0.063734
v -0.608727 7.824118 -0.069074
v -0.640310 7.908949 -0.014417
v -0.710253 7.809728 0.066682
v -0.681326 7.909288 0.045893
v -0.757132 7.920117 0.032171
v -0.799128 7.952206 0.123757
v -0.773040 7.966851 -0.048651
v -0.828079 7.900911 0.013025
v -0.817147 7.917882 -0.059196
v -0.852638 7.824156 -0.025475
v -0.796302 7.870138 -0.207845
v -0.854367 7.908320 -0.128146
v -0.926771 7.957086 -0.159917
v -0.899100 8.046823 -0.163924
v -1.018892 7.937431 -0.116663
v -1.046403 7.976240 -0.054437
v -1.021926 7.825702 -0.115775
v -1.048513 7.788358 -0.073054
v -0.979336 7.783378 -0.221209
v -0.976428 7.736696 -0.225787
v -1.027300 7.839862 -0.353151
v -1.044720 7.822906 -0.333387
v -1.185144 7.839540 -0.338138
v -1.189476 7.852502 -0.330482
v -1.254536 7.720269 -0.283762
v -1.256924 7.723156 -0.280032
v 0.267940 8.179222 1.216157
v 0.170597 8.133521 1.269878
v 0.295765 8.183831 1.275765
v 0.219489 8.112571 1.335383
v 0.231331 8.275158 1.289119
v 0.196859 8.179727 1.353578
v 0.081576 8.256093 1.311320
v 0.159105 8.171580 1.347338
v 0.073340 8.158412 1.397496
v 0.184405 8.191335 1.365388
v 0.126970 8.153152 1.449445
v 0.174967 8.248851 1.394780
v 0.175861 8.194109 1.497940
v 0.292709 8.172569 1.479695
v 0.146355 8.172243 1.528227
v 0.163050 8.059112 1.565282
v 0.147800 8.202219 1.583589
v 0.029346 8.188514 1.598798
v 0.151042 8.317306 1.617809
v 0.146906 8.220326 1.662479
v 0.278382 8.247266 1.666035
v 0.201633 8.213085 1.695535
v 0.267410 8.111456 1.708547
v 0.206731 8.148772 1.708713
v 0.162030 8.070302 1.773504
v 0.153254 8.121410 1.760646
v 0.146344 8.137723 1.858808
v 0.120004 8.161299 1.854451
v 0.211440 8.178605 1.920422
v 0.216566 8.194671 1.914699
v 0.297605 8.122178 1.935944
v 0.301212 8.126592 1.934040
v -0.566467 7.801482 -0.102377
v -0.518886 7.712308 -0.144772
v -0.648886 7.761533 -0.114456
v -0.616166 7.660384 -0.141133
v -0.610625 7.743417 -0.026795
v -0.643142 7.651592 0.023447
v -0.637835 7.826528 0.013531
v -0.698293 7.825230 0.104945
v -0.702728 7.954894 -0.064732
v -0.733645 7.850334 -0.053560
v -0.651743 7.814128 -0.193456
v -0.727320 7.804749 -0.114630
v -0.735003 7.643025 -0.128921
v -0.765689 7.744407 -0.100752
v -0.891180 7.698424 -0.014713
v -0.842533 7.757488 -0.093188
v -0.936231 7.880477 -0.087888
v -0.908332 7.789509 -0.142291
v -0.878665 7.871266 -0.272918
v -0.923713 7.798060 -0.227052
v -0.888343 7.725192 -0.299624
v -0.939736 7.741452 -0.238912
v -0.976276 7.671423 -0.287005
v -0.986338 7.734982 -0.278188
v -1.094551 7.688004 -0.297147
v -1.115620 7.722032 -0.269376
v -1.114737 7.574293 -0.243662
v -1.131877 7.570430 -0.216348
v -1.073168 7.462467 -0.303290
v -1.075421 7.448598 -0.295151
v -1.090195 7.445700 -0.441232
v -1.088986 7.440366 -0.440892
v -0.015525 8.374408 0.045163
v -0.033447 8.303524 -0.038047
v -0.107666 8.407165 0.012558
v -0.038515 8.356909 -0.057885
v 0.028194 8.456378 0.009753
v -0.019108 8.394771 -0.069221
v 0.114458 8.356162 -0.091121
v 0.005005 8.372219 -0.085471
v -0.001382 8.301479 -0.182200
v -0.026265 8.380821 -0.109019
v -0.042888 8.366356 -0.184755
v 0.015884 8.433455 -0.119080
v 0.014413 8.344427 -0.261467
v 0.036061 8.425790 -0.189486
v 0.005215 8.445665 -0.233656
v 0.115274 8.448805 -0.221534
v 0.012403 8.486946 -0.269581
v 0.031065 8.561555 -0.189863
v -0.030691 8.505872 -0.294658
v -0.107166 8.546034 -0.247402
v -0.044523 8.461985 -0.320316
v -0.117804 8.430493 -0.339568
v 0.008307 8.438677 -0.346434
v 0.001155 8.386873 -0.386108
v 0.090536 8.480909 -0.405426
v 0.041580 8.486068 -0.404819
v 0.024174 8.543352 -0.473987
v 0.012882 8.567111 -0.454362
v -0.053301 8.518102 -0.524863
v -0.068534 8.522508 -0.520637
v -0.044418 8.428474 -0.568347
v -0.049906 8.427759 -0.568558
v -0.641022 8.072971 0.325267
v -0.682534 7.984262 0.341824
v -0.655845 8.095074 0.430008
v -0.692912 8.005738 0.407386
v -0.778162 8.049410 0.464125
v -0.764256 8.057328 0.366092
v -0.830105 7.979148 0.438933
v -0.822825 7.958188 0.342113
v -0.806857 7.915648 0.468984
v -0.818412 7.823156 0.434657
v -0.832830 7.933149 0.538531
v -0.837625 7.868560 0.613843
v -0.907679 8.044852 0.563087
v -0.934034 7.950481 0.546772
v -0.965960 7.971211 0.443682
v -0.974369 7.935709 0.536069
v -1.012653 7.917895 0.469940
v -1.008217 7.932828 0.568042
v -1.057647 7.914195 0.457779
v -1.059998 7.897604 0.544468
v -1.092415 7.801383 0.468465
v -1.089478 7.846690 0.526365
v -1.146401 7.779609 0.588887
v -1.144486 7.836790 0.575051
v -1.236141 7.849002 0.598055
v -1.230743 7.866988 0.638009
v -1.322381 7.884261 0.565963
v -1.319202 7.913436 0.563744
v -1.378814 7.858524 0.483642
v -1.377875 7.867731 0.472200
v -1.414578 7.763816 0.451431
v -1.414392 7.765148 0.446650
v 0.207129 8.464066 0.678688
v 0.079587 8.490255 0.674388
v 0.184303 8.485619 0.711545
v 0.096840 8.468664 0.806592
v 0.202373 8.448729 0.692473
v 0.255030 8.392409 0.797480
v 0.237793 8.506632 0.695923
v 0.358501 8.463501 0.672677
v 0.248352 8.611137 0.640541
v 0.309431 8.566368 0.746542
v 0.171308 8.635470 0.776120
v 0.296854 8.600791 0.778709
v 0.237939 8.591799 0.927352
v 0.318931 8.609812 0.826919
v 0.396883 8.533893 0.932395
v 0.351956 8.601879 0.830756
v 0.498664 8.586151 0.798639
v 0.381529 8.635940 0.826415
v 0.424349 8.695267 0.845432
v 0.407126 8.735134 0.738085
v 0.409280 8.741059 0.886535
v 0.321216 8.778067 0.872849
v 0.404305 8.696283 0.934793
v 0.354221 8.687821 0.992928
v 0.445515 8.639766 0.916488
v 0.466410 8.607243 0.959593
v 0.510529 8.680566 0.880271
v 0.544640 8.663761 0.873640
v 0.519270 8.781473 0.890531
v 0.527753 8.771621 0.904795
v 0.471872 8.793144 0.989569
v 0.476476 8.789638 0.992558
v 0.426374 7.358105 -0.266778
v 0.370466 7.285749 -0.255347
v 0.446409 7.318364 -0.320921
v 0.362111 7.293218 -0.348367
v 0.486732 7.239916 -0.304792
v 0.403362 7.227387 -0.341996
v 0.432597 7.137894 -0.261539
v 0.381326 7.184336 -0.322417
v 0.327405 7.083784 -0.289859
v 0.341099 7.158588 -0.341902
v 0.255076 7.088480 -0.386314
v 0.332622 7.137372 -0.395698
v 0.286576 7.141785 -0.496225
v 0.347892 7.095021 -0.445775
v 0.408556 7.135254 -0.542925
v 0.374265 7.057802 -0.506634
v 0.497677 7.046424 -0.519172
v 0.412356 7.015628 -0.535410
v 0.477304 6.918320 -0.494845
v 0.420879 6.950024 -0.545049
v 0.389073 6.836199 -0.540397
v 0.393205 6.889223 -0.583185
v 0.342485 6.816091 -0.665558
v 0.394448 6.832538 -0.662188
v 0.426849 6.769544 -0.751423
v 0.430122 6.802529 -0.775478
v 0.514587 6.702287 -0.796306
v 0.535898 6.718738 -0.800856
v 0.567170 6.591685 -0.787106
v 0.579937 6.592784 -0.782397
v 0.542846 6.470826 -0.796452
v 0.546489 6.469741 -0.793848
v -0.447548 7.451426 -0.255198
v -0.354461 7.506791 -0.321569
v -0.400812 7.446335 -0.258212
v -0.293936 7.380509 -0.277706
v -0.442594 7.424939 -0.283987
v -0.474090 7.323748 -0.213959
v -0.540855 7.453504 -0.361222
v -0.473028 7.346167 -0.357496
v -0.408259 7.437483 -0.470257
v -0.451324 7.333999 -0.410490
v -0.305109 7.296835 -0.452912
v -0.424095 7.301824 -0.408720
v -0.414683 7.198255 -0.396710
v -0.441534 7.312407 -0.445534
v -0.500905 7.207775 -0.456687
v -0.435301 7.289233 -0.528771
v -0.526526 7.189656 -0.480841
v -0.505467 7.281325 -0.566216
v -0.554097 7.175393 -0.540714
v -0.458849 7.197151 -0.597314
v -0.532955 7.103239 -0.552975
v -0.458934 7.045198 -0.550585
v -0.613084 7.050638 -0.597531
v -0.647296 7.006068 -0.547438
v -0.690163 7.051608 -0.728014
v -0.669019 7.002264 -0.710536
v -0.580085 6.964550 -0.842064
v -0.601312 6.942948 -0.819718
v -0.541363 6.795650 -0.819451
v -0.559102 6.800667 -0.815668
v -0.659575 6.683638 -0.808375
v -0.664038 6.687974 -0.809643
v 0.137537 8.360910 0.049419
v 0.108174 8.293279 -0.036933
v 0.081443 8.431174 0.011989
v 0.031033 8.369671 -0.069061
v 0.029697 8.389467 0.068709
v -0.080282 8.370427 0.047852
v 0.044489 8.424176 0.148860
v -0.028754 8.460490 0.227662
v 0.189419 8.536259 0.159567
v 0.084722 8.534273 0.115662
v 0.110352 8.447660 -0.051342
v 0.069506 8.511625 0.033115
v 0.002971 8.564634 0.039403
v -0.107750 8.546977 0.021455
v 0.032825 8.681131 0.159161
v 0.052007 8.636038 0.056732
v 0.175562 8.632272 0.040640
v 0.064629 8.634481 0.016521
v 0.084137 8.666440 0.029333
v 0.052580 8.620549 -0.054840
v 0.010761 8.760400 0.025257
v 0.067195 8.730565 -0.029511
v 0.003526 8.687128 -0.078281
v 0.069038 8.693177 -0.064165
v 0.052829 8.713334 -0.124710
v 0.073146 8.736729 -0.084877
v 0.141494 8.710381 -0.153866
v 0.170551 8.716324 -0.137984
v 0.129309 8.612486 -0.191044
v 0.142444 8.604699 -0.198100
v 0.028728 8.584358 -0.234519
v 0.031089 8.580890 -0.238344
v 0.622838 8.124552 0.695354
v 0.672669 8.076749 0.584451
v 0.568317 8.116939 0.655417
v 0.570204 8.144815 0.527796
v 0.572045 8.189113 0.719200
v 0.545143 8.258369 0.611740
v 0.681080 8.240326 0.704738
v 0.619104 8.335789 0.640601
v 0.740460 8.241970 0.648579
v 0.671758 8.342394 0.601010
v 0.767419 8.242127 0.571367
v 0.689003 8.346561 0.574863
v 0.774429 8.281295 0.488515
v 0.708657 8.362792 0.566618
v 0.754057 8.381284 0.430225
v 0.745900 8.391872 0.560183
v 0.709836 8.518847 0.478973
v 0.785103 8.440234 0.551240
v 0.733499 8.558084 0.646865
v 0.810970 8.488846 0.595001
v 0.833285 8.450678 0.734001
v 0.847105 8.459414 0.638619
v 0.927049 8.359032 0.651111
v 0.895483 8.413377 0.605904
v 0.964725 8.436260 0.619014
v 0.951517 8.454287 0.565424
v 1.015756 8.437915 0.623861
v 0.993373 8.468375 0.632200
v 1.041972 8.463789 0.730434
v 1.037392 8.475070 0.715388
v 1.087667 8.575139 0.695129
v 1.090745 8.572233 0.690154
v 0.753043 7.706279 0.413868
v 0.728204 7.655724 0.307036
v 0.813998 7.641703 0.368435
v 0.809030 7.745817 0.307430
v 0.803867 7.578120 0.296379
v 0.809387 7.692350 0.257562
v 0.744569 7.598651 0.172985
v 0.779618 7.700258 0.228062
v 0.753335 7.709662 0.087621
v 0.803881 7.726679 0.195979
v 0.848370 7.823311 0.118425
v 0.866760 7.710251 0.156703
v 0.943915 7.804190 0.215476
v 0.920652 7.708406 0.145689
v 0.997280 7.690181 0.263898
v 0.962272 7.684021 0.148476
v 0.999663 7.558476 0.209749
v 0.986755 7.648909 0.130747
v 1.064545 7.626985 0.143901
v 1.004160 7.585445 0.065461
v 1.101752 7.626613 0.105065
v 1.087141 7.538407 0.101994
v 1.199761 7.596346 0.156664
v 1.176297 7.563613 0.097502
v 1.263292 7.548874 0.055994
v 1.260341 7.595569 0.029689
v 1.289806 7.487046 -0.022186
v 1.278812 7.498931 -0.054099
v 1.300787 7.381627 -0.034329
v 1.292768 7.374554 -0.048675
v 1.357322 7.302419 0.018424
v 1.354717 7.298025 0.015203
v -0.144662 7.087889 -0.310151
v -0.220014 7.043398 -0.253639
v -0.234931 7.120973 -0.389856
v -0.262726 7.045820 -0.323296
v -0.336697 7.150616 -0.331500
v -0.354124 7.074228 -0.262854
v -0.332537 7.227161 -0.272831
v -0.413556 7.200606 -0.212985
v -0.346240 7.317682 -0.294413
v -0.438433 7.315090 -0.245992
v -0.395296 7.359050 -0.383641
v -0.488998 7.387637 -0.348231
v -0.450672 7.379513 -0.505773
v -0.480677 7.293501 -0.455251
v -0.400899 7.294639 -0.555912
v -0.484166 7.259600 -0.504050
v -0.387519 7.166507 -0.541293
v -0.482037 7.206412 -0.523269
v -0.492953 7.081542 -0.487693
v -0.514542 7.162403 -0.527304
v -0.547737 7.093201 -0.571235
v -0.569787 7.161669 -0.599161
v -0.497364 7.033217 -0.644944
v -0.514258 7.087173 -0.669720
v -0.569887 7.017704 -0.758972
v -0.580463 7.058887 -0.777288
v -0.672632 6.943239 -0.800181
v -0.698648 6.959407 -0.796388
v -0.712046 6.812006 -0.786882
v -0.724863 6.810303 -0.778456
v -0.656717 6.687102 -0.812051
v -0.659885 6.684819 -0.808605
v -0.741556 7.676535 0.604982
v -0.740072 7.792129 0.629780
v -0.744259 7.708465 0.568508
v -0.746974 7.797877 0.491197
v -0.704177 7.662371 0.572964
v -0.702431 7.632793 0.458504
v -0.769553 7.526957 0.611737
v -0.796976 7.617181 0.540416
v -0.874907 7.609354 0.547016
v -0.876301 7.694973 0.628542
v -0.927128 7.628130 0.494115
v -0.932282 7.727755 0.430654
v -0.950263 7.572585 0.477302
v -0.930349 7.518530 0.374052
v -0.973919 7.552577 0.529603
v -0.943875 7.445973 0.570980
v -1.037833 7.570296 0.546657
v -1.032066 7.605175 0.659481
v -1.119238 7.568623 0.535685
v -1.131495 7.669245 0.507934
v -1.155515 7.517803 0.479934
v -1.154555 7.536927 0.394473
v -1.156006 7.425229 0.498232
v -1.140816 7.378992 0.447830
v -1.218671 7.374564 0.577583
v -1.201877 7.325973 0.588452
v -1.351270 7.378085 0.624808
v -1.345358 7.351049 0.603329
v -1.459874 7.350595 0.519668
v -1.455603 7.335778 0.527977
v -1.478358 7.232141 0.439013
v -1.477291 7.228586 0.443615
v -0.639474 8.019612 0.233108
v -0.667894 8.037068 0.343929
v -0.563441 8.084419 0.242463
v -0.589068 8.106456 0.353149
v -0.701760 8.123169 0.224084
v -0.665790 8.216230 0.282732
v -0.799874 8.090211 0.335598
v -0.752315 8.193268 0.358207
v -0.763509 8.142467 0.495038
v -0.736893 8.175823 0.387462
v -0.717801 8.279829 0.415481
v -0.764944 8.193576 0.354394
v -0.769245 8.259548 0.352231
v -0.735411 8.265432 0.241712
v -0.829233 8.279705 0.362279
v -0.764710 8.373491 0.383128
v -0.878655 8.279905 0.378300
v -0.817194 8.354581 0.314740
v -0.896655 8.291354 0.290626
v -0.873130 8.281982 0.190919
v -0.926971 8.236808 0.344938
v -0.959982 8.160158 0.325339
v -0.985290 8.292561 0.404604
v -0.999739 8.273277 0.468813
v -1.058508 8.399589 0.354442
v -1.084967 8.357057 0.366134
v -1.101228 8.304219 0.223846
v -1.112824 8.295617 0.254949
v -1.109557 8.153097 0.281089
v -1.106636 8.166418 0.291481
v -1.163914 8.166661 0.422254
v -1.161979 8.172100 0.422649
v 0.606267 8.141894 0.795874
v 0.653510 8.049334 0.803324
v 0.620276 8.137380 0.760149
v 0.677146 8.063029 0.714407
v 0.663978 8.191824 0.804113
v 0.724369 8.120871 0.757496
v 0.714021 8.098185 0.870730
v 0.742894 8.125829 0.774518
v 0.777604 8.051649 0.793539
v 0.740784 8.147211 0.774386
v 0.789842 8.107806 0.773981
v 0.807337 8.130686 0.673856
v 0.829104 8.086559 0.796404
v 0.868313 7.992347 0.775392
v 0.838964 8.116324 0.912766
v 0.881706 8.110477 0.817932
v 0.933548 8.133251 0.823813
v 0.900321 8.226781 0.792148
v 0.973499 8.118302 0.806836
v 0.994399 8.126286 0.716970
v 0.992405 8.075808 0.834099
v 1.021553 8.013194 0.799664
v 1.026090 8.087569 0.898599
v 1.031305 8.032857 0.926727
v 1.109780 8.138642 0.931042
v 1.118512 8.095387 0.945073
v 1.214318 8.098214 0.880810
v 1.209414 8.084296 0.907924
v 1.253602 7.984840 0.890005
v 1.248272 7.991044 0.903094
v 1.262910 7.930887 0.988512
v 1.261275 7.935061 0.991167
v 0.391629 8.396535 0.488332
v 0.460878 8.347949 0.460442
v 0.414608 8.454783 0.413187
v 0.485927 8.410948 0.443619
v 0.422596 8.478985 0.553584
v 0.488119 8.438872 0.508509
v 0.519044 8.377759 0.618965
v 0.520783 8.386792 0.530368
v 0.615044 8.320068 0.545958
v 0.562242 8.373899 0.498542
v 0.649859 8.343057 0.434763
v 0.592565 8.402773 0.467710
v 0.617420 8.424459 0.362778
v 0.608397 8.444404 0.449119
v 0.565052 8.537222 0.383466
v 0.619192 8.502438 0.445053
v 0.577782 8.606846 0.515408
v 0.640401 8.560773 0.471932
v 0.689441 8.552066 0.549461
v 0.681360 8.559937 0.471093
v 0.744951 8.557671 0.492381
v 0.697741 8.598315 0.470642
v 0.779973 8.584946 0.417347
v 0.759104 8.598154 0.370697
v 0.796888 8.489291 0.430412
v 0.813246 8.467870 0.401416
v 0.835713 8.476547 0.529161
v 0.852795 8.456468 0.527923
v 0.908338 8.565997 0.561283
v 0.916980 8.556499 0.558245
v 0.970640 8.605216 0.463609
v 0.973577 8.601886 0.463960
v 0.605698 7.692797 -0.064076
v 0.548341 7.582962 -0.099787
v 0.586024 7.682434 -0.104775
v 0.486628 7.677341 -0.186772
v 0.575219 7.705985 -0.044975
v 0.535054 7.822936 -0.081557
v 0.653363 7.703863 -0.073900
v 0.695947 7.812845 -0.019694
v 0.756482 7.673795 -0.069017
v 0.698995 7.762625 -0.142728
v 0.722267 7.627215 -0.147747
v 0.708382 7.752665 -0.174174
v 0.675583 7.630110 -0.238366
v 0.715549 7.749364 -0.209901
v 0.638114 7.710956 -0.328841
v 0.731281 7.750524 -0.248946
v 0.702068 7.867130 -0.352923
v 0.763608 7.763650 -0.306730
v 0.879105 7.878523 -0.270614
v 0.839978 7.784085 -0.322475
v 0.938559 7.700029 -0.233702
v 0.878546 7.719027 -0.305547
v 0.913203 7.653506 -0.354549
v 0.888944 7.719488 -0.384506
v 0.992086 7.649576 -0.402768
v 0.990425 7.706513 -0.409108
v 1.011207 7.657191 -0.528583
v 0.992706 7.684052 -0.548485
v 0.978288 7.534868 -0.576792
v 0.963965 7.531322 -0.588927
v 1.060675 7.429285 -0.533059
v 1.056774 7.424866 -0.535672
v 0.059052 8.426896 0.201312
v -0.005921 8.461126 0.287503
v 0.110532 8.432844 0.238672
v 0.060708 8.468031 0.334073
v 0.093915 8.506245 0.198600
v 0.101901 8.539765 0.306464
v -0.003707 8.563309 0.209733
v 0.068824 8.585741 0.293746
v -0.065556 8.599960 0.332026
v 0.046754 8.598246 0.317690
v 0.040996 8.648521 0.441667
v 0.060531 8.633321 0.331171
v 0.182207 8.658686 0.366622
v 0.081181 8.664429 0.315801
v 0.160463 8.659382 0.214768
v 0.080334 8.689695 0.288812
v 0.023642 8.705883 0.178689
v 0.073478 8.731058 0.277201
v -0.030191 8.783157 0.287184
v 0.067841 8.776616 0.265322
v 0.071620 8.821765 0.336421
v 0.068261 8.806140 0.254081
v 0.053396 8.838863 0.271242
v 0.117945 8.830232 0.255065
v 0.030076 8.854192 0.193189
v 0.075338 8.857841 0.214888
v 0.129323 8.851229 0.157953
v 0.124226 8.861145 0.189597
v 0.195460 8.883711 0.214327
v 0.179686 8.887404 0.218681
v 0.176608 8.941171 0.273205
v 0.171245 8.941618 0.271447
v 0.246135 8.057584 1.298528
v 0.200093 8.152072 1.268855
v 0.174578 8.085169 1.398691
v 0.234084 8.163520 1.351273
v 0.111443 8.163311 1.359378
v 0.138588 8.254183 1.305214
v 0.058297 8.107174 1.304922
v -0.034895 8.158984 1.281271
v 0.018195 8.003374 1.454208
v 0.008041 8.103334 1.411393
v -0.003435 8.172577 1.493052
v 0.061005 8.251485 1.453690
v -0.184680 8.208618 1.438742
v -0.089713 8.166049 1.471869
v -0.085854 8.051882 1.590255
v -0.031658 8.142949 1.563837
v -0.083909 8.136430 1.614240
v -0.034478 8.227928 1.580877
v -0.101339 8.096820 1.661216
v -0.090309 8.188347 1.630784
v -0.121003 8.206449 1.704297
v -0.188591 8.244033 1.680543
v -0.072303 8.255359 1.772878
v -0.045116 8.309913 1.751118
v -0.004778 8.187029 1.816388
v 0.043736 8.188207 1.815278
v -0.059362 8.097056 1.858867
v -0.043782 8.069647 1.866163
v -0.148853 8.125044 1.939544
v -0.162820 8.116897 1.940131
v -0.119784 8.214794 2.028982
v -0.124354 8.217532 2.027782
v 0.705196 7.839967 0.278209
v 0.735584 7.785511 0.389355
v 0.680474 7.805087 0.293888
v 0.688104 7.681874 0.325550
v 0.708921 7.822446 0.261581
v 0.675532 7.739176 0.171063
v 0.808622 7.861352 0.242491
v 0.789866 7.757934 0.170413
v 0.859343 7.697533 0.333291
v 0.828642 7.729311 0.213751
v 0.847125 7.692668 0.170219
v 0.815049 7.575110 0.132888
v 0.885914 7.805436 0.075194
v 0.913175 7.697404 0.137065
v 0.967649 7.677854 0.149923
v 1.003243 7.729497 0.260866
v 0.975754 7.639232 0.118136
v 0.985541 7.537283 0.193985
v 1.024738 7.631287 0.080000
v 0.983034 7.546513 0.017489
v 1.093217 7.679895 -0.013459
v 1.104735 7.597418 0.031004
v 1.214727 7.656934 0.084819
v 1.194518 7.595124 0.046415
v 1.250716 7.524988 0.147326
v 1.233388 7.519950 0.093636
v 1.241568 7.393970 0.088179
v 1.239460 7.420080 0.060981
v 1.284664 7.357286 -0.036236
v 1.291787 7.373993 -0.031075
v 1.400684 7.385822 -0.082162
v 1.403079 7.385655 -0.076260
v -0.728412 7.773320 0.797404
v -0.682217 7.788611 0.890727
v -0.728105 7.920356 0.788389
v -0.700604 7.863202 0.872378
v -0.755517 7.970009 0.949651
v -0.770245 7.866675 0.963146
v -0.679954 7.963654 1.036032
v -0.668966 7.867711 1.077880
v -0.626436 8.016350 1.053193
v -0.566686 7.976401 1.130076
v -0.681546 8.078193 1.109428
v -0.605475 8.135038 1.154800
v -0.739372 8.104988 1.142858
v -0.722984 8.199989 1.100631
v -0.801628 8.099457 1.140329
v -0.843156 8.144832 1.054927
v -0.831826 8.042942 1.148035
v -0.895240 7.992424 1.080926
v -0.812859 8.002833 1.213003
v -0.825525 7.910923 1.225017
v -0.792648 8.042788 1.350142
v -0.848895 8.035411 1.296665
v -0.933097 8.089365 1.332187
v -0.935837 8.144983 1.304097
v -0.975094 8.032088 1.340595
v -1.005453 8.028877 1.305154
v -1.012937 8.030797 1.411891
v -1.033282 8.016306 1.393221
v -1.027721 7.910152 1.464672
v -1.036658 7.917003 1.453888
v -1.144653 7.855073 1.399274
v -1.145851 7.859753 1.397187
v 0.304971 7.892048 -0.294205
v 0.418066 7.877478 -0.243583
v 0.327814 7.741195 -0.315322
v 0.396282 7.839075 -0.279304
v 0.476935 7.822847 -0.361212
v 0.399317 7.917005 -0.387195
v 0.520078 7.865270 -0.292700
v 0.521195 7.986792 -0.264478
v 0.541398 7.816909 -0.258349
v 0.633167 7.848153 -0.179814
v 0.570210 7.768836 -0.321497
v 0.636699 7.677851 -0.267959
v 0.566039 7.760394 -0.378752
v 0.524706 7.644244 -0.397893
v 0.585316 7.771915 -0.447950
v 0.476265 7.786678 -0.506733
v 0.636728 7.809638 -0.499480
v 0.617904 7.932931 -0.496328
v 0.721817 7.788847 -0.484686
v 0.797742 7.838409 -0.420830
v 0.721424 7.696504 -0.497940
v 0.769284 7.629811 -0.455487
v 0.676010 7.680392 -0.601051
v 0.649025 7.612258 -0.610829
v 0.736157 7.725294 -0.687599
v 0.733183 7.669928 -0.686997
v 0.805232 7.644560 -0.716637
v 0.775571 7.631744 -0.734596
v 0.844034 7.521963 -0.730624
v 0.837656 7.504646 -0.731651
v 0.979717 7.573708 -0.787181
v 0.982760 7.569135 -0.784224
v -0.392634 8.283956 0.973591
v -0.418080 8.328216 0.892980
v -0.438019 8.309707 0.957654
v -0.516217 8.261551 0.931758
v -0.431608 8.285486 1.066165
v -0.450965 8.340911 0.990946
v -0.354223 8.415894 1.027665
v -0.439704 8.390473 0.993735
v -0.431366 8.489713 0.911755
v -0.469273 8.427278 0.973151
v -0.564998 8.428224 0.924943
v -0.496706 8.437016 0.990998
v -0.513035 8.469949 0.981918
v -0.526723 8.406847 1.052169
v -0.459504 8.547576 1.026330
v -0.525641 8.484971 1.054809
v -0.457508 8.460378 1.161653
v -0.530087 8.464774 1.099867
v -0.585549 8.374257 1.165246
v -0.577062 8.436816 1.108606
v -0.690612 8.429449 1.083785
v -0.634606 8.469916 1.098662
v -0.689179 8.530111 1.137707
v -0.673856 8.570982 1.101762
v -0.680575 8.559256 1.224665
v -0.645157 8.581416 1.231939
v -0.684155 8.484298 1.286524
v -0.665477 8.479113 1.307104
v -0.757168 8.414870 1.269425
v -0.758096 8.403697 1.278035
v -0.853622 8.455455 1.240128
v -0.855869 8.451430 1.241357
v 0.487696 8.333540 0.631355
v 0.522066 8.266828 0.736549
v 0.484057 8.284218 0.632663
v 0.570563 8.188479 0.639619
v 0.480838 8.327398 0.599007
v 0.549298 8.272158 0.504353
v 0.520548 8.423685 0.602951
v 0.611903 8.348682 0.550736
v 0.603112 8.374556 0.706426
v 0.645636 8.360174 0.585254
v 0.714605 8.286730 0.652428
v 0.645920 8.379237 0.593926
v 0.726000 8.343892 0.626274
v 0.668900 8.418499 0.537555
v 0.799013 8.303211 0.610902
v 0.730281 8.398259 0.556687
v 0.771921 8.423005 0.573030
v 0.801811 8.389463 0.451873
v 0.824720 8.468052 0.567220
v 0.751901 8.546417 0.525393
v 0.853733 8.494396 0.613294
v 0.801645 8.537687 0.680931
v 0.890620 8.448816 0.636824
v 0.896266 8.423330 0.708812
v 0.946787 8.428884 0.591190
v 0.977488 8.381968 0.603623
v 1.017287 8.486587 0.529067
v 1.018544 8.482356 0.567099
v 1.046383 8.573444 0.612371
v 1.058125 8.558325 0.612193
v 1.087800 8.540538 0.711829
v 1.091573 8.536043 0.709128
v 0.343577 8.090120 1.254830
v 0.253568 8.019167 1.316546
v 0.348083 8.066207 1.274127
v 0.340924 7.943361 1.316581
v 0.352020 8.075041 1.247747
v 0.448184 7.989480 1.228338
v 0.432693 8.165394 1.218967
v 0.436482 8.063086 1.299364
v 0.499523 8.105797 1.291644
v 0.386792 8.096819 1.356110
v 0.535011 8.118861 1.307640
v 0.433591 8.082760 1.380821
v 0.551560 7.994806 1.382065
v 0.469234 8.094639 1.396231
v 0.425077 8.014270 1.488136
v 0.488537 8.109885 1.426691
v 0.404363 8.176941 1.501901
v 0.513522 8.110241 1.477811
v 0.551158 8.231111 1.478192
v 0.529307 8.131410 1.532697
v 0.653615 8.136189 1.495153
v 0.575619 8.117884 1.548812
v 0.641337 8.020013 1.550464
v 0.581816 8.063739 1.572731
v 0.587034 7.983377 1.647486
v 0.563821 8.036370 1.647125
v 0.596044 8.016623 1.749621
v 0.592295 8.054394 1.742772
v 0.679121 8.040323 1.805477
v 0.686067 8.056719 1.798074
v 0.766657 7.990173 1.815896
v 0.770137 7.994848 1.813000
v 0.157477 8.046140 1.348564
v 0.250535 8.008381 1.338469
v 0.190084 8.069107 1.319665
v 0.263584 8.122460 1.275635
v 0.139341 8.061436 1.313700
v 0.100385 8.148533 1.280775
v 0.058175 8.040516 1.428207
v 0.119329 8.114019 1.395881
v 0.173831 8.130839 1.465079
v 0.255043 8.071018 1.468780
v 0.230674 8.274713 1.378957
v 0.184014 8.200851 1.429501
v 0.117300 8.195373 1.495636
v 0.020954 8.224661 1.488770
v 0.140378 8.054053 1.565849
v 0.169479 8.144379 1.531470
v 0.207667 8.195092 1.585273
v 0.304629 8.170301 1.572193
v 0.179218 8.244563 1.618546
v 0.206908 8.163831 1.646206
v 0.185971 8.225815 1.669696
v 0.170769 8.158001 1.697265
v 0.170052 8.280459 1.748558
v 0.201407 8.231777 1.763538
v 0.088462 8.192919 1.812849
v 0.132152 8.182751 1.812568
v 0.132699 8.062063 1.825060
v 0.153901 8.081910 1.817925
v 0.258501 8.035802 1.849484
v 0.256884 8.050389 1.846622
v 0.321018 8.110241 1.925677
v 0.317262 8.113611 1.925662
v 0.199417 7.890003 -0.321695
v 0.093175 7.877332 -0.342411
v 0.200053 7.891813 -0.383038
v 0.105298 7.945299 -0.389190
v 0.211254 7.918008 -0.356048
v 0.179857 8.020566 -0.336731
v 0.243615 7.902908 -0.347461
v 0.302429 7.986000 -0.308554
v 0.266738 7.907135 -0.395033
v 0.368653 7.888306 -0.361331
v 0.285690 7.922417 -0.454377
v 0.317554 7.818242 -0.457437
v 0.289317 7.926966 -0.490274
v 0.229280 7.840131 -0.517335
v 0.300803 7.924756 -0.539117
v 0.196275 7.947617 -0.559815
v 0.306595 7.933744 -0.595264
v 0.289719 8.039812 -0.576772
v 0.347178 7.939397 -0.628698
v 0.416723 7.996919 -0.593497
v 0.372487 7.896712 -0.651703
v 0.446182 7.873868 -0.627949
v 0.355136 7.875192 -0.710562
v 0.397434 7.827259 -0.701388
v 0.403716 7.871190 -0.774863
v 0.390944 7.825075 -0.782371
v 0.485567 7.853395 -0.840175
v 0.456634 7.841550 -0.848254
v 0.444382 7.849975 -0.946179
v 0.436871 7.864213 -0.947413
v 0.397734 7.790875 -1.016986
v 0.393846 7.794582 -1.017896
v -0.613713 8.139046 0.353911
v -0.663480 8.077163 0.454160
v -0.662389 8.196418 0.365169
v -0.712711 8.133414 0.464437
v -0.628634 8.211933 0.408198
v -0.636529 8.208845 0.535807
v -0.592644 8.225376 0.390684
v -0.524685 8.308794 0.459814
v -0.584885 8.314736 0.270920
v -0.630806 8.300782 0.389464
v -0.679092 8.337832 0.380302
v -0.750968 8.235461 0.353658
v -0.727755 8.346234 0.513281
v -0.707114 8.360506 0.387877
v -0.737163 8.392006 0.376805
v -0.650232 8.483255 0.398544
v -0.761859 8.394774 0.359465
v -0.710210 8.418131 0.244823
v -0.781508 8.383818 0.361107
v -0.818176 8.311042 0.281846
v -0.818438 8.397375 0.383434
v -0.874070 8.324284 0.406613
v -0.872683 8.467129 0.427992
v -0.906518 8.417328 0.381961
v -0.911303 8.502572 0.313670
v -0.946486 8.462881 0.334104
v -0.953641 8.428098 0.231683
v -0.967358 8.421479 0.266381
v -1.010676 8.334068 0.256981
v -1.008088 8.344681 0.272462
v -1.082269 8.330348 0.330682
v -1.079944 8.335514 0.333648
v 0.249670 8.300701 1.068185
v 0.332952 8.282006 1.042727
v 0.230464 8.308303 0.997554
v 0.311456 8.299947 0.961443
v 0.240768 8.420493 0.973258
v 0.304652 8.368123 1.006570
v 0.352262 8.459457 0.990570
v 0.351524 8.405325 1.061300
v 0.416803 8.430980 0.974287
v 0.462811 8.367526 1.016599
v 0.425916 8.438884 0.915859
v 0.500066 8.412429 0.874201
v 0.428679 8.562087 0.886529
v 0.461763 8.509399 0.950271
v 0.481848 8.554554 0.941926
v 0.463147 8.517529 1.020748
v 0.560745 8.572669 0.914726
v 0.524557 8.552734 0.993634
v 0.610118 8.507521 1.026335
v 0.545402 8.552987 1.029963
v 0.545712 8.525167 1.129669
v 0.534695 8.569091 1.081686
v 0.487799 8.625050 1.146290
v 0.529661 8.623849 1.114164
v 0.542738 8.714362 1.104622
v 0.562252 8.688386 1.127239
v 0.646877 8.709856 1.095479
v 0.638896 8.700408 1.118793
v 0.704077 8.642196 1.139234
v 0.693366 8.645595 1.146152
v 0.685045 8.600380 1.220135
v 0.681370 8.602824 1.220731
v 0.283731 8.255618 -0.055316
v 0.322088 8.172192 -0.102115
v 0.312591 8.253880 -0.119282
v 0.232256 8.223302 -0.176137
v 0.399975 8.253787 -0.145981
v 0.334233 8.210304 -0.212377
v 0.439261 8.120525 -0.183201
v 0.347303 8.151963 -0.217502
v 0.364579 8.052252 -0.283329
v 0.344230 8.147384 -0.249313
v 0.405215 8.163364 -0.294429
v 0.309462 8.174101 -0.330999
v 0.403194 8.187374 -0.340692
v 0.376647 8.278197 -0.299856
v 0.366781 8.192589 -0.393738
v 0.268445 8.206819 -0.421105
v 0.409755 8.169051 -0.404197
v 0.396883 8.076262 -0.447160
v 0.529299 8.173945 -0.409042
v 0.446744 8.195212 -0.442576
v 0.476652 8.233514 -0.509229
v 0.461133 8.302557 -0.480593
v 0.431531 8.218177 -0.575934
v 0.376171 8.241884 -0.586089
v 0.443782 8.134014 -0.600962
v 0.411330 8.109244 -0.621730
v 0.537420 8.111711 -0.630209
v 0.541014 8.082279 -0.637507
v 0.595602 8.173276 -0.708151
v 0.591411 8.160147 -0.714721
v 0.537151 8.188988 -0.811006
v 0.537838 8.184065 -0.812363
v 0.531905 7.487648 -0.165978
v 0.444138 7.512403 -0.235913
v 0.531198 7.528331 -0.201499
v 0.519520 7.637506 -0.235427
v 0.653946 7.527123 -0.153525
v 0.565920 7.506439 -0.224449
v 0.579339 7.350865 -0.205321
v 0.576385 7.453684 -0.256569
v 0.441786 7.409133 -0.361800
v 0.537076 7.462819 -0.326523
v 0.536843 7.528877 -0.381818
v 0.602593 7.460341 -0.317116
v 0.556215 7.529085 -0.410601
v 0.597473 7.436893 -0.355782
v 0.491427 7.433490 -0.468623
v 0.589063 7.423160 -0.408895
v 0.549389 7.290286 -0.418528
v 0.616341 7.383688 -0.418040
v 0.721127 7.284490 -0.374789
v 0.673803 7.346440 -0.440801
v 0.719242 7.297934 -0.491244
v 0.700445 7.369252 -0.533752
v 0.688750 7.203060 -0.524511
v 0.678390 7.260371 -0.559808
v 0.711833 7.226593 -0.661423
v 0.669468 7.233105 -0.689200
v 0.812796 7.213775 -0.743413
v 0.822292 7.245696 -0.750506
v 0.928802 7.141400 -0.729160
v 0.942211 7.150017 -0.723177
v 0.941554 7.002841 -0.705532
v 0.946259 7.003619 -0.702326
v -0.693989 7.959997 0.749835
v -0.650666 8.048839 0.774711
v -0.728783 8.017565 0.804232
v -0.745767 8.056999 0.711792
v -0.709027 8.075899 0.855633
v -0.730677 8.113500 0.763405
v -0.635404 8.183945 0.826694
v -0.694043 8.138950 0.756511
v -0.668914 8.259853 0.685792
v -0.712925 8.177232 0.726107
v -0.773919 8.196785 0.734993
v -0.812684 8.164614 0.646387
v -0.791361 8.188448 0.773298
v -0.827468 8.096283 0.797601
v -0.814840 8.227566 0.796534
v -0.779572 8.217797 0.891662
v -0.835714 8.302887 0.784682
v -0.863592 8.222476 0.840766
v -0.873565 8.264104 0.863279
v -0.918997 8.228136 0.793634
v -0.912334 8.201178 0.926299
v -0.937355 8.210936 0.855737
v -0.991240 8.134314 0.863954
v -0.981148 8.185079 0.832823
v -1.072961 8.160109 0.800478
v -1.054380 8.200741 0.807953
v -1.145128 8.220880 0.827605
v -1.135523 8.248506 0.820080
v -1.196995 8.246677 0.899604
v -1.189887 8.258202 0.906287
v -1.228973 8.199146 0.973865
v -1.226574 8.202192 0.977173
v -0.234481 8.299527 -0.024932
v -0.268083 8.220048 -0.082839
v -0.290538 8.305070 -0.024377
v -0.375157 8.245080 -0.030698
v -0.247355 8.287345 0.043280
v -0.323653 8.301006 0.112498
v -0.214731 8.373076 0.024185
v -0.232858 8.425342 0.112155
v -0.205305 8.445853 -0.038372
v -0.289120 8.459676 0.021486
v -0.288364 8.402512 -0.095947
v -0.325041 8.453590 -0.013213
v -0.403956 8.381858 -0.076452
v -0.359809 8.455240 -0.017587
v -0.486352 8.454449 0.004787
v -0.393360 8.490265 -0.024689
v -0.430273 8.593387 0.057194
v -0.413460 8.547431 -0.034481
v -0.309789 8.642214 -0.055645
v -0.386921 8.596639 -0.078145
v -0.347077 8.556073 -0.169674
v -0.399990 8.573694 -0.116616
v -0.454625 8.559329 -0.153674
v -0.416318 8.599744 -0.127378
v -0.476101 8.650407 -0.168448
v -0.471351 8.678640 -0.132206
v -0.553531 8.590142 -0.143737
v -0.574980 8.592293 -0.121751
v -0.549533 8.510207 -0.213729
v -0.561239 8.500301 -0.215101
v -0.512996 8.558637 -0.311539
v -0.514775 8.554656 -0.314364
v -0.565459 7.361017 -0.089624
v -0.539519 7.279049 -0.053022
v -0.603145 7.316830 -0.062398
v -0.661405 7.313290 0.010571
v -0.646450 7.339300 -0.172057
v -0.643859 7.261434 -0.120468
v -0.533285 7.232398 -0.209550
v -0.589996 7.204766 -0.140618
v -0.503474 7.126536 -0.141162
v -0.582677 7.163386 -0.107992
v -0.546889 7.062291 -0.071894
v -0.609658 7.130103 -0.085780
v -0.632298 7.032410 -0.025145
v -0.653690 7.101034 -0.084847
v -0.766621 7.037983 -0.039162
v -0.718700 7.052286 -0.118094
v -0.851706 7.103522 -0.153337
v -0.785914 7.038928 -0.168509
v -0.786040 7.082744 -0.325570
v -0.787298 7.020864 -0.270181
v -0.684700 6.925099 -0.340216
v -0.739171 6.930006 -0.297794
v -0.743778 6.791611 -0.230004
v -0.778782 6.831806 -0.245011
v -0.923874 6.778000 -0.223214
v -0.902704 6.784855 -0.258279
v -0.978694 6.755254 -0.377098
v -0.992413 6.777400 -0.386470
v -0.926281 6.665885 -0.486723
v -0.920592 6.671430 -0.498060
v -0.890754 6.518865 -0.452819
v -0.887325 6.518848 -0.455991
v -0.195751 8.387292 0.963400
v -0.092165 8.374443 1.010662
v -0.108754 8.500855 0.927876
v -0.143662 8.436732 1.016186
v -0.285161 8.459708 0.967299
v -0.193450 8.443378 1.034018
v -0.281956 8.351966 1.116563
v -0.190104 8.413950 1.087404
v -0.188861 8.426819 1.117440
v -0.120816 8.369929 1.189983
v -0.125666 8.510040 1.093052
v -0.212752 8.451296 1.138814
v -0.205324 8.501528 1.138478
v -0.301698 8.517369 1.078559
v -0.180300 8.576082 1.163333
v -0.126895 8.641784 1.086131
v -0.155367 8.534049 1.219217
v -0.044002 8.524587 1.244462
v -0.203704 8.491776 1.232227
v -0.194229 8.418345 1.302167
v -0.271328 8.536333 1.245767
v -0.347838 8.500020 1.251389
v -0.294513 8.667868 1.242797
v -0.285203 8.625845 1.295312
v -0.160114 8.676835 1.331379
v -0.198236 8.650216 1.352153
v -0.133144 8.548123 1.412189
v -0.164175 8.555510 1.400565
v -0.256769 8.475415 1.440900
v -0.258290 8.488525 1.430225
v -0.363373 8.560107 1.450788
v -0.360450 8.564346 1.448276
v -0.208131 8.464506 0.516765
v -0.184153 8.458386 0.635629
v -0.181682 8.479888 0.527820
v -0.086120 8.490753 0.601921
v -0.223075 8.546384 0.502410
v -0.150091 8.557280 0.598824
v -0.291155 8.536202 0.649888
v -0.180206 8.573960 0.618176
v -0.147395 8.536516 0.758893
v -0.140214 8.567095 0.641613
v -0.099914 8.612707 0.686013
v -0.202143 8.606381 0.620819
v -0.089153 8.668759 0.713071
v -0.203588 8.658749 0.673758
v -0.187876 8.664203 0.797577
v -0.185139 8.694927 0.680147
v -0.276219 8.699525 0.717529
v -0.161532 8.730786 0.692817
v -0.231555 8.760933 0.663535
v -0.193151 8.747793 0.763534
v -0.209466 8.801890 0.698559
v -0.120764 8.816345 0.695188
v -0.232859 8.826750 0.673040
v -0.222994 8.837794 0.602632
v -0.282513 8.826140 0.690758
v -0.330107 8.816461 0.667244
v -0.276585 8.821276 0.752181
v -0.298144 8.808976 0.778221
v -0.212308 8.850644 0.767688
v -0.201455 8.849122 0.781951
v -0.197259 8.900361 0.702794
v -0.191429 8.901074 0.704328
v 0.136308 8.155721 -0.166100
v 0.085657 8.248382 -0.109227
v 0.188440 8.202530 -0.177179
v 0.200357 8.294854 -0.101545
v 0.210135 8.146904 -0.140095
v 0.310369 8.173153 -0.079676
v 0.226064 8.103271 -0.205681
v 0.328012 8.041188 -0.193909
v 0.204379 8.119173 -0.332056
v 0.317400 8.126217 -0.292524
v 0.276234 8.290975 -0.303745
v 0.340826 8.195490 -0.336864
v 0.463527 8.263028 -0.265753
v 0.392271 8.201931 -0.340426
v 0.497867 8.095011 -0.354985
v 0.403292 8.166607 -0.372753
v 0.358081 8.066905 -0.466651
v 0.379747 8.173553 -0.416221
v 0.289253 8.223704 -0.500904
v 0.390573 8.201023 -0.476679
v 0.422641 8.323695 -0.494962
v 0.424008 8.244843 -0.535881
v 0.556987 8.252215 -0.513373
v 0.504560 8.225238 -0.553066
v 0.566869 8.113823 -0.560818
v 0.521884 8.138663 -0.574997
v 0.481291 8.056204 -0.652611
v 0.470883 8.089796 -0.647486
v 0.436148 8.121358 -0.758031
v 0.451875 8.125894 -0.751115
v 0.515083 8.193219 -0.820947
v 0.519234 8.188894 -0.820766
v -0.665955 8.031299 0.304256
v -0.617308 8.054399 0.204681
v -0.683374 7.928173 0.269963
v -0.631690 7.976002 0.181327
v -0.740972 7.895394 0.142339
v -0.720605 8.004897 0.162575
v -0.737105 7.939648 0.061531
v -0.703494 8.047640 0.066350
v -0.725479 7.930987 0.009384
v -0.653608 7.960081 -0.073098
v -0.756294 7.905847 0.004510
v -0.746773 7.798709 -0.030788
v -0.868203 7.908202 0.077331
v -0.811732 7.916394 -0.020440
v -0.861163 7.908752 -0.049703
v -0.825018 8.015078 -0.063966
v -0.848064 7.874688 -0.128515
v -0.891851 7.939198 -0.046439
v -0.929421 7.888542 -0.113232
v -0.972132 7.928314 -0.031258
v -0.941710 7.843723 -0.121847
v -0.980711 7.796983 -0.064175
v -0.951650 7.813562 -0.183865
v -0.960214 7.747650 -0.174784
v -1.015856 7.816546 -0.243344
v -0.999547 7.789426 -0.282458
v -1.110136 7.841597 -0.270674
v -1.107666 7.808828 -0.277397
v -1.196508 7.787271 -0.224272
v -1.189671 7.777289 -0.235887
v -1.221445 7.684333 -0.215440
v -1.218605 7.682971 -0.220143
v -0.738809 7.794586 0.587936
v -0.731227 7.891146 0.530711
v -0.695481 7.776857 0.546024
v -0.691111 7.826908 0.445369
v -0.734065 7.690640 0.546205
v -0.735346 7.731496 0.441396
v -0.817948 7.650220 0.461420
v -0.823781 7.762532 0.458631
v -0.832968 7.671528 0.434522
v -0.824176 7.735630 0.342492
v -0.892120 7.604667 0.449739
v -0.886483 7.649268 0.346614
v -0.899825 7.547164 0.335128
v -0.919536 7.657443 0.345417
v -0.940854 7.607060 0.234392
v -0.968713 7.644476 0.336763
v -1.021650 7.614451 0.284687
v -1.029938 7.726627 0.282781
v -1.058101 7.614155 0.280906
v -1.074778 7.622392 0.379160
v -1.093293 7.578909 0.238025
v -1.108837 7.573454 0.319712
v -1.125068 7.463961 0.291385
v -1.143238 7.518017 0.325910
v -1.223312 7.460699 0.383866
v -1.227391 7.496274 0.348971
v -1.329112 7.492157 0.339506
v -1.336132 7.520544 0.355505
v -1.401403 7.488163 0.262837
v -1.402660 7.502705 0.254794
v -1.427726 7.409447 0.192526
v -1.427613 7.412975 0.188146
v -0.385532 8.365317 0.785158
v -0.378082 8.409782 0.674087
v -0.397292 8.335218 0.745340
v -0.471897 8.310204 0.654909
v -0.481356 8.305795 0.854323
v -0.447029 8.379011 0.765833
v -0.509207 8.440828 0.794031
v -0.406096 8.492569 0.826596
v -0.524498 8.467337 0.734418
v -0.478666 8.522264 0.638232
v -0.580770 8.429846 0.747499
v -0.651166 8.391603 0.658330
v -0.560581 8.502271 0.741354
v -0.626334 8.423741 0.803634
v -0.587053 8.508771 0.796312
v -0.677832 8.448647 0.746176
v -0.615068 8.543251 0.775664
v -0.670582 8.465856 0.848449
v -0.646752 8.564833 0.840280
v -0.581462 8.574769 0.923899
v -0.686296 8.632160 0.828227
v -0.631609 8.686587 0.784280
v -0.755978 8.606623 0.783688
v -0.768418 8.615665 0.714338
v -0.782919 8.527223 0.822774
v -0.820764 8.495724 0.802428
v -0.787288 8.541711 0.925795
v -0.801236 8.516124 0.946099
v -0.818446 8.652125 0.968726
v -0.832130 8.641369 0.965197
v -0.909456 8.695601 0.887794
v -0.913267 8.691261 0.889394
v -0.382129 7.155464 -0.216123
v -0.424375 7.109897 -0.150002
v -0.433728 7.190859 -0.208303
v -0.510779 7.197959 -0.160914
v -0.373383 7.243062 -0.189636
v -0.425644 7.314885 -0.208167
v -0.320103 7.225999 -0.286586
v -0.343060 7.305080 -0.324693
v -0.414910 7.149827 -0.357274
v -0.406686 7.224236 -0.408545
v -0.562749 7.247930 -0.321837
v -0.492624 7.266657 -0.376287
v -0.517264 7.350515 -0.454931
v -0.472716 7.272513 -0.442119
v -0.519888 7.292026 -0.484785
v -0.479512 7.213153 -0.465240
v -0.633404 7.276054 -0.477291
v -0.561319 7.223668 -0.494394
v -0.609944 7.114352 -0.449041
v -0.562610 7.152828 -0.501806
v -0.500672 7.039284 -0.524463
v -0.517817 7.097158 -0.554029
v -0.467298 7.058663 -0.674229
v -0.517818 7.068775 -0.658847
v -0.578927 7.024675 -0.763416
v -0.590754 7.060417 -0.777872
v -0.683916 6.940764 -0.791706
v -0.707307 6.953050 -0.786738
v -0.706717 6.802020 -0.774391
v -0.717076 6.799041 -0.766360
v -0.636701 6.684039 -0.814146
v -0.638896 6.681549 -0.811054
v 0.497573 7.823110 -0.164186
v 0.561479 7.743015 -0.115434
v 0.505711 7.766743 -0.259519
v 0.587782 7.718914 -0.197451
v 0.484646 7.670943 -0.267620
v 0.552042 7.600599 -0.209437
v 0.425259 7.636439 -0.305270
v 0.439175 7.528068 -0.274643
v 0.442208 7.626380 -0.387705
v 0.381755 7.530829 -0.397261
v 0.477087 7.604364 -0.425070
v 0.373393 7.600589 -0.470994
v 0.492663 7.591111 -0.467547
v 0.414136 7.659807 -0.512159
v 0.505848 7.584947 -0.522363
v 0.504262 7.697695 -0.535053
v 0.543528 7.583423 -0.570920
v 0.622760 7.656816 -0.536111
v 0.580680 7.539999 -0.588291
v 0.664244 7.520521 -0.535271
v 0.566535 7.492282 -0.622293
v 0.589874 7.418127 -0.590336
v 0.579012 7.467648 -0.700684
v 0.528747 7.424697 -0.712940
v 0.628618 7.478506 -0.798120
v 0.621711 7.429186 -0.790170
v 0.742801 7.416198 -0.802625
v 0.718383 7.394488 -0.810552
v 0.773272 7.293957 -0.788518
v 0.759144 7.295622 -0.797476
v 0.730389 7.196236 -0.840424
v 0.726789 7.199244 -0.843616
v -0.523108 7.352542 -0.167930
v -0.410511 7.310105 -0.218136
v -0.479565 7.339411 -0.133736
v -0.419094 7.230421 -0.095470
v -0.537870 7.367701 -0.126120
v -0.566255 7.279552 -0.034338
v -0.589690 7.294277 -0.211155
v -0.682431 7.290072 -0.119607
v -0.564927 7.180563 -0.179963
v -0.670279 7.233192 -0.124009
v -0.627570 7.148915 -0.152297
v -0.719146 7.240141 -0.135227
v -0.696502 7.100570 -0.088658
v -0.669564 7.177207 -0.190642
v -0.713590 7.071148 -0.164358
v -0.672687 7.140821 -0.266692
v -0.702520 7.024964 -0.189543
v -0.592367 6.982821 -0.245130
v -0.749170 6.976973 -0.189756
v -0.710247 6.889575 -0.124345
v -0.819836 6.927756 -0.223374
v -0.886524 6.939306 -0.154476
v -0.881238 6.889056 -0.300601
v -0.911557 6.952790 -0.332039
v -0.858147 6.816183 -0.387264
v -0.833025 6.839357 -0.434059
v -0.834230 6.693440 -0.382273
v -0.801088 6.680666 -0.397466
v -0.908148 6.591321 -0.336710
v -0.898636 6.577314 -0.327414
v -1.039363 6.554109 -0.368426
v -1.039894 6.550612 -0.362950
v -0.728757 7.494190 0.302657
v -0.731891 7.571231 0.239525
v -0.728209 7.479888 0.248560
v -0.688319 7.475647 0.157336
v -0.761804 7.381268 0.274913
v -0.787605 7.470329 0.238398
v -0.853773 7.465226 0.347322
v -0.838979 7.489513 0.251813
v -0.890477 7.575650 0.278699
v -0.861146 7.483159 0.255982
v -0.861008 7.537540 0.156605
v -0.862379 7.461805 0.221360
v -0.873555 7.436479 0.140862
v -0.915504 7.476165 0.222078
v -0.924727 7.381508 0.197865
v -0.948345 7.474968 0.172599
v -1.029641 7.435453 0.272786
v -1.004504 7.438573 0.176406
v -1.102228 7.529666 0.156224
v -1.076540 7.446788 0.138395
v -1.109516 7.475885 0.003114
v -1.116777 7.422928 0.054024
v -1.090912 7.326006 -0.049593
v -1.116491 7.326948 0.003626
v -1.113339 7.184803 0.016054
v -1.137294 7.214741 0.038225
v -1.219166 7.121643 0.109502
v -1.229731 7.147955 0.101263
v -1.365674 7.126940 0.103100
v -1.370696 7.129420 0.116760
v -1.473108 7.116545 0.015371
v -1.475463 7.120295 0.017655
v 0.173211 8.289829 1.140050
v 0.252946 8.197509 1.183253
v 0.190802 8.267897 1.087224
v 0.306938 8.210828 1.085561
v 0.222168 8.380205 1.052303
v 0.296923 8.300602 1.121745
v 0.352863 8.392288 1.131038
v 0.263543 8.347516 1.213285
v 0.388589 8.354574 1.156025
v 0.370048 8.259510 1.241851
v 0.414940 8.357149 1.144698
v 0.513903 8.273782 1.146527
v 0.446869 8.391292 1.182222
v 0.503433 8.447341 1.080212
v 0.464475 8.426664 1.221037
v 0.372767 8.511958 1.188455
v 0.466625 8.415493 1.255957
v 0.355635 8.405928 1.321811
v 0.493947 8.393915 1.266979
v 0.481178 8.306161 1.340250
v 0.542611 8.417224 1.291801
v 0.616294 8.356091 1.287019
v 0.601465 8.509453 1.300408
v 0.595523 8.454385 1.353448
v 0.526193 8.531228 1.411148
v 0.567167 8.491743 1.419525
v 0.506610 8.439269 1.498515
v 0.540742 8.438394 1.481065
v 0.592214 8.358235 1.523949
v 0.598580 8.371823 1.512016
v 0.698067 8.389124 1.530539
v 0.696855 8.394853 1.527787
v 0.044476 8.425855 0.198053
v 0.068050 8.461287 0.301583
v 0.054968 8.487205 0.176779
v 0.106228 8.516571 0.271857
v -0.048847 8.518783 0.228164
v 0.048599 8.535396 0.280681
v -0.037521 8.535272 0.381995
v 0.053787 8.522129 0.318592
v 0.101399 8.571970 0.431198
v 0.079198 8.557978 0.322381
v 0.079212 8.618035 0.324452
v 0.187378 8.596973 0.304799
v 0.074552 8.644035 0.240159
v 0.110072 8.664347 0.344349
v 0.050647 8.696039 0.285434
v 0.152805 8.694317 0.331157
v 0.081930 8.746871 0.299378
v 0.052095 8.764460 0.405822
v 0.067795 8.778582 0.276351
v -0.031164 8.778043 0.266008
v 0.089457 8.790313 0.239148
v 0.076271 8.768368 0.160284
v 0.135352 8.814537 0.251996
v 0.194148 8.798845 0.225601
v 0.116626 8.858875 0.274318
v 0.135333 8.846741 0.229845
v 0.127748 8.870056 0.221992
v 0.153723 8.861900 0.203049
v 0.086880 8.901214 0.178229
v 0.077224 8.898153 0.165099
v 0.072371 8.960089 0.243390
v 0.066873 8.960185 0.242349
v 0.744053 7.786500 0.612242
v 0.719996 7.854745 0.695396
v 0.768897 7.782109 0.652666
v 0.741790 7.753092 0.755496
v 0.738392 7.765188 0.618443
v 0.730825 7.655666 0.628366
v 0.793622 7.779450 0.592829
v 0.799065 7.721448 0.499251
v 0.870765 7.851681 0.556534
v 0.873335 7.748463 0.595136
v 0.890892 7.838505 0.686846
v 0.906129 7.749275 0.623946
v 0.921960 7.720923 0.761281
v 0.945630 7.714620 0.653807
v 0.956309 7.588996 0.710577
v 0.978414 7.677959 0.649359
v 1.024974 7.572047 0.568217
v 1.031317 7.665192 0.626824
v 1.112733 7.655651 0.615826
v 1.121519 7.718562 0.541223
v 1.164224 7.675637 0.683026
v 1.170477 7.639188 0.610229
v 1.211254 7.592697 0.662549
v 1.219743 7.606163 0.599197
v 1.221491 7.500387 0.639400
v 1.220586 7.476794 0.596473
v 1.285941 7.451230 0.718849
v 1.277919 7.419607 0.720378
v 1.412439 7.454026 0.743016
v 1.409898 7.438567 0.738408
v 1.502261 7.422304 0.651276
v 1.501044 7.416941 0.651645
v 0.600964 7.993399 1.001613
v 0.564956 8.096104 0.982756
v 0.602446 8.038656 1.043493
v 0.504590 8.057772 1.091024
v 0.669775 8.046220 1.067555
v 0.600024 8.126580 1.097179
v 0.698166 8.141175 0.988284
v 0.621346 8.170754 1.061933
v 0.628309 8.252413 0.956400
v 0.594719 8.199602 1.047411
v 0.539779 8.325651 1.040184
v 0.584875 8.233779 1.081732
v 0.529628 8.303508 1.190518
v 0.621202 8.262699 1.144158
v 0.590094 8.205597 1.262331
v 0.650815 8.249421 1.181135
v 0.706501 8.135028 1.230454
v 0.692553 8.233994 1.183428
v 0.811673 8.190361 1.146577
v 0.744588 8.253666 1.180222
v 0.821535 8.341230 1.153714
v 0.803917 8.291184 1.215998
v 0.777009 8.389166 1.277801
v 0.813122 8.334882 1.283580
v 0.750156 8.315562 1.382274
v 0.789520 8.299224 1.357912
v 0.795361 8.202391 1.409478
v 0.813193 8.216805 1.386125
v 0.904690 8.161987 1.390665
v 0.903681 8.177126 1.384536
v 0.997805 8.220990 1.399800
v 0.994976 8.225687 1.400462
v 0.672992 7.933628 0.825206
v 0.711093 7.930036 0.733090
v 0.612968 7.973309 0.789413
v 0.627008 8.023058 0.704103
v 0.631830 8.085364 0.878625
v 0.689249 8.031788 0.817123
v 0.772521 7.996280 0.893314
v 0.776163 8.070654 0.826942
v 0.824299 7.946522 0.791683
v 0.800647 8.042298 0.776938
v 0.856084 7.991869 0.683431
v 0.817713 8.060930 0.744325
v 0.871925 8.107889 0.641243
v 0.852636 8.102416 0.738957
v 0.869534 8.229970 0.706791
v 0.896749 8.148471 0.757459
v 0.880731 8.251154 0.860719
v 0.933778 8.176619 0.820961
v 0.912363 8.122145 0.963860
v 0.949738 8.120141 0.883481
v 0.974723 7.984678 0.900102
v 0.976326 8.043215 0.855042
v 1.079304 7.988126 0.786042
v 1.062378 8.043559 0.797653
v 1.155606 8.054560 0.833625
v 1.142086 8.096396 0.839318
v 1.189257 8.031919 0.889173
v 1.178095 8.042785 0.914290
v 1.206085 7.913793 0.924389
v 1.201626 7.925448 0.932305
v 1.233129 7.946713 1.059881
v 1.232808 7.951583 1.058854
v -0.301658 8.178767 1.197071
v -0.372769 8.073633 1.219063
v -0.271911 8.168707 1.273686
v -0.374783 8.091340 1.268678
v -0.379921 8.244924 1.225947
v -0.392309 8.131354 1.285462
v -0.511823 8.132166 1.199664
v -0.405793 8.120304 1.271849
v -0.470423 8.015757 1.308422
v -0.398073 8.122288 1.305240
v -0.451680 8.063888 1.358751
v -0.447899 8.182160 1.307848
v -0.527519 8.028504 1.363765
v -0.498840 8.150122 1.332461
v -0.510748 8.125847 1.404613
v -0.592986 8.184472 1.324652
v -0.562112 8.145140 1.448067
v -0.491477 8.252247 1.436555
v -0.548027 8.132146 1.487716
v -0.444631 8.136646 1.536706
v -0.571775 8.092707 1.491883
v -0.536390 8.015028 1.534530
v -0.627294 8.100669 1.541219
v -0.679713 8.047700 1.524679
v -0.661203 8.159242 1.619959
v -0.675360 8.104697 1.630069
v -0.594594 8.106037 1.719009
v -0.625992 8.086957 1.708670
v -0.612444 7.984359 1.746794
v -0.627081 7.992753 1.737880
v -0.721107 7.947886 1.761584
v -0.723546 7.953396 1.759309
v -0.566526 8.182991 0.846813
v -0.604518 8.084438 0.889129
v -0.530557 8.190851 0.987925
v -0.613996 8.143206 0.926977
v -0.655304 8.142599 1.018804
v -0.698244 8.183025 0.921496
v -0.666318 8.103078 1.015095
v -0.738794 8.055047 0.941698
v -0.682040 8.116132 1.020091
v -0.691192 8.013336 1.068008
v -0.649583 8.187982 1.122718
v -0.714205 8.095171 1.110190
v -0.638119 8.028778 1.226738
v -0.713897 8.047765 1.144009
v -0.765029 7.907815 1.169341
v -0.765428 8.015883 1.133733
v -0.896618 7.986654 1.079314
v -0.828237 8.042315 1.151236
v -0.903933 8.148978 1.132942
v -0.890970 8.069158 1.193690
v -0.862170 8.168393 1.284223
v -0.906476 8.098489 1.268279
v -0.853483 8.055886 1.386606
v -0.901968 8.045823 1.340840
v -0.915021 7.922784 1.378998
v -0.937458 7.955597 1.347737
v -1.035525 7.884378 1.320050
v -1.032640 7.917872 1.317512
v -1.150373 7.953552 1.317215
v -1.140336 7.956585 1.330414
v -1.197324 8.021869 1.412900
v -1.195254 8.018172 1.416698
v -0.638256 7.848273 0.093120
v -0.676644 7.893961 0.177498
v -0.643233 7.879172 0.100589
v -0.630806 7.978551 0.126085
v -0.652184 7.866705 0.078214
v -0.591047 7.913544 0.009301
v -0.698014 7.897273 0.039295
v -0.678419 7.807273 -0.007573
v -0.728756 7.909537 0.002755
v -0.773013 7.830894 0.053125
v -0.748296 7.924533 -0.002524
v -0.802712 7.910230 0.084165
v -0.803248 7.931374 -0.030365
v -0.825643 8.004868 0.038756
v -0.862534 7.953448 -0.037929
v -0.811108 8.032255 -0.080654
v -0.898676 7.956429 -0.055651
v -0.842979 7.941966 -0.141495
v -0.935450 7.972153 -0.081615
v -0.916348 7.898571 -0.133188
v -1.024346 7.912069 -0.055148
v -0.987257 7.901753 -0.121317
v -1.018282 7.795573 -0.117649
v -0.994296 7.841143 -0.150795
v -1.000596 7.775424 -0.233974
v -0.999420 7.821319 -0.232550
v -1.070743 7.820844 -0.299777
v -1.056369 7.829869 -0.325264
v -1.171733 7.817291 -0.318756
v -1.165589 7.806974 -0.328254
v -1.229803 7.727823 -0.310112
v -1.227226 7.725504 -0.313944
v 0.199466 8.122162 1.296774
v 0.171938 8.037736 1.337129
v 0.209924 8.066193 1.233768
v 0.264659 7.986392 1.246014
v 0.272612 8.184180 1.227482
v 0.342557 8.116620 1.235055
v 0.310332 8.160608 1.388930
v 0.399810 8.164931 1.350344
v 0.359614 8.001928 1.420143
v 0.410283 8.072526 1.375842
v 0.411159 8.091414 1.385523
v 0.498391 8.083962 1.342522
v 0.360314 8.151524 1.434241
v 0.449239 8.121410 1.407795
v 0.510560 8.250630 1.373708
v 0.500994 8.166469 1.422077
v 0.646262 8.105443 1.389236
v 0.563630 8.114757 1.440218
v 0.555447 7.970860 1.494823
v 0.527456 8.052677 1.488509
v 0.510867 8.084702 1.567823
v 0.446478 8.075147 1.599178
v 0.600331 8.105802 1.584365
v 0.564447 8.071481 1.613952
v 0.610855 8.000682 1.610384
v 0.588541 7.968552 1.629068
v 0.745714 8.017845 1.643656
v 0.726329 8.009197 1.663269
v 0.729912 8.088059 1.792587
v 0.734210 8.074306 1.793676
v 0.641123 8.005090 1.891389
v 0.643930 8.001144 1.890810
v -0.412983 8.153666 -0.069301
v -0.438035 8.216747 0.002128
v -0.390301 8.186888 -0.058256
v -0.331350 8.261487 -0.032395
v -0.384327 8.137301 -0.076251
v -0.297014 8.144254 -0.121386
v -0.447799 8.099392 -0.175428
v -0.389801 8.178463 -0.165789
v -0.416054 8.211804 -0.228422
v -0.478427 8.249605 -0.162167
v -0.398775 8.234546 -0.234496
v -0.364216 8.316689 -0.192459
v -0.419531 8.219901 -0.249525
v -0.329025 8.248921 -0.275514
v -0.432974 8.214972 -0.331347
v -0.372697 8.286336 -0.299995
v -0.424296 8.256718 -0.366916
v -0.385730 8.340156 -0.331422
v -0.393408 8.264344 -0.412192
v -0.310360 8.281350 -0.434216
v -0.422380 8.208758 -0.426946
v -0.391208 8.154818 -0.464972
v -0.501158 8.222273 -0.449179
v -0.532649 8.173454 -0.455047
v -0.548721 8.303281 -0.515111
v -0.551276 8.263959 -0.534217
v -0.484940 8.293049 -0.634178
v -0.508463 8.275901 -0.631954
v -0.483646 8.177213 -0.696164
v -0.496017 8.181332 -0.689602
v -0.589509 8.114169 -0.705763
v -0.592012 8.117730 -0.703454
v 0.450566 7.718871 -0.244569
v 0.454930 7.812765 -0.239906
v 0.495348 7.729619 -0.222159
v 0.551843 7.791294 -0.179016
v 0.532347 7.667796 -0.279040
v 0.540145 7.761576 -0.277923
v 0.460230 7.749340 -0.347824
v 0.536523 7.778719 -0.301208
v 0.503136 7.764200 -0.342053
v 0.559920 7.827539 -0.301796
v 0.532918 7.680323 -0.350037
v 0.583028 7.753873 -0.319440
v 0.650356 7.698047 -0.313502
v 0.603995 7.771459 -0.349810
v 0.720256 7.787009 -0.326856
v 0.646784 7.784491 -0.385613
v 0.712646 7.887826 -0.416956
v 0.690893 7.799829 -0.442259
v 0.644191 7.875086 -0.543975
v 0.687399 7.806865 -0.522136
v 0.606961 7.753737 -0.608918
v 0.666984 7.748247 -0.573892
v 0.665444 7.627482 -0.602625
v 0.700996 7.666236 -0.584065
v 0.797217 7.588474 -0.597024
v 0.795381 7.629734 -0.603636
v 0.882522 7.640165 -0.676441
v 0.904093 7.648144 -0.660674
v 0.907037 7.671688 -0.787113
v 0.907493 7.685615 -0.787563
v 0.863117 7.635665 -0.893659
v 0.861844 7.640049 -0.894799
v 0.701217 7.976371 0.427165
v 0.710127 7.953810 0.549349
v 0.689850 7.926603 0.446458
v 0.711198 7.814254 0.495849
v 0.645902 7.954728 0.393921
v 0.658566 7.846035 0.334399
v 0.767746 7.946748 0.358189
v 0.726580 7.988820 0.248404
v 0.811798 7.845125 0.350578
v 0.776356 7.920392 0.257862
v 0.832311 7.861875 0.240331
v 0.805934 7.983599 0.238108
v 0.896881 7.871614 0.215364
v 0.848660 7.922886 0.112586
v 0.933688 7.855914 0.200778
v 0.897219 7.802864 0.094133
v 0.966712 7.822734 0.214133
v 0.959620 7.701489 0.186440
v 1.025477 7.827132 0.252503
v 1.044204 7.751680 0.331351
v 1.081000 7.866880 0.210839
v 1.097221 7.786878 0.253863
v 1.123209 7.788563 0.187357
v 1.138977 7.749358 0.247885
v 1.146997 7.719870 0.125681
v 1.147208 7.665265 0.134814
v 1.245727 7.753588 0.040708
v 1.255300 7.730630 0.067977
v 1.377976 7.770133 0.111081
v 1.376161 7.753101 0.104209
v 1.438398 7.670550 0.189839
v 1.437226 7.666144 0.185596
v -0.146030 8.441140 0.812282
v -0.227499 8.455577 0.716622
v -0.178866 8.494629 0.846363
v -0.277868 8.496706 0.767682
v -0.207633 8.451397 0.865644
v -0.325745 8.406220 0.863360
v -0.161206 8.450943 0.913806
v -0.239801 8.380383 0.983380
v -0.157350 8.497367 0.996131
v -0.278783 8.480737 0.964922
v -0.183800 8.496911 1.069453
v -0.285631 8.516375 0.997010
v -0.284764 8.454975 1.123041
v -0.281453 8.532936 1.023504
v -0.396912 8.515421 1.051439
v -0.279246 8.561352 1.057874
v -0.344126 8.558409 1.114705
v -0.302089 8.635577 1.023741
v -0.381117 8.587509 1.105824
v -0.273870 8.617204 1.121809
v -0.358740 8.533476 1.196545
v -0.300283 8.592792 1.153632
v -0.324303 8.632295 1.202525
v -0.252606 8.638887 1.223345
v -0.350765 8.721838 1.188425
v -0.354865 8.687397 1.232661
v -0.451438 8.664018 1.208069
v -0.422281 8.659720 1.231215
v -0.433867 8.586738 1.284597
v -0.419293 8.597820 1.280614
v -0.375092 8.624777 1.354514
v -0.373037 8.629373 1.350687
v 0.001931 7.887814 -0.337124
v 0.097992 7.928542 -0.323586
v 0.056873 7.827050 -0.417391
v 0.092700 7.924598 -0.400944
v 0.156063 7.825864 -0.406327
v 0.204263 7.916758 -0.384312
v 0.175691 7.772648 -0.359988
v 0.276072 7.788304 -0.332632
v 0.166831 7.706065 -0.401013
v 0.250621 7.647349 -0.376493
v 0.137802 7.653761 -0.499235
v 0.238534 7.678929 -0.482228
v 0.199645 7.767593 -0.590189
v 0.259286 7.682158 -0.575568
v 0.343297 7.785728 -0.595942
v 0.296223 7.692499 -0.608677
v 0.423638 7.652095 -0.602321
v 0.324496 7.661572 -0.636244
v 0.337223 7.534430 -0.648101
v 0.309858 7.621461 -0.668670
v 0.231448 7.571851 -0.745826
v 0.296075 7.614604 -0.737496
v 0.312006 7.600966 -0.832399
v 0.309262 7.662952 -0.838516
v 0.395121 7.573315 -0.877463
v 0.432385 7.600406 -0.869455
v 0.424243 7.473195 -0.882127
v 0.452126 7.464259 -0.871427
v 0.369390 7.391292 -0.934383
v 0.373135 7.376894 -0.929733
v 0.339511 7.390075 -1.047300
v 0.337074 7.385445 -1.046749
v 0.198270 7.196466 -0.323356
v 0.179687 7.288994 -0.382504
v 0.219793 7.222272 -0.332869
v 0.294595 7.301517 -0.355893
v 0.217466 7.186711 -0.319209
v 0.320898 7.178707 -0.278677
v 0.215908 7.074006 -0.338641
v 0.285711 7.152200 -0.376303
v 0.291987 7.076340 -0.394529
v 0.254686 7.157587 -0.460957
v 0.307261 7.065251 -0.397362
v 0.372064 7.148911 -0.432100
v 0.393256 7.010788 -0.362562
v 0.359383 7.087134 -0.436243
v 0.393070 7.040835 -0.485927
v 0.478673 7.111342 -0.496222
v 0.386023 7.008738 -0.535468
v 0.332640 7.081104 -0.601183
v 0.385201 6.955503 -0.559484
v 0.291627 6.923643 -0.564989
v 0.427487 6.898910 -0.579911
v 0.411299 6.833820 -0.531870
v 0.532747 6.851250 -0.628879
v 0.470371 6.836649 -0.644762
v 0.491632 6.778630 -0.739033
v 0.481056 6.815078 -0.770815
v 0.444849 6.681180 -0.790177
v 0.415174 6.685836 -0.803844
v 0.463785 6.558351 -0.775668
v 0.450231 6.549570 -0.772287
v 0.562610 6.480787 -0.803121
v 0.560468 6.476678 -0.800032
v 0.639781 8.094952 0.349021
v 0.661142 7.996257 0.269014
v 0.688744 8.144984 0.292722
v 0.683329 8.076290 0.183865
v 0.591335 8.124974 0.294567
v 0.514900 8.173026 0.202660
v 0.593992 8.157078 0.382942
v 0.517313 8.256691 0.411154
v 0.759274 8.191462 0.369041
v 0.687685 8.298253 0.377344
v 0.668749 8.251855 0.194715
v 0.649918 8.324228 0.299623
v 0.690785 8.338600 0.232264
v 0.705117 8.364697 0.357610
v 0.761113 8.266580 0.178503
v 0.752040 8.332529 0.288805
v 0.848072 8.254744 0.360214
v 0.774704 8.347346 0.308832
v 0.807010 8.447540 0.442817
v 0.820304 8.413852 0.334175
v 0.790184 8.548098 0.260542
v 0.856633 8.482055 0.278713
v 0.850637 8.418936 0.130155
v 0.876880 8.420833 0.201824
v 0.935926 8.287921 0.223271
v 0.916272 8.333640 0.251594
v 1.013662 8.361119 0.357644
v 0.997211 8.380595 0.329232
v 1.062458 8.488052 0.286071
v 1.052346 8.503634 0.290458
v 1.078635 8.470308 0.146300
v 1.074827 8.475331 0.144973
v 0.082495 7.835385 -0.368422
v 0.183367 7.829990 -0.341988
v 0.104341 7.851378 -0.447544
v 0.207357 7.848268 -0.430780
v 0.099026 7.974331 -0.408053
v 0.190492 7.924090 -0.404487
v 0.222656 8.033124 -0.317017
v 0.226609 7.932379 -0.344179
v 0.328758 7.977524 -0.366997
v 0.249538 7.921426 -0.405470
v 0.288089 8.022620 -0.440555
v 0.294293 7.920702 -0.462400
v 0.170069 7.996297 -0.523907
v 0.263503 7.950741 -0.514022
v 0.213011 7.826329 -0.556652
v 0.283090 7.899728 -0.532063
v 0.378788 7.795754 -0.543955
v 0.343154 7.893844 -0.547363
v 0.470230 7.934968 -0.569481
v 0.386082 7.918957 -0.605222
v 0.399466 7.955622 -0.684448
v 0.380242 8.030004 -0.675493
v 0.382300 7.919387 -0.734939
v 0.323760 7.933011 -0.749643
v 0.407491 7.906311 -0.790818
v 0.381972 7.869357 -0.802515
v 0.512629 7.861122 -0.834494
v 0.485320 7.851534 -0.845424
v 0.487779 7.726977 -0.876159
v 0.476478 7.736720 -0.880241
v 0.401965 7.685965 -0.969370
v 0.400154 7.690812 -0.970067
v 0.744295 7.546122 0.284042
v 0.705440 7.465352 0.247987
v 0.691614 7.548428 0.256693
v 0.656799 7.560005 0.167321
v 0.723160 7.593456 0.310345
v 0.720271 7.674162 0.257319
v 0.842537 7.576477 0.320754
v 0.833916 7.637967 0.246739
v 0.867738 7.510930 0.214231
v 0.880304 7.603855 0.190980
v 0.826582 7.523918 0.097835
v 0.861772 7.605419 0.135949
v 0.809010 7.635469 0.023937
v 0.854339 7.643263 0.108896
v 0.912141 7.756027 0.041732
v 0.928574 7.670477 0.083500
v 1.024651 7.744283 0.162652
v 1.000873 7.670094 0.105520
v 1.052600 7.580051 0.212315
v 1.030361 7.600208 0.131856
v 1.012694 7.469631 0.090792
v 1.022005 7.538325 0.073024
v 1.049825 7.524133 -0.062350
v 1.077252 7.541105 -0.015050
v 1.194754 7.550531 -0.046962
v 1.200962 7.593016 -0.047210
v 1.290631 7.492544 0.017720
v 1.301523 7.505529 0.040788
v 1.296077 7.358014 0.022206
v 1.298353 7.350910 0.034421
v 1.294463 7.285821 -0.096825
v 1.294060 7.281644 -0.094432
v -0.132028 7.515606 -0.378959
v -0.012959 7.560138 -0.399291
v -0.108846 7.451510 -0.383670
v 0.011193 7.493679 -0.403322
v -0.127279 7.507202 -0.475249
v -0.007306 7.460715 -0.470835
v -0.032126 7.607845 -0.522326
v 0.000537 7.485666 -0.498257
v 0.135608 7.549279 -0.509304
v 0.024595 7.484382 -0.503102
v 0.099052 7.363896 -0.493233
v 0.025290 7.462570 -0.530603
v 0.030830 7.444505 -0.579672
v -0.080974 7.384404 -0.558183
v -0.009811 7.524022 -0.669409
v 0.024926 7.403751 -0.639373
v 0.149304 7.457577 -0.686476
v 0.043211 7.385546 -0.675089
v 0.151177 7.298624 -0.665146
v 0.050629 7.346661 -0.691182
v 0.031648 7.216620 -0.698194
v 0.025442 7.304852 -0.733840
v 0.023450 7.252206 -0.815404
v -0.051752 7.264479 -0.819177
v 0.045712 7.269622 -0.932461
v 0.026783 7.218593 -0.914809
v 0.128642 7.164806 -0.973314
v 0.092736 7.152151 -0.970929
v 0.113832 7.030921 -0.984482
v 0.097536 7.039350 -0.989692
v 0.031070 6.955356 -1.041474
v 0.027934 6.960332 -1.044089
v -0.438272 8.365164 0.520786
v -0.418757 8.374557 0.425758
v -0.515682 8.361263 0.504341
v -0.494619 8.362980 0.409196
v -0.477753 8.468449 0.505539
v -0.506646 8.443316 0.415913
v -0.375564 8.507143 0.403454
v -0.457700 8.457840 0.385504
v -0.417472 8.443618 0.248555
v -0.471168 8.433719 0.329290
v -0.546377 8.454798 0.283341
v -0.506455 8.502143 0.358600
v -0.521399 8.503371 0.237859
v -0.530920 8.523494 0.332747
v -0.471463 8.616732 0.295739
v -0.555098 8.566940 0.300755
v -0.569530 8.633254 0.404600
v -0.597017 8.600686 0.316946
v -0.692433 8.554980 0.393715
v -0.650401 8.576899 0.321200
v -0.732737 8.514445 0.264097
v -0.679557 8.563136 0.267746
v -0.698283 8.607417 0.164179
v -0.708421 8.619017 0.219843
v -0.693699 8.727065 0.225133
v -0.729022 8.702789 0.231399
v -0.752735 8.736356 0.334159
v -0.766544 8.721892 0.313324
v -0.843125 8.663038 0.356674
v -0.839095 8.664481 0.342884
v -0.908072 8.631679 0.272341
v -0.905156 8.633828 0.269081
v -0.502571 7.654610 -0.195632
v -0.524845 7.545445 -0.154428
v -0.478600 7.655734 -0.127640
v -0.556689 7.610958 -0.050128
v -0.497466 7.763886 -0.154802
v -0.581518 7.723859 -0.081019
v -0.652984 7.821114 -0.154435
v -0.636723 7.704840 -0.172514
v -0.738630 7.776797 -0.120229
v -0.713209 7.663227 -0.144033
v -0.752435 7.768919 -0.075133
v -0.775067 7.658758 -0.036880
v -0.794379 7.783953 -0.082026
v -0.858413 7.766355 0.016467
v -0.854857 7.785833 -0.118639
v -0.871797 7.895956 -0.077447
v -0.878485 7.791222 -0.174910
v -0.822611 7.879267 -0.231806
v -0.878292 7.742989 -0.210091
v -0.809657 7.719784 -0.286903
v -0.917554 7.695723 -0.189390
v -0.894881 7.612634 -0.207409
v -1.003003 7.688220 -0.211387
v -1.034685 7.651900 -0.160080
v -1.084244 7.715467 -0.291748
v -1.091213 7.664908 -0.278239
v -1.060751 7.630651 -0.402550
v -1.079554 7.614412 -0.377619
v -1.053112 7.493103 -0.394813
v -1.064398 7.500402 -0.383453
v -1.140634 7.420383 -0.334204
v -1.143501 7.425163 -0.332153
v -0.230569 8.160043 -0.167425
v -0.192982 8.074681 -0.223943
v -0.321942 8.127123 -0.178801
v -0.291942 8.037884 -0.233848
v -0.301470 8.196503 -0.271474
v -0.307680 8.098179 -0.318246
v -0.181732 8.188671 -0.340476
v -0.245503 8.103416 -0.364108
v -0.116371 8.085136 -0.409633
v -0.223138 8.067671 -0.395872
v -0.161555 7.969651 -0.463201
v -0.242638 8.033942 -0.428766
v -0.280824 7.911419 -0.477980
v -0.289479 8.016981 -0.451991
v -0.414966 7.952956 -0.467928
v -0.342801 8.034357 -0.475654
v -0.475760 8.099688 -0.474809
v -0.380993 8.076184 -0.523392
v -0.387519 8.219252 -0.559111
v -0.388348 8.128958 -0.594377
v -0.273307 8.177471 -0.665813
v -0.336188 8.126767 -0.666864
v -0.247855 8.035555 -0.715712
v -0.309232 8.046747 -0.698852
v -0.344591 7.928358 -0.722351
v -0.366137 7.969760 -0.709275
v -0.479540 7.940796 -0.751725
v -0.463802 7.968987 -0.753040
v -0.511978 8.029041 -0.838030
v -0.522996 8.038983 -0.831643
v -0.455804 8.082314 -0.929403
v -0.457374 8.087265 -0.927741
v 0.129764 8.475962 0.537366
v 0.020808 8.481191 0.600907
v 0.110872 8.531306 0.556993
v 0.102423 8.513214 0.681643
v 0.128930 8.500305 0.552224
v 0.239943 8.467121 0.602337
v 0.137726 8.528347 0.525503
v 0.205582 8.509536 0.420727
v 0.038614 8.620636 0.490327
v 0.162613 8.606193 0.509090
v 0.151966 8.615838 0.669513
v 0.174490 8.626904 0.545794
v 0.209081 8.657543 0.531543
v 0.329848 8.620856 0.533967
v 0.183580 8.709001 0.397368
v 0.202487 8.710430 0.522175
v 0.075521 8.766145 0.556233
v 0.200282 8.749574 0.546421
v 0.205539 8.761824 0.679048
v 0.221503 8.771932 0.568437
v 0.342627 8.753896 0.594430
v 0.261146 8.780843 0.557296
v 0.310543 8.801885 0.457144
v 0.268082 8.814219 0.517487
v 0.252620 8.881597 0.516679
v 0.207146 8.890823 0.485136
v 0.246619 8.900251 0.590408
v 0.214504 8.905070 0.608968
v 0.300589 8.846391 0.627803
v 0.303899 8.843211 0.645933
v 0.362831 8.828355 0.559885
v 0.367276 8.826612 0.564014
v 0.741143 7.801473 0.399936
v 0.749615 7.752646 0.494944
v 0.749502 7.746331 0.386430
v 0.747192 7.646371 0.424964
v 0.705825 7.771413 0.342975
v 0.687722 7.682460 0.286036
v 0.770121 7.817560 0.291455
v 0.740048 7.779926 0.195738
v 0.878018 7.816271 0.281994
v 0.852371 7.767358 0.190168
v 0.924995 7.694248 0.302052
v 0.897963 7.711649 0.199833
v 0.900644 7.570958 0.222508
v 0.897741 7.665746 0.172616
v 0.889470 7.579005 0.065878
v 0.926707 7.661817 0.122780
v 0.961589 7.719054 0.004378
v 0.995073 7.656686 0.084822
v 1.089970 7.752177 0.104425
v 1.075040 7.663071 0.074263
v 1.150342 7.634281 0.186700
v 1.125834 7.616564 0.113312
v 1.153402 7.517008 0.135605
v 1.142037 7.551188 0.083310
v 1.210244 7.489432 0.049449
v 1.219883 7.532454 0.067456
v 1.321517 7.495735 0.067358
v 1.335046 7.522938 0.076579
v 1.373788 7.459762 -0.031401
v 1.371417 7.470291 -0.043043
v 1.370631 7.347830 -0.079316
v 1.369143 7.349700 -0.084111
v -0.200509 7.843738 -0.346440
v -0.079951 7.798835 -0.369871
v -0.210402 7.801636 -0.385643
v -0.138385 7.693360 -0.399411
v -0.231346 7.801368 -0.319645
v -0.275199 7.679110 -0.304499
v -0.296330 7.858411 -0.348564
v -0.389521 7.772299 -0.316947
v -0.321481 7.858205 -0.452941
v -0.431951 7.800586 -0.413243
v -0.314017 7.751263 -0.505472
v -0.431434 7.786877 -0.460254
v -0.412551 7.660383 -0.509018
v -0.458734 7.781591 -0.492427
v -0.463694 7.704936 -0.552968
v -0.578132 7.731616 -0.495595
v -0.454893 7.662865 -0.569041
v -0.515706 7.555242 -0.526395
v -0.460385 7.654497 -0.632227
v -0.378990 7.574049 -0.652572
v -0.462644 7.715788 -0.740429
v -0.482552 7.622001 -0.726635
v -0.616929 7.659073 -0.738639
v -0.561155 7.609866 -0.760382
v -0.635224 7.503983 -0.723503
v -0.587351 7.522569 -0.750715
v -0.542297 7.414656 -0.795514
v -0.537906 7.451600 -0.806336
v -0.537756 7.445728 -0.921288
v -0.520755 7.451235 -0.928767
v -0.634445 7.458329 -0.991356
v -0.632433 7.464221 -0.993350
v 0.031690 8.331694 1.073974
v 0.070087 8.383524 1.012399
v -0.051649 8.346463 1.028659
v 0.016580 8.384122 0.985314
v -0.054377 8.474887 1.008350
v 0.021553 8.448179 1.046735
v 0.007706 8.514729 0.961838
v 0.093745 8.498466 0.978722
v -0.003118 8.513745 0.908476
v 0.054290 8.541995 0.846360
v -0.042614 8.577745 0.933293
v -0.093221 8.605845 0.865459
v -0.050877 8.595471 0.974661
v -0.132486 8.571050 1.001036
v -0.032386 8.622566 1.007496
v -0.014163 8.575811 1.081213
v -0.015214 8.668136 1.016236
v 0.073599 8.669706 1.008360
v -0.033060 8.719825 1.012845
v -0.030273 8.754377 0.941559
v -0.081505 8.725372 1.045378
v -0.144141 8.729412 1.024792
v -0.063732 8.689998 1.094200
v -0.095391 8.664855 1.128230
v -0.003980 8.722523 1.121615
v 0.016982 8.703898 1.149624
v -0.000961 8.817675 1.132145
v -0.006342 8.804251 1.154258
v -0.098618 8.829935 1.176886
v -0.088863 8.825800 1.184777
v -0.113710 8.759772 1.249230
v -0.109353 8.759568 1.250154
v 0.731408 7.789645 0.661667
v 0.748085 7.783314 0.543861
v 0.787520 7.879710 0.664564
v 0.802631 7.883124 0.546426
v 0.697084 7.933778 0.648184
v 0.686890 8.008319 0.555793
v 0.650401 7.956140 0.739986
v 0.612886 8.066862 0.716972
v 0.697661 8.010578 0.886744
v 0.734982 8.043906 0.778610
v 0.847537 7.955691 0.801927
v 0.814484 8.069848 0.793430
v 0.885530 8.032380 0.668713
v 0.841182 8.089873 0.763182
v 0.878061 8.207705 0.687400
v 0.894507 8.125844 0.772400
v 0.876526 8.244378 0.864698
v 0.938859 8.154848 0.816786
v 0.915022 8.096736 0.959135
v 0.952915 8.110288 0.861168
v 0.992687 7.977980 0.866240
v 0.984891 8.056939 0.827585
v 1.100761 8.041066 0.754910
v 1.076590 8.072981 0.813069
v 1.172779 8.112173 0.858140
v 1.158211 8.162576 0.850960
v 1.180129 8.098815 0.974169
v 1.164074 8.120838 0.996610
v 1.185732 7.983767 1.012466
v 1.179871 7.978330 1.028204
v 1.271275 7.910870 0.950765
v 1.270483 7.906354 0.954569
v 0.324316 8.234206 1.129685
v 0.358975 8.151800 1.167707
v 0.328991 8.193255 1.052306
v 0.397500 8.124617 1.058040
v 0.434941 8.309711 1.018096
v 0.429885 8.241422 1.087006
v 0.549810 8.264229 1.127567
v 0.482417 8.245003 1.194844
v 0.570289 8.168385 1.118643
v 0.563834 8.087321 1.171790
v 0.638346 8.195921 1.074594
v 0.707456 8.144976 1.029140
v 0.648823 8.279849 1.103350
v 0.655117 8.344991 1.031555
v 0.598738 8.318358 1.181384
v 0.676254 8.273452 1.143802
v 0.689275 8.331348 1.141507
v 0.692416 8.254301 1.200596
v 0.819146 8.282421 1.098879
v 0.767483 8.277287 1.167882
v 0.792719 8.150226 1.226797
v 0.758491 8.213517 1.225715
v 0.704208 8.229348 1.354529
v 0.733470 8.256661 1.313154
v 0.804380 8.338033 1.363906
v 0.789724 8.376335 1.350402
v 0.923921 8.314141 1.333293
v 0.937215 8.325446 1.310402
v 0.941218 8.186663 1.360089
v 0.950691 8.177549 1.354230
v 0.878940 8.166560 1.481556
v 0.880724 8.162052 1.481860
v -0.082951 8.370484 0.049229
v -0.080687 8.291628 -0.043328
v -0.112386 8.322837 0.067411
v -0.192170 8.251066 0.010194
v -0.127620 8.378227 0.119553
v -0.240889 8.335791 0.106913
v -0.201010 8.428204 0.032774
v -0.238399 8.478140 0.137171
v -0.247146 8.433930 -0.016757
v -0.292276 8.483484 0.084723
v -0.340840 8.435290 -0.017203
v -0.310140 8.509000 0.074528
v -0.368728 8.488473 0.002425
v -0.444114 8.504235 0.096547
v -0.350071 8.514488 -0.016875
v -0.445033 8.443329 -0.043501
v -0.341228 8.543531 -0.053963
v -0.452280 8.495790 -0.040595
v -0.417805 8.567703 -0.067760
v -0.465461 8.599789 0.023813
v -0.430725 8.614353 -0.103554
v -0.361750 8.664412 -0.074365
v -0.418996 8.597660 -0.165233
v -0.353946 8.602731 -0.195839
v -0.448825 8.538161 -0.182735
v -0.433712 8.508205 -0.225112
v -0.524072 8.528611 -0.163792
v -0.540684 8.501773 -0.181177
v -0.597407 8.593709 -0.162661
v -0.584566 8.592713 -0.175260
v -0.579618 8.668072 -0.230482
v -0.580061 8.664115 -0.235078
v -0.618872 7.657947 -0.042108
v -0.549434 7.593283 -0.099099
v -0.584942 7.623269 0.007969
v -0.554668 7.516875 0.011830
v -0.644694 7.663479 0.061496
v -0.651962 7.562435 0.106087
v -0.742065 7.612822 0.001899
v -0.793764 7.590849 0.097269
v -0.737468 7.474200 -0.054084
v -0.802943 7.499644 0.031453
v -0.763453 7.348209 0.093725
v -0.810220 7.448456 0.097544
v -0.867982 7.406476 0.101830
v -0.851506 7.478352 0.019287
v -0.914769 7.384239 0.120099
v -0.873082 7.401674 0.019058
v -0.874192 7.273577 0.049850
v -0.899541 7.372745 0.007730
v -0.886672 7.303878 -0.108013
v -0.947148 7.346867 -0.043402
v -1.021118 7.312476 -0.097723
v -1.026842 7.385047 -0.135442
v -1.117088 7.286850 -0.082051
v -1.149864 7.337006 -0.055363
v -1.159747 7.195958 -0.036918
v -1.181693 7.201791 0.006720
v -1.157602 7.079493 -0.062256
v -1.159149 7.060552 -0.035528
v -1.187714 7.003294 -0.159650
v -1.179128 6.989335 -0.159104
v -1.287997 6.984720 -0.240934
v -1.284588 6.982787 -0.244842
v -0.692563 7.907945 0.238368
v -0.640592 7.941547 0.145043
v -0.712582 7.845580 0.203201
v -0.661200 7.855698 0.104221
v -0.790073 7.904045 0.187278
v -0.744673 7.890274 0.085844
v -0.774523 8.020285 0.142489
v -0.753461 7.947907 0.059679
v -0.714291 8.071897 0.055000
v -0.735960 7.965655 0.027021
v -0.673908 8.050416 -0.047089
v -0.732646 7.961795 -0.011937
v -0.684856 7.971557 -0.138503
v -0.758543 7.951536 -0.056595
v -0.762978 7.867351 -0.175124
v -0.817471 7.922899 -0.094597
v -0.844969 7.784782 -0.116483
v -0.857408 7.890997 -0.083271
v -0.954038 7.806895 -0.024940
v -0.921952 7.892389 -0.064551
v -1.011258 7.889101 -0.100541
v -1.035390 7.942477 -0.041812
v -1.061558 7.915297 -0.177081
v -1.044863 7.979100 -0.184429
v -1.041420 7.878211 -0.267911
v -1.014350 7.906952 -0.298211
v -1.030826 7.780357 -0.299593
v -1.010513 7.775084 -0.325292
v -1.093318 7.689360 -0.285309
v -1.086890 7.676179 -0.293065
v -1.208392 7.672780 -0.284549
v -1.207804 7.667222 -0.284888
v 0.269568 8.226807 1.145156
v 0.213797 8.291846 1.113948
v 0.187053 8.236860 1.235720
v 0.226662 8.297239 1.180044
v 0.135250 8.341709 1.213510
v 0.198515 8.382384 1.161960
v 0.074462 8.337820 1.161757
v 0.079255 8.402404 1.097568
v 0.013720 8.307124 1.171753
v -0.039095 8.361747 1.121341
v -0.024092 8.303720 1.232498
v -0.108879 8.325864 1.207295
v -0.036796 8.351726 1.286120
v -0.090532 8.289670 1.325817
v -0.024431 8.392233 1.349656
v 0.016155 8.325346 1.396489
v -0.005925 8.428365 1.381091
v 0.084377 8.436062 1.371055
v -0.015625 8.486550 1.425325
v -0.013914 8.548198 1.372733
v -0.076089 8.482042 1.456452
v -0.133972 8.505957 1.431159
v -0.079851 8.419115 1.491229
v -0.126595 8.394509 1.502600
v -0.022973 8.411597 1.552442
v -0.024134 8.376943 1.573421
v 0.011912 8.486682 1.618237
v -0.009090 8.472442 1.627515
v -0.082117 8.545405 1.652855
v -0.079729 8.534503 1.660467
v -0.169964 8.490162 1.688125
v -0.167373 8.487151 1.690363
v 0.387280 8.320848 0.902760
v 0.347532 8.389406 0.829319
v 0.352789 8.366047 0.919143
v 0.252442 8.401924 0.936947
v 0.387532 8.316635 1.030540
v 0.387617 8.384779 0.946695
v 0.537049 8.350013 0.917666
v 0.448189 8.409748 0.932136
v 0.465400 8.477206 0.851712
v 0.429551 8.445304 0.948514
v 0.417171 8.521411 0.899065
v 0.449382 8.455424 0.978323
v 0.317296 8.553968 1.026228
v 0.414243 8.537822 0.981348
v 0.486728 8.426404 1.104631
v 0.485131 8.494148 1.020477
v 0.628187 8.480772 0.960124
v 0.538386 8.537472 0.979989
v 0.574637 8.645519 0.902265
v 0.558151 8.611320 0.990483
v 0.476077 8.720535 1.012887
v 0.532978 8.673218 1.043362
v 0.453828 8.655372 1.150390
v 0.510650 8.644261 1.123056
v 0.541946 8.549438 1.195839
v 0.556334 8.572631 1.156330
v 0.672285 8.543718 1.153824
v 0.655218 8.567776 1.141382
v 0.727689 8.656094 1.116233
v 0.717180 8.656182 1.128306
v 0.680574 8.761877 1.157832
v 0.679296 8.759637 1.162578
v -0.576066 8.071809 0.061007
v -0.502437 8.050128 -0.034422
v -0.545297 8.038421 0.064525
v -0.531059 7.937291 -0.003063
v -0.592271 8.056402 0.105555
v -0.622139 7.940545 0.079417
v -0.652842 8.024575 0.002102
v -0.721370 8.017992 0.103387
v -0.665043 7.956802 -0.023389
v -0.734789 7.950522 0.077081
v -0.727907 7.884111 -0.026780
v -0.745871 7.976336 0.051768
v -0.819044 7.910587 -0.033833
v -0.808032 8.028143 -0.001318
v -0.848212 7.924544 -0.062120
v -0.782292 8.008474 -0.122189
v -0.860292 7.902172 -0.089633
v -0.788726 7.881133 -0.186761
v -0.894613 7.871303 -0.092296
v -0.875266 7.771767 -0.131900
v -0.955704 7.871009 -0.117094
v -0.995917 7.813722 -0.059382
v -1.033523 7.924194 -0.152326
v -1.042699 7.852207 -0.152974
v -1.033189 7.867496 -0.270491
v -1.061903 7.838481 -0.234488
v -1.042598 7.742483 -0.290807
v -1.062975 7.754342 -0.263223
v -1.117399 7.669395 -0.232587
v -1.121448 7.686493 -0.228068
v -1.224940 7.690097 -0.220560
v -1.224240 7.695952 -0.222210
v 0.319684 8.010376 1.298393
v 0.239618 8.082284 1.299748
v 0.307019 8.035511 1.372387
v 0.210099 8.006723 1.409279
v 0.352130 8.116534 1.394454
v 0.249622 8.119525 1.427109
v 0.281516 8.246449 1.326683
v 0.223539 8.174902 1.382387
v 0.093360 8.259355 1.330348
v 0.147052 8.174610 1.369320
v 0.011195 8.124764 1.455282
v 0.116210 8.143285 1.440723
v 0.167995 8.031629 1.531155
v 0.165424 8.133988 1.498001
v 0.314178 8.153681 1.525557
v 0.210937 8.179695 1.541298
v 0.244094 8.322913 1.551317
v 0.207220 8.235443 1.602036
v 0.093996 8.323985 1.630581
v 0.153903 8.254222 1.656970
v 0.032295 8.193849 1.702182
v 0.111873 8.193893 1.697385
v 0.109912 8.067090 1.726549
v 0.147124 8.115810 1.708961
v 0.247282 8.055656 1.747300
v 0.238704 8.101537 1.736841
v 0.292895 8.143900 1.820865
v 0.322632 8.150971 1.811778
v 0.266651 8.197926 1.916105
v 0.264028 8.213033 1.911731
v 0.172716 8.169429 1.982571
v 0.170274 8.174108 1.981522
v -0.345718 7.453857 -0.342669
v -0.307946 7.349522 -0.313695
v -0.377126 7.446993 -0.294549
v -0.394368 7.347515 -0.240153
v -0.470171 7.461835 -0.354083
v -0.417492 7.360775 -0.341286
v -0.376901 7.408098 -0.450286
v -0.433444 7.327230 -0.391845
v -0.316471 7.310153 -0.449328
v -0.419175 7.294309 -0.400823
v -0.332917 7.204138 -0.418437
v -0.430466 7.264041 -0.411520
v -0.417379 7.136237 -0.386533
v -0.459057 7.234812 -0.427738
v -0.540176 7.140668 -0.373180
v -0.495436 7.216742 -0.446413
v -0.532931 7.174611 -0.471873
v -0.621099 7.246908 -0.459561
v -0.502248 7.195369 -0.571387
v -0.575145 7.156006 -0.511987
v -0.537114 7.103379 -0.559375
v -0.585762 7.060048 -0.504856
v -0.520272 7.059559 -0.632849
v -0.484623 7.004901 -0.613870
v -0.530599 7.036216 -0.767680
v -0.551505 7.000575 -0.737837
v -0.665687 6.970315 -0.818889
v -0.641770 6.946313 -0.816334
v -0.730213 6.832534 -0.805384
v -0.714896 6.830587 -0.812473
v -0.687770 6.694590 -0.812427
v -0.683336 6.695922 -0.815810
v -0.545376 8.042158 1.037286
v -0.608357 8.062095 0.951626
v -0.571345 7.997974 1.015974
v -0.635219 7.924137 0.969391
v -0.535617 8.006618 1.053319
v -0.521945 7.910311 1.100645
v -0.582746 8.039206 1.117358
v -0.497021 8.054929 1.181435
v -0.628632 8.145987 1.130620
v -0.609605 8.060436 1.194029
v -0.700606 8.024477 1.132657
v -0.620968 8.043469 1.203360
v -0.714089 8.011101 1.211830
v -0.632710 8.017827 1.282781
v -0.769456 7.973790 1.223102
v -0.692893 8.023585 1.281071
v -0.780868 8.028973 1.317068
v -0.748592 8.131595 1.305715
v -0.855140 8.018239 1.303101
v -0.895596 8.073675 1.235751
v -0.886553 7.939680 1.301311
v -0.938429 7.913626 1.246077
v -0.867606 7.877029 1.369173
v -0.884366 7.815997 1.358999
v -0.874938 7.892412 1.475531
v -0.849229 7.861519 1.501915
v -0.934420 7.971128 1.560577
v -0.948212 7.942999 1.553805
v -1.074683 7.973928 1.539210
v -1.070363 7.960319 1.546487
v -1.156894 7.869858 1.516610
v -1.154170 7.866713 1.520066
vt 0.000000 0.000000
vt 1.000000 0.000000
vt 0.000000 0.066667
vt 1.000000 0.066667
vt 0.000000 0.133333
vt 1.000000 0.133333
vt 0.000000 0.200000
vt 1.000000 0.200000
vt 0.000000 0.266667
vt 1.000000 0.266667
vt 0.000000 0.333333
vt 1.000000 0.333333
vt 0.000000 0.400000
vt 1.000000 0.400000
vt 0.000000 0.466667
vt 1.000000 0.466667
vt 0.000000 0.533333
vt 1.000000 0.533333
vt 0.000000 0.600000
vt 1.000000 0.600000
vt 0.000000 0.666667
vt 1.000000 0.666667
vt 0.000000 0.733333
vt 1.000000 0.733333
vt 0.000000 0.800000
vt 1.000000 0.800000
vt 0.000000 0.866667
vt 1.000000 0.866667
vt 0.000000 0.933333
vt 1.000000 0.933333
vt 0.000000 1.000000
vt 1.000000 1.000000
vt 0.000000 0.000000
vt 1.000000 0.000000
vt 0.000000 0.066667
vt 1.000000 0.066667
vt 0.000000 0.133333
vt 1.000000 0.133333
vt 0.000000 0.200000
vt 1.000000 0.200000
vt 0.000000 0.266667
vt 1.000000 0.266667
vt 0.000000 0.333333
vt 1.000000 0.333333
vt 0.000000 0.400000
vt 1.000000 0.400000
vt 0.000000 0.466667
vt 1.000000 0.466667
vt 0.000000 0.533333
vt 1.000000 0.533333
vt 0.000000 0.600000
vt 1.000000 0.600000
vt 0.000000 0.666667
vt 1.000000 0.666667
vt 0.000000 0.733333
vt 1.000000 0.733333
vt 0.000000 0.800000
vt 1.000000 0.800000
vt 0.000000 0.866667
vt 1.000000 0.866667
vt 0.000000 0.933333
vt 1.000000 0.933333
vt 0.000000 1.000000
vt 1.000000 1.000000
vt 0.000000 0.000000
vt 1.000000 0.000000
vt 0.000000 0.066667
vt 1.000000 0.066667
vt 0.000000 0.133333
vt 1.000000 0.133333
vt 0.000000 0.200000
vt 1.000000 0.200000
vt 0.000000 0.266667
vt 1.000000 0.266667
vt 0.000000 0.333333
vt 1.000000 0.333333
vt 0.000000 0.400000
vt 1.000000 0.400000
vt 0.000000 0.466667
vt 1.000000 0.466667
vt 0.000000 0.533333
vt 1.000000 0.533333
vt 0.000000 0.600000
vt 1.000000 0.600000
vt 0.000000 0.666667
vt 1.000000 0.666667
vt 0.000000 0.733333
vt 1.000000 0.733333
vt 0.000000 0.800000
vt 1.000000 0.800000
vt 0.000000 0.866667
vt 1.000000 0.866667
vt 0.000000 0.933333
vt 1.000000 0.933333
vt 0.000000 1.000000
vt 1.000000 1.000000
vt 0.000000 0.000000
vt 1.000000 0.000000
vt 0.000000 0.066667
vt 1.000000 0.066667
vt 0.000000 0.133333
vt 1.000000 0.133333
vt 0.000000 0.200000
vt 1.000000 0.200000
vt 0.000000 0.266667
vt 1.000000 0.266667
vt 0.000000 0.333333
vt 1.000000 0.333333
vt 0.000000 0.400000
vt 1.000000 0.400000
vt 0.000000 0.466667
vt 1.000000 0.466667
vt 0.000000 0.533333
vt 1.000000 0.533333
vt 0.000000 0.600000
vt 1.000000 0.600000
vt 0.000000 0.666667
vt 1.000000 0.666667
vt 0.000000 0.733333
vt 1.000000 0.733333
vt 0.000000 0.800000
vt 1.000000 0.800000
vt 0.000000 0.866667
vt 1.000000 0.866667
vt 0.000000 0.933333
vt 1.000000 0.933333
vt 0.000000 1.000000
vt 1.000000 1.000000
vt 0.000000 0.000000
vt 1.000000 0.000000
vt 0.000000 0.066667
vt 1.000000 0.066667
vt 0.000000 0.133333
vt 1.000000 0.133333
vt 0.000000 0.200000
vt 1.000000 0.200000
vt 0.000000 0.266667
vt 1.000000 0.266667
vt 0.000000 0.333333
vt 1.000000 0.333333
vt 0.000000 0.400000
vt 1.000000 0.400000
vt 0.000000 0.466667
vt 1.000000 0.466667
vt 0.000000 0.533333
vt 1.000000 0.533333
vt 0.000000 0.600000
vt 1.000000 0.600000
vt 0.000000 0.666667
vt 1.000000 0.666667
vt 0.000000 0.733333
vt 1.000000 0.733333
vt 0.000000 0.800000
vt 1.000000 0.800000
vt 0.000000 0.866667
vt 1.000000 0.866667
vt 0.000000 0.933333
vt 1.000000 0.933333
vt 0.000000 1.000000
vt 1.000000 1.000000
vt 0.000000 0.000000
vt 1.000000 0.000000
vt 0.000000 0.066667
vt 1.000000 0.066667
vt 0.000000 0.133333
vt 1.000000 0.133333
vt 0.000000 0.200000
vt 1.000000 0.200000
vt 0.000000 0.266667
vt 1.000000 0.266667
vt 0.000000 0.333333
vt 1.000000 0.333333
vt 0.000000 0.400000
vt 1.000000 0.400000
vt 0.000000 0.466667
vt 1.000000 0.466667
vt 0.000000 0.533333
vt 1.000000 0.533333
vt 0.000000 0.600000
vt 1.000000 0.600000
vt 0.000000 0.666667
vt 1.000000 0.666667
vt 0.000000 0.733333
vt 1.000000 0.733333
vt 0.000000 0.800000
vt 1.000000 0.800000
vt 0.000000 0.866667
vt 1.000000 0.866667
vt 0.000000 0.933333
vt 1.000000 0.933333
vt 0.000000 1.000000
vt 1.000000 1.000000
vt 0.000000 0.000000
vt 1.000000 0.000000
vt 0.000000 0.066667
vt 1.000000 0.066667
vt 0.000000 0.133333
vt 1.000000 0.133333
vt 0.000000 0.200000
vt 1.000000 0.200000
vt 0.000000 0.266667
vt 1.000000 0.266667
vt 0.000000 0.333333
vt 1.000000 0.333333
vt 0.000000 0.400000
vt 1.000000 0.400000
vt 0.000000 0.466667
vt 1.000000 0.466667
vt 0.000000 0.533333
vt 1.000000 0.533333
vt 0.000000 0.600000
vt 1.000000 0.600000
vt 0.000000 0.666667
vt 1.000000 0.666667
vt 0.000000 0.733333
vt 1.000000 0.733333
vt 0.000000 0.800000
vt 1.000000 0.800000
vt 0.000000 0.866667
vt 1.000000 0.866667
vt 0.000000 0.933333
vt 1.000000 0.933333
vt 0.000000 1.000000
vt 1.000000 1.000000
vt 0.000000 0.000000
vt 1.000000 0.000000
vt 0.000000 0.066667
vt 1.000000 0.066667
vt 0.000000 0.133333
vt 1.000000 0.133333
vt 0.000000 0.200000
vt 1.000000 0.200000
vt 0.000000 0.266667
vt 1.000000 0.266667
vt 0.000000 0.333333
vt 1.000000 0.333333
vt 0.000000 0.400000
vt 1.000000 0.400000
vt 0.000000 0.466667
vt 1.000000 0.466667
vt 0.000000 0.533333
vt 1.000000 0.533333
vt 0.000000 0.600000
vt 1.000000 0.600000
vt 0.000000 0.666667
vt 1.000000 0.666667
vt 0.000000 0.733333
vt 1.000000 0.733333
vt 0.000000 0.800000
vt 1.000000 0.800000
vt 0.000000 0.866667
vt 1.000000 0.866667
vt 0.000000 0.933333
vt 1.000000 0.933333
vt 0.000000 1.000000
vt 1.000000 1.000000
vt 0.000000 0.000000
vt 1.000000 0.000000
vt 0.000000 0.066667
vt 1.000000 0.066667
vt 0.000000 0.133333
vt 1.000000 0.133333
vt 0.000000 0.200000
vt 1.000000 0.200000
vt 0.000000 0.266667
vt 1.000000 0.266667
vt 0.000000 0.333333
vt 1.000000 0.333333
vt 0.000000 0.400000
vt 1.000000 0.400000
vt 0.000000 0.466667
vt 1.000000 0.466667
vt 0.000000 0.533333
vt 1.000000 0.533333
vt 0.000000 0.600000
vt 1.000000 0.600000
vt 0.000000 0.666667
vt 1.000000 0.666667
vt 0.000000 0.733333
vt 1.000000 0.733333
vt 0.000000 0.800000
vt 1.000000 0.800000
vt 0.000000 0.866667
vt 1.000000 0.866667
vt 0.000000 0.933333
vt 1.000000 0.933333
vt 0.000000 1.000000
vt 1.000000 1.000000
vt 0.000000 0.000000
vt 1.000000 0.000000
vt 0.000000 0.066667
vt 1.000000 0.066667
vt 0.000000 0.133333
vt 1.000000 0.133333
vt 0.000000 0.200000
vt 1.000000 0.200000
vt 0.000000 0.266667
vt 1.000000 0.266667
vt 0.000000 0.333333
vt 1.000000 0.333333
vt 0.000000 0.400000
vt 1.000000 0.400000
vt 0.000000 0.466667
vt 1.000000 0.466667
vt 0.000000 0.533333
vt 1.000000 0.533333
vt 0.000000 0.600000
vt 1.000000 0.600000
vt 0.000000 0.666667
vt 1.000000 0.666667
vt 0.000000 0.733333
vt 1.000000 0.733333
vt 0.000000 0.800000
vt 1.000000 0.800000
vt 0.000000 0.866667
vt 1.000000 0.866667
vt 0.000000 0.933333
vt 1.000000 0.933333
vt 0.000000 1.000000
vt 1.000000 1.000000
vt 0.000000 0.000000
vt 1.000000 0.000000
vt 0.000000 0.066667
vt 1.000000 0.066667
vt 0.000000 0.133333
vt 1.000000 0.133333
vt 0.000000 0.200000
vt 1.000000 0.200000
vt 0.000000 0.266667
vt 1.000000 0.266667
vt 0.000000 0.333333
vt 1.000000 0.333333
vt 0.000000 0.400000
vt 1.000000 0.400000
vt 0.000000 0.466667
vt 1.000000 0.466667
vt 0.000000 0.533333
vt 1.000000 0.533333
vt 0.000000 0.600000
vt 1.000000 0.600000
vt 0.000000 0.666667
vt 1.000000 0.666667
vt 0.000000 0.733333
vt 1.000000 0.733333
vt 0.000000 0.800000
vt 1.000000 0.800000
vt 0.000000 0.866667
vt 1.000000 0.866667
vt 0.000000 0.933333
vt 1.000000 0.933333
vt 0.000000 1.000000
vt 1.000000 1.000000
vt 0.000000 0.000000
vt 1.000000 0.000000
vt 0.000000 0.066667
vt 1.000000 0.066667
vt 0.000000 0.133333
vt 1.000000 0.133333
vt 0.000000 0.200000
vt 1.000000 0.200000
vt 0.000000 0.266667
vt 1.000000 0.266667
vt 0.000000 0.333333
vt 1.000000 0.333333
vt 0.000000 0.400000
vt 1.000000 0.400000
vt 0.000000 0.466667
vt 1.000000 0.466667
vt 0.000000 0.533333
vt 1.000000 0.533333
vt 0.000000 0.600000
vt 1.000000 0.600000
vt 0.000000 0.666667
vt 1.000000 0.666667
vt 0.000000 0.733333
vt 1.000000 0.733333
vt 0.000000 0.800000
vt 1.000000 0.800000
vt 0.000000 0.866667
vt 1.000000 0.866667
vt 0.000000 0.933333
vt 1.000000 0.933333
vt 0.000000 1.000000
vt 1.000000 1.000000
vt 0.000000 0.000000
vt 1.000000 0.000000
vt 0.000000 0.066667
vt 1.000000 0.066667
vt 0.000000 0.133333
vt 1.000000 0.133333
vt 0.000000 0.200000
vt 1.000000 0.200000
vt 0.000000 0.266667
vt 1.000000 0.266667
vt 0.000000 0.333333
vt 1.000000 0.333333
vt 0.000000 0.400000
vt 1.000000 0.400000
vt 0.000000 0.466667
vt 1.000000 0.466667
vt 0.000000 0.533333
vt 1.000000 0.533333
vt 0.000000 0.600000
vt 1.000000 0.600000
vt 0.000000 0.666667
vt 1.000000 0.666667
vt 0.000000 0.733333
vt 1.000000 0.733333
vt 0.000000 0.800000
vt 1.000000 0.800000
vt 0.000000 0.866667
vt 1.000000 0.866667
vt 0.000000 0.933333
vt 1.000000 0.933333
vt 0.000000 1.000000
vt 1.000000 1.000000
vt 0.000000 0.000000
vt 1.000000 0.000000
vt 0.000000 0.066667
vt 1.000000 0.066667
vt 0.000000 0.133333
vt 1.000000 0.133333
vt 0.000000 0.200000
vt 1.000000 0.200000
vt 0.000000 0.266667
vt 1.000000 0.266667
vt 0.000000 0.333333
vt 1.000000 0.333333
vt 0.000000 0.400000
vt 1.000000 0.400000
vt 0.000000 0.466667
vt 1.000000 0.466667
vt 0.000000 0.533333
vt 1.000000 0.533333
vt 0.000000 0.600000
vt 1.000000 0.600000
vt 0.000000 0.666667
vt 1.000000 0.666667
vt 0.000000 0.733333
vt 1.000000 0.733333
vt 0.000000 0.800000
vt 1.000000 0.800000
vt 0.000000 0.866667
vt 1.000000 0.866667
vt 0.000000 0.933333
vt 1.000000 0.933333
vt 0.000000 1.000000
vt 1.000000 1.000000
vt 0.000000 0.000000
vt 1.000000 0.000000
vt 0.000000 0.066667
vt 1.000000 0.066667
vt 0.000000 0.133333
vt 1.000000 0.133333
vt 0.000000 0.200000
vt 1.000000 0.200000
vt 0.000000 0.266667
vt 1.000000 0.266667
vt 0.000000 0.333333
vt 1.000000 0.333333
vt 0.000000 0.400000
vt 1.000000 0.400000
vt 0.000000 0.466667
vt 1.000000 0.466667
vt 0.000000 0.533333
vt 1.000000 0.533333
vt 0.000000 0.600000
vt 1.000000 0.600000
vt 0.000000 0.666667
vt 1.000000 0.666667
vt 0.000000 0.733333
vt 1.000000 0.733333
vt 0.000000 0.800000
vt 1.000000 0.800000
vt 0.000000 0.866667
vt 1.000000 0.866667
vt 0.000000 0.933333
vt 1.000000 0.933333
vt 0.000000 1.000000
vt 1.000000 1.000000
vt 0.000000 0.000000
vt 1.000000 0.000000
vt 0.000000 0.066667
vt 1.000000 0.066667
vt 0.000000 0.133333
vt 1.000000 0.133333
vt 0.000000 0.200000
vt 1.000000 0.200000
vt 0.000000 0.266667
vt 1.000000 0.266667
vt 0.000000 0.333333
vt 1.000000 0.333333
vt 0.000000 0.400000
vt 1.000000 0.400000
vt 0.000000 0.466667
vt 1.000000 0.466667
vt 0.000000 0.533333
vt 1.000000 0.533333
vt 0.000000 0.600000
vt 1.000000 0.600000
vt 0.000000 0.666667
vt 1.000000 0.666667
vt 0.000000 0.733333
vt 1.000000 0.733333
vt 0.000000 0.800000
vt 1.000000 0.800000
vt 0.000000 0.866667
vt 1.000000 0.866667
vt 0.000000 0.933333
vt 1.000000 0.933333
vt 0.000000 1.000000
vt 1.000000 1.000000
vt 0.000000 0.000000
vt 1.000000 0.000000
vt 0.000000 0.066667
vt 1.000000 0.066667
vt 0.000000 0.133333
vt 1.000000 0.133333
vt 0.000000 0.200000
vt 1.000000 0.200000
vt 0.000000 0.266667
vt 1.000000 0.266667
vt 0.000000 0.333333
vt 1.000000 0.333333
vt 0.000000 0.400000
vt 1.000000 0.400000
vt 0.000000 0.466667
vt 1.000000 0.466667
vt 0.000000 0.533333
vt 1.000000 0.533333
vt 0.000000 0.600000
vt 1.000000 0.600000
vt 0.000000 0.666667
vt 1.000000 0.666667
vt 0.000000 0.733333
vt 1.000000 0.733333
vt 0.000000 0.800000
vt 1.000000 0.800000
vt 0.000000 0.866667
vt 1.000000 0.866667
vt 0.000000 0.933333
vt 1.000000 0.933333
vt 0.000000 1.000000
vt 1.000000 1.000000
vt 0.000000 0.000000
vt 1.000000 0.000000
vt 0.000000 0.066667
vt 1.000000 0.066667
vt 0.000000 0.133333
vt 1.000000 0.133333
vt 0.000000 0.200000
vt 1.000000 0.200000
vt 0.000000 0.266667
vt 1.000000 0.266667
vt 0.000000 0.333333
vt 1.000000 0.333333
vt 0.000000 0.400000
vt 1.000000 0.400000
vt 0.000000 0.466667
vt 1.000000 0.466667
vt 0.000000 0.533333
vt 1.000000 0.533333
vt 0.000000 0.600000
vt 1.000000 0.600000
vt 0.000000 0.666667
vt 1.000000 0.666667
vt 0.000000 0.733333
vt 1.000000 0.733333
vt 0.000000 0.800000
vt 1.000000 0.800000
vt 0.000000 0.866667
vt 1.000000 0.866667
vt 0.000000 0.933333
vt 1.000000 0.933333
vt 0.000000 1.000000
vt 1.000000 1.000000
vt 0.000000 0.000000
vt 1.000000 0.000000
vt 0.000000 0.066667
vt 1.000000 0.066667
vt 0.000000 0.133333
vt 1.000000 0.133333
vt 0.000000 0.200000
vt 1.000000 0.200000
vt 0.000000 0.266667
vt 1.000000 0.266667
vt 0.000000 0.333333
vt 1.000000 0.333333
vt 0.000000 0.400000
vt 1.000000 0.400000
vt 0.000000 0.466667
vt 1.000000 0.466667
vt 0.000000 0.533333
vt 1.000000 0.533333
vt 0.000000 0.600000
vt 1.000000 0.600000
vt 0.000000 0.666667
vt 1.000000 0.666667
vt 0.000000 0.733333
vt 1.000000 0.733333
vt 0.000000 0.800000
vt 1.000000 0.800000
vt 0.000000 0.866667
vt 1.000000 0.866667
vt 0.000000 0.933333
vt 1.000000 0.933333
vt 0.000000 1.000000
vt 1.000000 1.000000
vt 0.000000 0.000000
vt 1.000000 0.000000
vt 0.000000 0.066667
vt 1.000000 0.066667
vt 0.000000 0.133333
vt 1.000000 0.133333
vt 0.000000 0.200000
vt 1.000000 0.200000
vt 0.000000 0.266667
vt 1.000000 0.266667
vt 0.000000 0.333333
vt 1.000000 0.333333
vt 0.000000 0.400000
vt 1.000000 0.400000
vt 0.000000 0.466667
vt 1.000000 0.466667
vt 0.000000 0.533333
vt 1.000000 0.533333
vt 0.000000 0.600000
vt 1.000000 0.600000
vt 0.000000 0.666667
vt 1.000000 0.666667
vt 0.000000 0.733333
vt 1.000000 0.733333
vt 0.000000 0.800000
vt 1.000000 0.800000
vt 0.000000 0.866667
vt 1.000000 0.866667
vt 0.000000 0.933333
vt 1.000000 0.933333
vt 0.000000 1.000000
vt 1.000000 1.000000
vt 0.000000 0.000000
vt 1.000000 0.000000
vt 0.000000 0.066667
vt 1.000000 0.066667
vt 0.000000 0.133333
vt 1.000000 0.133333
vt 0.000000 0.200000
vt 1.000000 0.200000
vt 0.000000 0.266667
vt 1.000000 0.266667
vt 0.000000 0.333333
vt 1.000000 0.333333
vt 0.000000 0.400000
vt 1.000000 0.400000
vt 0.000000 0.466667
vt 1.000000 0.466667
vt 0.000000 0.533333
vt 1.000000 0.533333
vt 0.000000 0.600000
vt 1.000000 0.600000
vt 0.000000 0.666667
vt 1.000000 0.666667
vt 0.000000 0.733333
vt 1.000000 0.733333
vt 0.000000 0.800000
vt 1.000000 0.800000
vt 0.000000 0.866667
vt 1.000000 0.866667
vt 0.000000 0.933333
vt 1.000000 0.933333
vt 0.000000 1.000000
vt 1.000000 1.000000
vt 0.000000 0.000000
vt 1.000000 0.000000
vt 0.000000 0.066667
vt 1.000000 0.066667
vt 0.000000 0.133333
vt 1.000000 0.133333
vt 0.000000 0.200000
vt 1.000000 0.200000
vt 0.000000 0.266667
vt 1.000000 0.266667
vt 0.000000 0.333333
vt 1.000000 0.333333
vt 0.000000 0.400000
vt 1.000000 0.400000
vt 0.000000 0.466667
vt 1.000000 0.466667
vt 0.000000 0.533333
vt 1.000000 0.533333
vt 0.000000 0.600000
vt 1.000000 0.600000
vt 0.000000 0.666667
vt 1.000000 0.666667
vt 0.000000 0.733333
vt 1.000000 0.733333
vt 0.000000 0.800000
vt 1.000000 0.800000
vt 0.000000 0.866667
vt 1.000000 0.866667
vt 0.000000 0.933333
vt 1.000000 0.933333
vt 0.000000 1.000000
vt 1.000000 1.000000
vt 0.000000 0.000000
vt 1.000000 0.000000
vt 0.000000 0.066667
vt 1.000000 0.066667
vt 0.000000 0.133333
vt 1.000000 0.133333
vt 0.000000 0.200000
vt 1.000000 0.200000
vt 0.000000 0.266667
vt 1.000000 0.266667
vt 0.000000 0.333333
vt 1.000000 0.333333
vt 0.000000 0.400000
vt 1.000000 0.400000
vt 0.000000 0.466667
vt 1.000000 0.466667
vt 0.000000 0.533333
vt 1.000000 0.533333
vt 0.000000 0.600000
vt 1.000000 0.600000
vt 0.000000 0.666667
vt 1.000000 0.666667
vt 0.000000 0.733333
vt 1.000000 0.733333
vt 0.000000 0.800000
vt 1.000000 0.800000
vt 0.000000 0.866667
vt 1.000000 0.866667
vt 0.000000 0.933333
vt 1.000000 0.933333
vt 0.000000 1.000000
vt 1.000000 1.000000
vt 0.000000 0.000000
vt 1.000000 0.000000
vt 0.000000 0.066667
vt 1.000000 0.066667
vt 0.000000 0.133333
vt 1.000000 0.133333
vt 0.000000 0.200000
vt 1.000000 0.200000
vt 0.000000 0.266667
vt 1.000000 0.266667
vt 0.000000 0.333333
vt 1.000000 0.333333
vt 0.000000 0.400000
vt 1.000000 0.400000
vt 0.000000 0.466667
vt 1.000000 0.466667
vt 0.000000 0.533333
vt 1.000000 0.533333
vt 0.000000 0.600000
vt 1.000000 0.600000
vt 0.000000 0.666667
vt 1.000000 0.666667
vt 0.000000 0.733333
vt 1.000000 0.733333
vt 0.000000 0.800000
vt 1.000000 0.800000
vt 0.000000 0.866667
vt 1.000000 0.866667
vt 0.000000 0.933333
vt 1.000000 0.933333
vt 0.000000 1.000000
vt 1.000000 1.000000
vt 0.000000 0.000000
vt 1.000000 0.000000
vt 0.000000 0.066667
vt 1.000000 0.066667
vt 0.000000 0.133333
vt 1.000000 0.133333
vt 0.000000 0.200000
vt 1.000000 0.200000
vt 0.000000 0.266667
vt 1.000000 0.266667
vt 0.000000 0.333333
vt 1.000000 0.333333
vt 0.000000 0.400000
vt 1.000000 0.400000
vt 0.000000 0.466667
vt 1.000000 0.466667
vt 0.000000 0.533333
vt 1.000000 0.533333
vt 0.000000 0.600000
vt 1.000000 0.600000
vt 0.000000 0.666667
vt 1.000000 0.666667
vt 0.000000 0.733333
vt 1.000000 0.733333
vt 0.000000 0.800000
vt 1.000000 0.800000
vt 0.000000 0.866667
vt 1.000000 0.866667
vt 0.000000 0.933333
vt 1.000000 0.933333
vt 0.000000 1.000000
vt 1.000000 1.000000
vt 0.000000 0.000000
vt 1.000000 0.000000
vt 0.000000 0.066667
vt 1.000000 0.066667
vt 0.000000 0.133333
vt 1.000000 0.133333
vt 0.000000 0.200000
vt 1.000000 0.200000
vt 0.000000 0.266667
vt 1.000000 0.266667
vt 0.000000 0.333333
vt 1.000000 0.333333
vt 0.000000 0.400000
vt 1.000000 0.400000
vt 0.000000 0.466667
vt 1.000000 0.466667
vt 0.000000 0.533333
vt 1.000000 0.533333
vt 0.000000 0.600000
vt 1.000000 0.600000
vt 0.000000 0.666667
vt 1.000000 0.666667
vt 0.000000 0.733333
vt 1.000000 0.733333
vt 0.000000 0.800000
vt 1.000000 0.800000
vt 0.000000 0.866667
vt 1.000000 0.866667
vt 0.000000 0.933333
vt 1.000000 0.933333
vt 0.000000 1.000000
vt 1.000000 1.000000
vt 0.000000 0.000000
vt 1.000000 0.000000
vt 0.000000 0.066667
vt 1.000000 0.066667
vt 0.000000 0.133333
vt 1.000000 0.133333
vt 0.000000 0.200000
vt 1.000000 0.200000
vt 0.000000 0.266667
vt 1.000000 0.266667
vt 0.000000 0.333333
vt 1.000000 0.333333
vt 0.000000 0.400000
vt 1.000000 0.400000
vt 0.000000 0.466667
vt 1.000000 0.466667
vt 0.000000 0.533333
vt 1.000000 0.533333
vt 0.000000 0.600000
vt 1.000000 0.600000
vt 0.000000 0.666667
vt 1.000000 0.666667
vt 0.000000 0.733333
vt 1.000000 0.733333
vt 0.000000 0.800000
vt 1.000000 0.800000
vt 0.000000 0.866667
vt 1.000000 0.866667
vt 0.000000 0.933333
vt 1.000000 0.933333
vt 0.000000 1.000000
vt 1.000000 1.000000
vt 0.000000 0.000000
vt 1.000000 0.000000
vt 0.000000 0.066667
vt 1.000000 0.066667
vt 0.000000 0.133333
vt 1.000000 0.133333
vt 0.000000 0.200000
vt 1.000000 0.200000
vt 0.000000 0.266667
vt 1.000000 0.266667
vt 0.000000 0.333333
vt 1.000000 0.333333
vt 0.000000 0.400000
vt 1.000000 0.400000
vt 0.000000 0.466667
vt 1.000000 0.466667
vt 0.000000 0.533333
vt 1.000000 0.533333
vt 0.000000 0.600000
vt 1.000000 0.600000
vt 0.000000 0.666667
vt 1.000000 0.666667
vt 0.000000 0.733333
vt 1.000000 0.733333
vt 0.000000 0.800000
vt 1.000000 0.800000
vt 0.000000 0.866667
vt 1.000000 0.866667
vt 0.000000 0.933333
vt 1.000000 0.933333
vt 0.000000 1.000000
vt 1.000000 1.000000
vt 0.000000 0.000000
vt 1.000000 0.000000
vt 0.000000 0.066667
vt 1.000000 0.066667
vt 0.000000 0.133333
vt 1.000000 0.133333
vt 0.000000 0.200000
vt 1.000000 0.200000
vt 0.000000 0.266667
vt 1.000000 0.266667
vt 0.000000 0.333333
vt 1.000000 0.333333
vt 0.000000 0.400000
vt 1.000000 0.400000
vt 0.000000 0.466667
vt 1.000000 0.466667
vt 0.000000 0.533333
vt 1.000000 0.533333
vt 0.000000 0.600000
vt 1.000000 0.600000
vt 0.000000 0.666667
vt 1.000000 0.666667
vt 0.000000 0.733333
vt 1.000000 0.733333
vt 0.000000 0.800000
vt 1.000000 0.800000
vt 0.000000 0.866667
vt 1.000000 0.866667
vt 0.000000 0.933333
vt 1.000000 0.933333
vt 0.000000 1.000000
vt 1.000000 1.000000
vt 0.000000 0.000000
vt 1.000000 0.000000
vt 0.000000 0.066667
vt 1.000000 0.066667
vt 0.000000 0.133333
vt 1.000000 0.133333
vt 0.000000 0.200000
vt 1.000000 0.200000
vt 0.000000 0.266667
vt 1.000000 0.266667
vt 0.000000 0.333333
vt 1.000000 0.333333
vt 0.000000 0.400000
vt 1.000000 0.400000
vt 0.000000 0.466667
vt 1.000000 0.466667
vt 0.000000 0.533333
vt 1.000000 0.533333
vt 0.000000 0.600000
vt 1.000000 0.600000
vt 0.000000 0.666667
vt 1.000000 0.666667
vt 0.000000 0.733333
vt 1.000000 0.733333
vt 0.000000 0.800000
vt 1.000000 0.800000
vt 0.000000 0.866667
vt 1.000000 0.866667
vt 0.000000 0.933333
vt 1.000000 0.933333
vt 0.000000 1.000000
vt 1.000000 1.000000
vt 0.000000 0.000000
vt 1.000000 0.000000
vt 0.000000 0.066667
vt 1.000000 0.066667
vt 0.000000 0.133333
vt 1.000000 0.133333
vt 0.000000 0.200000
vt 1.000000 0.200000
vt 0.000000 0.266667
vt 1.000000 0.266667
vt 0.000000 0.333333
vt 1.000000 0.333333
vt 0.000000 0.400000
vt 1.000000 0.400000
vt 0.000000 0.466667
vt 1.000000 0.466667
vt 0.000000 0.533333
vt 1.000000 0.533333
vt 0.000000 0.600000
vt 1.000000 0.600000
vt 0.000000 0.666667
vt 1.000000 0.666667
vt 0.000000 0.733333
vt 1.000000 0.733333
vt 0.000000 0.800000
vt 1.000000 0.800000
vt 0.000000 0.866667
vt 1.000000 0.866667
vt 0.000000 0.933333
vt 1.000000 0.933333
vt 0.000000 1.000000
vt 1.000000 1.000000
vt 0.000000 0.000000
vt 1.000000 0.000000
vt 0.000000 0.066667
vt 1.000000 0.066667
vt 0.000000 0.133333
vt 1.000000 0.133333
vt 0.000000 0.200000
vt 1.000000 0.200000
vt 0.000000 0.266667
vt 1.000000 0.266667
vt 0.000000 0.333333
vt 1.000000 0.333333
vt 0.000000 0.400000
vt 1.000000 0.400000
vt 0.000000 0.466667
vt 1.000000 0.466667
vt 0.000000 0.533333
vt 1.000000 0.533333
vt 0.000000 0.600000
vt 1.000000 0.600000
vt 0.000000 0.666667
vt 1.000000 0.666667
vt 0.000000 0.733333
vt 1.000000 0.733333
vt 0.000000 0.800000
vt 1.000000 0.800000
vt 0.000000 0.866667
vt 1.000000 0.866667
vt 0.000000 0.933333
vt 1.000000 0.933333
vt 0.000000 1.000000
vt 1.000000 1.000000
vt 0.000000 0.000000
vt 1.000000 0.000000
vt 0.000000 0.066667
vt 1.000000 0.066667
vt 0.000000 0.133333
vt 1.000000 0.133333
vt 0.000000 0.200000
vt 1.000000 0.200000
vt 0.000000 0.266667
vt 1.000000 0.266667
vt 0.000000 0.333333
vt 1.000000 0.333333
vt 0.000000 0.400000
vt 1.000000 0.400000
vt 0.000000 0.466667
vt 1.000000 0.466667
vt 0.000000 0.533333
vt 1.000000 0.533333
vt 0.000000 0.600000
vt 1.000000 0.600000
vt 0.000000 0.666667
vt 1.000000 0.666667
vt 0.000000 0.733333
vt 1.000000 0.733333
vt 0.000000 0.800000
vt 1.000000 0.800000
vt 0.000000 0.866667
vt 1.000000 0.866667
vt 0.000000 0.933333
vt 1.000000 0.933333
vt 0.000000 1.000000
vt 1.000000 1.000000
vt 0.000000 0.000000
vt 1.000000 0.000000
vt 0.000000 0.066667
vt 1.000000 0.066667
vt 0.000000 0.133333
vt 1.000000 0.133333
vt 0.000000 0.200000
vt 1.000000 0.200000
vt 0.000000 0.266667
vt 1.000000 0.266667
vt 0.000000 0.333333
vt 1.000000 0.333333
vt 0.000000 0.400000
vt 1.000000 0.400000
vt 0.000000 0.466667
vt 1.000000 0.466667
vt 0.000000 0.533333
vt 1.000000 0.533333
vt 0.000000 0.600000
vt 1.000000 0.600000
vt 0.000000 0.666667
vt 1.000000 0.666667
vt 0.000000 0.733333
vt 1.000000 0.733333
vt 0.000000 0.800000
vt 1.000000 0.800000
vt 0.000000 0.866667
vt 1.000000 0.866667
vt 0.000000 0.933333
vt 1.000000 0.933333
vt 0.000000 1.000000
vt 1.000000 1.000000
vt 0.000000 0.000000
vt 1.000000 0.000000
vt 0.000000 0.066667
vt 1.000000 0.066667
vt 0.000000 0.133333
vt 1.000000 0.133333
vt 0.000000 0.200000
vt 1.000000 0.200000
vt 0.000000 0.266667
vt 1.000000 0.266667
vt 0.000000 0.333333
vt 1.000000 0.333333
vt 0.000000 0.400000
vt 1.000000 0.400000
vt 0.000000 0.466667
vt 1.000000 0.466667
vt 0.000000 0.533333
vt 1.000000 0.533333
vt 0.000000 0.600000
vt 1.000000 0.600000
vt 0.000000 0.666667
vt 1.000000 0.666667
vt 0.000000 0.733333
vt 1.000000 0.733333
vt 0.000000 0.800000
vt 1.000000 0.800000
vt 0.000000 0.866667
vt 1.000000 0.866667
vt 0.000000 0.933333
vt 1.000000 0.933333
vt 0.000000 1.000000
vt 1.000000 1.000000
vt 0.000000 0.000000
vt 1.000000 0.000000
vt 0.000000 0.066667
vt 1.000000 0.066667
vt 0.000000 0.133333
vt 1.000000 0.133333
vt 0.000000 0.200000
vt 1.000000 0.200000
vt 0.000000 0.266667
vt 1.000000 0.266667
vt 0.000000 0.333333
vt 1.000000 0.333333
vt 0.000000 0.400000
vt 1.000000 0.400000
vt 0.000000 0.466667
vt 1.000000 0.466667
vt 0.000000 0.533333
vt 1.000000 0.533333
vt 0.000000 0.600000
vt 1.000000 0.600000
vt 0.000000 0.666667
vt 1.000000 0.666667
vt 0.000000 0.733333
vt 1.000000 0.733333
vt 0.000000 0.800000
vt 1.000000 0.800000
vt 0.000000 0.866667
vt 1.000000 0.866667
vt 0.000000 0.933333
vt 1.000000 0.933333
vt 0.000000 1.000000
vt 1.000000 1.000000
vt 0.000000 0.000000
vt 1.000000 0.000000
vt 0.000000 0.066667
vt 1.000000 0.066667
vt 0.000000 0.133333
vt 1.000000 0.133333
vt 0.000000 0.200000
vt 1.000000 0.200000
vt 0.000000 0.266667
vt 1.000000 0.266667
vt 0.000000 0.333333
vt 1.000000 0.333333
vt 0.000000 0.400000
vt 1.000000 0.400000
vt 0.000000 0.466667
vt 1.000000 0.466667
vt 0.000000 0.533333
vt 1.000000 0.533333
vt 0.000000 0.600000
vt 1.000000 0.600000
vt 0.000000 0.666667
vt 1.000000 0.666667
vt 0.000000 0.733333
vt 1.000000 0.733333
vt 0.000000 0.800000
vt 1.000000 0.800000
vt 0.000000 0.866667
vt 1.000000 0.866667
vt 0.000000 0.933333
vt 1.000000 0.933333
vt 0.000000 1.000000
vt 1.000000 1.000000
vt 0.000000 0.000000
vt 1.000000 0.000000
vt 0.000000 0.066667
vt 1.000000 0.066667
vt 0.000000 0.133333
vt 1.000000 0.133333
vt 0.000000 0.200000
vt 1.000000 0.200000
vt 0.000000 0.266667
vt 1.000000 0.266667
vt 0.000000 0.333333
vt 1.000000 0.333333
vt 0.000000 0.400000
vt 1.000000 0.400000
vt 0.000000 0.466667
vt 1.000000 0.466667
vt 0.000000 0.533333
vt 1.000000 0.533333
vt 0.000000 0.600000
vt 1.000000 0.600000
vt 0.000000 0.666667
vt 1.000000 0.666667
vt 0.000000 0.733333
vt 1.000000 0.733333
vt 0.000000 0.800000
vt 1.000000 0.800000
vt 0.000000 0.866667
vt 1.000000 0.866667
vt 0.000000 0.933333
vt 1.000000 0.933333
vt 0.000000 1.000000
vt 1.000000 1.000000
vt 0.000000 0.000000
vt 1.000000 0.000000
vt 0.000000 0.066667
vt 1.000000 0.066667
vt 0.000000 0.133333
vt 1.000000 0.133333
vt 0.000000 0.200000
vt 1.000000 0.200000
vt 0.000000 0.266667
vt 1.000000 0.266667
vt 0.000000 0.333333
vt 1.000000 0.333333
vt 0.000000 0.400000
vt 1.000000 0.400000
vt 0.000000 0.466667
vt 1.000000 0.466667
vt 0.000000 0.533333
vt 1.000000 0.533333
vt 0.000000 0.600000
vt 1.000000 0.600000
vt 0.000000 0.666667
vt 1.000000 0.666667
vt 0.000000 0.733333
vt 1.000000 0.733333
vt 0.000000 0.800000
vt 1.000000 0.800000
vt 0.000000 0.866667
vt 1.000000 0.866667
vt 0.000000 0.933333
vt 1.000000 0.933333
vt 0.000000 1.000000
vt 1.000000 1.000000
vt 0.000000 0.000000
vt 1.000000 0.000000
vt 0.000000 0.066667
vt 1.000000 0.066667
vt 0.000000 0.133333
vt 1.000000 0.133333
vt 0.000000 0.200000
vt 1.000000 0.200000
vt 0.000000 0.266667
vt 1.000000 0.266667
vt 0.000000 0.333333
vt 1.000000 0.333333
vt 0.000000 0.400000
vt 1.000000 0.400000
vt 0.000000 0.466667
vt 1.000000 0.466667
vt 0.000000 0.533333
vt 1.000000 0.533333
vt 0.000000 0.600000
vt 1.000000 0.600000
vt 0.000000 0.666667
vt 1.000000 0.666667
vt 0.000000 0.733333
vt 1.000000 0.733333
vt 0.000000 0.800000
vt 1.000000 0.800000
vt 0.000000 0.866667
vt 1.000000 0.866667
vt 0.000000 0.933333
vt 1.000000 0.933333
vt 0.000000 1.000000
vt 1.000000 1.000000
vt 0.000000 0.000000
vt 1.000000 0.000000
vt 0.000000 0.066667
vt 1.000000 0.066667
vt 0.000000 0.133333
vt 1.000000 0.133333
vt 0.000000 0.200000
vt 1.000000 0.200000
vt 0.000000 0.266667
vt 1.000000 0.266667
vt 0.000000 0.333333
vt 1.000000 0.333333
vt 0.000000 0.400000
vt 1.000000 0.400000
vt 0.000000 0.466667
vt 1.000000 0.466667
vt 0.000000 0.533333
vt 1.000000 0.533333
vt 0.000000 0.600000
vt 1.000000 0.600000
vt 0.000000 0.666667
vt 1.000000 0.666667
vt 0.000000 0.733333
vt 1.000000 0.733333
vt 0.000000 0.800000
vt 1.000000 0.800000
vt 0.000000 0.866667
vt 1.000000 0.866667
vt 0.000000 0.933333
vt 1.000000 0.933333
vt 0.000000 1.000000
vt 1.000000 1.000000
vt 0.000000 0.000000
vt 1.000000 0.000000
vt 0.000000 0.066667
vt 1.000000 0.066667
vt 0.000000 0.133333
vt 1.000000 0.133333
vt 0.000000 0.200000
vt 1.000000 0.200000
vt 0.000000 0.266667
vt 1.000000 0.266667
vt 0.000000 0.333333
vt 1.000000 0.333333
vt 0.000000 0.400000
vt 1.000000 0.400000
vt 0.000000 0.466667
vt 1.000000 0.466667
vt 0.000000 0.533333
vt 1.000000 0.533333
vt 0.000000 0.600000
vt 1.000000 0.600000
vt 0.000000 0.666667
vt 1.000000 0.666667
vt 0.000000 0.733333
vt 1.000000 0.733333
vt 0.000000 0.800000
vt 1.000000 0.800000
vt 0.000000 0.866667
vt 1.000000 0.866667
vt 0.000000 0.933333
vt 1.000000 0.933333
vt 0.000000 1.000000
vt 1.000000 1.000000
vt 0.000000 0.000000
vt 1.000000 0.000000
vt 0.000000 0.066667
vt 1.000000 0.066667
vt 0.000000 0.133333
vt 1.000000 0.133333
vt 0.000000 0.200000
vt 1.000000 0.200000
vt 0.000000 0.266667
vt 1.000000 0.266667
vt 0.000000 0.333333
vt 1.000000 0.333333
vt 0.000000 0.400000
vt 1.000000 0.400000
vt 0.000000 0.466667
vt 1.000000 0.466667
vt 0.000000 0.533333
vt 1.000000 0.533333
vt 0.000000 0.600000
vt 1.000000 0.600000
vt 0.000000 0.666667
vt 1.000000 0.666667
vt 0.000000 0.733333
vt 1.000000 0.733333
vt 0.000000 0.800000
vt 1.000000 0.800000
vt 0.000000 0.866667
vt 1.000000 0.866667
vt 0.000000 0.933333
vt 1.000000 0.933333
vt 0.000000 1.000000
vt 1.000000 1.000000
vt 0.000000 0.000000
vt 1.000000 0.000000
vt 0.000000 0.066667
vt 1.000000 0.066667
vt 0.000000 0.133333
vt 1.000000 0.133333
vt 0.000000 0.200000
vt 1.000000 0.200000
vt 0.000000 0.266667
vt 1.000000 0.266667
vt 0.000000 0.333333
vt 1.000000 0.333333
vt 0.000000 0.400000
vt 1.000000 0.400000
vt 0.000000 0.466667
vt 1.000000 0.466667
vt 0.000000 0.533333
vt 1.000000 0.533333
vt 0.000000 0.600000
vt 1.000000 0.600000
vt 0.000000 0.666667
vt 1.000000 0.666667
vt 0.000000 0.733333
vt 1.000000 0.733333
vt 0.000000 0.800000
vt 1.000000 0.800000
vt 0.000000 0.866667
vt 1.000000 0.866667
vt 0.000000 0.933333
vt 1.000000 0.933333
vt 0.000000 1.000000
vt 1.000000 1.000000
vt 0.000000 0.000000
vt 1.000000 0.000000
vt 0.000000 0.066667
vt 1.000000 0.066667
vt 0.000000 0.133333
vt 1.000000 0.133333
vt 0.000000 0.200000
vt 1.000000 0.200000
vt 0.000000 0.266667
vt 1.000000 0.266667
vt 0.000000 0.333333
vt 1.000000 0.333333
vt 0.000000 0.400000
vt 1.000000 0.400000
vt 0.000000 0.466667
vt 1.000000 0.466667
vt 0.000000 0.533333
vt 1.000000 0.533333
vt 0.000000 0.600000
vt 1.000000 0.600000
vt 0.000000 0.666667
vt 1.000000 0.666667
vt 0.000000 0.733333
vt 1.000000 0.733333
vt 0.000000 0.800000
vt 1.000000 0.800000
vt 0.000000 0.866667
vt 1.000000 0.866667
vt 0.000000 0.933333
vt 1.000000 0.933333
vt 0.000000 1.000000
vt 1.000000 1.000000
vt 0.000000 0.000000
vt 1.000000 0.000000
vt 0.000000 0.066667
vt 1.000000 0.066667
vt 0.000000 0.133333
vt 1.000000 0.133333
vt 0.000000 0.200000
vt 1.000000 0.200000
vt 0.000000 0.266667
vt 1.000000 0.266667
vt 0.000000 0.333333
vt 1.000000 0.333333
vt 0.000000 0.400000
vt 1.000000 0.400000
vt 0.000000 0.466667
vt 1.000000 0.466667
vt 0.000000 0.533333
vt 1.000000 0.533333
vt 0.000000 0.600000
vt 1.000000 0.600000
vt 0.000000 0.666667
vt 1.000000 0.666667
vt 0.000000 0.733333
vt 1.000000 0.733333
vt 0.000000 0.800000
vt 1.000000 0.800000
vt 0.000000 0.866667
vt 1.000000 0.866667
vt 0.000000 0.933333
vt 1.000000 0.933333
vt 0.000000 1.000000
vt 1.000000 1.000000
vt 0.000000 0.000000
vt 1.000000 0.000000
vt 0.000000 0.066667
vt 1.000000 0.066667
vt 0.000000 0.133333
vt 1.000000 0.133333
vt 0.000000 0.200000
vt 1.000000 0.200000
vt 0.000000 0.266667
vt 1.000000 0.266667
vt 0.000000 0.333333
vt 1.000000 0.333333
vt 0.000000 0.400000
vt 1.000000 0.400000
vt 0.000000 0.466667
vt 1.000000 0.466667
vt 0.000000 0.533333
vt 1.000000 0.533333
vt 0.000000 0.600000
vt 1.000000 0.600000
vt 0.000000 0.666667
vt 1.000000 0.666667
vt 0.000000 0.733333
vt 1.000000 0.733333
vt 0.000000 0.800000
vt 1.000000 0.800000
vt 0.000000 0.866667
vt 1.000000 0.866667
vt 0.000000 0.933333
vt 1.000000 0.933333
vt 0.000000 1.000000
vt 1.000000 1.000000
vt 0.000000 0.000000
vt 1.000000 0.000000
vt 0.000000 0.066667
vt 1.000000 0.066667
vt 0.000000 0.133333
vt 1.000000 0.133333
vt 0.000000 0.200000
vt 1.000000 0.200000
vt 0.000000 0.266667
vt 1.000000 0.266667
vt 0.000000 0.333333
vt 1.000000 0.333333
vt 0.000000 0.400000
vt 1.000000 0.400000
vt 0.000000 0.466667
vt 1.000000 0.466667
vt 0.000000 0.533333
vt 1.000000 0.533333
vt 0.000000 0.600000
vt 1.000000 0.600000
vt 0.000000 0.666667
vt 1.000000 0.666667
vt 0.000000 0.733333
vt 1.000000 0.733333
vt 0.000000 0.800000
vt 1.000000 0.800000
vt 0.000000 0.866667
vt 1.000000 0.866667
vt 0.000000 0.933333
vt 1.000000 0.933333
vt 0.000000 1.000000
vt 1.000000 1.000000
vt 0.000000 0.000000
vt 1.000000 0.000000
vt 0.000000 0.066667
vt 1.000000 0.066667
vt 0.000000 0.133333
vt 1.000000 0.133333
vt 0.000000 0.200000
vt 1.000000 0.200000
vt 0.000000 0.266667
vt 1.000000 0.266667
vt 0.000000 0.333333
vt 1.000000 0.333333
vt 0.000000 0.400000
vt 1.000000 0.400000
vt 0.000000 0.466667
vt 1.000000 0.466667
vt 0.000000 0.533333
vt 1.000000 0.533333
vt 0.000000 0.600000
vt 1.000000 0.600000
vt 0.000000 0.666667
vt 1.000000 0.666667
vt 0.000000 0.733333
vt 1.000000 0.733333
vt 0.000000 0.800000
vt 1.000000 0.800000
vt 0.000000 0.866667
vt 1.000000 0.866667
vt 0.000000 0.933333
vt 1.000000 0.933333
vt 0.000000 1.000000
vt 1.000000 1.000000
vt 0.000000 0.000000
vt 1.000000 0.000000
vt 0.000000 0.066667
vt 1.000000 0.066667
vt 0.000000 0.133333
vt 1.000000 0.133333
vt 0.000000 0.200000
vt 1.000000 0.200000
vt 0.000000 0.266667
vt 1.000000 0.266667
vt 0.000000 0.333333
vt 1.000000 0.333333
vt 0.000000 0.400000
vt 1.000000 0.400000
vt 0.000000 0.466667
vt 1.000000 0.466667
vt 0.000000 0.533333
vt 1.000000 0.533333
vt 0.000000 0.600000
vt 1.000000 0.600000
vt 0.000000 0.666667
vt 1.000000 0.666667
vt 0.000000 0.733333
vt 1.000000 0.733333
vt 0.000000 0.800000
vt 1.000000 0.800000
vt 0.000000 0.866667
vt 1.000000 0.866667
vt 0.000000 0.933333
vt 1.000000 0.933333
vt 0.000000 1.000000
vt 1.000000 1.000000
vt 0.000000 0.000000
vt 1.000000 0.000000
vt 0.000000 0.066667
vt 1.000000 0.066667
vt 0.000000 0.133333
vt 1.000000 0.133333
vt 0.000000 0.200000
vt 1.000000 0.200000
vt 0.000000 0.266667
vt 1.000000 0.266667
vt 0.000000 0.333333
vt 1.000000 0.333333
vt 0.000000 0.400000
vt 1.000000 0.400000
vt 0.000000 0.466667
vt 1.000000 0.466667
vt 0.000000 0.533333
vt 1.000000 0.533333
vt 0.000000 0.600000
vt 1.000000 0.600000
vt 0.000000 0.666667
vt 1.000000 0.666667
vt 0.000000 0.733333
vt 1.000000 0.733333
vt 0.000000 0.800000
vt 1.000000 0.800000
vt 0.000000 0.866667
vt 1.000000 0.866667
vt 0.000000 0.933333
vt 1.000000 0.933333
vt 0.000000 1.000000
vt 1.000000 1.000000
vt 0.000000 0.000000
vt 1.000000 0.000000
vt 0.000000 0.066667
vt 1.000000 0.066667
vt 0.000000 0.133333
vt 1.000000 0.133333
vt 0.000000 0.200000
vt 1.000000 0.200000
vt 0.000000 0.266667
vt 1.000000 0.266667
vt 0.000000 0.333333
vt 1.000000 0.333333
vt 0.000000 0.400000
vt 1.000000 0.400000
vt 0.000000 0.466667
vt 1.000000 0.466667
vt 0.000000 0.533333
vt 1.000000 0.533333
vt 0.000000 0.600000
vt 1.000000 0.600000
vt 0.000000 0.666667
vt 1.000000 0.666667
vt 0.000000 0.733333
vt 1.000000 0.733333
vt 0.000000 0.800000
vt 1.000000 0.800000
vt 0.000000 0.866667
vt 1.000000 0.866667
vt 0.000000 0.933333
vt 1.000000 0.933333
vt 0.000000 1.000000
vt 1.000000 1.000000
vt 0.000000 0.000000
vt 1.000000 0.000000
vt 0.000000 0.066667
vt 1.000000 0.066667
vt 0.000000 0.133333
vt 1.000000 0.133333
vt 0.000000 0.200000
vt 1.000000 0.200000
vt 0.000000 0.266667
vt 1.000000 0.266667
vt 0.000000 0.333333
vt 1.000000 0.333333
vt 0.000000 0.400000
vt 1.000000 0.400000
vt 0.000000 0.466667
vt 1.000000 0.466667
vt 0.000000 0.533333
vt 1.000000 0.533333
vt 0.000000 0.600000
vt 1.000000 0.600000
vt 0.000000 0.666667
vt 1.000000 0.666667
vt 0.000000 0.733333
vt 1.000000 0.733333
vt 0.000000 0.800000
vt 1.000000 0.800000
vt 0.000000 0.866667
vt 1.000000 0.866667
vt 0.000000 0.933333
vt 1.000000 0.933333
vt 0.000000 1.000000
vt 1.000000 1.000000
vt 0.000000 0.000000
vt 1.000000 0.000000
vt 0.000000 0.066667
vt 1.000000 0.066667
vt 0.000000 0.133333
vt 1.000000 0.133333
vt 0.000000 0.200000
vt 1.000000 0.200000
vt 0.000000 0.266667
vt 1.000000 0.266667
vt 0.000000 0.333333
vt 1.000000 0.333333
vt 0.000000 0.400000
vt 1.000000 0.400000
vt 0.000000 0.466667
vt 1.000000 0.466667
vt 0.000000 0.533333
vt 1.000000 0.533333
vt 0.000000 0.600000
vt 1.000000 0.600000
vt 0.000000 0.666667
vt 1.000000 0.666667
vt 0.000000 0.733333
vt 1.000000 0.733333
vt 0.000000 0.800000
vt 1.000000 0.800000
vt 0.000000 0.866667
vt 1.000000 0.866667
vt 0.000000 0.933333
vt 1.000000 0.933333
vt 0.000000 1.000000
vt 1.000000 1.000000
vt 0.000000 0.000000
vt 1.000000 0.000000
vt 0.000000 0.066667
vt 1.000000 0.066667
vt 0.000000 0.133333
vt 1.000000 0.133333
vt 0.000000 0.200000
vt 1.000000 0.200000
vt 0.000000 0.266667
vt 1.000000 0.266667
vt 0.000000 0.333333
vt 1.000000 0.333333
vt 0.000000 0.400000
vt 1.000000 0.400000
vt 0.000000 0.466667
vt 1.000000 0.466667
vt 0.000000 0.533333
vt 1.000000 0.533333
vt 0.000000 0.600000
vt 1.000000 0.600000
vt 0.000000 0.666667
vt 1.000000 0.666667
vt 0.000000 0.733333
vt 1.000000 0.733333
vt 0.000000 0.800000
vt 1.000000 0.800000
vt 0.000000 0.866667
vt 1.000000 0.866667
vt 0.000000 0.933333
vt 1.000000 0.933333
vt 0.000000 1.000000
vt 1.000000 1.000000
vt 0.000000 0.000000
vt 1.000000 0.000000
vt 0.000000 0.066667
vt 1.000000 0.066667
vt 0.000000 0.133333
vt 1.000000 0.133333
vt 0.000000 0.200000
vt 1.000000 0.200000
vt 0.000000 0.266667
vt 1.000000 0.266667
vt 0.000000 0.333333
vt 1.000000 0.333333
vt 0.000000 0.400000
vt 1.000000 0.400000
vt 0.000000 0.466667
vt 1.000000 0.466667
vt 0.000000 0.533333
vt 1.000000 0.533333
vt 0.000000 0.600000
vt 1.000000 0.600000
vt 0.000000 0.666667
vt 1.000000 0.666667
vt 0.000000 0.733333
vt 1.000000 0.733333
vt 0.000000 0.800000
vt 1.000000 0.800000
vt 0.000000 0.866667
vt 1.000000 0.866667
vt 0.000000 0.933333
vt 1.000000 0.933333
vt 0.000000 1.000000
vt 1.000000 1.000000
vt 0.000000 0.000000
vt 1.000000 0.000000
vt 0.000000 0.066667
vt 1.000000 0.066667
vt 0.000000 0.133333
vt 1.000000 0.133333
vt 0.000000 0.200000
vt 1.000000 0.200000
vt 0.000000 0.266667
vt 1.000000 0.266667
vt 0.000000 0.333333
vt 1.000000 0.333333
vt 0.000000 0.400000
vt 1.000000 0.400000
vt 0.000000 0.466667
vt 1.000000 0.466667
vt 0.000000 0.533333
vt 1.000000 0.533333
vt 0.000000 0.600000
vt 1.000000 0.600000
vt 0.000000 0.666667
vt 1.000000 0.666667
vt 0.000000 0.733333
vt 1.000000 0.733333
vt 0.000000 0.800000
vt 1.000000 0.800000
vt 0.000000 0.866667
vt 1.000000 0.866667
vt 0.000000 0.933333
vt 1.000000 0.933333
vt 0.000000 1.000000
vt 1.000000 1.000000
vt 0.000000 0.000000
vt 1.000000 0.000000
vt 0.000000 0.066667
vt 1.000000 0.066667
vt 0.000000 0.133333
vt 1.000000 0.133333
vt 0.000000 0.200000
vt 1.000000 0.200000
vt 0.000000 0.266667
vt 1.000000 0.266667
vt 0.000000 0.333333
vt 1.000000 0.333333
vt 0.000000 0.400000
vt 1.000000 0.400000
vt 0.000000 0.466667
vt 1.000000 0.466667
vt 0.000000 0.533333
vt 1.000000 0.533333
vt 0.000000 0.600000
vt 1.000000 0.600000
vt 0.000000 0.666667
vt 1.000000 0.666667
vt 0.000000 0.733333
vt 1.000000 0.733333
vt 0.000000 0.800000
vt 1.000000 0.800000
vt 0.000000 0.866667
vt 1.000000 0.866667
vt 0.000000 0.933333
vt 1.000000 0.933333
vt 0.000000 1.000000
vt 1.000000 1.000000
vt 0.000000 0.000000
vt 1.000000 0.000000
vt 0.000000 0.066667
vt 1.000000 0.066667
vt 0.000000 0.133333
vt 1.000000 0.133333
vt 0.000000 0.200000
vt 1.000000 0.200000
vt 0.000000 0.266667
vt 1.000000 0.266667
vt 0.000000 0.333333
vt 1.000000 0.333333
vt 0.000000 0.400000
vt 1.000000 0.400000
vt 0.000000 0.466667
vt 1.000000 0.466667
vt 0.000000 0.533333
vt 1.000000 0.533333
vt 0.000000 0.600000
vt 1.000000 0.600000
vt 0.000000 0.666667
vt 1.000000 0.666667
vt 0.000000 0.733333
vt 1.000000 0.733333
vt 0.000000 0.800000
vt 1.000000 0.800000
vt 0.000000 0.866667
vt 1.000000 0.866667
vt 0.000000 0.933333
vt 1.000000 0.933333
vt 0.000000 1.000000
vt 1.000000 1.000000
vt 0.000000 0.000000
vt 1.000000 0.000000
vt 0.000000 0.066667
vt 1.000000 0.066667
vt 0.000000 0.133333
vt 1.000000 0.133333
vt 0.000000 0.200000
vt 1.000000 0.200000
vt 0.000000 0.266667
vt 1.000000 0.266667
vt 0.000000 0.333333
vt 1.000000 0.333333
vt 0.000000 0.400000
vt 1.000000 0.400000
vt 0.000000 0.466667
vt 1.000000 0.466667
vt 0.000000 0.533333
vt 1.000000 0.533333
vt 0.000000 0.600000
vt 1.000000 0.600000
vt 0.000000 0.666667
vt 1.000000 0.666667
vt 0.000000 0.733333
vt 1.000000 0.733333
vt 0.000000 0.800000
vt 1.000000 0.800000
vt 0.000000 0.866667
vt 1.000000 0.866667
vt 0.000000 0.933333
vt 1.000000 0.933333
vt 0.000000 1.000000
vt 1.000000 1.000000
vt 0.000000 0.000000
vt 1.000000 0.000000
vt 0.000000 0.066667
vt 1.000000 0.066667
vt 0.000000 0.133333
vt 1.000000 0.133333
vt 0.000000 0.200000
vt 1.000000 0.200000
vt 0.000000 0.266667
vt 1.000000 0.266667
vt 0.000000 0.333333
vt 1.000000 0.333333
vt 0.000000 0.400000
vt 1.000000 0.400000
vt 0.000000 0.466667
vt 1.000000 0.466667
vt 0.000000 0.533333
vt 1.000000 0.533333
vt 0.000000 0.600000
vt 1.000000 0.600000
vt 0.000000 0.666667
vt 1.000000 0.666667
vt 0.000000 0.733333
vt 1.000000 0.733333
vt 0.000000 0.800000
vt 1.000000 0.800000
vt 0.000000 0.866667
vt 1.000000 0.866667
vt 0.000000 0.933333
vt 1.000000 0.933333
vt 0.000000 1.000000
vt 1.000000 1.000000
vt 0.000000 0.000000
vt 1.000000 0.000000
vt 0.000000 0.066667
vt 1.000000 0.066667
vt 0.000000 0.133333
vt 1.000000 0.133333
vt 0.000000 0.200000
vt 1.000000 0.200000
vt 0.000000 0.266667
vt 1.000000 0.266667
vt 0.000000 0.333333
vt 1.000000 0.333333
vt 0.000000 0.400000
vt 1.000000 0.400000
vt 0.000000 0.466667
vt 1.000000 0.466667
vt 0.000000 0.533333
vt 1.000000 0.533333
vt 0.000000 0.600000
vt 1.000000 0.600000
vt 0.000000 0.666667
vt 1.000000 0.666667
vt 0.000000 0.733333
vt 1.000000 0.733333
vt 0.000000 0.800000
vt 1.000000 0.800000
vt 0.000000 0.866667
vt 1.000000 0.866667
vt 0.000000 0.933333
vt 1.000000 0.933333
vt 0.000000 1.000000
vt 1.000000 1.000000
vt 0.000000 0.000000
vt 1.000000 0.000000
vt 0.000000 0.066667
vt 1.000000 0.066667
vt 0.000000 0.133333
vt 1.000000 0.133333
vt 0.000000 0.200000
vt 1.000000 0.200000
vt 0.000000 0.266667
vt 1.000000 0.266667
vt 0.000000 0.333333
vt 1.000000 0.333333
vt 0.000000 0.400000
vt 1.000000 0.400000
vt 0.000000 0.466667
vt 1.000000 0.466667
vt 0.000000 0.533333
vt 1.000000 0.533333
vt 0.000000 0.600000
vt 1.000000 0.600000
vt 0.000000 0.666667
vt 1.000000 0.666667
vt 0.000000 0.733333
vt 1.000000 0.733333
vt 0.000000 0.800000
vt 1.000000 0.800000
vt 0.000000 0.866667
vt 1.000000 0.866667
vt 0.000000 0.933333
vt 1.000000 0.933333
vt 0.000000 1.000000
vt 1.000000 1.000000
vt 0.000000 0.000000
vt 1.000000 0.000000
vt 0.000000 0.066667
vt 1.000000 0.066667
vt 0.000000 0.133333
vt 1.000000 0.133333
vt 0.000000 0.200000
vt 1.000000 0.200000
vt 0.000000 0.266667
vt 1.000000 0.266667
vt 0.000000 0.333333
vt 1.000000 0.333333
vt 0.000000 0.400000
vt 1.000000 0.400000
vt 0.000000 0.466667
vt 1.000000 0.466667
vt 0.000000 0.533333
vt 1.000000 0.533333
vt 0.000000 0.600000
vt 1.000000 0.600000
vt 0.000000 0.666667
vt 1.000000 0.666667
vt 0.000000 0.733333
vt 1.000000 0.733333
vt 0.000000 0.800000
vt 1.000000 0.800000
vt 0.000000 0.866667
vt 1.000000 0.866667
vt 0.000000 0.933333
vt 1.000000 0.933333
vt 0.000000 1.000000
vt 1.000000 1.000000
vt 0.000000 0.000000
vt 1.000000 0.000000
vt 0.000000 0.066667
vt 1.000000 0.066667
vt 0.000000 0.133333
vt 1.000000 0.133333
vt 0.000000 0.200000
vt 1.000000 0.200000
vt 0.000000 0.266667
vt 1.000000 0.266667
vt 0.000000 0.333333
vt 1.000000 0.333333
vt 0.000000 0.400000
vt 1.000000 0.400000
vt 0.000000 0.466667
vt 1.000000 0.466667
vt 0.000000 0.533333
vt 1.000000 0.533333
vt 0.000000 0.600000
vt 1.000000 0.600000
vt 0.000000 0.666667
vt 1.000000 0.666667
vt 0.000000 0.733333
vt 1.000000 0.733333
vt 0.000000 0.800000
vt 1.000000 0.800000
vt 0.000000 0.866667
vt 1.000000 0.866667
vt 0.000000 0.933333
vt 1.000000 0.933333
vt 0.000000 1.000000
vt 1.000000 1.000000
vt 0.000000 0.000000
vt 1.000000 0.000000
vt 0.000000 0.066667
vt 1.000000 0.066667
vt 0.000000 0.133333
vt 1.000000 0.133333
vt 0.000000 0.200000
vt 1.000000 0.200000
vt 0.000000 0.266667
vt 1.000000 0.266667
vt 0.000000 0.333333
vt 1.000000 0.333333
vt 0.000000 0.400000
vt 1.000000 0.400000
vt 0.000000 0.466667
vt 1.000000 0.466667
vt 0.000000 0.533333
vt 1.000000 0.533333
vt 0.000000 0.600000
vt 1.000000 0.600000
vt 0.000000 0.666667
vt 1.000000 0.666667
vt 0.000000 0.733333
vt 1.000000 0.733333
vt 0.000000 0.800000
vt 1.000000 0.800000
vt 0.000000 0.866667
vt 1.000000 0.866667
vt 0.000000 0.933333
vt 1.000000 0.933333
vt 0.000000 1.000000
vt 1.000000 1.000000
vt 0.000000 0.000000
vt 1.000000 0.000000
vt 0.000000 0.066667
vt 1.000000 0.066667
vt 0.000000 0.133333
vt 1.000000 0.133333
vt 0.000000 0.200000
vt 1.000000 0.200000
vt 0.000000 0.266667
vt 1.000000 0.266667
vt 0.000000 0.333333
vt 1.000000 0.333333
vt 0.000000 0.400000
vt 1.000000 0.400000
vt 0.000000 0.466667
vt 1.000000 0.466667
vt 0.000000 0.533333
vt 1.000000 0.533333
vt 0.000000 0.600000
vt 1.000000 0.600000
vt 0.000000 0.666667
vt 1.000000 0.666667
vt 0.000000 0.733333
vt 1.000000 0.733333
vt 0.000000 0.800000
vt 1.000000 0.800000
vt 0.000000 0.866667
vt 1.000000 0.866667
vt 0.000000 0.933333
vt 1.000000 0.933333
vt 0.000000 1.000000
vt 1.000000 1.000000
vt 0.000000 0.000000
vt 1.000000 0.000000
vt 0.000000 0.066667
vt 1.000000 0.066667
vt 0.000000 0.133333
vt 1.000000 0.133333
vt 0.000000 0.200000
vt 1.000000 0.200000
vt 0.000000 0.266667
vt 1.000000 0.266667
vt 0.000000 0.333333
vt 1.000000 0.333333
vt 0.000000 0.400000
vt 1.000000 0.400000
vt 0.000000 0.466667
vt 1.000000 0.466667
vt 0.000000 0.533333
vt 1.000000 0.533333
vt 0.000000 0.600000
vt 1.000000 0.600000
vt 0.000000 0.666667
vt 1.000000 0.666667
vt 0.000000 0.733333
vt 1.000000 0.733333
vt 0.000000 0.800000
vt 1.000000 0.800000
vt 0.000000 0.866667
vt 1.000000 0.866667
vt 0.000000 0.933333
vt 1.000000 0.933333
vt 0.000000 1.000000
vt 1.000000 1.000000
vt 0.000000 0.000000
vt 1.000000 0.000000
vt 0.000000 0.066667
vt 1.000000 0.066667
vt 0.000000 0.133333
vt 1.000000 0.133333
vt 0.000000 0.200000
vt 1.000000 0.200000
vt 0.000000 0.266667
vt 1.000000 0.266667
vt 0.000000 0.333333
vt 1.000000 0.333333
vt 0.000000 0.400000
vt 1.000000 0.400000
vt 0.000000 0.466667
vt 1.000000 0.466667
vt 0.000000 0.533333
vt 1.000000 0.533333
vt 0.000000 0.600000
vt 1.000000 0.600000
vt 0.000000 0.666667
vt 1.000000 0.666667
vt 0.000000 0.733333
vt 1.000000 0.733333
vt 0.000000 0.800000
vt 1.000000 0.800000
vt 0.000000 0.866667
vt 1.000000 0.866667
vt 0.000000 0.933333
vt 1.000000 0.933333
vt 0.000000 1.000000
vt 1.000000 1.000000
vt 0.000000 0.000000
vt 1.000000 0.000000
vt 0.000000 0.066667
vt 1.000000 0.066667
vt 0.000000 0.133333
vt 1.000000 0.133333
vt 0.000000 0.200000
vt 1.000000 0.200000
vt 0.000000 0.266667
vt 1.000000 0.266667
vt 0.000000 0.333333
vt 1.000000 0.333333
vt 0.000000 0.400000
vt 1.000000 0.400000
vt 0.000000 0.466667
vt 1.000000 0.466667
vt 0.000000 0.533333
vt 1.000000 0.533333
vt 0.000000 0.600000
vt 1.000000 0.600000
vt 0.000000 0.666667
vt 1.000000 0.666667
vt 0.000000 0.733333
vt 1.000000 0.733333
vt 0.000000 0.800000
vt 1.000000 0.800000
vt 0.000000 0.866667
vt 1.000000 0.866667
vt 0.000000 0.933333
vt 1.000000 0.933333
vt 0.000000 1.000000
vt 1.000000 1.000000
vt 0.000000 0.000000
vt 1.000000 0.000000
vt 0.000000 0.066667
vt 1.000000 0.066667
vt 0.000000 0.133333
vt 1.000000 0.133333
vt 0.000000 0.200000
vt 1.000000 0.200000
vt 0.000000 0.266667
vt 1.000000 0.266667
vt 0.000000 0.333333
vt 1.000000 0.333333
vt 0.000000 0.400000
vt 1.000000 0.400000
vt 0.000000 0.466667
vt 1.000000 0.466667
vt 0.000000 0.533333
vt 1.000000 0.533333
vt 0.000000 0.600000
vt 1.000000 0.600000
vt 0.000000 0.666667
vt 1.000000 0.666667
vt 0.000000 0.733333
vt 1.000000 0.733333
vt 0.000000 0.800000
vt 1.000000 0.800000
vt 0.000000 0.866667
vt 1.000000 0.866667
vt 0.000000 0.933333
vt 1.000000 0.933333
vt 0.000000 1.000000
vt 1.000000 1.000000
vt 0.000000 0.000000
vt 1.000000 0.000000
vt 0.000000 0.066667
vt 1.000000 0.066667
vt 0.000000 0.133333
vt 1.000000 0.133333
vt 0.000000 0.200000
vt 1.000000 0.200000
vt 0.000000 0.266667
vt 1.000000 0.266667
vt 0.000000 0.333333
vt 1.000000 0.333333
vt 0.000000 0.400000
vt 1.000000 0.400000
vt 0.000000 0.466667
vt 1.000000 0.466667
vt 0.000000 0.533333
vt 1.000000 0.533333
vt 0.000000 0.600000
vt 1.000000 0.600000
vt 0.000000 0.666667
vt 1.000000 0.666667
vt 0.000000 0.733333
vt 1.000000 0.733333
vt 0.000000 0.800000
vt 1.000000 0.800000
vt 0.000000 0.866667
vt 1.000000 0.866667
vt 0.000000 0.933333
vt 1.000000 0.933333
vt 0.000000 1.000000
vt 1.000000 1.000000
vt 0.000000 0.000000
vt 1.000000 0.000000
vt 0.000000 0.066667
vt 1.000000 0.066667
vt 0.000000 0.133333
vt 1.000000 0.133333
vt 0.000000 0.200000
vt 1.000000 0.200000
vt 0.000000 0.266667
vt 1.000000 0.266667
vt 0.000000 0.333333
vt 1.000000 0.333333
vt 0.000000 0.400000
vt 1.000000 0.400000
vt 0.000000 0.466667
vt 1.000000 0.466667
vt 0.000000 0.533333
vt 1.000000 0.533333
vt 0.000000 0.600000
vt 1.000000 0.600000
vt 0.000000 0.666667
vt 1.000000 0.666667
vt 0.000000 0.733333
vt 1.000000 0.733333
vt 0.000000 0.800000
vt 1.000000 0.800000
vt 0.000000 0.866667
vt 1.000000 0.866667
vt 0.000000 0.933333
vt 1.000000 0.933333
vt 0.000000 1.000000
vt 1.000000 1.000000
vt 0.000000 0.000000
vt 1.000000 0.000000
vt 0.000000 0.066667
vt 1.000000 0.066667
vt 0.000000 0.133333
vt 1.000000 0.133333
vt 0.000000 0.200000
vt 1.000000 0.200000
vt 0.000000 0.266667
vt 1.000000 0.266667
vt 0.000000 0.333333
vt 1.000000 0.333333
vt 0.000000 0.400000
vt 1.000000 0.400000
vt 0.000000 0.466667
vt 1.000000 0.466667
vt 0.000000 0.533333
vt 1.000000 0.533333
vt 0.000000 0.600000
vt 1.000000 0.600000
vt 0.000000 0.666667
vt 1.000000 0.666667
vt 0.000000 0.733333
vt 1.000000 0.733333
vt 0.000000 0.800000
vt 1.000000 0.800000
vt 0.000000 0.866667
vt 1.000000 0.866667
vt 0.000000 0.933333
vt 1.000000 0.933333
vt 0.000000 1.000000
vt 1.000000 1.000000
vt 0.000000 0.000000
vt 1.000000 0.000000
vt 0.000000 0.066667
vt 1.000000 0.066667
vt 0.000000 0.133333
vt 1.000000 0.133333
vt 0.000000 0.200000
vt 1.000000 0.200000
vt 0.000000 0.266667
vt 1.000000 0.266667
vt 0.000000 0.333333
vt 1.000000 0.333333
vt 0.000000 0.400000
vt 1.000000 0.400000
vt 0.000000 0.466667
vt 1.000000 0.466667
vt 0.000000 0.533333
vt 1.000000 0.533333
vt 0.000000 0.600000
vt 1.000000 0.600000
vt 0.000000 0.666667
vt 1.000000 0.666667
vt 0.000000 0.733333
vt 1.000000 0.733333
vt 0.000000 0.800000
vt 1.000000 0.800000
vt 0.000000 0.866667
vt 1.000000 0.866667
vt 0.000000 0.933333
vt 1.000000 0.933333
vt 0.000000 1.000000
vt 1.000000 1.000000
vt 0.000000 0.000000
vt 1.000000 0.000000
vt 0.000000 0.066667
vt 1.000000 0.066667
vt 0.000000 0.133333
vt 1.000000 0.133333
vt 0.000000 0.200000
vt 1.000000 0.200000
vt 0.000000 0.266667
vt 1.000000 0.266667
vt 0.000000 0.333333
vt 1.000000 0.333333
vt 0.000000 0.400000
vt 1.000000 0.400000
vt 0.000000 0.466667
vt 1.000000 0.466667
vt 0.000000 0.533333
vt 1.000000 0.533333
vt 0.000000 0.600000
vt 1.000000 0.600000
vt 0.000000 0.666667
vt 1.000000 0.666667
vt 0.000000 0.733333
vt 1.000000 0.733333
vt 0.000000 0.800000
vt 1.000000 0.800000
vt 0.000000 0.866667
vt 1.000000 0.866667
vt 0.000000 0.933333
vt 1.000000 0.933333
vt 0.000000 1.000000
vt 1.000000 1.000000
vt 0.000000 0.000000
vt 1.000000 0.000000
vt 0.000000 0.066667
vt 1.000000 0.066667
vt 0.000000 0.133333
vt 1.000000 0.133333
vt 0.000000 0.200000
vt 1.000000 0.200000
vt 0.000000 0.266667
vt 1.000000 0.266667
vt 0.000000 0.333333
vt 1.000000 0.333333
vt 0.000000 0.400000
vt 1.000000 0.400000
vt 0.000000 0.466667
vt 1.000000 0.466667
vt 0.000000 0.533333
vt 1.000000 0.533333
vt 0.000000 0.600000
vt 1.000000 0.600000
vt 0.000000 0.666667
vt 1.000000 0.666667
vt 0.000000 0.733333
vt 1.000000 0.733333
vt 0.000000 0.800000
vt 1.000000 0.800000
vt 0.000000 0.866667
vt 1.000000 0.866667
vt 0.000000 0.933333
vt 1.000000 0.933333
vt 0.000000 1.000000
vt 1.000000 1.000000
vt 0.000000 0.000000
vt 1.000000 0.000000
vt 0.000000 0.066667
vt 1.000000 0.066667
vt 0.000000 0.133333
vt 1.000000 0.133333
vt 0.000000 0.200000
vt 1.000000 0.200000
vt 0.000000 0.266667
vt 1.000000 0.266667
vt 0.000000 0.333333
vt 1.000000 0.333333
vt 0.000000 0.400000
vt 1.000000 0.400000
vt 0.000000 0.466667
vt 1.000000 0.466667
vt 0.000000 0.533333
vt 1.000000 0.533333
vt 0.000000 0.600000
vt 1.000000 0.600000
vt 0.000000 0.666667
vt 1.000000 0.666667
vt 0.000000 0.733333
vt 1.000000 0.733333
vt 0.000000 0.800000
vt 1.000000 0.800000
vt 0.000000 0.866667
vt 1.000000 0.866667
vt 0.000000 0.933333
vt 1.000000 0.933333
vt 0.000000 1.000000
vt 1.000000 1.000000
vt 0.000000 0.000000
vt 1.000000 0.000000
vt 0.000000 0.066667
vt 1.000000 0.066667
vt 0.000000 0.133333
vt 1.000000 0.133333
vt 0.000000 0.200000
vt 1.000000 0.200000
vt 0.000000 0.266667
vt 1.000000 0.266667
vt 0.000000 0.333333
vt 1.000000 0.333333
vt 0.000000 0.400000
vt 1.000000 0.400000
vt 0.000000 0.466667
vt 1.000000 0.466667
vt 0.000000 0.533333
vt 1.000000 0.533333
vt 0.000000 0.600000
vt 1.000000 0.600000
vt 0.000000 0.666667
vt 1.000000 0.666667
vt 0.000000 0.733333
vt 1.000000 0.733333
vt 0.000000 0.800000
vt 1.000000 0.800000
vt 0.000000 0.866667
vt 1.000000 0.866667
vt 0.000000 0.933333
vt 1.000000 0.933333
vt 0.000000 1.000000
vt 1.000000 1.000000
vt 0.000000 0.000000
vt 1.000000 0.000000
vt 0.000000 0.066667
vt 1.000000 0.066667
vt 0.000000 0.133333
vt 1.000000 0.133333
vt 0.000000 0.200000
vt 1.000000 0.200000
vt 0.000000 0.266667
vt 1.000000 0.266667
vt 0.000000 0.333333
vt 1.000000 0.333333
vt 0.000000 0.400000
vt 1.000000 0.400000
vt 0.000000 0.466667
vt 1.000000 0.466667
vt 0.000000 0.533333
vt 1.000000 0.533333
vt 0.000000 0.600000
vt 1.000000 0.600000
vt 0.000000 0.666667
vt 1.000000 0.666667
vt 0.000000 0.733333
vt 1.000000 0.733333
vt 0.000000 0.800000
vt 1.000000 0.800000
vt 0.000000 0.866667
vt 1.000000 0.866667
vt 0.000000 0.933333
vt 1.000000 0.933333
vt 0.000000 1.000000
vt 1.000000 1.000000
vt 0.000000 0.000000
vt 1.000000 0.000000
vt 0.000000 0.066667
vt 1.000000 0.066667
vt 0.000000 0.133333
vt 1.000000 0.133333
vt 0.000000 0.200000
vt 1.000000 0.200000
vt 0.000000 0.266667
vt 1.000000 0.266667
vt 0.000000 0.333333
vt 1.000000 0.333333
vt 0.000000 0.400000
vt 1.000000 0.400000
vt 0.000000 0.466667
vt 1.000000 0.466667
vt 0.000000 0.533333
vt 1.000000 0.533333
vt 0.000000 0.600000
vt 1.000000 0.600000
vt 0.000000 0.666667
vt 1.000000 0.666667
vt 0.000000 0.733333
vt 1.000000 0.733333
vt 0.000000 0.800000
vt 1.000000 0.800000
vt 0.000000 0.866667
vt 1.000000 0.866667
vt 0.000000 0.933333
vt 1.000000 0.933333
vt 0.000000 1.000000
vt 1.000000 1.000000
vt 0.000000 0.000000
vt 1.000000 0.000000
vt 0.000000 0.066667
vt 1.000000 0.066667
vt 0.000000 0.133333
vt 1.000000 0.133333
vt 0.000000 0.200000
vt 1.000000 0.200000
vt 0.000000 0.266667
vt 1.000000 0.266667
vt 0.000000 0.333333
vt 1.000000 0.333333
vt 0.000000 0.400000
vt 1.000000 0.400000
vt 0.000000 0.466667
vt 1.000000 0.466667
vt 0.000000 0.533333
vt 1.000000 0.533333
vt 0.000000 0.600000
vt 1.000000 0.600000
vt 0.000000 0.666667
vt 1.000000 0.666667
vt 0.000000 0.733333
vt 1.000000 0.733333
vt 0.000000 0.800000
vt 1.000000 0.800000
vt 0.000000 0.866667
vt 1.000000 0.866667
vt 0.000000 0.933333
vt 1.000000 0.933333
vt 0.000000 1.000000
vt 1.000000 1.000000
vt 0.000000 0.000000
vt 1.000000 0.000000
vt 0.000000 0.066667
vt 1.000000 0.066667
vt 0.000000 0.133333
vt 1.000000 0.133333
vt 0.000000 0.200000
vt 1.000000 0.200000
vt 0.000000 0.266667
vt 1.000000 0.266667
vt 0.000000 0.333333
vt 1.000000 0.333333
vt 0.000000 0.400000
vt 1.000000 0.400000
vt 0.000000 0.466667
vt 1.000000 0.466667
vt 0.000000 0.533333
vt 1.000000 0.533333
vt 0.000000 0.600000
vt 1.000000 0.600000
vt 0.000000 0.666667
vt 1.000000 0.666667
vt 0.000000 0.733333
vt 1.000000 0.733333
vt 0.000000 0.800000
vt 1.000000 0.800000
vt 0.000000 0.866667
vt 1.000000 0.866667
vt 0.000000 0.933333
vt 1.000000 0.933333
vt 0.000000 1.000000
vt 1.000000 1.000000
vt 0.000000 0.000000
vt 1.000000 0.000000
vt 0.000000 0.066667
vt 1.000000 0.066667
vt 0.000000 0.133333
vt 1.000000 0.133333
vt 0.000000 0.200000
vt 1.000000 0.200000
vt 0.000000 0.266667
vt 1.000000 0.266667
vt 0.000000 0.333333
vt 1.000000 0.333333
vt 0.000000 0.400000
vt 1.000000 0.400000
vt 0.000000 0.466667
vt 1.000000 0.466667
vt 0.000000 0.533333
vt 1.000000 0.533333
vt 0.000000 0.600000
vt 1.000000 0.600000
vt 0.000000 0.666667
vt 1.000000 0.666667
vt 0.000000 0.733333
vt 1.000000 0.733333
vt 0.000000 0.800000
vt 1.000000 0.800000
vt 0.000000 0.866667
vt 1.000000 0.866667
vt 0.000000 0.933333
vt 1.000000 0.933333
vt 0.000000 1.000000
vt 1.000000 1.000000
vt 0.000000 0.000000
vt 1.000000 0.000000
vt 0.000000 0.066667
vt 1.000000 0.066667
vt 0.000000 0.133333
vt 1.000000 0.133333
vt 0.000000 0.200000
vt 1.000000 0.200000
vt 0.000000 0.266667
vt 1.000000 0.266667
vt 0.000000 0.333333
vt 1.000000 0.333333
vt 0.000000 0.400000
vt 1.000000 0.400000
vt 0.000000 0.466667
vt 1.000000 0.466667
vt 0.000000 0.533333
vt 1.000000 0.533333
vt 0.000000 0.600000
vt 1.000000 0.600000
vt 0.000000 0.666667
vt 1.000000 0.666667
vt 0.000000 0.733333
vt 1.000000 0.733333
vt 0.000000 0.800000
vt 1.000000 0.800000
vt 0.000000 0.866667
vt 1.000000 0.866667
vt 0.000000 0.933333
vt 1.000000 0.933333
vt 0.000000 1.000000
vt 1.000000 1.000000
vt 0.000000 0.000000
vt 1.000000 0.000000
vt 0.000000 0.066667
vt 1.000000 0.066667
vt 0.000000 0.133333
vt 1.000000 0.133333
vt 0.000000 0.200000
vt 1.000000 0.200000
vt 0.000000 0.266667
vt 1.000000 0.266667
vt 0.000000 0.333333
vt 1.000000 0.333333
vt 0.000000 0.400000
vt 1.000000 0.400000
vt 0.000000 0.466667
vt 1.000000 0.466667
vt 0.000000 0.533333
vt 1.000000 0.533333
vt 0.000000 0.600000
vt 1.000000 0.600000
vt 0.000000 0.666667
vt 1.000000 0.666667
vt 0.000000 0.733333
vt 1.000000 0.733333
vt 0.000000 0.800000
vt 1.000000 0.800000
vt 0.000000 0.866667
vt 1.000000 0.866667
vt 0.000000 0.933333
vt 1.000000 0.933333
vt 0.000000 1.000000
vt 1.000000 1.000000
vt 0.000000 0.000000
vt 1.000000 0.000000
vt 0.000000 0.066667
vt 1.000000 0.066667
vt 0.000000 0.133333
vt 1.000000 0.133333
vt 0.000000 0.200000
vt 1.000000 0.200000
vt 0.000000 0.266667
vt 1.000000 0.266667
vt 0.000000 0.333333
vt 1.000000 0.333333
vt 0.000000 0.400000
vt 1.000000 0.400000
vt 0.000000 0.466667
vt 1.000000 0.466667
vt 0.000000 0.533333
vt 1.000000 0.533333
vt 0.000000 0.600000
vt 1.000000 0.600000
vt 0.000000 0.666667
vt 1.000000 0.666667
vt 0.000000 0.733333
vt 1.000000 0.733333
vt 0.000000 0.800000
vt 1.000000 0.800000
vt 0.000000 0.866667
vt 1.000000 0.866667
vt 0.000000 0.933333
vt 1.000000 0.933333
vt 0.000000 1.000000
vt 1.000000 1.000000
vt 0.000000 0.000000
vt 1.000000 0.000000
vt 0.000000 0.066667
vt 1.000000 0.066667
vt 0.000000 0.133333
vt 1.000000 0.133333
vt 0.000000 0.200000
vt 1.000000 0.200000
vt 0.000000 0.266667
vt 1.000000 0.266667
vt 0.000000 0.333333
vt 1.000000 0.333333
vt 0.000000 0.400000
vt 1.000000 0.400000
vt 0.000000 0.466667
vt 1.000000 0.466667
vt 0.000000 0.533333
vt 1.000000 0.533333
vt 0.000000 0.600000
vt 1.000000 0.600000
vt 0.000000 0.666667
vt 1.000000 0.666667
vt 0.000000 0.733333
vt 1.000000 0.733333
vt 0.000000 0.800000
vt 1.000000 0.800000
vt 0.000000 0.866667
vt 1.000000 0.866667
vt 0.000000 0.933333
vt 1.000000 0.933333
vt 0.000000 1.000000
vt 1.000000 1.000000
vt 0.000000 0.000000
vt 1.000000 0.000000
vt 0.000000 0.066667
vt 1.000000 0.066667
vt 0.000000 0.133333
vt 1.000000 0.133333
vt 0.000000 0.200000
vt 1.000000 0.200000
vt 0.000000 0.266667
vt 1.000000 0.266667
vt 0.000000 0.333333
vt 1.000000 0.333333
vt 0.000000 0.400000
vt 1.000000 0.400000
vt 0.000000 0.466667
vt 1.000000 0.466667
vt 0.000000 0.533333
vt 1.000000 0.533333
vt 0.000000 0.600000
vt 1.000000 0.600000
vt 0.000000 0.666667
vt 1.000000 0.666667
vt 0.000000 0.733333
vt 1.000000 0.733333
vt 0.000000 0.800000
vt 1.000000 0.800000
vt 0.000000 0.866667
vt 1.000000 0.866667
vt 0.000000 0.933333
vt 1.000000 0.933333
vt 0.000000 1.000000
vt 1.000000 1.000000
vt 0.000000 0.000000
vt 1.000000 0.000000
vt 0.000000 0.066667
vt 1.000000 0.066667
vt 0.000000 0.133333
vt 1.000000 0.133333
vt 0.000000 0.200000
vt 1.000000 0.200000
vt 0.000000 0.266667
vt 1.000000 0.266667
vt 0.000000 0.333333
vt 1.000000 0.333333
vt 0.000000 0.400000
vt 1.000000 0.400000
vt 0.000000 0.466667
vt 1.000000 0.466667
vt 0.000000 0.533333
vt 1.000000 0.533333
vt 0.000000 0.600000
vt 1.000000 0.600000
vt 0.000000 0.666667
vt 1.000000 0.666667
vt 0.000000 0.733333
vt 1.000000 0.733333
vt 0.000000 0.800000
vt 1.000000 0.800000
vt 0.000000 0.866667
vt 1.000000 0.866667
vt 0.000000 0.933333
vt 1.000000 0.933333
vt 0.000000 1.000000
vt 1.000000 1.000000
vt 0.000000 0.000000
vt 1.000000 0.000000
vt 0.000000 0.066667
vt 1.000000 0.066667
vt 0.000000 0.133333
vt 1.000000 0.133333
vt 0.000000 0.200000
vt 1.000000 0.200000
vt 0.000000 0.266667
vt 1.000000 0.266667
vt 0.000000 0.333333
vt 1.000000 0.333333
vt 0.000000 0.400000
vt 1.000000 0.400000
vt 0.000000 0.466667
vt 1.000000 0.466667
vt 0.000000 0.533333
vt 1.000000 0.533333
vt 0.000000 0.600000
vt 1.000000 0.600000
vt 0.000000 0.666667
vt 1.000000 0.666667
vt 0.000000 0.733333
vt 1.000000 0.733333
vt 0.000000 0.800000
vt 1.000000 0.800000
vt 0.000000 0.866667
vt 1.000000 0.866667
vt 0.000000 0.933333
vt 1.000000 0.933333
vt 0.000000 1.000000
vt 1.000000 1.000000
vt 0.000000 0.000000
vt 1.000000 0.000000
vt 0.000000 0.066667
vt 1.000000 0.066667
vt 0.000000 0.133333
vt 1.000000 0.133333
vt 0.000000 0.200000
vt 1.000000 0.200000
vt 0.000000 0.266667
vt 1.000000 0.266667
vt 0.000000 0.333333
vt 1.000000 0.333333
vt 0.000000 0.400000
vt 1.000000 0.400000
vt 0.000000 0.466667
vt 1.000000 0.466667
vt 0.000000 0.533333
vt 1.000000 0.533333
vt 0.000000 0.600000
vt 1.000000 0.600000
vt 0.000000 0.666667
vt 1.000000 0.666667
vt 0.000000 0.733333
vt 1.000000 0.733333
vt 0.000000 0.800000
vt 1.000000 0.800000
vt 0.000000 0.866667
vt 1.000000 0.866667
vt 0.000000 0.933333
vt 1.000000 0.933333
vt 0.000000 1.000000
vt 1.000000 1.000000
vt 0.000000 0.000000
vt 1.000000 0.000000
vt 0.000000 0.066667
vt 1.000000 0.066667
vt 0.000000 0.133333
vt 1.000000 0.133333
vt 0.000000 0.200000
vt 1.000000 0.200000
vt 0.000000 0.266667
vt 1.000000 0.266667
vt 0.000000 0.333333
vt 1.000000 0.333333
vt 0.000000 0.400000
vt 1.000000 0.400000
vt 0.000000 0.466667
vt 1.000000 0.466667
vt 0.000000 0.533333
vt 1.000000 0.533333
vt 0.000000 0.600000
vt 1.000000 0.600000
vt 0.000000 0.666667
vt 1.000000 0.666667
vt 0.000000 0.733333
vt 1.000000 0.733333
vt 0.000000 0.800000
vt 1.000000 0.800000
vt 0.000000 0.866667
vt 1.000000 0.866667
vt 0.000000 0.933333
vt 1.000000 0.933333
vt 0.000000 1.000000
vt 1.000000 1.000000
vt 0.000000 0.000000
vt 1.000000 0.000000
vt 0.000000 0.066667
vt 1.000000 0.066667
vt 0.000000 0.133333
vt 1.000000 0.133333
vt 0.000000 0.200000
vt 1.000000 0.200000
vt 0.000000 0.266667
vt 1.000000 0.266667
vt 0.000000 0.333333
vt 1.000000 0.333333
vt 0.000000 0.400000
vt 1.000000 0.400000
vt 0.000000 0.466667
vt 1.000000 0.466667
vt 0.000000 0.533333
vt 1.000000 0.533333
vt 0.000000 0.600000
vt 1.000000 0.600000
vt 0.000000 0.666667
vt 1.000000 0.666667
vt 0.000000 0.733333
vt 1.000000 0.733333
vt 0.000000 0.800000
vt 1.000000 0.800000
vt 0.000000 0.866667
vt 1.000000 0.866667
vt 0.000000 0.933333
vt 1.000000 0.933333
vt 0.000000 1.000000
vt 1.000000 1.000000
vt 0.000000 0.000000
vt 1.000000 0.000000
vt 0.000000 0.066667
vt 1.000000 0.066667
vt 0.000000 0.133333
vt 1.000000 0.133333
vt 0.000000 0.200000
vt 1.000000 0.200000
vt 0.000000 0.266667
vt 1.000000 0.266667
vt 0.000000 0.333333
vt 1.000000 0.333333
vt 0.000000 0.400000
vt 1.000000 0.400000
vt 0.000000 0.466667
vt 1.000000 0.466667
vt 0.000000 0.533333
vt 1.000000 0.533333
vt 0.000000 0.600000
vt 1.000000 0.600000
vt 0.000000 0.666667
vt 1.000000 0.666667
vt 0.000000 0.733333
vt 1.000000 0.733333
vt 0.000000 0.800000
vt 1.000000 0.800000
vt 0.000000 0.866667
vt 1.000000 0.866667
vt 0.000000 0.933333
vt 1.000000 0.933333
vt 0.000000 1.000000
vt 1.000000 1.000000
vt 0.000000 0.000000
vt 1.000000 0.000000
vt 0.000000 0.066667
vt 1.000000 0.066667
vt 0.000000 0.133333
vt 1.000000 0.133333
vt 0.000000 0.200000
vt 1.000000 0.200000
vt 0.000000 0.266667
vt 1.000000 0.266667
vt 0.000000 0.333333
vt 1.000000 0.333333
vt 0.000000 0.400000
vt 1.000000 0.400000
vt 0.000000 0.466667
vt 1.000000 0.466667
vt 0.000000 0.533333
vt 1.000000 0.533333
vt 0.000000 0.600000
vt 1.000000 0.600000
vt 0.000000 0.666667
vt 1.000000 0.666667
vt 0.000000 0.733333
vt 1.000000 0.733333
vt 0.000000 0.800000
vt 1.000000 0.800000
vt 0.000000 0.866667
vt 1.000000 0.866667
vt 0.000000 0.933333
vt 1.000000 0.933333
vt 0.000000 1.000000
vt 1.000000 1.000000
vt 0.000000 0.000000
vt 1.000000 0.000000
vt 0.000000 0.066667
vt 1.000000 0.066667
vt 0.000000 0.133333
vt 1.000000 0.133333
vt 0.000000 0.200000
vt 1.000000 0.200000
vt 0.000000 0.266667
vt 1.000000 0.266667
vt 0.000000 0.333333
vt 1.000000 0.333333
vt 0.000000 0.400000
vt 1.000000 0.400000
vt 0.000000 0.466667
vt 1.000000 0.466667
vt 0.000000 0.533333
vt 1.000000 0.533333
vt 0.000000 0.600000
vt 1.000000 0.600000
vt 0.000000 0.666667
vt 1.000000 0.666667
vt 0.000000 0.733333
vt 1.000000 0.733333
vt 0.000000 0.800000
vt 1.000000 0.800000
vt 0.000000 0.866667
vt 1.000000 0.866667
vt 0.000000 0.933333
vt 1.000000 0.933333
vt 0.000000 1.000000
vt 1.000000 1.000000
vt 0.000000 0.000000
vt 1.000000 0.000000
vt 0.000000 0.066667
vt 1.000000 0.066667
vt 0.000000 0.133333
vt 1.000000 0.133333
vt 0.000000 0.200000
vt 1.000000 0.200000
vt 0.000000 0.266667
vt 1.000000 0.266667
vt 0.000000 0.333333
vt 1.000000 0.333333
vt 0.000000 0.400000
vt 1.000000 0.400000
vt 0.000000 0.466667
vt 1.000000 0.466667
vt 0.000000 0.533333
vt 1.000000 0.533333
vt 0.000000 0.600000
vt 1.000000 0.600000
vt 0.000000 0.666667
vt 1.000000 0.666667
vt 0.000000 0.733333
vt 1.000000 0.733333
vt 0.000000 0.800000
vt 1.000000 0.800000
vt 0.000000 0.866667
vt 1.000000 0.866667
vt 0.000000 0.933333
vt 1.000000 0.933333
vt 0.000000 1.000000
vt 1.000000 1.000000
vt 0.000000 0.000000
vt 1.000000 0.000000
vt 0.000000 0.066667
vt 1.000000 0.066667
vt 0.000000 0.133333
vt 1.000000 0.133333
vt 0.000000 0.200000
vt 1.000000 0.200000
vt 0.000000 0.266667
vt 1.000000 0.266667
vt 0.000000 0.333333
vt 1.000000 0.333333
vt 0.000000 0.400000
vt 1.000000 0.400000
vt 0.000000 0.466667
vt 1.000000 0.466667
vt 0.000000 0.533333
vt 1.000000 0.533333
vt 0.000000 0.600000
vt 1.000000 0.600000
vt 0.000000 0.666667
vt 1.000000 0.666667
vt 0.000000 0.733333
vt 1.000000 0.733333
vt 0.000000 0.800000
vt 1.000000 0.800000
vt 0.000000 0.866667
vt 1.000000 0.866667
vt 0.000000 0.933333
vt 1.000000 0.933333
vt 0.000000 1.000000
vt 1.000000 1.000000
vt 0.000000 0.000000
vt 1.000000 0.000000
vt 0.000000 0.066667
vt 1.000000 0.066667
vt 0.000000 0.133333
vt 1.000000 0.133333
vt 0.000000 0.200000
vt 1.000000 0.200000
vt 0.000000 0.266667
vt 1.000000 0.266667
vt 0.000000 0.333333
vt 1.000000 0.333333
vt 0.000000 0.400000
vt 1.000000 0.400000
vt 0.000000 0.466667
vt 1.000000 0.466667
vt 0.000000 0.533333
vt 1.000000 0.533333
vt 0.000000 0.600000
vt 1.000000 0.600000
vt 0.000000 0.666667
vt 1.000000 0.666667
vt 0.000000 0.733333
vt 1.000000 0.733333
vt 0.000000 0.800000
vt 1.000000 0.800000
vt 0.000000 0.866667
vt 1.000000 0.866667
vt 0.000000 0.933333
vt 1.000000 0.933333
vt 0.000000 1.000000
vt 1.000000 1.000000
vt 0.000000 0.000000
vt 1.000000 0.000000
vt 0.000000 0.066667
vt 1.000000 0.066667
vt 0.000000 0.133333
vt 1.000000 0.133333
vt 0.000000 0.200000
vt 1.000000 0.200000
vt 0.000000 0.266667
vt 1.000000 0.266667
vt 0.000000 0.333333
vt 1.000000 0.333333
vt 0.000000 0.400000
vt 1.000000 0.400000
vt 0.000000 0.466667
vt 1.000000 0.466667
vt 0.000000 0.533333
vt 1.000000 0.533333
vt 0.000000 0.600000
vt 1.000000 0.600000
vt 0.000000 0.666667
vt 1.000000 0.666667
vt 0.000000 0.733333
vt 1.000000 0.733333
vt 0.000000 0.800000
vt 1.000000 0.800000
vt 0.000000 0.866667
vt 1.000000 0.866667
vt 0.000000 0.933333
vt 1.000000 0.933333
vt 0.000000 1.000000
vt 1.000000 1.000000
vt 0.000000 0.000000
vt 1.000000 0.000000
vt 0.000000 0.066667
vt 1.000000 0.066667
vt 0.000000 0.133333
vt 1.000000 0.133333
vt 0.000000 0.200000
vt 1.000000 0.200000
vt 0.000000 0.266667
vt 1.000000 0.266667
vt 0.000000 0.333333
vt 1.000000 0.333333
vt 0.000000 0.400000
vt 1.000000 0.400000
vt 0.000000 0.466667
vt 1.000000 0.466667
vt 0.000000 0.533333
vt 1.000000 0.533333
vt 0.000000 0.600000
vt 1.000000 0.600000
vt 0.000000 0.666667
vt 1.000000 0.666667
vt 0.000000 0.733333
vt 1.000000 0.733333
vt 0.000000 0.800000
vt 1.000000 0.800000
vt 0.000000 0.866667
vt 1.000000 0.866667
vt 0.000000 0.933333
vt 1.000000 0.933333
vt 0.000000 1.000000
vt 1.000000 1.000000
vt 0.000000 0.000000
vt 1.000000 0.000000
vt 0.000000 0.066667
vt 1.000000 0.066667
vt 0.000000 0.133333
vt 1.000000 0.133333
vt 0.000000 0.200000
vt 1.000000 0.200000
vt 0.000000 0.266667
vt 1.000000 0.266667
vt 0.000000 0.333333
vt 1.000000 0.333333
vt 0.000000 0.400000
vt 1.000000 0.400000
vt 0.000000 0.466667
vt 1.000000 0.466667
vt 0.000000 0.533333
vt 1.000000 0.533333
vt 0.000000 0.600000
vt 1.000000 0.600000
vt 0.000000 0.666667
vt 1.000000 0.666667
vt 0.000000 0.733333
vt 1.000000 0.733333
vt 0.000000 0.800000
vt 1.000000 0.800000
vt 0.000000 0.866667
vt 1.000000 0.866667
vt 0.000000 0.933333
vt 1.000000 0.933333
vt 0.000000 1.000000
vt 1.000000 1.000000
vt 0.000000 0.000000
vt 1.000000 0.000000
vt 0.000000 0.066667
vt 1.000000 0.066667
vt 0.000000 0.133333
vt 1.000000 0.133333
vt 0.000000 0.200000
vt 1.000000 0.200000
vt 0.000000 0.266667
vt 1.000000 0.266667
vt 0.000000 0.333333
vt 1.000000 0.333333
vt 0.000000 0.400000
vt 1.000000 0.400000
vt 0.000000 0.466667
vt 1.000000 0.466667
vt 0.000000 0.533333
vt 1.000000 0.533333
vt 0.000000 0.600000
vt 1.000000 0.600000
vt 0.000000 0.666667
vt 1.000000 0.666667
vt 0.000000 0.733333
vt 1.000000 0.733333
vt 0.000000 0.800000
vt 1.000000 0.800000
vt 0.000000 0.866667
vt 1.000000 0.866667
vt 0.000000 0.933333
vt 1.000000 0.933333
vt 0.000000 1.000000
vt 1.000000 1.000000
vt 0.000000 0.000000
vt 1.000000 0.000000
vt 0.000000 0.066667
vt 1.000000 0.066667
vt 0.000000 0.133333
vt 1.000000 0.133333
vt 0.000000 0.200000
vt 1.000000 0.200000
vt 0.000000 0.266667
vt 1.000000 0.266667
vt 0.000000 0.333333
vt 1.000000 0.333333
vt 0.000000 0.400000
vt 1.000000 0.400000
vt 0.000000 0.466667
vt 1.000000 0.466667
vt 0.000000 0.533333
vt 1.000000 0.533333
vt 0.000000 0.600000
vt 1.000000 0.600000
vt 0.000000 0.666667
vt 1.000000 0.666667
vt 0.000000 0.733333
vt 1.000000 0.733333
vt 0.000000 0.800000
vt 1.000000 0.800000
vt 0.000000 0.866667
vt 1.000000 0.866667
vt 0.000000 0.933333
vt 1.000000 0.933333
vt 0.000000 1.000000
vt 1.000000 1.000000
vt 0.000000 0.000000
vt 1.000000 0.000000
vt 0.000000 0.066667
vt 1.000000 0.066667
vt 0.000000 0.133333
vt 1.000000 0.133333
vt 0.000000 0.200000
vt 1.000000 0.200000
vt 0.000000 0.266667
vt 1.000000 0.266667
vt 0.000000 0.333333
vt 1.000000 0.333333
vt 0.000000 0.400000
vt 1.000000 0.400000
vt 0.000000 0.466667
vt 1.000000 0.466667
vt 0.000000 0.533333
vt 1.000000 0.533333
vt 0.000000 0.600000
vt 1.000000 0.600000
vt 0.000000 0.666667
vt 1.000000 0.666667
vt 0.000000 0.733333
vt 1.000000 0.733333
vt 0.000000 0.800000
vt 1.000000 0.800000
vt 0.000000 0.866667
vt 1.000000 0.866667
vt 0.000000 0.933333
vt 1.000000 0.933333
vt 0.000000 1.000000
vt 1.000000 1.000000
vt 0.000000 0.000000
vt 1.000000 0.000000
vt 0.000000 0.066667
vt 1.000000 0.066667
vt 0.000000 0.133333
vt 1.000000 0.133333
vt 0.000000 0.200000
vt 1.000000 0.200000
vt 0.000000 0.266667
vt 1.000000 0.266667
vt 0.000000 0.333333
vt 1.000000 0.333333
vt 0.000000 0.400000
vt 1.000000 0.400000
vt 0.000000 0.466667
vt 1.000000 0.466667
vt 0.000000 0.533333
vt 1.000000 0.533333
vt 0.000000 0.600000
vt 1.000000 0.600000
vt 0.000000 0.666667
vt 1.000000 0.666667
vt 0.000000 0.733333
vt 1.000000 0.733333
vt 0.000000 0.800000
vt 1.000000 0.800000
vt 0.000000 0.866667
vt 1.000000 0.866667
vt 0.000000 0.933333
vt 1.000000 0.933333
vt 0.000000 1.000000
vt 1.000000 1.000000
vt 0.000000 0.000000
vt 1.000000 0.000000
vt 0.000000 0.066667
vt 1.000000 0.066667
vt 0.000000 0.133333
vt 1.000000 0.133333
vt 0.000000 0.200000
vt 1.000000 0.200000
vt 0.000000 0.266667
vt 1.000000 0.266667
vt 0.000000 0.333333
vt 1.000000 0.333333
vt 0.000000 0.400000
vt 1.000000 0.400000
vt 0.000000 0.466667
vt 1.000000 0.466667
vt 0.000000 0.533333
vt 1.000000 0.533333
vt 0.000000 0.600000
vt 1.000000 0.600000
vt 0.000000 0.666667
vt 1.000000 0.666667
vt 0.000000 0.733333
vt 1.000000 0.733333
vt 0.000000 0.800000
vt 1.000000 0.800000
vt 0.000000 0.866667
vt 1.000000 0.866667
vt 0.000000 0.933333
vt 1.000000 0.933333
vt 0.000000 1.000000
vt 1.000000 1.000000
vt 0.000000 0.000000
vt 1.000000 0.000000
vt 0.000000 0.066667
vt 1.000000 0.066667
vt 0.000000 0.133333
vt 1.000000 0.133333
vt 0.000000 0.200000
vt 1.000000 0.200000
vt 0.000000 0.266667
vt 1.000000 0.266667
vt 0.000000 0.333333
vt 1.000000 0.333333
vt 0.000000 0.400000
vt 1.000000 0.400000
vt 0.000000 0.466667
vt 1.000000 0.466667
vt 0.000000 0.533333
vt 1.000000 0.533333
vt 0.000000 0.600000
vt 1.000000 0.600000
vt 0.000000 0.666667
vt 1.000000 0.666667
vt 0.000000 0.733333
vt 1.000000 0.733333
vt 0.000000 0.800000
vt 1.000000 0.800000
vt 0.000000 0.866667
vt 1.000000 0.866667
vt 0.000000 0.933333
vt 1.000000 0.933333
vt 0.000000 1.000000
vt 1.000000 1.000000
vt 0.000000 0.000000
vt 1.000000 0.000000
vt 0.000000 0.066667
vt 1.000000 0.066667
vt 0.000000 0.133333
vt 1.000000 0.133333
vt 0.000000 0.200000
vt 1.000000 0.200000
vt 0.000000 0.266667
vt 1.000000 0.266667
vt 0.000000 0.333333
vt 1.000000 0.333333
vt 0.000000 0.400000
vt 1.000000 0.400000
vt 0.000000 0.466667
vt 1.000000 0.466667
vt 0.000000 0.533333
vt 1.000000 0.533333
vt 0.000000 0.600000
vt 1.000000 0.600000
vt 0.000000 0.666667
vt 1.000000 0.666667
vt 0.000000 0.733333
vt 1.000000 0.733333
vt 0.000000 0.800000
vt 1.000000 0.800000
vt 0.000000 0.866667
vt 1.000000 0.866667
vt 0.000000 0.933333
vt 1.000000 0.933333
vt 0.000000 1.000000
vt 1.000000 1.000000
vt 0.000000 0.000000
vt 1.000000 0.000000
vt 0.000000 0.066667
vt 1.000000 0.066667
vt 0.000000 0.133333
vt 1.000000 0.133333
vt 0.000000 0.200000
vt 1.000000 0.200000
vt 0.000000 0.266667
vt 1.000000 0.266667
vt 0.000000 0.333333
vt 1.000000 0.333333
vt 0.000000 0.400000
vt 1.000000 0.400000
vt 0.000000 0.466667
vt 1.000000 0.466667
vt 0.000000 0.533333
vt 1.000000 0.533333
vt 0.000000 0.600000
vt 1.000000 0.600000
vt 0.000000 0.666667
vt 1.000000 0.666667
vt 0.000000 0.733333
vt 1.000000 0.733333
vt 0.000000 0.800000
vt 1.000000 0.800000
vt 0.000000 0.866667
vt 1.000000 0.866667
vt 0.000000 0.933333
vt 1.000000 0.933333
vt 0.000000 1.000000
vt 1.000000 1.000000
vt 0.000000 0.000000
vt 1.000000 0.000000
vt 0.000000 0.066667
vt 1.000000 0.066667
vt 0.000000 0.133333
vt 1.000000 0.133333
vt 0.000000 0.200000
vt 1.000000 0.200000
vt 0.000000 0.266667
vt 1.000000 0.266667
vt 0.000000 0.333333
vt 1.000000 0.333333
vt 0.000000 0.400000
vt 1.000000 0.400000
vt 0.000000 0.466667
vt 1.000000 0.466667
vt 0.000000 0.533333
vt 1.000000 0.533333
vt 0.000000 0.600000
vt 1.000000 0.600000
vt 0.000000 0.666667
vt 1.000000 0.666667
vt 0.000000 0.733333
vt 1.000000 0.733333
vt 0.000000 0.800000
vt 1.000000 0.800000
vt 0.000000 0.866667
vt 1.000000 0.866667
vt 0.000000 0.933333
vt 1.000000 0.933333
vt 0.000000 1.000000
vt 1.000000 1.000000
vt 0.000000 0.000000
vt 1.000000 0.000000
vt 0.000000 0.066667
vt 1.000000 0.066667
vt 0.000000 0.133333
vt 1.000000 0.133333
vt 0.000000 0.200000
vt 1.000000 0.200000
vt 0.000000 0.266667
vt 1.000000 0.266667
vt 0.000000 0.333333
vt 1.000000 0.333333
vt 0.000000 0.400000
vt 1.000000 0.400000
vt 0.000000 0.466667
vt 1.000000 0.466667
vt 0.000000 0.533333
vt 1.000000 0.533333
vt 0.000000 0.600000
vt 1.000000 0.600000
vt 0.000000 0.666667
vt 1.000000 0.666667
vt 0.000000 0.733333
vt 1.000000 0.733333
vt 0.000000 0.800000
vt 1.000000 0.800000
vt 0.000000 0.866667
vt 1.000000 0.866667
vt 0.000000 0.933333
vt 1.000000 0.933333
vt 0.000000 1.000000
vt 1.000000 1.000000
vt 0.000000 0.000000
vt 1.000000 0.000000
vt 0.000000 0.066667
vt 1.000000 0.066667
vt 0.000000 0.133333
vt 1.000000 0.133333
vt 0.000000 0.200000
vt 1.000000 0.200000
vt 0.000000 0.266667
vt 1.000000 0.266667
vt 0.000000 0.333333
vt 1.000000 0.333333
vt 0.000000 0.400000
vt 1.000000 0.400000
vt 0.000000 0.466667
vt 1.000000 0.466667
vt 0.000000 0.533333
vt 1.000000 0.533333
vt 0.000000 0.600000
vt 1.000000 0.600000
vt 0.000000 0.666667
vt 1.000000 0.666667
vt 0.000000 0.733333
vt 1.000000 0.733333
vt 0.000000 0.800000
vt 1.000000 0.800000
vt 0.000000 0.866667
vt 1.000000 0.866667
vt 0.000000 0.933333
vt 1.000000 0.933333
vt 0.000000 1.000000
vt 1.000000 1.000000
vt 0.000000 0.000000
vt 1.000000 0.000000
vt 0.000000 0.066667
vt 1.000000 0.066667
vt 0.000000 0.133333
vt 1.000000 0.133333
vt 0.000000 0.200000
vt 1.000000 0.200000
vt 0.000000 0.266667
vt 1.000000 0.266667
vt 0.000000 0.333333
vt 1.000000 0.333333
vt 0.000000 0.400000
vt 1.000000 0.400000
vt 0.000000 0.466667
vt 1.000000 0.466667
vt 0.000000 0.533333
vt 1.000000 0.533333
vt 0.000000 0.600000
vt 1.000000 0.600000
vt 0.000000 0.666667
vt 1.000000 0.666667
vt 0.000000 0.733333
vt 1.000000 0.733333
vt 0.000000 0.800000
vt 1.000000 0.800000
vt 0.000000 0.866667
vt 1.000000 0.866667
vt 0.000000 0.933333
vt 1.000000 0.933333
vt 0.000000 1.000000
vt 1.000000 1.000000
vt 0.000000 0.000000
vt 1.000000 0.000000
vt 0.000000 0.066667
vt 1.000000 0.066667
vt 0.000000 0.133333
vt 1.000000 0.133333
vt 0.000000 0.200000
vt 1.000000 0.200000
vt 0.000000 0.266667
vt 1.000000 0.266667
vt 0.000000 0.333333
vt 1.000000 0.333333
vt 0.000000 0.400000
vt 1.000000 0.400000
vt 0.000000 0.466667
vt 1.000000 0.466667
vt 0.000000 0.533333
vt 1.000000 0.533333
vt 0.000000 0.600000
vt 1.000000 0.600000
vt 0.000000 0.666667
vt 1.000000 0.666667
vt 0.000000 0.733333
vt 1.000000 0.733333
vt 0.000000 0.800000
vt 1.000000 0.800000
vt 0.000000 0.866667
vt 1.000000 0.866667
vt 0.000000 0.933333
vt 1.000000 0.933333
vt 0.000000 1.000000
vt 1.000000 1.000000
vt 0.000000 0.000000
vt 1.000000 0.000000
vt 0.000000 0.066667
vt 1.000000 0.066667
vt 0.000000 0.133333
vt 1.000000 0.133333
vt 0.000000 0.200000
vt 1.000000 0.200000
vt 0.000000 0.266667
vt 1.000000 0.266667
vt 0.000000 0.333333
vt 1.000000 0.333333
vt 0.000000 0.400000
vt 1.000000 0.400000
vt 0.000000 0.466667
vt 1.000000 0.466667
vt 0.000000 0.533333
vt 1.000000 0.533333
vt 0.000000 0.600000
vt 1.000000 0.600000
vt 0.000000 0.666667
vt 1.000000 0.666667
vt 0.000000 0.733333
vt 1.000000 0.733333
vt 0.000000 0.800000
vt 1.000000 0.800000
vt 0.000000 0.866667
vt 1.000000 0.866667
vt 0.000000 0.933333
vt 1.000000 0.933333
vt 0.000000 1.000000
vt 1.000000 1.000000
vt 0.000000 0.000000
vt 1.000000 0.000000
vt 0.000000 0.066667
vt 1.000000 0.066667
vt 0.000000 0.133333
vt 1.000000 0.133333
vt 0.000000 0.200000
vt 1.000000 0.200000
vt 0.000000 0.266667
vt 1.000000 0.266667
vt 0.000000 0.333333
vt 1.000000 0.333333
vt 0.000000 0.400000
vt 1.000000 0.400000
vt 0.000000 0.466667
vt 1.000000 0.466667
vt 0.000000 0.533333
vt 1.000000 0.533333
vt 0.000000 0.600000
vt 1.000000 0.600000
vt 0.000000 0.666667
vt 1.000000 0.666667
vt 0.000000 0.733333
vt 1.000000 0.733333
vt 0.000000 0.800000
vt 1.000000 0.800000
vt 0.000000 0.866667
vt 1.000000 0.866667
vt 0.000000 0.933333
vt 1.000000 0.933333
vt 0.000000 1.000000
vt 1.000000 1.000000
vt 0.000000 0.000000
vt 1.000000 0.000000
vt 0.000000 0.066667
vt 1.000000 0.066667
vt 0.000000 0.133333
vt 1.000000 0.133333
vt 0.000000 0.200000
vt 1.000000 0.200000
vt 0.000000 0.266667
vt 1.000000 0.266667
vt 0.000000 0.333333
vt 1.000000 0.333333
vt 0.000000 0.400000
vt 1.000000 0.400000
vt 0.000000 0.466667
vt 1.000000 0.466667
vt 0.000000 0.533333
vt 1.000000 0.533333
vt 0.000000 0.600000
vt 1.000000 0.600000
vt 0.000000 0.666667
vt 1.000000 0.666667
vt 0.000000 0.733333
vt 1.000000 0.733333
vt 0.000000 0.800000
vt 1.000000 0.800000
vt 0.000000 0.866667
vt 1.000000 0.866667
vt 0.000000 0.933333
vt 1.000000 0.933333
vt 0.000000 1.000000
vt 1.000000 1.000000
vt 0.000000 0.000000
vt 1.000000 0.000000
vt 0.000000 0.066667
vt 1.000000 0.066667
vt 0.000000 0.133333
vt 1.000000 0.133333
vt 0.000000 0.200000
vt 1.000000 0.200000
vt 0.000000 0.266667
vt 1.000000 0.266667
vt 0.000000 0.333333
vt 1.000000 0.333333
vt 0.000000 0.400000
vt 1.000000 0.400000
vt 0.000000 0.466667
vt 1.000000 0.466667
vt 0.000000 0.533333
vt 1.000000 0.533333
vt 0.000000 0.600000
vt 1.000000 0.600000
vt 0.000000 0.666667
vt 1.000000 0.666667
vt 0.000000 0.733333
vt 1.000000 0.733333
vt 0.000000 0.800000
vt 1.000000 0.800000
vt 0.000000 0.866667
vt 1.000000 0.866667
vt 0.000000 0.933333
vt 1.000000 0.933333
vt 0.000000 1.000000
vt 1.000000 1.000000
vt 0.000000 0.000000
vt 1.000000 0.000000
vt 0.000000 0.066667
vt 1.000000 0.066667
vt 0.000000 0.133333
vt 1.000000 0.133333
vt 0.000000 0.200000
vt 1.000000 0.200000
vt 0.000000 0.266667
vt 1.000000 0.266667
vt 0.000000 0.333333
vt 1.000000 0.333333
vt 0.000000 0.400000
vt 1.000000 0.400000
vt 0.000000 0.466667
vt 1.000000 0.466667
vt 0.000000 0.533333
vt 1.000000 0.533333
vt 0.000000 0.600000
vt 1.000000 0.600000
vt 0.000000 0.666667
vt 1.000000 0.666667
vt 0.000000 0.733333
vt 1.000000 0.733333
vt 0.000000 0.800000
vt 1.000000 0.800000
vt 0.000000 0.866667
vt 1.000000 0.866667
vt 0.000000 0.933333
vt 1.000000 0.933333
vt 0.000000 1.000000
vt 1.000000 1.000000
vt 0.000000 0.000000
vt 1.000000 0.000000
vt 0.000000 0.066667
vt 1.000000 0.066667
vt 0.000000 0.133333
vt 1.000000 0.133333
vt 0.000000 0.200000
vt 1.000000 0.200000
vt 0.000000 0.266667
vt 1.000000 0.266667
vt 0.000000 0.333333
vt 1.000000 0.333333
vt 0.000000 0.400000
vt 1.000000 0.400000
vt 0.000000 0.466667
vt 1.000000 0.466667
vt 0.000000 0.533333
vt 1.000000 0.533333
vt 0.000000 0.600000
vt 1.000000 0.600000
vt 0.000000 0.666667
vt 1.000000 0.666667
vt 0.000000 0.733333
vt 1.000000 0.733333
vt 0.000000 0.800000
vt 1.000000 0.800000
vt 0.000000 0.866667
vt 1.000000 0.866667
vt 0.000000 0.933333
vt 1.000000 0.933333
vt 0.000000 1.000000
vt 1.000000 1.000000
vt 0.000000 0.000000
vt 1.000000 0.000000
vt 0.000000 0.066667
vt 1.000000 0.066667
vt 0.000000 0.133333
vt 1.000000 0.133333
vt 0.000000 0.200000
vt 1.000000 0.200000
vt 0.000000 0.266667
vt 1.000000 0.266667
vt 0.000000 0.333333
vt 1.000000 0.333333
vt 0.000000 0.400000
vt 1.000000 0.400000
vt 0.000000 0.466667
vt 1.000000 0.466667
vt 0.000000 0.533333
vt 1.000000 0.533333
vt 0.000000 0.600000
vt 1.000000 0.600000
vt 0.000000 0.666667
vt 1.000000 0.666667
vt 0.000000 0.733333
vt 1.000000 0.733333
vt 0.000000 0.800000
vt 1.000000 0.800000
vt 0.000000 0.866667
vt 1.000000 0.866667
vt 0.000000 0.933333
vt 1.000000 0.933333
vt 0.000000 1.000000
vt 1.000000 1.000000
vt 0.000000 0.000000
vt 1.000000 0.000000
vt 0.000000 0.066667
vt 1.000000 0.066667
vt 0.000000 0.133333
vt 1.000000 0.133333
vt 0.000000 0.200000
vt 1.000000 0.200000
vt 0.000000 0.266667
vt 1.000000 0.266667
vt 0.000000 0.333333
vt 1.000000 0.333333
vt 0.000000 0.400000
vt 1.000000 0.400000
vt 0.000000 0.466667
vt 1.000000 0.466667
vt 0.000000 0.533333
vt 1.000000 0.533333
vt 0.000000 0.600000
vt 1.000000 0.600000
vt 0.000000 0.666667
vt 1.000000 0.666667
vt 0.000000 0.733333
vt 1.000000 0.733333
vt 0.000000 0.800000
vt 1.000000 0.800000
vt 0.000000 0.866667
vt 1.000000 0.866667
vt 0.000000 0.933333
vt 1.000000 0.933333
vt 0.000000 1.000000
vt 1.000000 1.000000
vt 0.000000 0.000000
vt 1.000000 0.000000
vt 0.000000 0.066667
vt 1.000000 0.066667
vt 0.000000 0.133333
vt 1.000000 0.133333
vt 0.000000 0.200000
vt 1.000000 0.200000
vt 0.000000 0.266667
vt 1.000000 0.266667
vt 0.000000 0.333333
vt 1.000000 0.333333
vt 0.000000 0.400000
vt 1.000000 0.400000
vt 0.000000 0.466667
vt 1.000000 0.466667
vt 0.000000 0.533333
vt 1.000000 0.533333
vt 0.000000 0.600000
vt 1.000000 0.600000
vt 0.000000 0.666667
vt 1.000000 0.666667
vt 0.000000 0.733333
vt 1.000000 0.733333
vt 0.000000 0.800000
vt 1.000000 0.800000
vt 0.000000 0.866667
vt 1.000000 0.866667
vt 0.000000 0.933333
vt 1.000000 0.933333
vt 0.000000 1.000000
vt 1.000000 1.000000
vt 0.000000 0.000000
vt 1.000000 0.000000
vt 0.000000 0.066667
vt 1.000000 0.066667
vt 0.000000 0.133333
vt 1.000000 0.133333
vt 0.000000 0.200000
vt 1.000000 0.200000
vt 0.000000 0.266667
vt 1.000000 0.266667
vt 0.000000 0.333333
vt 1.000000 0.333333
vt 0.000000 0.400000
vt 1.000000 0.400000
vt 0.000000 0.466667
vt 1.000000 0.466667
vt 0.000000 0.533333
vt 1.000000 0.533333
vt 0.000000 0.600000
vt 1.000000 0.600000
vt 0.000000 0.666667
vt 1.000000 0.666667
vt 0.000000 0.733333
vt 1.000000 0.733333
vt 0.000000 0.800000
vt 1.000000 0.800000
vt 0.000000 0.866667
vt 1.000000 0.866667
vt 0.000000 0.933333
vt 1.000000 0.933333
vt 0.000000 1.000000
vt 1.000000 1.000000
vt 0.000000 0.000000
vt 1.000000 0.000000
vt 0.000000 0.066667
vt 1.000000 0.066667
vt 0.000000 0.133333
vt 1.000000 0.133333
vt 0.000000 0.200000
vt 1.000000 0.200000
vt 0.000000 0.266667
vt 1.000000 0.266667
vt 0.000000 0.333333
vt 1.000000 0.333333
vt 0.000000 0.400000
vt 1.000000 0.400000
vt 0.000000 0.466667
vt 1.000000 0.466667
vt 0.000000 0.533333
vt 1.000000 0.533333
vt 0.000000 0.600000
vt 1.000000 0.600000
vt 0.000000 0.666667
vt 1.000000 0.666667
vt 0.000000 0.733333
vt 1.000000 0.733333
vt 0.000000 0.800000
vt 1.000000 0.800000
vt 0.000000 0.866667
vt 1.000000 0.866667
vt 0.000000 0.933333
vt 1.000000 0.933333
vt 0.000000 1.000000
vt 1.000000 1.000000
vt 0.000000 0.000000
vt 1.000000 0.000000
vt 0.000000 0.066667
vt 1.000000 0.066667
vt 0.000000 0.133333
vt 1.000000 0.133333
vt 0.000000 0.200000
vt 1.000000 0.200000
vt 0.000000 0.266667
vt 1.000000 0.266667
vt 0.000000 0.333333
vt 1.000000 0.333333
vt 0.000000 0.400000
vt 1.000000 0.400000
vt 0.000000 0.466667
vt 1.000000 0.466667
vt 0.000000 0.533333
vt 1.000000 0.533333
vt 0.000000 0.600000
vt 1.000000 0.600000
vt 0.000000 0.666667
vt 1.000000 0.666667
vt 0.000000 0.733333
vt 1.000000 0.733333
vt 0.000000 0.800000
vt 1.000000 0.800000
vt 0.000000 0.866667
vt 1.000000 0.866667
vt 0.000000 0.933333
vt 1.000000 0.933333
vt 0.000000 1.000000
vt 1.000000 1.000000
vt 0.000000 0.000000
vt 1.000000 0.000000
vt 0.000000 0.066667
vt 1.000000 0.066667
vt 0.000000 0.133333
vt 1.000000 0.133333
vt 0.000000 0.200000
vt 1.000000 0.200000
vt 0.000000 0.266667
vt 1.000000 0.266667
vt 0.000000 0.333333
vt 1.000000 0.333333
vt 0.000000 0.400000
vt 1.000000 0.400000
vt 0.000000 0.466667
vt 1.000000 0.466667
vt 0.000000 0.533333
vt 1.000000 0.533333
vt 0.000000 0.600000
vt 1.000000 0.600000
vt 0.000000 0.666667
vt 1.000000 0.666667
vt 0.000000 0.733333
vt 1.000000 0.733333
vt 0.000000 0.800000
vt 1.000000 0.800000
vt 0.000000 0.866667
vt 1.000000 0.866667
vt 0.000000 0.933333
vt 1.000000 0.933333
vt 0.000000 1.000000
vt 1.000000 1.000000
vt 0.000000 0.000000
vt 1.000000 0.000000
vt 0.000000 0.066667
vt 1.000000 0.066667
vt 0.000000 0.133333
vt 1.000000 0.133333
vt 0.000000 0.200000
vt 1.000000 0.200000
vt 0.000000 0.266667
vt 1.000000 0.266667
vt 0.000000 0.333333
vt 1.000000 0.333333
vt 0.000000 0.400000
vt 1.000000 0.400000
vt 0.000000 0.466667
vt 1.000000 0.466667
vt 0.000000 0.533333
vt 1.000000 0.533333
vt 0.000000 0.600000
vt 1.000000 0.600000
vt 0.000000 0.666667
vt 1.000000 0.666667
vt 0.000000 0.733333
vt 1.000000 0.733333
vt 0.000000 0.800000
vt 1.000000 0.800000
vt 0.000000 0.866667
vt 1.000000 0.866667
vt 0.000000 0.933333
vt 1.000000 0.933333
vt 0.000000 1.000000
vt 1.000000 1.000000
vt 0.000000 0.000000
vt 1.000000 0.000000
vt 0.000000 0.066667
vt 1.000000 0.066667
vt 0.000000 0.133333
vt 1.000000 0.133333
vt 0.000000 0.200000
vt 1.000000 0.200000
vt 0.000000 0.266667
vt 1.000000 0.266667
vt 0.000000 0.333333
vt 1.000000 0.333333
vt 0.000000 0.400000
vt 1.000000 0.400000
vt 0.000000 0.466667
vt 1.000000 0.466667
vt 0.000000 0.533333
vt 1.000000 0.533333
vt 0.000000 0.600000
vt 1.000000 0.600000
vt 0.000000 0.666667
vt 1.000000 0.666667
vt 0.000000 0.733333
vt 1.000000 0.733333
vt 0.000000 0.800000
vt 1.000000 0.800000
vt 0.000000 0.866667
vt 1.000000 0.866667
vt 0.000000 0.933333
vt 1.000000 0.933333
vt 0.000000 1.000000
vt 1.000000 1.000000
vt 0.000000 0.000000
vt 1.000000 0.000000
vt 0.000000 0.066667
vt 1.000000 0.066667
vt 0.000000 0.133333
vt 1.000000 0.133333
vt 0.000000 0.200000
vt 1.000000 0.200000
vt 0.000000 0.266667
vt 1.000000 0.266667
vt 0.000000 0.333333
vt 1.000000 0.333333
vt 0.000000 0.400000
vt 1.000000 0.400000
vt 0.000000 0.466667
vt 1.000000 0.466667
vt 0.000000 0.533333
vt 1.000000 0.533333
vt 0.000000 0.600000
vt 1.000000 0.600000
vt 0.000000 0.666667
vt 1.000000 0.666667
vt 0.000000 0.733333
vt 1.000000 0.733333
vt 0.000000 0.800000
vt 1.000000 0.800000
vt 0.000000 0.866667
vt 1.000000 0.866667
vt 0.000000 0.933333
vt 1.000000 0.933333
vt 0.000000 1.000000
vt 1.000000 1.000000
vt 0.000000 0.000000
vt 1.000000 0.000000
vt 0.000000 0.066667
vt 1.000000 0.066667
vt 0.000000 0.133333
vt 1.000000 0.133333
vt 0.000000 0.200000
vt 1.000000 0.200000
vt 0.000000 0.266667
vt 1.000000 0.266667
vt 0.000000 0.333333
vt 1.000000 0.333333
vt 0.000000 0.400000
vt 1.000000 0.400000
vt 0.000000 0.466667
vt 1.000000 0.466667
vt 0.000000 0.533333
vt 1.000000 0.533333
vt 0.000000 0.600000
vt 1.000000 0.600000
vt 0.000000 0.666667
vt 1.000000 0.666667
vt 0.000000 0.733333
vt 1.000000 0.733333
vt 0.000000 0.800000
vt 1.000000 0.800000
vt 0.000000 0.866667
vt 1.000000 0.866667
vt 0.000000 0.933333
vt 1.000000 0.933333
vt 0.000000 1.000000
vt 1.000000 1.000000
vt 0.000000 0.000000
vt 1.000000 0.000000
vt 0.000000 0.066667
vt 1.000000 0.066667
vt 0.000000 0.133333
vt 1.000000 0.133333
vt 0.000000 0.200000
vt 1.000000 0.200000
vt 0.000000 0.266667
vt 1.000000 0.266667
vt 0.000000 0.333333
vt 1.000000 0.333333
vt 0.000000 0.400000
vt 1.000000 0.400000
vt 0.000000 0.466667
vt 1.000000 0.466667
vt 0.000000 0.533333
vt 1.000000 0.533333
vt 0.000000 0.600000
vt 1.000000 0.600000
vt 0.000000 0.666667
vt 1.000000 0.666667
vt 0.000000 0.733333
vt 1.000000 0.733333
vt 0.000000 0.800000
vt 1.000000 0.800000
vt 0.000000 0.866667
vt 1.000000 0.866667
vt 0.000000 0.933333
vt 1.000000 0.933333
vt 0.000000 1.000000
vt 1.000000 1.000000
vt 0.000000 0.000000
vt 1.000000 0.000000
vt 0.000000 0.066667
vt 1.000000 0.066667
vt 0.000000 0.133333
vt 1.000000 0.133333
vt 0.000000 0.200000
vt 1.000000 0.200000
vt 0.000000 0.266667
vt 1.000000 0.266667
vt 0.000000 0.333333
vt 1.000000 0.333333
vt 0.000000 0.400000
vt 1.000000 0.400000
vt 0.000000 0.466667
vt 1.000000 0.466667
vt 0.000000 0.533333
vt 1.000000 0.533333
vt 0.000000 0.600000
vt 1.000000 0.600000
vt 0.000000 0.666667
vt 1.000000 0.666667
vt 0.000000 0.733333
vt 1.000000 0.733333
vt 0.000000 0.800000
vt 1.000000 0.800000
vt 0.000000 0.866667
vt 1.000000 0.866667
vt 0.000000 0.933333
vt 1.000000 0.933333
vt 0.000000 1.000000
vt 1.000000 1.000000
vt 0.000000 0.000000
vt 1.000000 0.000000
vt 0.000000 0.066667
vt 1.000000 0.066667
vt 0.000000 0.133333
vt 1.000000 0.133333
vt 0.000000 0.200000
vt 1.000000 0.200000
vt 0.000000 0.266667
vt 1.000000 0.266667
vt 0.000000 0.333333
vt 1.000000 0.333333
vt 0.000000 0.400000
vt 1.000000 0.400000
vt 0.000000 0.466667
vt 1.000000 0.466667
vt 0.000000 0.533333
vt 1.000000 0.533333
vt 0.000000 0.600000
vt 1.000000 0.600000
vt 0.000000 0.666667
vt 1.000000 0.666667
vt 0.000000 0.733333
vt 1.000000 0.733333
vt 0.000000 0.800000
vt 1.000000 0.800000
vt 0.000000 0.866667
vt 1.000000 0.866667
vt 0.000000 0.933333
vt 1.000000 0.933333
vt 0.000000 1.000000
vt 1.000000 1.000000
vt 0.000000 0.000000
vt 1.000000 0.000000
vt 0.000000 0.066667
vt 1.000000 0.066667
vt 0.000000 0.133333
vt 1.000000 0.133333
vt 0.000000 0.200000
vt 1.000000 0.200000
vt 0.000000 0.266667
vt 1.000000 0.266667
vt 0.000000 0.333333
vt 1.000000 0.333333
vt 0.000000 0.400000
vt 1.000000 0.400000
vt 0.000000 0.466667
vt 1.000000 0.466667
vt 0.000000 0.533333
vt 1.000000 0.533333
vt 0.000000 0.600000
vt 1.000000 0.600000
vt 0.000000 0.666667
vt 1.000000 0.666667
vt 0.000000 0.733333
vt 1.000000 0.733333
vt 0.000000 0.800000
vt 1.000000 0.800000
vt 0.000000 0.866667
vt 1.000000 0.866667
vt 0.000000 0.933333
vt 1.000000 0.933333
vt 0.000000 1.000000
vt 1.000000 1.000000
vt 0.000000 0.000000
vt 1.000000 0.000000
vt 0.000000 0.066667
vt 1.000000 0.066667
vt 0.000000 0.133333
vt 1.000000 0.133333
vt 0.000000 0.200000
vt 1.000000 0.200000
vt 0.000000 0.266667
vt 1.000000 0.266667
vt 0.000000 0.333333
vt 1.000000 0.333333
vt 0.000000 0.400000
vt 1.000000 0.400000
vt 0.000000 0.466667
vt 1.000000 0.466667
vt 0.000000 0.533333
vt 1.000000 0.533333
vt 0.000000 0.600000
vt 1.000000 0.600000
vt 0.000000 0.666667
vt 1.000000 0.666667
vt 0.000000 0.733333
vt 1.000000 0.733333
vt 0.000000 0.800000
vt 1.000000 0.800000
vt 0.000000 0.866667
vt 1.000000 0.866667
vt 0.000000 0.933333
vt 1.000000 0.933333
vt 0.000000 1.000000
vt 1.000000 1.000000
vt 0.000000 0.000000
vt 1.000000 0.000000
vt 0.000000 0.066667
vt 1.000000 0.066667
vt 0.000000 0.133333
vt 1.000000 0.133333
vt 0.000000 0.200000
vt 1.000000 0.200000
vt 0.000000 0.266667
vt 1.000000 0.266667
vt 0.000000 0.333333
vt 1.000000 0.333333
vt 0.000000 0.400000
vt 1.000000 0.400000
vt 0.000000 0.466667
vt 1.000000 0.466667
vt 0.000000 0.533333
vt 1.000000 0.533333
vt 0.000000 0.600000
vt 1.000000 0.600000
vt 0.000000 0.666667
vt 1.000000 0.666667
vt 0.000000 0.733333
vt 1.000000 0.733333
vt 0.000000 0.800000
vt 1.000000 0.800000
vt 0.000000 0.866667
vt 1.000000 0.866667
vt 0.000000 0.933333
vt 1.000000 0.933333
vt 0.000000 1.000000
vt 1.000000 1.000000
vt 0.000000 0.000000
vt 1.000000 0.000000
vt 0.000000 0.066667
vt 1.000000 0.066667
vt 0.000000 0.133333
vt 1.000000 0.133333
vt 0.000000 0.200000
vt 1.000000 0.200000
vt 0.000000 0.266667
vt 1.000000 0.266667
vt 0.000000 0.333333
vt 1.000000 0.333333
vt 0.000000 0.400000
vt 1.000000 0.400000
vt 0.000000 0.466667
vt 1.000000 0.466667
vt 0.000000 0.533333
vt 1.000000 0.533333
vt 0.000000 0.600000
vt 1.000000 0.600000
vt 0.000000 0.666667
vt 1.000000 0.666667
vt 0.000000 0.733333
vt 1.000000 0.733333
vt 0.000000 0.800000
vt 1.000000 0.800000
vt 0.000000 0.866667
vt 1.000000 0.866667
vt 0.000000 0.933333
vt 1.000000 0.933333
vt 0.000000 1.000000
vt 1.000000 1.000000
vt 0.000000 0.000000
vt 1.000000 0.000000
vt 0.000000 0.066667
vt 1.000000 0.066667
vt 0.000000 0.133333
vt 1.000000 0.133333
vt 0.000000 0.200000
vt 1.000000 0.200000
vt 0.000000 0.266667
vt 1.000000 0.266667
vt 0.000000 0.333333
vt 1.000000 0.333333
vt 0.000000 0.400000
vt 1.000000 0.400000
vt 0.000000 0.466667
vt 1.000000 0.466667
vt 0.000000 0.533333
vt 1.000000 0.533333
vt 0.000000 0.600000
vt 1.000000 0.600000
vt 0.000000 0.666667
vt 1.000000 0.666667
vt 0.000000 0.733333
vt 1.000000 0.733333
vt 0.000000 0.800000
vt 1.000000 0.800000
vt 0.000000 0.866667
vt 1.000000 0.866667
vt 0.000000 0.933333
vt 1.000000 0.933333
vt 0.000000 1.000000
vt 1.000000 1.000000
vt 0.000000 0.000000
vt 1.000000 0.000000
vt 0.000000 0.066667
vt 1.000000 0.066667
vt 0.000000 0.133333
vt 1.000000 0.133333
vt 0.000000 0.200000
vt 1.000000 0.200000
vt 0.000000 0.266667
vt 1.000000 0.266667
vt 0.000000 0.333333
vt 1.000000 0.333333
vt 0.000000 0.400000
vt 1.000000 0.400000
vt 0.000000 0.466667
vt 1.000000 0.466667
vt 0.000000 0.533333
vt 1.000000 0.533333
vt 0.000000 0.600000
vt 1.000000 0.600000
vt 0.000000 0.666667
vt 1.000000 0.666667
vt 0.000000 0.733333
vt 1.000000 0.733333
vt 0.000000 0.800000
vt 1.000000 0.800000
vt 0.000000 0.866667
vt 1.000000 0.866667
vt 0.000000 0.933333
vt 1.000000 0.933333
vt 0.000000 1.000000
vt 1.000000 1.000000
vt 0.000000 0.000000
vt 1.000000 0.000000
vt 0.000000 0.066667
vt 1.000000 0.066667
vt 0.000000 0.133333
vt 1.000000 0.133333
vt 0.000000 0.200000
vt 1.000000 0.200000
vt 0.000000 0.266667
vt 1.000000 0.266667
vt 0.000000 0.333333
vt 1.000000 0.333333
vt 0.000000 0.400000
vt 1.000000 0.400000
vt 0.000000 0.466667
vt 1.000000 0.466667
vt 0.000000 0.533333
vt 1.000000 0.533333
vt 0.000000 0.600000
vt 1.000000 0.600000
vt 0.000000 0.666667
vt 1.000000 0.666667
vt 0.000000 0.733333
vt 1.000000 0.733333
vt 0.000000 0.800000
vt 1.000000 0.800000
vt 0.000000 0.866667
vt 1.000000 0.866667
vt 0.000000 0.933333
vt 1.000000 0.933333
vt 0.000000 1.000000
vt 1.000000 1.000000
vt 0.000000 0.000000
vt 1.000000 0.000000
vt 0.000000 0.066667
vt 1.000000 0.066667
vt 0.000000 0.133333
vt 1.000000 0.133333
vt 0.000000 0.200000
vt 1.000000 0.200000
vt 0.000000 0.266667
vt 1.000000 0.266667
vt 0.000000 0.333333
vt 1.000000 0.333333
vt 0.000000 0.400000
vt 1.000000 0.400000
vt 0.000000 0.466667
vt 1.000000 0.466667
vt 0.000000 0.533333
vt 1.000000 0.533333
vt 0.000000 0.600000
vt 1.000000 0.600000
vt 0.000000 0.666667
vt 1.000000 0.666667
vt 0.000000 0.733333
vt 1.000000 0.733333
vt 0.000000 0.800000
vt 1.000000 0.800000
vt 0.000000 0.866667
vt 1.000000 0.866667
vt 0.000000 0.933333
vt 1.000000 0.933333
vt 0.000000 1.000000
vt 1.000000 1.000000
vt 0.000000 0.000000
vt 1.000000 0.000000
vt 0.000000 0.066667
vt 1.000000 0.066667
vt 0.000000 0.133333
vt 1.000000 0.133333
vt 0.000000 0.200000
vt 1.000000 0.200000
vt 0.000000 0.266667
vt 1.000000 0.266667
vt 0.000000 0.333333
vt 1.000000 0.333333
vt 0.000000 0.400000
vt 1.000000 0.400000
vt 0.000000 0.466667
vt 1.000000 0.466667
vt 0.000000 0.533333
vt 1.000000 0.533333
vt 0.000000 0.600000
vt 1.000000 0.600000
vt 0.000000 0.666667
vt 1.000000 0.666667
vt 0.000000 0.733333
vt 1.000000 0.733333
vt 0.000000 0.800000
vt 1.000000 0.800000
vt 0.000000 0.866667
vt 1.000000 0.866667
vt 0.000000 0.933333
vt 1.000000 0.933333
vt 0.000000 1.000000
vt 1.000000 1.000000
vt 0.000000 0.000000
vt 1.000000 0.000000
vt 0.000000 0.066667
vt 1.000000 0.066667
vt 0.000000 0.133333
vt 1.000000 0.133333
vt 0.000000 0.200000
vt 1.000000 0.200000
vt 0.000000 0.266667
vt 1.000000 0.266667
vt 0.000000 0.333333
vt 1.000000 0.333333
vt 0.000000 0.400000
vt 1.000000 0.400000
vt 0.000000 0.466667
vt 1.000000 0.466667
vt 0.000000 0.533333
vt 1.000000 0.533333
vt 0.000000 0.600000
vt 1.000000 0.600000
vt 0.000000 0.666667
vt 1.000000 0.666667
vt 0.000000 0.733333
vt 1.000000 0.733333
vt 0.000000 0.800000
vt 1.000000 0.800000
vt 0.000000 0.866667
vt 1.000000 0.866667
vt 0.000000 0.933333
vt 1.000000 0.933333
vt 0.000000 1.000000
vt 1.000000 1.000000
vt 0.000000 0.000000
vt 1.000000 0.000000
vt 0.000000 0.066667
vt 1.000000 0.066667
vt 0.000000 0.133333
vt 1.000000 0.133333
vt 0.000000 0.200000
vt 1.000000 0.200000
vt 0.000000 0.266667
vt 1.000000 0.266667
vt 0.000000 0.333333
vt 1.000000 0.333333
vt 0.000000 0.400000
vt 1.000000 0.400000
vt 0.000000 0.466667
vt 1.000000 0.466667
vt 0.000000 0.533333
vt 1.000000 0.533333
vt 0.000000 0.600000
vt 1.000000 0.600000
vt 0.000000 0.666667
vt 1.000000 0.666667
vt 0.000000 0.733333
vt 1.000000 0.733333
vt 0.000000 0.800000
vt 1.000000 0.800000
vt 0.000000 0.866667
vt 1.000000 0.866667
vt 0.000000 0.933333
vt 1.000000 0.933333
vt 0.000000 1.000000
vt 1.000000 1.000000
vt 0.000000 0.000000
vt 1.000000 0.000000
vt 0.000000 0.066667
vt 1.000000 0.066667
vt 0.000000 0.133333
vt 1.000000 0.133333
vt 0.000000 0.200000
vt 1.000000 0.200000
vt 0.000000 0.266667
vt 1.000000 0.266667
vt 0.000000 0.333333
vt 1.000000 0.333333
vt 0.000000 0.400000
vt 1.000000 0.400000
vt 0.000000 0.466667
vt 1.000000 0.466667
vt 0.000000 0.533333
vt 1.000000 0.533333
vt 0.000000 0.600000
vt 1.000000 0.600000
vt 0.000000 0.666667
vt 1.000000 0.666667
vt 0.000000 0.733333
vt 1.000000 0.733333
vt 0.000000 0.800000
vt 1.000000 0.800000
vt 0.000000 0.866667
vt 1.000000 0.866667
vt 0.000000 0.933333
vt 1.000000 0.933333
vt 0.000000 1.000000
vt 1.000000 1.000000
vt 0.000000 0.000000
vt 1.000000 0.000000
vt 0.000000 0.066667
vt 1.000000 0.066667
vt 0.000000 0.133333
vt 1.000000 0.133333
vt 0.000000 0.200000
vt 1.000000 0.200000
vt 0.000000 0.266667
vt 1.000000 0.266667
vt 0.000000 0.333333
vt 1.000000 0.333333
vt 0.000000 0.400000
vt 1.000000 0.400000
vt 0.000000 0.466667
vt 1.000000 0.466667
vt 0.000000 0.533333
vt 1.000000 0.533333
vt 0.000000 0.600000
vt 1.000000 0.600000
vt 0.000000 0.666667
vt 1.000000 0.666667
vt 0.000000 0.733333
vt 1.000000 0.733333
vt 0.000000 0.800000
vt 1.000000 0.800000
vt 0.000000 0.866667
vt 1.000000 0.866667
vt 0.000000 0.933333
vt 1.000000 0.933333
vt 0.000000 1.000000
vt 1.000000 1.000000
vt 0.000000 0.000000
vt 1.000000 0.000000
vt 0.000000 0.066667
vt 1.000000 0.066667
vt 0.000000 0.133333
vt 1.000000 0.133333
vt 0.000000 0.200000
vt 1.000000 0.200000
vt 0.000000 0.266667
vt 1.000000 0.266667
vt 0.000000 0.333333
vt 1.000000 0.333333
vt 0.000000 0.400000
vt 1.000000 0.400000
vt 0.000000 0.466667
vt 1.000000 0.466667
vt 0.000000 0.533333
vt 1.000000 0.533333
vt 0.000000 0.600000
vt 1.000000 0.600000
vt 0.000000 0.666667
vt 1.000000 0.666667
vt 0.000000 0.733333
vt 1.000000 0.733333
vt 0.000000 0.800000
vt 1.000000 0.800000
vt 0.000000 0.866667
vt 1.000000 0.866667
vt 0.000000 0.933333
vt 1.000000 0.933333
vt 0.000000 1.000000
vt 1.000000 1.000000
vt 0.000000 0.000000
vt 1.000000 0.000000
vt 0.000000 0.066667
vt 1.000000 0.066667
vt 0.000000 0.133333
vt 1.000000 0.133333
vt 0.000000 0.200000
vt 1.000000 0.200000
vt 0.000000 0.266667
vt 1.000000 0.266667
vt 0.000000 0.333333
vt 1.000000 0.333333
vt 0.000000 0.400000
vt 1.000000 0.400000
vt 0.000000 0.466667
vt 1.000000 0.466667
vt 0.000000 0.533333
vt 1.000000 0.533333
vt 0.000000 0.600000
vt 1.000000 0.600000
vt 0.000000 0.666667
vt 1.000000 0.666667
vt 0.000000 0.733333
vt 1.000000 0.733333
vt 0.000000 0.800000
vt 1.000000 0.800000
vt 0.000000 0.866667
vt 1.000000 0.866667
vt 0.000000 0.933333
vt 1.000000 0.933333
vt 0.000000 1.000000
vt 1.000000 1.000000
vt 0.000000 0.000000
vt 1.000000 0.000000
vt 0.000000 0.066667
vt 1.000000 0.066667
vt 0.000000 0.133333
vt 1.000000 0.133333
vt 0.000000 0.200000
vt 1.000000 0.200000
vt 0.000000 0.266667
vt 1.000000 0.266667
vt 0.000000 0.333333
vt 1.000000 0.333333
vt 0.000000 0.400000
vt 1.000000 0.400000
vt 0.000000 0.466667
vt 1.000000 0.466667
vt 0.000000 0.533333
vt 1.000000 0.533333
vt 0.000000 0.600000
vt 1.000000 0.600000
vt 0.000000 0.666667
vt 1.000000 0.666667
vt 0.000000 0.733333
vt 1.000000 0.733333
vt 0.000000 0.800000
vt 1.000000 0.800000
vt 0.000000 0.866667
vt 1.000000 0.866667
vt 0.000000 0.933333
vt 1.000000 0.933333
vt 0.000000 1.000000
vt 1.000000 1.000000
vt 0.000000 0.000000
vt 1.000000 0.000000
vt 0.000000 0.066667
vt 1.000000 0.066667
vt 0.000000 0.133333
vt 1.000000 0.133333
vt 0.000000 0.200000
vt 1.000000 0.200000
vt 0.000000 0.266667
vt 1.000000 0.266667
vt 0.000000 0.333333
vt 1.000000 0.333333
vt 0.000000 0.400000
vt 1.000000 0.400000
vt 0.000000 0.466667
vt 1.000000 0.466667
vt 0.000000 0.533333
vt 1.000000 0.533333
vt 0.000000 0.600000
vt 1.000000 0.600000
vt 0.000000 0.666667
vt 1.000000 0.666667
vt 0.000000 0.733333
vt 1.000000 0.733333
vt 0.000000 0.800000
vt 1.000000 0.800000
vt 0.000000 0.866667
vt 1.000000 0.866667
vt 0.000000 0.933333
vt 1.000000 0.933333
vt 0.000000 1.000000
vt 1.000000 1.000000
vt 0.000000 0.000000
vt 1.000000 0.000000
vt 0.000000 0.066667
vt 1.000000 0.066667
vt 0.000000 0.133333
vt 1.000000 0.133333
vt 0.000000 0.200000
vt 1.000000 0.200000
vt 0.000000 0.266667
vt 1.000000 0.266667
vt 0.000000 0.333333
vt 1.000000 0.333333
vt 0.000000 0.400000
vt 1.000000 0.400000
vt 0.000000 0.466667
vt 1.000000 0.466667
vt 0.000000 0.533333
vt 1.000000 0.533333
vt 0.000000 0.600000
vt 1.000000 0.600000
vt 0.000000 0.666667
vt 1.000000 0.666667
vt 0.000000 0.733333
vt 1.000000 0.733333
vt 0.000000 0.800000
vt 1.000000 0.800000
vt 0.000000 0.866667
vt 1.000000 0.866667
vt 0.000000 0.933333
vt 1.000000 0.933333
vt 0.000000 1.000000
vt 1.000000 1.000000
vt 0.000000 0.000000
vt 1.000000 0.000000
vt 0.000000 0.066667
vt 1.000000 0.066667
vt 0.000000 0.133333
vt 1.000000 0.133333
vt 0.000000 0.200000
vt 1.000000 0.200000
vt 0.000000 0.266667
vt 1.000000 0.266667
vt 0.000000 0.333333
vt 1.000000 0.333333
vt 0.000000 0.400000
vt 1.000000 0.400000
vt 0.000000 0.466667
vt 1.000000 0.466667
vt 0.000000 0.533333
vt 1.000000 0.533333
vt 0.000000 0.600000
vt 1.000000 0.600000
vt 0.000000 0.666667
vt 1.000000 0.666667
vt 0.000000 0.733333
vt 1.000000 0.733333
vt 0.000000 0.800000
vt 1.000000 0.800000
vt 0.000000 0.866667
vt 1.000000 0.866667
vt 0.000000 0.933333
vt 1.000000 0.933333
vt 0.000000 1.000000
vt 1.000000 1.000000
vt 0.000000 0.000000
vt 1.000000 0.000000
vt 0.000000 0.066667
vt 1.000000 0.066667
vt 0.000000 0.133333
vt 1.000000 0.133333
vt 0.000000 0.200000
vt 1.000000 0.200000
vt 0.000000 0.266667
vt 1.000000 0.266667
vt 0.000000 0.333333
vt 1.000000 0.333333
vt 0.000000 0.400000
vt 1.000000 0.400000
vt 0.000000 0.466667
vt 1.000000 0.466667
vt 0.000000 0.533333
vt 1.000000 0.533333
vt 0.000000 0.600000
vt 1.000000 0.600000
vt 0.000000 0.666667
vt 1.000000 0.666667
vt 0.000000 0.733333
vt 1.000000 0.733333
vt 0.000000 0.800000
vt 1.000000 0.800000
vt 0.000000 0.866667
vt 1.000000 0.866667
vt 0.000000 0.933333
vt 1.000000 0.933333
vt 0.000000 1.000000
vt 1.000000 1.000000
vt 0.000000 0.000000
vt 1.000000 0.000000
vt 0.000000 0.066667
vt 1.000000 0.066667
vt 0.000000 0.133333
vt 1.000000 0.133333
vt 0.000000 0.200000
vt 1.000000 0.200000
vt 0.000000 0.266667
vt 1.000000 0.266667
vt 0.000000 0.333333
vt 1.000000 0.333333
vt 0.000000 0.400000
vt 1.000000 0.400000
vt 0.000000 0.466667
vt 1.000000 0.466667
vt 0.000000 0.533333
vt 1.000000 0.533333
vt 0.000000 0.600000
vt 1.000000 0.600000
vt 0.000000 0.666667
vt 1.000000 0.666667
vt 0.000000 0.733333
vt 1.000000 0.733333
vt 0.000000 0.800000
vt 1.000000 0.800000
vt 0.000000 0.866667
vt 1.000000 0.866667
vt 0.000000 0.933333
vt 1.000000 0.933333
vt 0.000000 1.000000
vt 1.000000 1.000000
vt 0.000000 0.000000
vt 1.000000 0.000000
vt 0.000000 0.066667
vt 1.000000 0.066667
vt 0.000000 0.133333
vt 1.000000 0.133333
vt 0.000000 0.200000
vt 1.000000 0.200000
vt 0.000000 0.266667
vt 1.000000 0.266667
vt 0.000000 0.333333
vt 1.000000 0.333333
vt 0.000000 0.400000
vt 1.000000 0.400000
vt 0.000000 0.466667
vt 1.000000 0.466667
vt 0.000000 0.533333
vt 1.000000 0.533333
vt 0.000000 0.600000
vt 1.000000 0.600000
vt 0.000000 0.666667
vt 1.000000 0.666667
vt 0.000000 0.733333
vt 1.000000 0.733333
vt 0.000000 0.800000
vt 1.000000 0.800000
vt 0.000000 0.866667
vt 1.000000 0.866667
vt 0.000000 0.933333
vt 1.000000 0.933333
vt 0.000000 1.000000
vt 1.000000 1.000000
vt 0.000000 0.000000
vt 1.000000 0.000000
vt 0.000000 0.066667
vt 1.000000 0.066667
vt 0.000000 0.133333
vt 1.000000 0.133333
vt 0.000000 0.200000
vt 1.000000 0.200000
vt 0.000000 0.266667
vt 1.000000 0.266667
vt 0.000000 0.333333
vt 1.000000 0.333333
vt 0.000000 0.400000
vt 1.000000 0.400000
vt 0.000000 0.466667
vt 1.000000 0.466667
vt 0.000000 0.533333
vt 1.000000 0.533333
vt 0.000000 0.600000
vt 1.000000 0.600000
vt 0.000000 0.666667
vt 1.000000 0.666667
vt 0.000000 0.733333
vt 1.000000 0.733333
vt 0.000000 0.800000
vt 1.000000 0.800000
vt 0.000000 0.866667
vt 1.000000 0.866667
vt 0.000000 0.933333
vt 1.000000 0.933333
vt 0.000000 1.000000
vt 1.000000 1.000000
vt 0.000000 0.000000
vt 1.000000 0.000000
vt 0.000000 0.066667
vt 1.000000 0.066667
vt 0.000000 0.133333
vt 1.000000 0.133333
vt 0.000000 0.200000
vt 1.000000 0.200000
vt 0.000000 0.266667
vt 1.000000 0.266667
vt 0.000000 0.333333
vt 1.000000 0.333333
vt 0.000000 0.400000
vt 1.000000 0.400000
vt 0.000000 0.466667
vt 1.000000 0.466667
vt 0.000000 0.533333
vt 1.000000 0.533333
vt 0.000000 0.600000
vt 1.000000 0.600000
vt 0.000000 0.666667
vt 1.000000 0.666667
vt 0.000000 0.733333
vt 1.000000 0.733333
vt 0.000000 0.800000
vt 1.000000 0.800000
vt 0.000000 0.866667
vt 1.000000 0.866667
vt 0.000000 0.933333
vt 1.000000 0.933333
vt 0.000000 1.000000
vt 1.000000 1.000000
vt 0.000000 0.000000
vt 1.000000 0.000000
vt 0.000000 0.066667
vt 1.000000 0.066667
vt 0.000000 0.133333
vt 1.000000 0.133333
vt 0.000000 0.200000
vt 1.000000 0.200000
vt 0.000000 0.266667
vt 1.000000 0.266667
vt 0.000000 0.333333
vt 1.000000 0.333333
vt 0.000000 0.400000
vt 1.000000 0.400000
vt 0.000000 0.466667
vt 1.000000 0.466667
vt 0.000000 0.533333
vt 1.000000 0.533333
vt 0.000000 0.600000
vt 1.000000 0.600000
vt 0.000000 0.666667
vt 1.000000 0.666667
vt 0.000000 0.733333
vt 1.000000 0.733333
vt 0.000000 0.800000
vt 1.000000 0.800000
vt 0.000000 0.866667
vt 1.000000 0.866667
vt 0.000000 0.933333
vt 1.000000 0.933333
vt 0.000000 1.000000
vt 1.000000 1.000000
vt 0.000000 0.000000
vt 1.000000 0.000000
vt 0.000000 0.066667
vt 1.000000 0.066667
vt 0.000000 0.133333
vt 1.000000 0.133333
vt 0.000000 0.200000
vt 1.000000 0.200000
vt 0.000000 0.266667
vt 1.000000 0.266667
vt 0.000000 0.333333
vt 1.000000 0.333333
vt 0.000000 0.400000
vt 1.000000 0.400000
vt 0.000000 0.466667
vt 1.000000 0.466667
vt 0.000000 0.533333
vt 1.000000 0.533333
vt 0.000000 0.600000
vt 1.000000 0.600000
vt 0.000000 0.666667
vt 1.000000 0.666667
vt 0.000000 0.733333
vt 1.000000 0.733333
vt 0.000000 0.800000
vt 1.000000 0.800000
vt 0.000000 0.866667
vt 1.000000 0.866667
vt 0.000000 0.933333
vt 1.000000 0.933333
vt 0.000000 1.000000
vt 1.000000 1.000000
vt 0.000000 0.000000
vt 1.000000 0.000000
vt 0.000000 0.066667
vt 1.000000 0.066667
vt 0.000000 0.133333
vt 1.000000 0.133333
vt 0.000000 0.200000
vt 1.000000 0.200000
vt 0.000000 0.266667
vt 1.000000 0.266667
vt 0.000000 0.333333
vt 1.000000 0.333333
vt 0.000000 0.400000
vt 1.000000 0.400000
vt 0.000000 0.466667
vt 1.000000 0.466667
vt 0.000000 0.533333
vt 1.000000 0.533333
vt 0.000000 0.600000
vt 1.000000 0.600000
vt 0.000000 0.666667
vt 1.000000 0.666667
vt 0.000000 0.733333
vt 1.000000 0.733333
vt 0.000000 0.800000
vt 1.000000 0.800000
vt 0.000000 0.866667
vt 1.000000 0.866667
vt 0.000000 0.933333
vt 1.000000 0.933333
vt 0.000000 1.000000
vt 1.000000 1.000000
vt 0.000000 0.000000
vt 1.000000 0.000000
vt 0.000000 0.066667
vt 1.000000 0.066667
vt 0.000000 0.133333
vt 1.000000 0.133333
vt 0.000000 0.200000
vt 1.000000 0.200000
vt 0.000000 0.266667
vt 1.000000 0.266667
vt 0.000000 0.333333
vt 1.000000 0.333333
vt 0.000000 0.400000
vt 1.000000 0.400000
vt 0.000000 0.466667
vt 1.000000 0.466667
vt 0.000000 0.533333
vt 1.000000 0.533333
vt 0.000000 0.600000
vt 1.000000 0.600000
vt 0.000000 0.666667
vt 1.000000 0.666667
vt 0.000000 0.733333
vt 1.000000 0.733333
vt 0.000000 0.800000
vt 1.000000 0.800000
vt 0.000000 0.866667
vt 1.000000 0.866667
vt 0.000000 0.933333
vt 1.000000 0.933333
vt 0.000000 1.000000
vt 1.000000 1.000000
vt 0.000000 0.000000
vt 1.000000 0.000000
vt 0.000000 0.066667
vt 1.000000 0.066667
vt 0.000000 0.133333
vt 1.000000 0.133333
vt 0.000000 0.200000
vt 1.000000 0.200000
vt 0.000000 0.266667
vt 1.000000 0.266667
vt 0.000000 0.333333
vt 1.000000 0.333333
vt 0.000000 0.400000
vt 1.000000 0.400000
vt 0.000000 0.466667
vt 1.000000 0.466667
vt 0.000000 0.533333
vt 1.000000 0.533333
vt 0.000000 0.600000
vt 1.000000 0.600000
vt 0.000000 0.666667
vt 1.000000 0.666667
vt 0.000000 0.733333
vt 1.000000 0.733333
vt 0.000000 0.800000
vt 1.000000 0.800000
vt 0.000000 0.866667
vt 1.000000 0.866667
vt 0.000000 0.933333
vt 1.000000 0.933333
vt 0.000000 1.000000
vt 1.000000 1.000000
vt 0.000000 0.000000
vt 1.000000 0.000000
vt 0.000000 0.066667
vt 1.000000 0.066667
vt 0.000000 0.133333
vt 1.000000 0.133333
vt 0.000000 0.200000
vt 1.000000 0.200000
vt 0.000000 0.266667
vt 1.000000 0.266667
vt 0.000000 0.333333
vt 1.000000 0.333333
vt 0.000000 0.400000
vt 1.000000 0.400000
vt 0.000000 0.466667
vt 1.000000 0.466667
vt 0.000000 0.533333
vt 1.000000 0.533333
vt 0.000000 0.600000
vt 1.000000 0.600000
vt 0.000000 0.666667
vt 1.000000 0.666667
vt 0.000000 0.733333
vt 1.000000 0.733333
vt 0.000000 0.800000
vt 1.000000 0.800000
vt 0.000000 0.866667
vt 1.000000 0.866667
vt 0.000000 0.933333
vt 1.000000 0.933333
vt 0.000000 1.000000
vt 1.000000 1.000000
vt 0.000000 0.000000
vt 1.000000 0.000000
vt 0.000000 0.066667
vt 1.000000 0.066667
vt 0.000000 0.133333
vt 1.000000 0.133333
vt 0.000000 0.200000
vt 1.000000 0.200000
vt 0.000000 0.266667
vt 1.000000 0.266667
vt 0.000000 0.333333
vt 1.000000 0.333333
vt 0.000000 0.400000
vt 1.000000 0.400000
vt 0.000000 0.466667
vt 1.000000 0.466667
vt 0.000000 0.533333
vt 1.000000 0.533333
vt 0.000000 0.600000
vt 1.000000 0.600000
vt 0.000000 0.666667
vt 1.000000 0.666667
vt 0.000000 0.733333
vt 1.000000 0.733333
vt 0.000000 0.800000
vt 1.000000 0.800000
vt 0.000000 0.866667
vt 1.000000 0.866667
vt 0.000000 0.933333
vt 1.000000 0.933333
vt 0.000000 1.000000
vt 1.000000 1.000000
vt 0.000000 0.000000
vt 1.000000 0.000000
vt 0.000000 0.066667
vt 1.000000 0.066667
vt 0.000000 0.133333
vt 1.000000 0.133333
vt 0.000000 0.200000
vt 1.000000 0.200000
vt 0.000000 0.266667
vt 1.000000 0.266667
vt 0.000000 0.333333
vt 1.000000 0.333333
vt 0.000000 0.400000
vt 1.000000 0.400000
vt 0.000000 0.466667
vt 1.000000 0.466667
vt 0.000000 0.533333
vt 1.000000 0.533333
vt 0.000000 0.600000
vt 1.000000 0.600000
vt 0.000000 0.666667
vt 1.000000 0.666667
vt 0.000000 0.733333
vt 1.000000 0.733333
vt 0.000000 0.800000
vt 1.000000 0.800000
vt 0.000000 0.866667
vt 1.000000 0.866667
vt 0.000000 0.933333
vt 1.000000 0.933333
vt 0.000000 1.000000
vt 1.000000 1.000000
vt 0.000000 0.000000
vt 1.000000 0.000000
vt 0.000000 0.066667
vt 1.000000 0.066667
vt 0.000000 0.133333
vt 1.000000 0.133333
vt 0.000000 0.200000
vt 1.000000 0.200000
vt 0.000000 0.266667
vt 1.000000 0.266667
vt 0.000000 0.333333
vt 1.000000 0.333333
vt 0.000000 0.400000
vt 1.000000 0.400000
vt 0.000000 0.466667
vt 1.000000 0.466667
vt 0.000000 0.533333
vt 1.000000 0.533333
vt 0.000000 0.600000
vt 1.000000 0.600000
vt 0.000000 0.666667
vt 1.000000 0.666667
vt 0.000000 0.733333
vt 1.000000 0.733333
vt 0.000000 0.800000
vt 1.000000 0.800000
vt 0.000000 0.866667
vt 1.000000 0.866667
vt 0.000000 0.933333
vt 1.000000 0.933333
vt 0.000000 1.000000
vt 1.000000 1.000000
vt 0.000000 0.000000
vt 1.000000 0.000000
vt 0.000000 0.066667
vt 1.000000 0.066667
vt 0.000000 0.133333
vt 1.000000 0.133333
vt 0.000000 0.200000
vt 1.000000 0.200000
vt 0.000000 0.266667
vt 1.000000 0.266667
vt 0.000000 0.333333
vt 1.000000 0.333333
vt 0.000000 0.400000
vt 1.000000 0.400000
vt 0.000000 0.466667
vt 1.000000 0.466667
vt 0.000000 0.533333
vt 1.000000 0.533333
vt 0.000000 0.600000
vt 1.000000 0.600000
vt 0.000000 0.666667
vt 1.000000 0.666667
vt 0.000000 0.733333
vt 1.000000 0.733333
vt 0.000000 0.800000
vt 1.000000 0.800000
vt 0.000000 0.866667
vt 1.000000 0.866667
vt 0.000000 0.933333
vt 1.000000 0.933333
vt 0.000000 1.000000
vt 1.000000 1.000000
vt 0.000000 0.000000
vt 1.000000 0.000000
vt 0.000000 0.066667
vt 1.000000 0.066667
vt 0.000000 0.133333
vt 1.000000 0.133333
vt 0.000000 0.200000
vt 1.000000 0.200000
vt 0.000000 0.266667
vt 1.000000 0.266667
vt 0.000000 0.333333
vt 1.000000 0.333333
vt 0.000000 0.400000
vt 1.000000 0.400000
vt 0.000000 0.466667
vt 1.000000 0.466667
vt 0.000000 0.533333
vt 1.000000 0.533333
vt 0.000000 0.600000
vt 1.000000 0.600000
vt 0.000000 0.666667
vt 1.000000 0.666667
vt 0.000000 0.733333
vt 1.000000 0.733333
vt 0.000000 0.800000
vt 1.000000 0.800000
vt 0.000000 0.866667
vt 1.000000 0.866667
vt 0.000000 0.933333
vt 1.000000 0.933333
vt 0.000000 1.000000
vt 1.000000 1.000000
vt 0.000000 0.000000
vt 1.000000 0.000000
vt 0.000000 0.066667
vt 1.000000 0.066667
vt 0.000000 0.133333
vt 1.000000 0.133333
vt 0.000000 0.200000
vt 1.000000 0.200000
vt 0.000000 0.266667
vt 1.000000 0.266667
vt 0.000000 0.333333
vt 1.000000 0.333333
vt 0.000000 0.400000
vt 1.000000 0.400000
vt 0.000000 0.466667
vt 1.000000 0.466667
vt 0.000000 0.533333
vt 1.000000 0.533333
vt 0.000000 0.600000
vt 1.000000 0.600000
vt 0.000000 0.666667
vt 1.000000 0.666667
vt 0.000000 0.733333
vt 1.000000 0.733333
vt 0.000000 0.800000
vt 1.000000 0.800000
vt 0.000000 0.866667
vt 1.000000 0.866667
vt 0.000000 0.933333
vt 1.000000 0.933333
vt 0.000000 1.000000
vt 1.000000 1.000000
vt 0.000000 0.000000
vt 1.000000 0.000000
vt 0.000000 0.066667
vt 1.000000 0.066667
vt 0.000000 0.133333
vt 1.000000 0.133333
vt 0.000000 0.200000
vt 1.000000 0.200000
vt 0.000000 0.266667
vt 1.000000 0.266667
vt 0.000000 0.333333
vt 1.000000 0.333333
vt 0.000000 0.400000
vt 1.000000 0.400000
vt 0.000000 0.466667
vt 1.000000 0.466667
vt 0.000000 0.533333
vt 1.000000 0.533333
vt 0.000000 0.600000
vt 1.000000 0.600000
vt 0.000000 0.666667
vt 1.000000 0.666667
vt 0.000000 0.733333
vt 1.000000 0.733333
vt 0.000000 0.800000
vt 1.000000 0.800000
vt 0.000000 0.866667
vt 1.000000 0.866667
vt 0.000000 0.933333
vt 1.000000 0.933333
vt 0.000000 1.000000
vt 1.000000 1.000000
vt 0.000000 0.000000
vt 1.000000 0.000000
vt 0.000000 0.066667
vt 1.000000 0.066667
vt 0.000000 0.133333
vt 1.000000 0.133333
vt 0.000000 0.200000
vt 1.000000 0.200000
vt 0.000000 0.266667
vt 1.000000 0.266667
vt 0.000000 0.333333
vt 1.000000 0.333333
vt 0.000000 0.400000
vt 1.000000 0.400000
vt 0.000000 0.466667
vt 1.000000 0.466667
vt 0.000000 0.533333
vt 1.000000 0.533333
vt 0.000000 0.600000
vt 1.000000 0.600000
vt 0.000000 0.666667
vt 1.000000 0.666667
vt 0.000000 0.733333
vt 1.000000 0.733333
vt 0.000000 0.800000
vt 1.000000 0.800000
vt 0.000000 0.866667
vt 1.000000 0.866667
vt 0.000000 0.933333
vt 1.000000 0.933333
vt 0.000000 1.000000
vt 1.000000 1.000000
vt 0.000000 0.000000
vt 1.000000 0.000000
vt 0.000000 0.066667
vt 1.000000 0.066667
vt 0.000000 0.133333
vt 1.000000 0.133333
vt 0.000000 0.200000
vt 1.000000 0.200000
vt 0.000000 0.266667
vt 1.000000 0.266667
vt 0.000000 0.333333
vt 1.000000 0.333333
vt 0.000000 0.400000
vt 1.000000 0.400000
vt 0.000000 0.466667
vt 1.000000 0.466667
vt 0.000000 0.533333
vt 1.000000 0.533333
vt 0.000000 0.600000
vt 1.000000 0.600000
vt 0.000000 0.666667
vt 1.000000 0.666667
vt 0.000000 0.733333
vt 1.000000 0.733333
vt 0.000000 0.800000
vt 1.000000 0.800000
vt 0.000000 0.866667
vt 1.000000 0.866667
vt 0.000000 0.933333
vt 1.000000 0.933333
vt 0.000000 1.000000
vt 1.000000 1.000000
vt 0.000000 0.000000
vt 1.000000 0.000000
vt 0.000000 0.066667
vt 1.000000 0.066667
vt 0.000000 0.133333
vt 1.000000 0.133333
vt 0.000000 0.200000
vt 1.000000 0.200000
vt 0.000000 0.266667
vt 1.000000 0.266667
vt 0.000000 0.333333
vt 1.000000 0.333333
vt 0.000000 0.400000
vt 1.000000 0.400000
vt 0.000000 0.466667
vt 1.000000 0.466667
vt 0.000000 0.533333
vt 1.000000 0.533333
vt 0.000000 0.600000
vt 1.000000 0.600000
vt 0.000000 0.666667
vt 1.000000 0.666667
vt 0.000000 0.733333
vt 1.000000 0.733333
vt 0.000000 0.800000
vt 1.000000 0.800000
vt 0.000000 0.866667
vt 1.000000 0.866667
vt 0.000000 0.933333
vt 1.000000 0.933333
vt 0.000000 1.000000
vt 1.000000 1.000000
vt 0.000000 0.000000
vt 1.000000 0.000000
vt 0.000000 0.066667
vt 1.000000 0.066667
vt 0.000000 0.133333
vt 1.000000 0.133333
vt 0.000000 0.200000
vt 1.000000 0.200000
vt 0.000000 0.266667
vt 1.000000 0.266667
vt 0.000000 0.333333
vt 1.000000 0.333333
vt 0.000000 0.400000
vt 1.000000 0.400000
vt 0.000000 0.466667
vt 1.000000 0.466667
vt 0.000000 0.533333
vt 1.000000 0.533333
vt 0.000000 0.600000
vt 1.000000 0.600000
vt 0.000000 0.666667
vt 1.000000 0.666667
vt 0.000000 0.733333
vt 1.000000 0.733333
vt 0.000000 0.800000
vt 1.000000 0.800000
vt 0.000000 0.866667
vt 1.000000 0.866667
vt 0.000000 0.933333
vt 1.000000 0.933333
vt 0.000000 1.000000
vt 1.000000 1.000000
vt 0.000000 0.000000
vt 1.000000 0.000000
vt 0.000000 0.066667
vt 1.000000 0.066667
vt 0.000000 0.133333
vt 1.000000 0.133333
vt 0.000000 0.200000
vt 1.000000 0.200000
vt 0.000000 0.266667
vt 1.000000 0.266667
vt 0.000000 0.333333
vt 1.000000 0.333333
vt 0.000000 0.400000
vt 1.000000 0.400000
vt 0.000000 0.466667
vt 1.000000 0.466667
vt 0.000000 0.533333
vt 1.000000 0.533333
vt 0.000000 0.600000
vt 1.000000 0.600000
vt 0.000000 0.666667
vt 1.000000 0.666667
vt 0.000000 0.733333
vt 1.000000 0.733333
vt 0.000000 0.800000
vt 1.000000 0.800000
vt 0.000000 0.866667
vt 1.000000 0.866667
vt 0.000000 0.933333
vt 1.000000 0.933333
vt 0.000000 1.000000
vt 1.000000 1.000000
vt 0.000000 0.000000
vt 1.000000 0.000000
vt 0.000000 0.066667
vt 1.000000 0.066667
vt 0.000000 0.133333
vt 1.000000 0.133333
vt 0.000000 0.200000
vt 1.000000 0.200000
vt 0.000000 0.266667
vt 1.000000 0.266667
vt 0.000000 0.333333
vt 1.000000 0.333333
vt 0.000000 0.400000
vt 1.000000 0.400000
vt 0.000000 0.466667
vt 1.000000 0.466667
vt 0.000000 0.533333
vt 1.000000 0.533333
vt 0.000000 0.600000
vt 1.000000 0.600000
vt 0.000000 0.666667
vt 1.000000 0.666667
vt 0.000000 0.733333
vt 1.000000 0.733333
vt 0.000000 0.800000
vt 1.000000 0.800000
vt 0.000000 0.866667
vt 1.000000 0.866667
vt 0.000000 0.933333
vt 1.000000 0.933333
vt 0.000000 1.000000
vt 1.000000 1.000000
vt 0.000000 0.000000
vt 1.000000 0.000000
vt 0.000000 0.066667
vt 1.000000 0.066667
vt 0.000000 0.133333
vt 1.000000 0.133333
vt 0.000000 0.200000
vt 1.000000 0.200000
vt 0.000000 0.266667
vt 1.000000 0.266667
vt 0.000000 0.333333
vt 1.000000 0.333333
vt 0.000000 0.400000
vt 1.000000 0.400000
vt 0.000000 0.466667
vt 1.000000 0.466667
vt 0.000000 0.533333
vt 1.000000 0.533333
vt 0.000000 0.600000
vt 1.000000 0.600000
vt 0.000000 0.666667
vt 1.000000 0.666667
vt 0.000000 0.733333
vt 1.000000 0.733333
vt 0.000000 0.800000
vt 1.000000 0.800000
vt 0.000000 0.866667
vt 1.000000 0.866667
vt 0.000000 0.933333
vt 1.000000 0.933333
vt 0.000000 1.000000
vt 1.000000 1.000000
vt 0.000000 0.000000
vt 1.000000 0.000000
vt 0.000000 0.066667
vt 1.000000 0.066667
vt 0.000000 0.133333
vt 1.000000 0.133333
vt 0.000000 0.200000
vt 1.000000 0.200000
vt 0.000000 0.266667
vt 1.000000 0.266667
vt 0.000000 0.333333
vt 1.000000 0.333333
vt 0.000000 0.400000
vt 1.000000 0.400000
vt 0.000000 0.466667
vt 1.000000 0.466667
vt 0.000000 0.533333
vt 1.000000 0.533333
vt 0.000000 0.600000
vt 1.000000 0.600000
vt 0.000000 0.666667
vt 1.000000 0.666667
vt 0.000000 0.733333
vt 1.000000 0.733333
vt 0.000000 0.800000
vt 1.000000 0.800000
vt 0.000000 0.866667
vt 1.000000 0.866667
vt 0.000000 0.933333
vt 1.000000 0.933333
vt 0.000000 1.000000
vt 1.000000 1.000000
vt 0.000000 0.000000
vt 1.000000 0.000000
vt 0.000000 0.066667
vt 1.000000 0.066667
vt 0.000000 0.133333
vt 1.000000 0.133333
vt 0.000000 0.200000
vt 1.000000 0.200000
vt 0.000000 0.266667
vt 1.000000 0.266667
vt 0.000000 0.333333
vt 1.000000 0.333333
vt 0.000000 0.400000
vt 1.000000 0.400000
vt 0.000000 0.466667
vt 1.000000 0.466667
vt 0.000000 0.533333
vt 1.000000 0.533333
vt 0.000000 0.600000
vt 1.000000 0.600000
vt 0.000000 0.666667
vt 1.000000 0.666667
vt 0.000000 0.733333
vt 1.000000 0.733333
vt 0.000000 0.800000
vt 1.000000 0.800000
vt 0.000000 0.866667
vt 1.000000 0.866667
vt 0.000000 0.933333
vt 1.000000 0.933333
vt 0.000000 1.000000
vt 1.000000 1.000000
vt 0.000000 0.000000
vt 1.000000 0.000000
vt 0.000000 0.066667
vt 1.000000 0.066667
vt 0.000000 0.133333
vt 1.000000 0.133333
vt 0.000000 0.200000
vt 1.000000 0.200000
vt 0.000000 0.266667
vt 1.000000 0.266667
vt 0.000000 0.333333
vt 1.000000 0.333333
vt 0.000000 0.400000
vt 1.000000 0.400000
vt 0.000000 0.466667
vt 1.000000 0.466667
vt 0.000000 0.533333
vt 1.000000 0.533333
vt 0.000000 0.600000
vt 1.000000 0.600000
vt 0.000000 0.666667
vt 1.000000 0.666667
vt 0.000000 0.733333
vt 1.000000 0.733333
vt 0.000000 0.800000
vt 1.000000 0.800000
vt 0.000000 0.866667
vt 1.000000 0.866667
vt 0.000000 0.933333
vt 1.000000 0.933333
vt 0.000000 1.000000
vt 1.000000 1.000000
vt 0.000000 0.000000
vt 1.000000 0.000000
vt 0.000000 0.066667
vt 1.000000 0.066667
vt 0.000000 0.133333
vt 1.000000 0.133333
vt 0.000000 0.200000
vt 1.000000 0.200000
vt 0.000000 0.266667
vt 1.000000 0.266667
vt 0.000000 0.333333
vt 1.000000 0.333333
vt 0.000000 0.400000
vt 1.000000 0.400000
vt 0.000000 0.466667
vt 1.000000 0.466667
vt 0.000000 0.533333
vt 1.000000 0.533333
vt 0.000000 0.600000
vt 1.000000 0.600000
vt 0.000000 0.666667
vt 1.000000 0.666667
vt 0.000000 0.733333
vt 1.000000 0.733333
vt 0.000000 0.800000
vt 1.000000 0.800000
vt 0.000000 0.866667
vt 1.000000 0.866667
vt 0.000000 0.933333
vt 1.000000 0.933333
vt 0.000000 1.000000
vt 1.000000 1.000000
vt 0.000000 0.000000
vt 1.000000 0.000000
vt 0.000000 0.066667
vt 1.000000 0.066667
vt 0.000000 0.133333
vt 1.000000 0.133333
vt 0.000000 0.200000
vt 1.000000 0.200000
vt 0.000000 0.266667
vt 1.000000 0.266667
vt 0.000000 0.333333
vt 1.000000 0.333333
vt 0.000000 0.400000
vt 1.000000 0.400000
vt 0.000000 0.466667
vt 1.000000 0.466667
vt 0.000000 0.533333
vt 1.000000 0.533333
vt 0.000000 0.600000
vt 1.000000 0.600000
vt 0.000000 0.666667
vt 1.000000 0.666667
vt 0.000000 0.733333
vt 1.000000 0.733333
vt 0.000000 0.800000
vt 1.000000 0.800000
vt 0.000000 0.866667
vt 1.000000 0.866667
vt 0.000000 0.933333
vt 1.000000 0.933333
vt 0.000000 1.000000
vt 1.000000 1.000000
vt 0.000000 0.000000
vt 1.000000 0.000000
vt 0.000000 0.066667
vt 1.000000 0.066667
vt 0.000000 0.133333
vt 1.000000 0.133333
vt 0.000000 0.200000
vt 1.000000 0.200000
vt 0.000000 0.266667
vt 1.000000 0.266667
vt 0.000000 0.333333
vt 1.000000 0.333333
vt 0.000000 0.400000
vt 1.000000 0.400000
vt 0.000000 0.466667
vt 1.000000 0.466667
vt 0.000000 0.533333
vt 1.000000 0.533333
vt 0.000000 0.600000
vt 1.000000 0.600000
vt 0.000000 0.666667
vt 1.000000 0.666667
vt 0.000000 0.733333
vt 1.000000 0.733333
vt 0.000000 0.800000
vt 1.000000 0.800000
vt 0.000000 0.866667
vt 1.000000 0.866667
vt 0.000000 0.933333
vt 1.000000 0.933333
vt 0.000000 1.000000
vt 1.000000 1.000000
vt 0.000000 0.000000
vt 1.000000 0.000000
vt 0.000000 0.066667
vt 1.000000 0.066667
vt 0.000000 0.133333
vt 1.000000 0.133333
vt 0.000000 0.200000
vt 1.000000 0.200000
vt 0.000000 0.266667
vt 1.000000 0.266667
vt 0.000000 0.333333
vt 1.000000 0.333333
vt 0.000000 0.400000
vt 1.000000 0.400000
vt 0.000000 0.466667
vt 1.000000 0.466667
vt 0.000000 0.533333
vt 1.000000 0.533333
vt 0.000000 0.600000
vt 1.000000 0.600000
vt 0.000000 0.666667
vt 1.000000 0.666667
vt 0.000000 0.733333
vt 1.000000 0.733333
vt 0.000000 0.800000
vt 1.000000 0.800000
vt 0.000000 0.866667
vt 1.000000 0.866667
vt 0.000000 0.933333
vt 1.000000 0.933333
vt 0.000000 1.000000
vt 1.000000 1.000000
vt 0.000000 0.000000
vt 1.000000 0.000000
vt 0.000000 0.066667
vt 1.000000 0.066667
vt 0.000000 0.133333
vt 1.000000 0.133333
vt 0.000000 0.200000
vt 1.000000 0.200000
vt 0.000000 0.266667
vt 1.000000 0.266667
vt 0.000000 0.333333
vt 1.000000 0.333333
vt 0.000000 0.400000
vt 1.000000 0.400000
vt 0.000000 0.466667
vt 1.000000 0.466667
vt 0.000000 0.533333
vt 1.000000 0.533333
vt 0.000000 0.600000
vt 1.000000 0.600000
vt 0.000000 0.666667
vt 1.000000 0.666667
vt 0.000000 0.733333
vt 1.000000 0.733333
vt 0.000000 0.800000
vt 1.000000 0.800000
vt 0.000000 0.866667
vt 1.000000 0.866667
vt 0.000000 0.933333
vt 1.000000 0.933333
vt 0.000000 1.000000
vt 1.000000 1.000000
vt 0.000000 0.000000
vt 1.000000 0.000000
vt 0.000000 0.066667
vt 1.000000 0.066667
vt 0.000000 0.133333
vt 1.000000 0.133333
vt 0.000000 0.200000
vt 1.000000 0.200000
vt 0.000000 0.266667
vt 1.000000 0.266667
vt 0.000000 0.333333
vt 1.000000 0.333333
vt 0.000000 0.400000
vt 1.000000 0.400000
vt 0.000000 0.466667
vt 1.000000 0.466667
vt 0.000000 0.533333
vt 1.000000 0.533333
vt 0.000000 0.600000
vt 1.000000 0.600000
vt 0.000000 0.666667
vt 1.000000 0.666667
vt 0.000000 0.733333
vt 1.000000 0.733333
vt 0.000000 0.800000
vt 1.000000 0.800000
vt 0.000000 0.866667
vt 1.000000 0.866667
vt 0.000000 0.933333
vt 1.000000 0.933333
vt 0.000000 1.000000
vt 1.000000 1.000000
vt 0.000000 0.000000
vt 1.000000 0.000000
vt 0.000000 0.066667
vt 1.000000 0.066667
vt 0.000000 0.133333
vt 1.000000 0.133333
vt 0.000000 0.200000
vt 1.000000 0.200000
vt 0.000000 0.266667
vt 1.000000 0.266667
vt 0.000000 0.333333
vt 1.000000 0.333333
vt 0.000000 0.400000
vt 1.000000 0.400000
vt 0.000000 0.466667
vt 1.000000 0.466667
vt 0.000000 0.533333
vt 1.000000 0.533333
vt 0.000000 0.600000
vt 1.000000 0.600000
vt 0.000000 0.666667
vt 1.000000 0.666667
vt 0.000000 0.733333
vt 1.000000 0.733333
vt 0.000000 0.800000
vt 1.000000 0.800000
vt 0.000000 0.866667
vt 1.000000 0.866667
vt 0.000000 0.933333
vt 1.000000 0.933333
vt 0.000000 1.000000
vt 1.000000 1.000000
vt 0.000000 0.000000
vt 1.000000 0.000000
vt 0.000000 0.066667
vt 1.000000 0.066667
vt 0.000000 0.133333
vt 1.000000 0.133333
vt 0.000000 0.200000
vt 1.000000 0.200000
vt 0.000000 0.266667
vt 1.000000 0.266667
vt 0.000000 0.333333
vt 1.000000 0.333333
vt 0.000000 0.400000
vt 1.000000 0.400000
vt 0.000000 0.466667
vt 1.000000 0.466667
vt 0.000000 0.533333
vt 1.000000 0.533333
vt 0.000000 0.600000
vt 1.000000 0.600000
vt 0.000000 0.666667
vt 1.000000 0.666667
vt 0.000000 0.733333
vt 1.000000 0.733333
vt 0.000000 0.800000
vt 1.000000 0.800000
vt 0.000000 0.866667
vt 1.000000 0.866667
vt 0.000000 0.933333
vt 1.000000 0.933333
vt 0.000000 1.000000
vt 1.000000 1.000000
vt 0.000000 0.000000
vt 1.000000 0.000000
vt 0.000000 0.066667
vt 1.000000 0.066667
vt 0.000000 0.133333
vt 1.000000 0.133333
vt 0.000000 0.200000
vt 1.000000 0.200000
vt 0.000000 0.266667
vt 1.000000 0.266667
vt 0.000000 0.333333
vt 1.000000 0.333333
vt 0.000000 0.400000
vt 1.000000 0.400000
vt 0.000000 0.466667
vt 1.000000 0.466667
vt 0.000000 0.533333
vt 1.000000 0.533333
vt 0.000000 0.600000
vt 1.000000 0.600000
vt 0.000000 0.666667
vt 1.000000 0.666667
vt 0.000000 0.733333
vt 1.000000 0.733333
vt 0.000000 0.800000
vt 1.000000 0.800000
vt 0.000000 0.866667
vt 1.000000 0.866667
vt 0.000000 0.933333
vt 1.000000 0.933333
vt 0.000000 1.000000
vt 1.000000 1.000000
vt 0.000000 0.000000
vt 1.000000 0.000000
vt 0.000000 0.066667
vt 1.000000 0.066667
vt 0.000000 0.133333
vt 1.000000 0.133333
vt 0.000000 0.200000
vt 1.000000 0.200000
vt 0.000000 0.266667
vt 1.000000 0.266667
vt 0.000000 0.333333
vt 1.000000 0.333333
vt 0.000000 0.400000
vt 1.000000 0.400000
vt 0.000000 0.466667
vt 1.000000 0.466667
vt 0.000000 0.533333
vt 1.000000 0.533333
vt 0.000000 0.600000
vt 1.000000 0.600000
vt 0.000000 0.666667
vt 1.000000 0.666667
vt 0.000000 0.733333
vt 1.000000 0.733333
vt 0.000000 0.800000
vt 1.000000 0.800000
vt 0.000000 0.866667
vt 1.000000 0.866667
vt 0.000000 0.933333
vt 1.000000 0.933333
vt 0.000000 1.000000
vt 1.000000 1.000000
vt 0.000000 0.000000
vt 1.000000 0.000000
vt 0.000000 0.066667
vt 1.000000 0.066667
vt 0.000000 0.133333
vt 1.000000 0.133333
vt 0.000000 0.200000
vt 1.000000 0.200000
vt 0.000000 0.266667
vt 1.000000 0.266667
vt 0.000000 0.333333
vt 1.000000 0.333333
vt 0.000000 0.400000
vt 1.000000 0.400000
vt 0.000000 0.466667
vt 1.000000 0.466667
vt 0.000000 0.533333
vt 1.000000 0.533333
vt 0.000000 0.600000
vt 1.000000 0.600000
vt 0.000000 0.666667
vt 1.000000 0.666667
vt 0.000000 0.733333
vt 1.000000 0.733333
vt 0.000000 0.800000
vt 1.000000 0.800000
vt 0.000000 0.866667
vt 1.000000 0.866667
vt 0.000000 0.933333
vt 1.000000 0.933333
vt 0.000000 1.000000
vt 1.000000 1.000000
vt 0.000000 0.000000
vt 1.000000 0.000000
vt 0.000000 0.066667
vt 1.000000 0.066667
vt 0.000000 0.133333
vt 1.000000 0.133333
vt 0.000000 0.200000
vt 1.000000 0.200000
vt 0.000000 0.266667
vt 1.000000 0.266667
vt 0.000000 0.333333
vt 1.000000 0.333333
vt 0.000000 0.400000
vt 1.000000 0.400000
vt 0.000000 0.466667
vt 1.000000 0.466667
vt 0.000000 0.533333
vt 1.000000 0.533333
vt 0.000000 0.600000
vt 1.000000 0.600000
vt 0.000000 0.666667
vt 1.000000 0.666667
vt 0.000000 0.733333
vt 1.000000 0.733333
vt 0.000000 0.800000
vt 1.000000 0.800000
vt 0.000000 0.866667
vt 1.000000 0.866667
vt 0.000000 0.933333
vt 1.000000 0.933333
vt 0.000000 1.000000
vt 1.000000 1.000000
vt 0.000000 0.000000
vt 1.000000 0.000000
vt 0.000000 0.066667
vt 1.000000 0.066667
vt 0.000000 0.133333
vt 1.000000 0.133333
vt 0.000000 0.200000
vt 1.000000 0.200000
vt 0.000000 0.266667
vt 1.000000 0.266667
vt 0.000000 0.333333
vt 1.000000 0.333333
vt 0.000000 0.400000
vt 1.000000 0.400000
vt 0.000000 0.466667
vt 1.000000 0.466667
vt 0.000000 0.533333
vt 1.000000 0.533333
vt 0.000000 0.600000
vt 1.000000 0.600000
vt 0.000000 0.666667
vt 1.000000 0.666667
vt 0.000000 0.733333
vt 1.000000 0.733333
vt 0.000000 0.800000
vt 1.000000 0.800000
vt 0.000000 0.866667
vt 1.000000 0.866667
vt 0.000000 0.933333
vt 1.000000 0.933333
vt 0.000000 1.000000
vt 1.000000 1.000000
vt 0.000000 0.000000
vt 1.000000 0.000000
vt 0.000000 0.066667
vt 1.000000 0.066667
vt 0.000000 0.133333
vt 1.000000 0.133333
vt 0.000000 0.200000
vt 1.000000 0.200000
vt 0.000000 0.266667
vt 1.000000 0.266667
vt 0.000000 0.333333
vt 1.000000 0.333333
vt 0.000000 0.400000
vt 1.000000 0.400000
vt 0.000000 0.466667
vt 1.000000 0.466667
vt 0.000000 0.533333
vt 1.000000 0.533333
vt 0.000000 0.600000
vt 1.000000 0.600000
vt 0.000000 0.666667
vt 1.000000 0.666667
vt 0.000000 0.733333
vt 1.000000 0.733333
vt 0.000000 0.800000
vt 1.000000 0.800000
vt 0.000000 0.866667
vt 1.000000 0.866667
vt 0.000000 0.933333
vt 1.000000 0.933333
vt 0.000000 1.000000
vt 1.000000 1.000000
vt 0.000000 0.000000
vt 1.000000 0.000000
vt 0.000000 0.066667
vt 1.000000 0.066667
vt 0.000000 0.133333
vt 1.000000 0.133333
vt 0.000000 0.200000
vt 1.000000 0.200000
vt 0.000000 0.266667
vt 1.000000 0.266667
vt 0.000000 0.333333
vt 1.000000 0.333333
vt 0.000000 0.400000
vt 1.000000 0.400000
vt 0.000000 0.466667
vt 1.000000 0.466667
vt 0.000000 0.533333
vt 1.000000 0.533333
vt 0.000000 0.600000
vt 1.000000 0.600000
vt 0.000000 0.666667
vt 1.000000 0.666667
vt 0.000000 0.733333
vt 1.000000 0.733333
vt 0.000000 0.800000
vt 1.000000 0.800000
vt 0.000000 0.866667
vt 1.000000 0.866667
vt 0.000000 0.933333
vt 1.000000 0.933333
vt 0.000000 1.000000
vt 1.000000 1.000000
vt 0.000000 0.000000
vt 1.000000 0.000000
vt 0.000000 0.066667
vt 1.000000 0.066667
vt 0.000000 0.133333
vt 1.000000 0.133333
vt 0.000000 0.200000
vt 1.000000 0.200000
vt 0.000000 0.266667
vt 1.000000 0.266667
vt 0.000000 0.333333
vt 1.000000 0.333333
vt 0.000000 0.400000
vt 1.000000 0.400000
vt 0.000000 0.466667
vt 1.000000 0.466667
vt 0.000000 0.533333
vt 1.000000 0.533333
vt 0.000000 0.600000
vt 1.000000 0.600000
vt 0.000000 0.666667
vt 1.000000 0.666667
vt 0.000000 0.733333
vt 1.000000 0.733333
vt 0.000000 0.800000
vt 1.000000 0.800000
vt 0.000000 0.866667
vt 1.000000 0.866667
vt 0.000000 0.933333
vt 1.000000 0.933333
vt 0.000000 1.000000
vt 1.000000 1.000000
vt 0.000000 0.000000
vt 1.000000 0.000000
vt 0.000000 0.066667
vt 1.000000 0.066667
vt 0.000000 0.133333
vt 1.000000 0.133333
vt 0.000000 0.200000
vt 1.000000 0.200000
vt 0.000000 0.266667
vt 1.000000 0.266667
vt 0.000000 0.333333
vt 1.000000 0.333333
vt 0.000000 0.400000
vt 1.000000 0.400000
vt 0.000000 0.466667
vt 1.000000 0.466667
vt 0.000000 0.533333
vt 1.000000 0.533333
vt 0.000000 0.600000
vt 1.000000 0.600000
vt 0.000000 0.666667
vt 1.000000 0.666667
vt 0.000000 0.733333
vt 1.000000 0.733333
vt 0.000000 0.800000
vt 1.000000 0.800000
vt 0.000000 0.866667
vt 1.000000 0.866667
vt 0.000000 0.933333
vt 1.000000 0.933333
vt 0.000000 1.000000
vt 1.000000 1.000000
vt 0.000000 0.000000
vt 1.000000 0.000000
vt 0.000000 0.066667
vt 1.000000 0.066667
vt 0.000000 0.133333
vt 1.000000 0.133333
vt 0.000000 0.200000
vt 1.000000 0.200000
vt 0.000000 0.266667
vt 1.000000 0.266667
vt 0.000000 0.333333
vt 1.000000 0.333333
vt 0.000000 0.400000
vt 1.000000 0.400000
vt 0.000000 0.466667
vt 1.000000 0.466667
vt 0.000000 0.533333
vt 1.000000 0.533333
vt 0.000000 0.600000
vt 1.000000 0.600000
vt 0.000000 0.666667
vt 1.000000 0.666667
vt 0.000000 0.733333
vt 1.000000 0.733333
vt 0.000000 0.800000
vt 1.000000 0.800000
vt 0.000000 0.866667
vt 1.000000 0.866667
vt 0.000000 0.933333
vt 1.000000 0.933333
vt 0.000000 1.000000
vt 1.000000 1.000000
vt 0.000000 0.000000
vt 1.000000 0.000000
vt 0.000000 0.066667
vt 1.000000 0.066667
vt 0.000000 0.133333
vt 1.000000 0.133333
vt 0.000000 0.200000
vt 1.000000 0.200000
vt 0.000000 0.266667
vt 1.000000 0.266667
vt 0.000000 0.333333
vt 1.000000 0.333333
vt 0.000000 0.400000
vt 1.000000 0.400000
vt 0.000000 0.466667
vt 1.000000 0.466667
vt 0.000000 0.533333
vt 1.000000 0.533333
vt 0.000000 0.600000
vt 1.000000 0.600000
vt 0.000000 0.666667
vt 1.000000 0.666667
vt 0.000000 0.733333
vt 1.000000 0.733333
vt 0.000000 0.800000
vt 1.000000 0.800000
vt 0.000000 0.866667
vt 1.000000 0.866667
vt 0.000000 0.933333
vt 1.000000 0.933333
vt 0.000000 1.000000
vt 1.000000 1.000000
vt 0.000000 0.000000
vt 1.000000 0.000000
vt 0.000000 0.066667
vt 1.000000 0.066667
vt 0.000000 0.133333
vt 1.000000 0.133333
vt 0.000000 0.200000
vt 1.000000 0.200000
vt 0.000000 0.266667
vt 1.000000 0.266667
vt 0.000000 0.333333
vt 1.000000 0.333333
vt 0.000000 0.400000
vt 1.000000 0.400000
vt 0.000000 0.466667
vt 1.000000 0.466667
vt 0.000000 0.533333
vt 1.000000 0.533333
vt 0.000000 0.600000
vt 1.000000 0.600000
vt 0.000000 0.666667
vt 1.000000 0.666667
vt 0.000000 0.733333
vt 1.000000 0.733333
vt 0.000000 0.800000
vt 1.000000 0.800000
vt 0.000000 0.866667
vt 1.000000 0.866667
vt 0.000000 0.933333
vt 1.000000 0.933333
vt 0.000000 1.000000
vt 1.000000 1.000000
vt 0.000000 0.000000
vt 1.000000 0.000000
vt 0.000000 0.066667
vt 1.000000 0.066667
vt 0.000000 0.133333
vt 1.000000 0.133333
vt 0.000000 0.200000
vt 1.000000 0.200000
vt 0.000000 0.266667
vt 1.000000 0.266667
vt 0.000000 0.333333
vt 1.000000 0.333333
vt 0.000000 0.400000
vt 1.000000 0.400000
vt 0.000000 0.466667
vt 1.000000 0.466667
vt 0.000000 0.533333
vt 1.000000 0.533333
vt 0.000000 0.600000
vt 1.000000 0.600000
vt 0.000000 0.666667
vt 1.000000 0.666667
vt 0.000000 0.733333
vt 1.000000 0.733333
vt 0.000000 0.800000
vt 1.000000 0.800000
vt 0.000000 0.866667
vt 1.000000 0.866667
vt 0.000000 0.933333
vt 1.000000 0.933333
vt 0.000000 1.000000
vt 1.000000 1.000000
vt 0.000000 0.000000
vt 1.000000 0.000000
vt 0.000000 0.066667
vt 1.000000 0.066667
vt 0.000000 0.133333
vt 1.000000 0.133333
vt 0.000000 0.200000
vt 1.000000 0.200000
vt 0.000000 0.266667
vt 1.000000 0.266667
vt 0.000000 0.333333
vt 1.000000 0.333333
vt 0.000000 0.400000
vt 1.000000 0.400000
vt 0.000000 0.466667
vt 1.000000 0.466667
vt 0.000000 0.533333
vt 1.000000 0.533333
vt 0.000000 0.600000
vt 1.000000 0.600000
vt 0.000000 0.666667
vt 1.000000 0.666667
vt 0.000000 0.733333
vt 1.000000 0.733333
vt 0.000000 0.800000
vt 1.000000 0.800000
vt 0.000000 0.866667
vt 1.000000 0.866667
vt 0.000000 0.933333
vt 1.000000 0.933333
vt 0.000000 1.000000
vt 1.000000 1.000000
vt 0.000000 0.000000
vt 1.000000 0.000000
vt 0.000000 0.066667
vt 1.000000 0.066667
vt 0.000000 0.133333
vt 1.000000 0.133333
vt 0.000000 0.200000
vt 1.000000 0.200000
vt 0.000000 0.266667
vt 1.000000 0.266667
vt 0.000000 0.333333
vt 1.000000 0.333333
vt 0.000000 0.400000
vt 1.000000 0.400000
vt 0.000000 0.466667
vt 1.000000 0.466667
vt 0.000000 0.533333
vt 1.000000 0.533333
vt 0.000000 0.600000
vt 1.000000 0.600000
vt 0.000000 0.666667
vt 1.000000 0.666667
vt 0.000000 0.733333
vt 1.000000 0.733333
vt 0.000000 0.800000
vt 1.000000 0.800000
vt 0.000000 0.866667
vt 1.000000 0.866667
vt 0.000000 0.933333
vt 1.000000 0.933333
vt 0.000000 1.000000
vt 1.000000 1.000000
vt 0.000000 0.000000
vt 1.000000 0.000000
vt 0.000000 0.066667
vt 1.000000 0.066667
vt 0.000000 0.133333
vt 1.000000 0.133333
vt 0.000000 0.200000
vt 1.000000 0.200000
vt 0.000000 0.266667
vt 1.000000 0.266667
vt 0.000000 0.333333
vt 1.000000 0.333333
vt 0.000000 0.400000
vt 1.000000 0.400000
vt 0.000000 0.466667
vt 1.000000 0.466667
vt 0.000000 0.533333
vt 1.000000 0.533333
vt 0.000000 0.600000
vt 1.000000 0.600000
vt 0.000000 0.666667
vt 1.000000 0.666667
vt 0.000000 0.733333
vt 1.000000 0.733333
vt 0.000000 0.800000
vt 1.000000 0.800000
vt 0.000000 0.866667
vt 1.000000 0.866667
vt 0.000000 0.933333
vt 1.000000 0.933333
vt 0.000000 1.000000
vt 1.000000 1.000000
vt 0.000000 0.000000
vt 1.000000 0.000000
vt 0.000000 0.066667
vt 1.000000 0.066667
vt 0.000000 0.133333
vt 1.000000 0.133333
vt 0.000000 0.200000
vt 1.000000 0.200000
vt 0.000000 0.266667
vt 1.000000 0.266667
vt 0.000000 0.333333
vt 1.000000 0.333333
vt 0.000000 0.400000
vt 1.000000 0.400000
vt 0.000000 0.466667
vt 1.000000 0.466667
vt 0.000000 0.533333
vt 1.000000 0.533333
vt 0.000000 0.600000
vt 1.000000 0.600000
vt 0.000000 0.666667
vt 1.000000 0.666667
vt 0.000000 0.733333
vt 1.000000 0.733333
vt 0.000000 0.800000
vt 1.000000 0.800000
vt 0.000000 0.866667
vt 1.000000 0.866667
vt 0.000000 0.933333
vt 1.000000 0.933333
vt 0.000000 1.000000
vt 1.000000 1.000000
vt 0.000000 0.000000
vt 1.000000 0.000000
vt 0.000000 0.066667
vt 1.000000 0.066667
vt 0.000000 0.133333
vt 1.000000 0.133333
vt 0.000000 0.200000
vt 1.000000 0.200000
vt 0.000000 0.266667
vt 1.000000 0.266667
vt 0.000000 0.333333
vt 1.000000 0.333333
vt 0.000000 0.400000
vt 1.000000 0.400000
vt 0.000000 0.466667
vt 1.000000 0.466667
vt 0.000000 0.533333
vt 1.000000 0.533333
vt 0.000000 0.600000
vt 1.000000 0.600000
vt 0.000000 0.666667
vt 1.000000 0.666667
vt 0.000000 0.733333
vt 1.000000 0.733333
vt 0.000000 0.800000
vt 1.000000 0.800000
vt 0.000000 0.866667
vt 1.000000 0.866667
vt 0.000000 0.933333
vt 1.000000 0.933333
vt 0.000000 1.000000
vt 1.000000 1.000000
vt 0.000000 0.000000
vt 1.000000 0.000000
vt 0.000000 0.066667
vt 1.000000 0.066667
vt 0.000000 0.133333
vt 1.000000 0.133333
vt 0.000000 0.200000
vt 1.000000 0.200000
vt 0.000000 0.266667
vt 1.000000 0.266667
vt 0.000000 0.333333
vt 1.000000 0.333333
vt 0.000000 0.400000
vt 1.000000 0.400000
vt 0.000000 0.466667
vt 1.000000 0.466667
vt 0.000000 0.533333
vt 1.000000 0.533333
vt 0.000000 0.600000
vt 1.000000 0.600000
vt 0.000000 0.666667
vt 1.000000 0.666667
vt 0.000000 0.733333
vt 1.000000 0.733333
vt 0.000000 0.800000
vt 1.000000 0.800000
vt 0.000000 0.866667
vt 1.000000 0.866667
vt 0.000000 0.933333
vt 1.000000 0.933333
vt 0.000000 1.000000
vt 1.000000 1.000000
vt 0.000000 0.000000
vt 1.000000 0.000000
vt 0.000000 0.066667
vt 1.000000 0.066667
vt 0.000000 0.133333
vt 1.000000 0.133333
vt 0.000000 0.200000
vt 1.000000 0.200000
vt 0.000000 0.266667
vt 1.000000 0.266667
vt 0.000000 0.333333
vt 1.000000 0.333333
vt 0.000000 0.400000
vt 1.000000 0.400000
vt 0.000000 0.466667
vt 1.000000 0.466667
vt 0.000000 0.533333
vt 1.000000 0.533333
vt 0.000000 0.600000
vt 1.000000 0.600000
vt 0.000000 0.666667
vt 1.000000 0.666667
vt 0.000000 0.733333
vt 1.000000 0.733333
vt 0.000000 0.800000
vt 1.000000 0.800000
vt 0.000000 0.866667
vt 1.000000 0.866667
vt 0.000000 0.933333
vt 1.000000 0.933333
vt 0.000000 1.000000
vt 1.000000 1.000000
vt 0.000000 0.000000
vt 1.000000 0.000000
vt 0.000000 0.066667
vt 1.000000 0.066667
vt 0.000000 0.133333
vt 1.000000 0.133333
vt 0.000000 0.200000
vt 1.000000 0.200000
vt 0.000000 0.266667
vt 1.000000 0.266667
vt 0.000000 0.333333
vt 1.000000 0.333333
vt 0.000000 0.400000
vt 1.000000 0.400000
vt 0.000000 0.466667
vt 1.000000 0.466667
vt 0.000000 0.533333
vt 1.000000 0.533333
vt 0.000000 0.600000
vt 1.000000 0.600000
vt 0.000000 0.666667
vt 1.000000 0.666667
vt 0.000000 0.733333
vt 1.000000 0.733333
vt 0.000000 0.800000
vt 1.000000 0.800000
vt 0.000000 0.866667
vt 1.000000 0.866667
vt 0.000000 0.933333
vt 1.000000 0.933333
vt 0.000000 1.000000
vt 1.000000 1.000000
vt 0.000000 0.000000
vt 1.000000 0.000000
vt 0.000000 0.066667
vt 1.000000 0.066667
vt 0.000000 0.133333
vt 1.000000 0.133333
vt 0.000000 0.200000
vt 1.000000 0.200000
vt 0.000000 0.266667
vt 1.000000 0.266667
vt 0.000000 0.333333
vt 1.000000 0.333333
vt 0.000000 0.400000
vt 1.000000 0.400000
vt 0.000000 0.466667
vt 1.000000 0.466667
vt 0.000000 0.533333
vt 1.000000 0.533333
vt 0.000000 0.600000
vt 1.000000 0.600000
vt 0.000000 0.666667
vt 1.000000 0.666667
vt 0.000000 0.733333
vt 1.000000 0.733333
vt 0.000000 0.800000
vt 1.000000 0.800000
vt 0.000000 0.866667
vt 1.000000 0.866667
vt 0.000000 0.933333
vt 1.000000 0.933333
vt 0.000000 1.000000
vt 1.000000 1.000000
vt 0.000000 0.000000
vt 1.000000 0.000000
vt 0.000000 0.066667
vt 1.000000 0.066667
vt 0.000000 0.133333
vt 1.000000 0.133333
vt 0.000000 0.200000
vt 1.000000 0.200000
vt 0.000000 0.266667
vt 1.000000 0.266667
vt 0.000000 0.333333
vt 1.000000 0.333333
vt 0.000000 0.400000
vt 1.000000 0.400000
vt 0.000000 0.466667
vt 1.000000 0.466667
vt 0.000000 0.533333
vt 1.000000 0.533333
vt 0.000000 0.600000
vt 1.000000 0.600000
vt 0.000000 0.666667
vt 1.000000 0.666667
vt 0.000000 0.733333
vt 1.000000 0.733333
vt 0.000000 0.800000
vt 1.000000 0.800000
vt 0.000000 0.866667
vt 1.000000 0.866667
vt 0.000000 0.933333
vt 1.000000 0.933333
vt 0.000000 1.000000
vt 1.000000 1.000000
vt 0.000000 0.000000
vt 1.000000 0.000000
vt 0.000000 0.066667
vt 1.000000 0.066667
vt 0.000000 0.133333
vt 1.000000 0.133333
vt 0.000000 0.200000
vt 1.000000 0.200000
vt 0.000000 0.266667
vt 1.000000 0.266667
vt 0.000000 0.333333
vt 1.000000 0.333333
vt 0.000000 0.400000
vt 1.000000 0.400000
vt 0.000000 0.466667
vt 1.000000 0.466667
vt 0.000000 0.533333
vt 1.000000 0.533333
vt 0.000000 0.600000
vt 1.000000 0.600000
vt 0.000000 0.666667
vt 1.000000 0.666667
vt 0.000000 0.733333
vt 1.000000 0.733333
vt 0.000000 0.800000
vt 1.000000 0.800000
vt 0.000000 0.866667
vt 1.000000 0.866667
vt 0.000000 0.933333
vt 1.000000 0.933333
vt 0.000000 1.000000
vt 1.000000 1.000000
vt 0.000000 0.000000
vt 1.000000 0.000000
vt 0.000000 0.066667
vt 1.000000 0.066667
vt 0.000000 0.133333
vt 1.000000 0.133333
vt 0.000000 0.200000
vt 1.000000 0.200000
vt 0.000000 0.266667
vt 1.000000 0.266667
vt 0.000000 0.333333
vt 1.000000 0.333333
vt 0.000000 0.400000
vt 1.000000 0.400000
vt 0.000000 0.466667
vt 1.000000 0.466667
vt 0.000000 0.533333
vt 1.000000 0.533333
vt 0.000000 0.600000
vt 1.000000 0.600000
vt 0.000000 0.666667
vt 1.000000 0.666667
vt 0.000000 0.733333
vt 1.000000 0.733333
vt 0.000000 0.800000
vt 1.000000 0.800000
vt 0.000000 0.866667
vt 1.000000 0.866667
vt 0.000000 0.933333
vt 1.000000 0.933333
vt 0.000000 1.000000
vt 1.000000 1.000000
vt 0.000000 0.000000
vt 1.000000 0.000000
vt 0.000000 0.066667
vt 1.000000 0.066667
vt 0.000000 0.133333
vt 1.000000 0.133333
vt 0.000000 0.200000
vt 1.000000 0.200000
vt 0.000000 0.266667
vt 1.000000 0.266667
vt 0.000000 0.333333
vt 1.000000 0.333333
vt 0.000000 0.400000
vt 1.000000 0.400000
vt 0.000000 0.466667
vt 1.000000 0.466667
vt 0.000000 0.533333
vt 1.000000 0.533333
vt 0.000000 0.600000
vt 1.000000 0.600000
vt 0.000000 0.666667
vt 1.000000 0.666667
vt 0.000000 0.733333
vt 1.000000 0.733333
vt 0.000000 0.800000
vt 1.000000 0.800000
vt 0.000000 0.866667
vt 1.000000 0.866667
vt 0.000000 0.933333
vt 1.000000 0.933333
vt 0.000000 1.000000
vt 1.000000 1.000000
vt 0.000000 0.000000
vt 1.000000 0.000000
vt 0.000000 0.066667
vt 1.000000 0.066667
vt 0.000000 0.133333
vt 1.000000 0.133333
vt 0.000000 0.200000
vt 1.000000 0.200000
vt 0.000000 0.266667
vt 1.000000 0.266667
vt 0.000000 0.333333
vt 1.000000 0.333333
vt 0.000000 0.400000
vt 1.000000 0.400000
vt 0.000000 0.466667
vt 1.000000 0.466667
vt 0.000000 0.533333
vt 1.000000 0.533333
vt 0.000000 0.600000
vt 1.000000 0.600000
vt 0.000000 0.666667
vt 1.000000 0.666667
vt 0.000000 0.733333
vt 1.000000 0.733333
vt 0.000000 0.800000
vt 1.000000 0.800000
vt 0.000000 0.866667
vt 1.000000 0.866667
vt 0.000000 0.933333
vt 1.000000 0.933333
vt 0.000000 1.000000
vt 1.000000 1.000000
vt 0.000000 0.000000
vt 1.000000 0.000000
vt 0.000000 0.066667
vt 1.000000 0.066667
vt 0.000000 0.133333
vt 1.000000 0.133333
vt 0.000000 0.200000
vt 1.000000 0.200000
vt 0.000000 0.266667
vt 1.000000 0.266667
vt 0.000000 0.333333
vt 1.000000 0.333333
vt 0.000000 0.400000
vt 1.000000 0.400000
vt 0.000000 0.466667
vt 1.000000 0.466667
vt 0.000000 0.533333
vt 1.000000 0.533333
vt 0.000000 0.600000
vt 1.000000 0.600000
vt 0.000000 0.666667
vt 1.000000 0.666667
vt 0.000000 0.733333
vt 1.000000 0.733333
vt 0.000000 0.800000
vt 1.000000 0.800000
vt 0.000000 0.866667
vt 1.000000 0.866667
vt 0.000000 0.933333
vt 1.000000 0.933333
vt 0.000000 1.000000
vt 1.000000 1.000000
vt 0.000000 0.000000
vt 1.000000 0.000000
vt 0.000000 0.066667
vt 1.000000 0.066667
vt 0.000000 0.133333
vt 1.000000 0.133333
vt 0.000000 0.200000
vt 1.000000 0.200000
vt 0.000000 0.266667
vt 1.000000 0.266667
vt 0.000000 0.333333
vt 1.000000 0.333333
vt 0.000000 0.400000
vt 1.000000 0.400000
vt 0.000000 0.466667
vt 1.000000 0.466667
vt 0.000000 0.533333
vt 1.000000 0.533333
vt 0.000000 0.600000
vt 1.000000 0.600000
vt 0.000000 0.666667
vt 1.000000 0.666667
vt 0.000000 0.733333
vt 1.000000 0.733333
vt 0.000000 0.800000
vt 1.000000 0.800000
vt 0.000000 0.866667
vt 1.000000 0.866667
vt 0.000000 0.933333
vt 1.000000 0.933333
vt 0.000000 1.000000
vt 1.000000 1.000000
vt 0.000000 0.000000
vt 1.000000 0.000000
vt 0.000000 0.066667
vt 1.000000 0.066667
vt 0.000000 0.133333
vt 1.000000 0.133333
vt 0.000000 0.200000
vt 1.000000 0.200000
vt 0.000000 0.266667
vt 1.000000 0.266667
vt 0.000000 0.333333
vt 1.000000 0.333333
vt 0.000000 0.400000
vt 1.000000 0.400000
vt 0.000000 0.466667
vt 1.000000 0.466667
vt 0.000000 0.533333
vt 1.000000 0.533333
vt 0.000000 0.600000
vt 1.000000 0.600000
vt 0.000000 0.666667
vt 1.000000 0.666667
vt 0.000000 0.733333
vt 1.000000 0.733333
vt 0.000000 0.800000
vt 1.000000 0.800000
vt 0.000000 0.866667
vt 1.000000 0.866667
vt 0.000000 0.933333
vt 1.000000 0.933333
vt 0.000000 1.000000
vt 1.000000 1.000000
vt 0.000000 0.000000
vt 1.000000 0.000000
vt 0.000000 0.066667
vt 1.000000 0.066667
vt 0.000000 0.133333
vt 1.000000 0.133333
vt 0.000000 0.200000
vt 1.000000 0.200000
vt 0.000000 0.266667
vt 1.000000 0.266667
vt 0.000000 0.333333
vt 1.000000 0.333333
vt 0.000000 0.400000
vt 1.000000 0.400000
vt 0.000000 0.466667
vt 1.000000 0.466667
vt 0.000000 0.533333
vt 1.000000 0.533333
vt 0.000000 0.600000
vt 1.000000 0.600000
vt 0.000000 0.666667
vt 1.000000 0.666667
vt 0.000000 0.733333
vt 1.000000 0.733333
vt 0.000000 0.800000
vt 1.000000 0.800000
vt 0.000000 0.866667
vt 1.000000 0.866667
vt 0.000000 0.933333
vt 1.000000 0.933333
vt 0.000000 1.000000
vt 1.000000 1.000000
vt 0.000000 0.000000
vt 1.000000 0.000000
vt 0.000000 0.066667
vt 1.000000 0.066667
vt 0.000000 0.133333
vt 1.000000 0.133333
vt 0.000000 0.200000
vt 1.000000 0.200000
vt 0.000000 0.266667
vt 1.000000 0.266667
vt 0.000000 0.333333
vt 1.000000 0.333333
vt 0.000000 0.400000
vt 1.000000 0.400000
vt 0.000000 0.466667
vt 1.000000 0.466667
vt 0.000000 0.533333
vt 1.000000 0.533333
vt 0.000000 0.600000
vt 1.000000 0.600000
vt 0.000000 0.666667
vt 1.000000 0.666667
vt 0.000000 0.733333
vt 1.000000 0.733333
vt 0.000000 0.800000
vt 1.000000 0.800000
vt 0.000000 0.866667
vt 1.000000 0.866667
vt 0.000000 0.933333
vt 1.000000 0.933333
vt 0.000000 1.000000
vt 1.000000 1.000000
vt 0.000000 0.000000
vt 1.000000 0.000000
vt 0.000000 0.066667
vt 1.000000 0.066667
vt 0.000000 0.133333
vt 1.000000 0.133333
vt 0.000000 0.200000
vt 1.000000 0.200000
vt 0.000000 0.266667
vt 1.000000 0.266667
vt 0.000000 0.333333
vt 1.000000 0.333333
vt 0.000000 0.400000
vt 1.000000 0.400000
vt 0.000000 0.466667
vt 1.000000 0.466667
vt 0.000000 0.533333
vt 1.000000 0.533333
vt 0.000000 0.600000
vt 1.000000 0.600000
vt 0.000000 0.666667
vt 1.000000 0.666667
vt 0.000000 0.733333
vt 1.000000 0.733333
vt 0.000000 0.800000
vt 1.000000 0.800000
vt 0.000000 0.866667
vt 1.000000 0.866667
vt 0.000000 0.933333
vt 1.000000 0.933333
vt 0.000000 1.000000
vt 1.000000 1.000000
vt 0.000000 0.000000
vt 1.000000 0.000000
vt 0.000000 0.066667
vt 1.000000 0.066667
vt 0.000000 0.133333
vt 1.000000 0.133333
vt 0.000000 0.200000
vt 1.000000 0.200000
vt 0.000000 0.266667
vt 1.000000 0.266667
vt 0.000000 0.333333
vt 1.000000 0.333333
vt 0.000000 0.400000
vt 1.000000 0.400000
vt 0.000000 0.466667
vt 1.000000 0.466667
vt 0.000000 0.533333
vt 1.000000 0.533333
vt 0.000000 0.600000
vt 1.000000 0.600000
vt 0.000000 0.666667
vt 1.000000 0.666667
vt 0.000000 0.733333
vt 1.000000 0.733333
vt 0.000000 0.800000
vt 1.000000 0.800000
vt 0.000000 0.866667
vt 1.000000 0.866667
vt 0.000000 0.933333
vt 1.000000 0.933333
vt 0.000000 1.000000
vt 1.000000 1.000000
vt 0.000000 0.000000
vt 1.000000 0.000000
vt 0.000000 0.066667
vt 1.000000 0.066667
vt 0.000000 0.133333
vt 1.000000 0.133333
vt 0.000000 0.200000
vt 1.000000 0.200000
vt 0.000000 0.266667
vt 1.000000 0.266667
vt 0.000000 0.333333
vt 1.000000 0.333333
vt 0.000000 0.400000
vt 1.000000 0.400000
vt 0.000000 0.466667
vt 1.000000 0.466667
vt 0.000000 0.533333
vt 1.000000 0.533333
vt 0.000000 0.600000
vt 1.000000 0.600000
vt 0.000000 0.666667
vt 1.000000 0.666667
vt 0.000000 0.733333
vt 1.000000 0.733333
vt 0.000000 0.800000
vt 1.000000 0.800000
vt 0.000000 0.866667
vt 1.000000 0.866667
vt 0.000000 0.933333
vt 1.000000 0.933333
vt 0.000000 1.000000
vt 1.000000 1.000000
vt 0.000000 0.000000
vt 1.000000 0.000000
vt 0.000000 0.066667
vt 1.000000 0.066667
vt 0.000000 0.133333
vt 1.000000 0.133333
vt 0.000000 0.200000
vt 1.000000 0.200000
vt 0.000000 0.266667
vt 1.000000 0.266667
vt 0.000000 0.333333
vt 1.000000 0.333333
vt 0.000000 0.400000
vt 1.000000 0.400000
vt 0.000000 0.466667
vt 1.000000 0.466667
vt 0.000000 0.533333
vt 1.000000 0.533333
vt 0.000000 0.600000
vt 1.000000 0.600000
vt 0.000000 0.666667
vt 1.000000 0.666667
vt 0.000000 0.733333
vt 1.000000 0.733333
vt 0.000000 0.800000
vt 1.000000 0.800000
vt 0.000000 0.866667
vt 1.000000 0.866667
vt 0.000000 0.933333
vt 1.000000 0.933333
vt 0.000000 1.000000
vt 1.000000 1.000000
vt 0.000000 0.000000
vt 1.000000 0.000000
vt 0.000000 0.066667
vt 1.000000 0.066667
vt 0.000000 0.133333
vt 1.000000 0.133333
vt 0.000000 0.200000
vt 1.000000 0.200000
vt 0.000000 0.266667
vt 1.000000 0.266667
vt 0.000000 0.333333
vt 1.000000 0.333333
vt 0.000000 0.400000
vt 1.000000 0.400000
vt 0.000000 0.466667
vt 1.000000 0.466667
vt 0.000000 0.533333
vt 1.000000 0.533333
vt 0.000000 0.600000
vt 1.000000 0.600000
vt 0.000000 0.666667
vt 1.000000 0.666667
vt 0.000000 0.733333
vt 1.000000 0.733333
vt 0.000000 0.800000
vt 1.000000 0.800000
vt 0.000000 0.866667
vt 1.000000 0.866667
vt 0.000000 0.933333
vt 1.000000 0.933333
vt 0.000000 1.000000
vt 1.000000 1.000000
vt 0.000000 0.000000
vt 1.000000 0.000000
vt 0.000000 0.066667
vt 1.000000 0.066667
vt 0.000000 0.133333
vt 1.000000 0.133333
vt 0.000000 0.200000
vt 1.000000 0.200000
vt 0.000000 0.266667
vt 1.000000 0.266667
vt 0.000000 0.333333
vt 1.000000 0.333333
vt 0.000000 0.400000
vt 1.000000 0.400000
vt 0.000000 0.466667
vt 1.000000 0.466667
vt 0.000000 0.533333
vt 1.000000 0.533333
vt 0.000000 0.600000
vt 1.000000 0.600000
vt 0.000000 0.666667
vt 1.000000 0.666667
vt 0.000000 0.733333
vt 1.000000 0.733333
vt 0.000000 0.800000
vt 1.000000 0.800000
vt 0.000000 0.866667
vt 1.000000 0.866667
vt 0.000000 0.933333
vt 1.000000 0.933333
vt 0.000000 1.000000
vt 1.000000 1.000000
vt 0.000000 0.000000
vt 1.000000 0.000000
vt 0.000000 0.066667
vt 1.000000 0.066667
vt 0.000000 0.133333
vt 1.000000 0.133333
vt 0.000000 0.200000
vt 1.000000 0.200000
vt 0.000000 0.266667
vt 1.000000 0.266667
vt 0.000000 0.333333
vt 1.000000 0.333333
vt 0.000000 0.400000
vt 1.000000 0.400000
vt 0.000000 0.466667
vt 1.000000 0.466667
vt 0.000000 0.533333
vt 1.000000 0.533333
vt 0.000000 0.600000
vt 1.000000 0.600000
vt 0.000000 0.666667
vt 1.000000 0.666667
vt 0.000000 0.733333
vt 1.000000 0.733333
vt 0.000000 0.800000
vt 1.000000 0.800000
vt 0.000000 0.866667
vt 1.000000 0.866667
vt 0.000000 0.933333
vt 1.000000 0.933333
vt 0.000000 1.000000
vt 1.000000 1.000000
vt 0.000000 0.000000
vt 1.000000 0.000000
vt 0.000000 0.066667
vt 1.000000 0.066667
vt 0.000000 0.133333
vt 1.000000 0.133333
vt 0.000000 0.200000
vt 1.000000 0.200000
vt 0.000000 0.266667
vt 1.000000 0.266667
vt 0.000000 0.333333
vt 1.000000 0.333333
vt 0.000000 0.400000
vt 1.000000 0.400000
vt 0.000000 0.466667
vt 1.000000 0.466667
vt 0.000000 0.533333
vt 1.000000 0.533333
vt 0.000000 0.600000
vt 1.000000 0.600000
vt 0.000000 0.666667
vt 1.000000 0.666667
vt 0.000000 0.733333
vt 1.000000 0.733333
vt 0.000000 0.800000
vt 1.000000 0.800000
vt 0.000000 0.866667
vt 1.000000 0.866667
vt 0.000000 0.933333
vt 1.000000 0.933333
vt 0.000000 1.000000
vt 1.000000 1.000000
vt 0.000000 0.000000
vt 1.000000 0.000000
vt 0.000000 0.066667
vt 1.000000 0.066667
vt 0.000000 0.133333
vt 1.000000 0.133333
vt 0.000000 0.200000
vt 1.000000 0.200000
vt 0.000000 0.266667
vt 1.000000 0.266667
vt 0.000000 0.333333
vt 1.000000 0.333333
vt 0.000000 0.400000
vt 1.000000 0.400000
vt 0.000000 0.466667
vt 1.000000 0.466667
vt 0.000000 0.533333
vt 1.000000 0.533333
vt 0.000000 0.600000
vt 1.000000 0.600000
vt 0.000000 0.666667
vt 1.000000 0.666667
vt 0.000000 0.733333
vt 1.000000 0.733333
vt 0.000000 0.800000
vt 1.000000 0.800000
vt 0.000000 0.866667
vt 1.000000 0.866667
vt 0.000000 0.933333
vt 1.000000 0.933333
vt 0.000000 1.000000
vt 1.000000 1.000000
vt 0.000000 0.000000
vt 1.000000 0.000000
vt 0.000000 0.066667
vt 1.000000 0.066667
vt 0.000000 0.133333
vt 1.000000 0.133333
vt 0.000000 0.200000
vt 1.000000 0.200000
vt 0.000000 0.266667
vt 1.000000 0.266667
vt 0.000000 0.333333
vt 1.000000 0.333333
vt 0.000000 0.400000
vt 1.000000 0.400000
vt 0.000000 0.466667
vt 1.000000 0.466667
vt 0.000000 0.533333
vt 1.000000 0.533333
vt 0.000000 0.600000
vt 1.000000 0.600000
vt 0.000000 0.666667
vt 1.000000 0.666667
vt 0.000000 0.733333
vt 1.000000 0.733333
vt 0.000000 0.800000
vt 1.000000 0.800000
vt 0.000000 0.866667
vt 1.000000 0.866667
vt 0.000000 0.933333
vt 1.000000 0.933333
vt 0.000000 1.000000
vt 1.000000 1.000000
vt 0.000000 0.000000
vt 1.000000 0.000000
vt 0.000000 0.066667
vt 1.000000 0.066667
vt 0.000000 0.133333
vt 1.000000 0.133333
vt 0.000000 0.200000
vt 1.000000 0.200000
vt 0.000000 0.266667
vt 1.000000 0.266667
vt 0.000000 0.333333
vt 1.000000 0.333333
vt 0.000000 0.400000
vt 1.000000 0.400000
vt 0.000000 0.466667
vt 1.000000 0.466667
vt 0.000000 0.533333
vt 1.000000 0.533333
vt 0.000000 0.600000
vt 1.000000 0.600000
vt 0.000000 0.666667
vt 1.000000 0.666667
vt 0.000000 0.733333
vt 1.000000 0.733333
vt 0.000000 0.800000
vt 1.000000 0.800000
vt 0.000000 0.866667
vt 1.000000 0.866667
vt 0.000000 0.933333
vt 1.000000 0.933333
vt 0.000000 1.000000
vt 1.000000 1.000000
vt 0.000000 0.000000
vt 1.000000 0.000000
vt 0.000000 0.066667
vt 1.000000 0.066667
vt 0.000000 0.133333
vt 1.000000 0.133333
vt 0.000000 0.200000
vt 1.000000 0.200000
vt 0.000000 0.266667
vt 1.000000 0.266667
vt 0.000000 0.333333
vt 1.000000 0.333333
vt 0.000000 0.400000
vt 1.000000 0.400000
vt 0.000000 0.466667
vt 1.000000 0.466667
vt 0.000000 0.533333
vt 1.000000 0.533333
vt 0.000000 0.600000
vt 1.000000 0.600000
vt 0.000000 0.666667
vt 1.000000 0.666667
vt 0.000000 0.733333
vt 1.000000 0.733333
vt 0.000000 0.800000
vt 1.000000 0.800000
vt 0.000000 0.866667
vt 1.000000 0.866667
vt 0.000000 0.933333
vt 1.000000 0.933333
vt 0.000000 1.000000
vt 1.000000 1.000000
vt 0.000000 0.000000
vt 1.000000 0.000000
vt 0.000000 0.066667
vt 1.000000 0.066667
vt 0.000000 0.133333
vt 1.000000 0.133333
vt 0.000000 0.200000
vt 1.000000 0.200000
vt 0.000000 0.266667
vt 1.000000 0.266667
vt 0.000000 0.333333
vt 1.000000 0.333333
vt 0.000000 0.400000
vt 1.000000 0.400000
vt 0.000000 0.466667
vt 1.000000 0.466667
vt 0.000000 0.533333
vt 1.000000 0.533333
vt 0.000000 0.600000
vt 1.000000 0.600000
vt 0.000000 0.666667
vt 1.000000 0.666667
vt 0.000000 0.733333
vt 1.000000 0.733333
vt 0.000000 0.800000
vt 1.000000 0.800000
vt 0.000000 0.866667
vt 1.000000 0.866667
vt 0.000000 0.933333
vt 1.000000 0.933333
vt 0.000000 1.000000
vt 1.000000 1.000000
vt 0.000000 0.000000
vt 1.000000 0.000000
vt 0.000000 0.066667
vt 1.000000 0.066667
vt 0.000000 0.133333
vt 1.000000 0.133333
vt 0.000000 0.200000
vt 1.000000 0.200000
vt 0.000000 0.266667
vt 1.000000 0.266667
vt 0.000000 0.333333
vt 1.000000 0.333333
vt 0.000000 0.400000
vt 1.000000 0.400000
vt 0.000000 0.466667
vt 1.000000 0.466667
vt 0.000000 0.533333
vt 1.000000 0.533333
vt 0.000000 0.600000
vt 1.000000 0.600000
vt 0.000000 0.666667
vt 1.000000 0.666667
vt 0.000000 0.733333
vt 1.000000 0.733333
vt 0.000000 0.800000
vt 1.000000 0.800000
vt 0.000000 0.866667
vt 1.000000 0.866667
vt 0.000000 0.933333
vt 1.000000 0.933333
vt 0.000000 1.000000
vt 1.000000 1.000000
vt 0.000000 0.000000
vt 1.000000 0.000000
vt 0.000000 0.066667
vt 1.000000 0.066667
vt 0.000000 0.133333
vt 1.000000 0.133333
vt 0.000000 0.200000
vt 1.000000 0.200000
vt 0.000000 0.266667
vt 1.000000 0.266667
vt 0.000000 0.333333
vt 1.000000 0.333333
vt 0.000000 0.400000
vt 1.000000 0.400000
vt 0.000000 0.466667
vt 1.000000 0.466667
vt 0.000000 0.533333
vt 1.000000 0.533333
vt 0.000000 0.600000
vt 1.000000 0.600000
vt 0.000000 0.666667
vt 1.000000 0.666667
vt 0.000000 0.733333
vt 1.000000 0.733333
vt 0.000000 0.800000
vt 1.000000 0.800000
vt 0.000000 0.866667
vt 1.000000 0.866667
vt 0.000000 0.933333
vt 1.000000 0.933333
vt 0.000000 1.000000
vt 1.000000 1.000000
vt 0.000000 0.000000
vt 1.000000 0.000000
vt 0.000000 0.066667
vt 1.000000 0.066667
vt 0.000000 0.133333
vt 1.000000 0.133333
vt 0.000000 0.200000
vt 1.000000 0.200000
vt 0.000000 0.266667
vt 1.000000 0.266667
vt 0.000000 0.333333
vt 1.000000 0.333333
vt 0.000000 0.400000
vt 1.000000 0.400000
vt 0.000000 0.466667
vt 1.000000 0.466667
vt 0.000000 0.533333
vt 1.000000 0.533333
vt 0.000000 0.600000
vt 1.000000 0.600000
vt 0.000000 0.666667
vt 1.000000 0.666667
vt 0.000000 0.733333
vt 1.000000 0.733333
vt 0.000000 0.800000
vt 1.000000 0.800000
vt 0.000000 0.866667
vt 1.000000 0.866667
vt 0.000000 0.933333
vt 1.000000 0.933333
vt 0.000000 1.000000
vt 1.000000 1.000000
vt 0.000000 0.000000
vt 1.000000 0.000000
vt 0.000000 0.066667
vt 1.000000 0.066667
vt 0.000000 0.133333
vt 1.000000 0.133333
vt 0.000000 0.200000
vt 1.000000 0.200000
vt 0.000000 0.266667
vt 1.000000 0.266667
vt 0.000000 0.333333
vt 1.000000 0.333333
vt 0.000000 0.400000
vt 1.000000 0.400000
vt 0.000000 0.466667
vt 1.000000 0.466667
vt 0.000000 0.533333
vt 1.000000 0.533333
vt 0.000000 0.600000
vt 1.000000 0.600000
vt 0.000000 0.666667
vt 1.000000 0.666667
vt 0.000000 0.733333
vt 1.000000 0.733333
vt 0.000000 0.800000
vt 1.000000 0.800000
vt 0.000000 0.866667
vt 1.000000 0.866667
vt 0.000000 0.933333
vt 1.000000 0.933333
vt 0.000000 1.000000
vt 1.000000 1.000000
vt 0.000000 0.000000
vt 1.000000 0.000000
vt 0.000000 0.066667
vt 1.000000 0.066667
vt 0.000000 0.133333
vt 1.000000 0.133333
vt 0.000000 0.200000
vt 1.000000 0.200000
vt 0.000000 0.266667
vt 1.000000 0.266667
vt 0.000000 0.333333
vt 1.000000 0.333333
vt 0.000000 0.400000
vt 1.000000 0.400000
vt 0.000000 0.466667
vt 1.000000 0.466667
vt 0.000000 0.533333
vt 1.000000 0.533333
vt 0.000000 0.600000
vt 1.000000 0.600000
vt 0.000000 0.666667
vt 1.000000 0.666667
vt 0.000000 0.733333
vt 1.000000 0.733333
vt 0.000000 0.800000
vt 1.000000 0.800000
vt 0.000000 0.866667
vt 1.000000 0.866667
vt 0.000000 0.933333
vt 1.000000 0.933333
vt 0.000000 1.000000
vt 1.000000 1.000000
vt 0.000000 0.000000
vt 1.000000 0.000000
vt 0.000000 0.066667
vt 1.000000 0.066667
vt 0.000000 0.133333
vt 1.000000 0.133333
vt 0.000000 0.200000
vt 1.000000 0.200000
vt 0.000000 0.266667
vt 1.000000 0.266667
vt 0.000000 0.333333
vt 1.000000 0.333333
vt 0.000000 0.400000
vt 1.000000 0.400000
vt 0.000000 0.466667
vt 1.000000 0.466667
vt 0.000000 0.533333
vt 1.000000 0.533333
vt 0.000000 0.600000
vt 1.000000 0.600000
vt 0.000000 0.666667
vt 1.000000 0.666667
vt 0.000000 0.733333
vt 1.000000 0.733333
vt 0.000000 0.800000
vt 1.000000 0.800000
vt 0.000000 0.866667
vt 1.000000 0.866667
vt 0.000000 0.933333
vt 1.000000 0.933333
vt 0.000000 1.000000
vt 1.000000 1.000000
vt 0.000000 0.000000
vt 1.000000 0.000000
vt 0.000000 0.066667
vt 1.000000 0.066667
vt 0.000000 0.133333
vt 1.000000 0.133333
vt 0.000000 0.200000
vt 1.000000 0.200000
vt 0.000000 0.266667
vt 1.000000 0.266667
vt 0.000000 0.333333
vt 1.000000 0.333333
vt 0.000000 0.400000
vt 1.000000 0.400000
vt 0.000000 0.466667
vt 1.000000 0.466667
vt 0.000000 0.533333
vt 1.000000 0.533333
vt 0.000000 0.600000
vt 1.000000 0.600000
vt 0.000000 0.666667
vt 1.000000 0.666667
vt 0.000000 0.733333
vt 1.000000 0.733333
vt 0.000000 0.800000
vt 1.000000 0.800000
vt 0.000000 0.866667
vt 1.000000 0.866667
vt 0.000000 0.933333
vt 1.000000 0.933333
vt 0.000000 1.000000
vt 1.000000 1.000000
vt 0.000000 0.000000
vt 1.000000 0.000000
vt 0.000000 0.066667
vt 1.000000 0.066667
vt 0.000000 0.133333
vt 1.000000 0.133333
vt 0.000000 0.200000
vt 1.000000 0.200000
vt 0.000000 0.266667
vt 1.000000 0.266667
vt 0.000000 0.333333
vt 1.000000 0.333333
vt 0.000000 0.400000
vt 1.000000 0.400000
vt 0.000000 0.466667
vt 1.000000 0.466667
vt 0.000000 0.533333
vt 1.000000 0.533333
vt 0.000000 0.600000
vt 1.000000 0.600000
vt 0.000000 0.666667
vt 1.000000 0.666667
vt 0.000000 0.733333
vt 1.000000 0.733333
vt 0.000000 0.800000
vt 1.000000 0.800000
vt 0.000000 0.866667
vt 1.000000 0.866667
vt 0.000000 0.933333
vt 1.000000 0.933333
vt 0.000000 1.000000
vt 1.000000 1.000000
vt 0.000000 0.000000
vt 1.000000 0.000000
vt 0.000000 0.066667
vt 1.000000 0.066667
vt 0.000000 0.133333
vt 1.000000 0.133333
vt 0.000000 0.200000
vt 1.000000 0.200000
vt 0.000000 0.266667
vt 1.000000 0.266667
vt 0.000000 0.333333
vt 1.000000 0.333333
vt 0.000000 0.400000
vt 1.000000 0.400000
vt 0.000000 0.466667
vt 1.000000 0.466667
vt 0.000000 0.533333
vt 1.000000 0.533333
vt 0.000000 0.600000
vt 1.000000 0.600000
vt 0.000000 0.666667
vt 1.000000 0.666667
vt 0.000000 0.733333
vt 1.000000 0.733333
vt 0.000000 0.800000
vt 1.000000 0.800000
vt 0.000000 0.866667
vt 1.000000 0.866667
vt 0.000000 0.933333
vt 1.000000 0.933333
vt 0.000000 1.000000
vt 1.000000 1.000000
vt 0.000000 0.000000
vt 1.000000 0.000000
vt 0.000000 0.066667
vt 1.000000 0.066667
vt 0.000000 0.133333
vt 1.000000 0.133333
vt 0.000000 0.200000
vt 1.000000 0.200000
vt 0.000000 0.266667
vt 1.000000 0.266667
vt 0.000000 0.333333
vt 1.000000 0.333333
vt 0.000000 0.400000
vt 1.000000 0.400000
vt 0.000000 0.466667
vt 1.000000 0.466667
vt 0.000000 0.533333
vt 1.000000 0.533333
vt 0.000000 0.600000
vt 1.000000 0.600000
vt 0.000000 0.666667
vt 1.000000 0.666667
vt 0.000000 0.733333
vt 1.000000 0.733333
vt 0.000000 0.800000
vt 1.000000 0.800000
vt 0.000000 0.866667
vt 1.000000 0.866667
vt 0.000000 0.933333
vt 1.000000 0.933333
vt 0.000000 1.000000
vt 1.000000 1.000000
vt 0.000000 0.000000
vt 1.000000 0.000000
vt 0.000000 0.066667
vt 1.000000 0.066667
vt 0.000000 0.133333
vt 1.000000 0.133333
vt 0.000000 0.200000
vt 1.000000 0.200000
vt 0.000000 0.266667
vt 1.000000 0.266667
vt 0.000000 0.333333
vt 1.000000 0.333333
vt 0.000000 0.400000
vt 1.000000 0.400000
vt 0.000000 0.466667
vt 1.000000 0.466667
vt 0.000000 0.533333
vt 1.000000 0.533333
vt 0.000000 0.600000
vt 1.000000 0.600000
vt 0.000000 0.666667
vt 1.000000 0.666667
vt 0.000000 0.733333
vt 1.000000 0.733333
vt 0.000000 0.800000
vt 1.000000 0.800000
vt 0.000000 0.866667
vt 1.000000 0.866667
vt 0.000000 0.933333
vt 1.000000 0.933333
vt 0.000000 1.000000
vt 1.000000 1.000000
vt 0.000000 0.000000
vt 1.000000 0.000000
vt 0.000000 0.066667
vt 1.000000 0.066667
vt 0.000000 0.133333
vt 1.000000 0.133333
vt 0.000000 0.200000
vt 1.000000 0.200000
vt 0.000000 0.266667
vt 1.000000 0.266667
vt 0.000000 0.333333
vt 1.000000 0.333333
vt 0.000000 0.400000
vt 1.000000 0.400000
vt 0.000000 0.466667
vt 1.000000 0.466667
vt 0.000000 0.533333
vt 1.000000 0.533333
vt 0.000000 0.600000
vt 1.000000 0.600000
vt 0.000000 0.666667
vt 1.000000 0.666667
vt 0.000000 0.733333
vt 1.000000 0.733333
vt 0.000000 0.800000
vt 1.000000 0.800000
vt 0.000000 0.866667
vt 1.000000 0.866667
vt 0.000000 0.933333
vt 1.000000 0.933333
vt 0.000000 1.000000
vt 1.000000 1.000000
vt 0.000000 0.000000
vt 1.000000 0.000000
vt 0.000000 0.066667
vt 1.000000 0.066667
vt 0.000000 0.133333
vt 1.000000 0.133333
vt 0.000000 0.200000
vt 1.000000 0.200000
vt 0.000000 0.266667
vt 1.000000 0.266667
vt 0.000000 0.333333
vt 1.000000 0.333333
vt 0.000000 0.400000
vt 1.000000 0.400000
vt 0.000000 0.466667
vt 1.000000 0.466667
vt 0.000000 0.533333
vt 1.000000 0.533333
vt 0.000000 0.600000
vt 1.000000 0.600000
vt 0.000000 0.666667
vt 1.000000 0.666667
vt 0.000000 0.733333
vt 1.000000 0.733333
vt 0.000000 0.800000
vt 1.000000 0.800000
vt 0.000000 0.866667
vt 1.000000 0.866667
vt 0.000000 0.933333
vt 1.000000 0.933333
vt 0.000000 1.000000
vt 1.000000 1.000000
vt 0.000000 0.000000
vt 1.000000 0.000000
vt 0.000000 0.066667
vt 1.000000 0.066667
vt 0.000000 0.133333
vt 1.000000 0.133333
vt 0.000000 0.200000
vt 1.000000 0.200000
vt 0.000000 0.266667
vt 1.000000 0.266667
vt 0.000000 0.333333
vt 1.000000 0.333333
vt 0.000000 0.400000
vt 1.000000 0.400000
vt 0.000000 0.466667
vt 1.000000 0.466667
vt 0.000000 0.533333
vt 1.000000 0.533333
vt 0.000000 0.600000
vt 1.000000 0.600000
vt 0.000000 0.666667
vt 1.000000 0.666667
vt 0.000000 0.733333
vt 1.000000 0.733333
vt 0.000000 0.800000
vt 1.000000 0.800000
vt 0.000000 0.866667
vt 1.000000 0.866667
vt 0.000000 0.933333
vt 1.000000 0.933333
vt 0.000000 1.000000
vt 1.000000 1.000000
vt 0.000000 0.000000
vt 1.000000 0.000000
vt 0.000000 0.066667
vt 1.000000 0.066667
vt 0.000000 0.133333
vt 1.000000 0.133333
vt 0.000000 0.200000
vt 1.000000 0.200000
vt 0.000000 0.266667
vt 1.000000 0.266667
vt 0.000000 0.333333
vt 1.000000 0.333333
vt 0.000000 0.400000
vt 1.000000 0.400000
vt 0.000000 0.466667
vt 1.000000 0.466667
vt 0.000000 0.533333
vt 1.000000 0.533333
vt 0.000000 0.600000
vt 1.000000 0.600000
vt 0.000000 0.666667
vt 1.000000 0.666667
vt 0.000000 0.733333
vt 1.000000 0.733333
vt 0.000000 0.800000
vt 1.000000 0.800000
vt 0.000000 0.866667
vt 1.000000 0.866667
vt 0.000000 0.933333
vt 1.000000 0.933333
vt 0.000000 1.000000
vt 1.000000 1.000000
vt 0.000000 0.000000
vt 1.000000 0.000000
vt 0.000000 0.066667
vt 1.000000 0.066667
vt 0.000000 0.133333
vt 1.000000 0.133333
vt 0.000000 0.200000
vt 1.000000 0.200000
vt 0.000000 0.266667
vt 1.000000 0.266667
vt 0.000000 0.333333
vt 1.000000 0.333333
vt 0.000000 0.400000
vt 1.000000 0.400000
vt 0.000000 0.466667
vt 1.000000 0.466667
vt 0.000000 0.533333
vt 1.000000 0.533333
vt 0.000000 0.600000
vt 1.000000 0.600000
vt 0.000000 0.666667
vt 1.000000 0.666667
vt 0.000000 0.733333
vt 1.000000 0.733333
vt 0.000000 0.800000
vt 1.000000 0.800000
vt 0.000000 0.866667
vt 1.000000 0.866667
vt 0.000000 0.933333
vt 1.000000 0.933333
vt 0.000000 1.000000
vt 1.000000 1.000000
vt 0.000000 0.000000
vt 1.000000 0.000000
vt 0.000000 0.066667
vt 1.000000 0.066667
vt 0.000000 0.133333
vt 1.000000 0.133333
vt 0.000000 0.200000
vt 1.000000 0.200000
vt 0.000000 0.266667
vt 1.000000 0.266667
vt 0.000000 0.333333
vt 1.000000 0.333333
vt 0.000000 0.400000
vt 1.000000 0.400000
vt 0.000000 0.466667
vt 1.000000 0.466667
vt 0.000000 0.533333
vt 1.000000 0.533333
vt 0.000000 0.600000
vt 1.000000 0.600000
vt 0.000000 0.666667
vt 1.000000 0.666667
vt 0.000000 0.733333
vt 1.000000 0.733333
vt 0.000000 0.800000
vt 1.000000 0.800000
vt 0.000000 0.866667
vt 1.000000 0.866667
vt 0.000000 0.933333
vt 1.000000 0.933333
vt 0.000000 1.000000
vt 1.000000 1.000000
vt 0.000000 0.000000
vt 1.000000 0.000000
vt 0.000000 0.066667
vt 1.000000 0.066667
vt 0.000000 0.133333
vt 1.000000 0.133333
vt 0.000000 0.200000
vt 1.000000 0.200000
vt 0.000000 0.266667
vt 1.000000 0.266667
vt 0.000000 0.333333
vt 1.000000 0.333333
vt 0.000000 0.400000
vt 1.000000 0.400000
vt 0.000000 0.466667
vt 1.000000 0.466667
vt 0.000000 0.533333
vt 1.000000 0.533333
vt 0.000000 0.600000
vt 1.000000 0.600000
vt 0.000000 0.666667
vt 1.000000 0.666667
vt 0.000000 0.733333
vt 1.000000 0.733333
vt 0.000000 0.800000
vt 1.000000 0.800000
vt 0.000000 0.866667
vt 1.000000 0.866667
vt 0.000000 0.933333
vt 1.000000 0.933333
vt 0.000000 1.000000
vt 1.000000 1.000000
vt 0.000000 0.000000
vt 1.000000 0.000000
vt 0.000000 0.066667
vt 1.000000 0.066667
vt 0.000000 0.133333
vt 1.000000 0.133333
vt 0.000000 0.200000
vt 1.000000 0.200000
vt 0.000000 0.266667
vt 1.000000 0.266667
vt 0.000000 0.333333
vt 1.000000 0.333333
vt 0.000000 0.400000
vt 1.000000 0.400000
vt 0.000000 0.466667
vt 1.000000 0.466667
vt 0.000000 0.533333
vt 1.000000 0.533333
vt 0.000000 0.600000
vt 1.000000 0.600000
vt 0.000000 0.666667
vt 1.000000 0.666667
vt 0.000000 0.733333
vt 1.000000 0.733333
vt 0.000000 0.800000
vt 1.000000 0.800000
vt 0.000000 0.866667
vt 1.000000 0.866667
vt 0.000000 0.933333
vt 1.000000 0.933333
vt 0.000000 1.000000
vt 1.000000 1.000000
vt 0.000000 0.000000
vt 1.000000 0.000000
vt 0.000000 0.066667
vt 1.000000 0.066667
vt 0.000000 0.133333
vt 1.000000 0.133333
vt 0.000000 0.200000
vt 1.000000 0.200000
vt 0.000000 0.266667
vt 1.000000 0.266667
vt 0.000000 0.333333
vt 1.000000 0.333333
vt 0.000000 0.400000
vt 1.000000 0.400000
vt 0.000000 0.466667
vt 1.000000 0.466667
vt 0.000000 0.533333
vt 1.000000 0.533333
vt 0.000000 0.600000
vt 1.000000 0.600000
vt 0.000000 0.666667
vt 1.000000 0.666667
vt 0.000000 0.733333
vt 1.000000 0.733333
vt 0.000000 0.800000
vt 1.000000 0.800000
vt 0.000000 0.866667
vt 1.000000 0.866667
vt 0.000000 0.933333
vt 1.000000 0.933333
vt 0.000000 1.000000
vt 1.000000 1.000000
vt 0.000000 0.000000
vt 1.000000 0.000000
vt 0.000000 0.066667
vt 1.000000 0.066667
vt 0.000000 0.133333
vt 1.000000 0.133333
vt 0.000000 0.200000
vt 1.000000 0.200000
vt 0.000000 0.266667
vt 1.000000 0.266667
vt 0.000000 0.333333
vt 1.000000 0.333333
vt 0.000000 0.400000
vt 1.000000 0.400000
vt 0.000000 0.466667
vt 1.000000 0.466667
vt 0.000000 0.533333
vt 1.000000 0.533333
vt 0.000000 0.600000
vt 1.000000 0.600000
vt 0.000000 0.666667
vt 1.000000 0.666667
vt 0.000000 0.733333
vt 1.000000 0.733333
vt 0.000000 0.800000
vt 1.000000 0.800000
vt 0.000000 0.866667
vt 1.000000 0.866667
vt 0.000000 0.933333
vt 1.000000 0.933333
vt 0.000000 1.000000
vt 1.000000 1.000000
vt 0.000000 0.000000
vt 1.000000 0.000000
vt 0.000000 0.066667
vt 1.000000 0.066667
vt 0.000000 0.133333
vt 1.000000 0.133333
vt 0.000000 0.200000
vt 1.000000 0.200000
vt 0.000000 0.266667
vt 1.000000 0.266667
vt 0.000000 0.333333
vt 1.000000 0.333333
vt 0.000000 0.400000
vt 1.000000 0.400000
vt 0.000000 0.466667
vt 1.000000 0.466667
vt 0.000000 0.533333
vt 1.000000 0.533333
vt 0.000000 0.600000
vt 1.000000 0.600000
vt 0.000000 0.666667
vt 1.000000 0.666667
vt 0.000000 0.733333
vt 1.000000 0.733333
vt 0.000000 0.800000
vt 1.000000 0.800000
vt 0.000000 0.866667
vt 1.000000 0.866667
vt 0.000000 0.933333
vt 1.000000 0.933333
vt 0.000000 1.000000
vt 1.000000 1.000000
vt 0.000000 0.000000
vt 1.000000 0.000000
vt 0.000000 0.066667
vt 1.000000 0.066667
vt 0.000000 0.133333
vt 1.000000 0.133333
vt 0.000000 0.200000
vt 1.000000 0.200000
vt 0.000000 0.266667
vt 1.000000 0.266667
vt 0.000000 0.333333
vt 1.000000 0.333333
vt 0.000000 0.400000
vt 1.000000 0.400000
vt 0.000000 0.466667
vt 1.000000 0.466667
vt 0.000000 0.533333
vt 1.000000 0.533333
vt 0.000000 0.600000
vt 1.000000 0.600000
vt 0.000000 0.666667
vt 1.000000 0.666667
vt 0.000000 0.733333
vt 1.000000 0.733333
vt 0.000000 0.800000
vt 1.000000 0.800000
vt 0.000000 0.866667
vt 1.000000 0.866667
vt 0.000000 0.933333
vt 1.000000 0.933333
vt 0.000000 1.000000
vt 1.000000 1.000000
vt 0.000000 0.000000
vt 1.000000 0.000000
vt 0.000000 0.066667
vt 1.000000 0.066667
vt 0.000000 0.133333
vt 1.000000 0.133333
vt 0.000000 0.200000
vt 1.000000 0.200000
vt 0.000000 0.266667
vt 1.000000 0.266667
vt 0.000000 0.333333
vt 1.000000 0.333333
vt 0.000000 0.400000
vt 1.000000 0.400000
vt 0.000000 0.466667
vt 1.000000 0.466667
vt 0.000000 0.533333
vt 1.000000 0.533333
vt 0.000000 0.600000
vt 1.000000 0.600000
vt 0.000000 0.666667
vt 1.000000 0.666667
vt 0.000000 0.733333
vt 1.000000 0.733333
vt 0.000000 0.800000
vt 1.000000 0.800000
vt 0.000000 0.866667
vt 1.000000 0.866667
vt 0.000000 0.933333
vt 1.000000 0.933333
vt 0.000000 1.000000
vt 1.000000 1.000000
vt 0.000000 0.000000
vt 1.000000 0.000000
vt 0.000000 0.066667
vt 1.000000 0.066667
vt 0.000000 0.133333
vt 1.000000 0.133333
vt 0.000000 0.200000
vt 1.000000 0.200000
vt 0.000000 0.266667
vt 1.000000 0.266667
vt 0.000000 0.333333
vt 1.000000 0.333333
vt 0.000000 0.400000
vt 1.000000 0.400000
vt 0.000000 0.466667
vt 1.000000 0.466667
vt 0.000000 0.533333
vt 1.000000 0.533333
vt 0.000000 0.600000
vt 1.000000 0.600000
vt 0.000000 0.666667
vt 1.000000 0.666667
vt 0.000000 0.733333
vt 1.000000 0.733333
vt 0.000000 0.800000
vt 1.000000 0.800000
vt 0.000000 0.866667
vt 1.000000 0.866667
vt 0.000000 0.933333
vt 1.000000 0.933333
vt 0.000000 1.000000
vt 1.000000 1.000000
vt 0.000000 0.000000
vt 1.000000 0.000000
vt 0.000000 0.066667
vt 1.000000 0.066667
vt 0.000000 0.133333
vt 1.000000 0.133333
vt 0.000000 0.200000
vt 1.000000 0.200000
vt 0.000000 0.266667
vt 1.000000 0.266667
vt 0.000000 0.333333
vt 1.000000 0.333333
vt 0.000000 0.400000
vt 1.000000 0.400000
vt 0.000000 0.466667
vt 1.000000 0.466667
vt 0.000000 0.533333
vt 1.000000 0.533333
vt 0.000000 0.600000
vt 1.000000 0.600000
vt 0.000000 0.666667
vt 1.000000 0.666667
vt 0.000000 0.733333
vt 1.000000 0.733333
vt 0.000000 0.800000
vt 1.000000 0.800000
vt 0.000000 0.866667
vt 1.000000 0.866667
vt 0.000000 0.933333
vt 1.000000 0.933333
vt 0.000000 1.000000
vt 1.000000 1.000000
vt 0.000000 0.000000
vt 1.000000 0.000000
vt 0.000000 0.066667
vt 1.000000 0.066667
vt 0.000000 0.133333
vt 1.000000 0.133333
vt 0.000000 0.200000
vt 1.000000 0.200000
vt 0.000000 0.266667
vt 1.000000 0.266667
vt 0.000000 0.333333
vt 1.000000 0.333333
vt 0.000000 0.400000
vt 1.000000 0.400000
vt 0.000000 0.466667
vt 1.000000 0.466667
vt 0.000000 0.533333
vt 1.000000 0.533333
vt 0.000000 0.600000
vt 1.000000 0.600000
vt 0.000000 0.666667
vt 1.000000 0.666667
vt 0.000000 0.733333
vt 1.000000 0.733333
vt 0.000000 0.800000
vt 1.000000 0.800000
vt 0.000000 0.866667
vt 1.000000 0.866667
vt 0.000000 0.933333
vt 1.000000 0.933333
vt 0.000000 1.000000
vt 1.000000 1.000000
vt 0.000000 0.000000
vt 1.000000 0.000000
vt 0.000000 0.066667
vt 1.000000 0.066667
vt 0.000000 0.133333
vt 1.000000 0.133333
vt 0.000000 0.200000
vt 1.000000 0.200000
vt 0.000000 0.266667
vt 1.000000 0.266667
vt 0.000000 0.333333
vt 1.000000 0.333333
vt 0.000000 0.400000
vt 1.000000 0.400000
vt 0.000000 0.466667
vt 1.000000 0.466667
vt 0.000000 0.533333
vt 1.000000 0.533333
vt 0.000000 0.600000
vt 1.000000 0.600000
vt 0.000000 0.666667
vt 1.000000 0.666667
vt 0.000000 0.733333
vt 1.000000 0.733333
vt 0.000000 0.800000
vt 1.000000 0.800000
vt 0.000000 0.866667
vt 1.000000 0.866667
vt 0.000000 0.933333
vt 1.000000 0.933333
vt 0.000000 1.000000
vt 1.000000 1.000000
vt 0.000000 0.000000
vt 1.000000 0.000000
vt 0.000000 0.066667
vt 1.000000 0.066667
vt 0.000000 0.133333
vt 1.000000 0.133333
vt 0.000000 0.200000
vt 1.000000 0.200000
vt 0.000000 0.266667
vt 1.000000 0.266667
vt 0.000000 0.333333
vt 1.000000 0.333333
vt 0.000000 0.400000
vt 1.000000 0.400000
vt 0.000000 0.466667
vt 1.000000 0.466667
vt 0.000000 0.533333
vt 1.000000 0.533333
vt 0.000000 0.600000
vt 1.000000 0.600000
vt 0.000000 0.666667
vt 1.000000 0.666667
vt 0.000000 0.733333
vt 1.000000 0.733333
vt 0.000000 0.800000
vt 1.000000 0.800000
vt 0.000000 0.866667
vt 1.000000 0.866667
vt 0.000000 0.933333
vt 1.000000 0.933333
vt 0.000000 1.000000
vt 1.000000 1.000000
vt 0.000000 0.000000
vt 1.000000 0.000000
vt 0.000000 0.066667
vt 1.000000 0.066667
vt 0.000000 0.133333
vt 1.000000 0.133333
vt 0.000000 0.200000
vt 1.000000 0.200000
vt 0.000000 0.266667
vt 1.000000 0.266667
vt 0.000000 0.333333
vt 1.000000 0.333333
vt 0.000000 0.400000
vt 1.000000 0.400000
vt 0.000000 0.466667
vt 1.000000 0.466667
vt 0.000000 0.533333
vt 1.000000 0.533333
vt 0.000000 0.600000
vt 1.000000 0.600000
vt 0.000000 0.666667
vt 1.000000 0.666667
vt 0.000000 0.733333
vt 1.000000 0.733333
vt 0.000000 0.800000
vt 1.000000 0.800000
vt 0.000000 0.866667
vt 1.000000 0.866667
vt 0.000000 0.933333
vt 1.000000 0.933333
vt 0.000000 1.000000
vt 1.000000 1.000000
vt 0.000000 0.000000
vt 1.000000 0.000000
vt 0.000000 0.066667
vt 1.000000 0.066667
vt 0.000000 0.133333
vt 1.000000 0.133333
vt 0.000000 0.200000
vt 1.000000 0.200000
vt 0.000000 0.266667
vt 1.000000 0.266667
vt 0.000000 0.333333
vt 1.000000 0.333333
vt 0.000000 0.400000
vt 1.000000 0.400000
vt 0.000000 0.466667
vt 1.000000 0.466667
vt 0.000000 0.533333
vt 1.000000 0.533333
vt 0.000000 0.600000
vt 1.000000 0.600000
vt 0.000000 0.666667
vt 1.000000 0.666667
vt 0.000000 0.733333
vt 1.000000 0.733333
vt 0.000000 0.800000
vt 1.000000 0.800000
vt 0.000000 0.866667
vt 1.000000 0.866667
vt 0.000000 0.933333
vt 1.000000 0.933333
vt 0.000000 1.000000
vt 1.000000 1.000000
vt 0.000000 0.000000
vt 1.000000 0.000000
vt 0.000000 0.066667
vt 1.000000 0.066667
vt 0.000000 0.133333
vt 1.000000 0.133333
vt 0.000000 0.200000
vt 1.000000 0.200000
vt 0.000000 0.266667
vt 1.000000 0.266667
vt 0.000000 0.333333
vt 1.000000 0.333333
vt 0.000000 0.400000
vt 1.000000 0.400000
vt 0.000000 0.466667
vt 1.000000 0.466667
vt 0.000000 0.533333
vt 1.000000 0.533333
vt 0.000000 0.600000
vt 1.000000 0.600000
vt 0.000000 0.666667
vt 1.000000 0.666667
vt 0.000000 0.733333
vt 1.000000 0.733333
vt 0.000000 0.800000
vt 1.000000 0.800000
vt 0.000000 0.866667
vt 1.000000 0.866667
vt 0.000000 0.933333
vt 1.000000 0.933333
vt 0.000000 1.000000
vt 1.000000 1.000000
vt 0.000000 0.000000
vt 1.000000 0.000000
vt 0.000000 0.066667
vt 1.000000 0.066667
vt 0.000000 0.133333
vt 1.000000 0.133333
vt 0.000000 0.200000
vt 1.000000 0.200000
vt 0.000000 0.266667
vt 1.000000 0.266667
vt 0.000000 0.333333
vt 1.000000 0.333333
vt 0.000000 0.400000
vt 1.000000 0.400000
vt 0.000000 0.466667
vt 1.000000 0.466667
vt 0.000000 0.533333
vt 1.000000 0.533333
vt 0.000000 0.600000
vt 1.000000 0.600000
vt 0.000000 0.666667
vt 1.000000 0.666667
vt 0.000000 0.733333
vt 1.000000 0.733333
vt 0.000000 0.800000
vt 1.000000 0.800000
vt 0.000000 0.866667
vt 1.000000 0.866667
vt 0.000000 0.933333
vt 1.000000 0.933333
vt 0.000000 1.000000
vt 1.000000 1.000000
vt 0.000000 0.000000
vt 1.000000 0.000000
vt 0.000000 0.066667
vt 1.000000 0.066667
vt 0.000000 0.133333
vt 1.000000 0.133333
vt 0.000000 0.200000
vt 1.000000 0.200000
vt 0.000000 0.266667
vt 1.000000 0.266667
vt 0.000000 0.333333
vt 1.000000 0.333333
vt 0.000000 0.400000
vt 1.000000 0.400000
vt 0.000000 0.466667
vt 1.000000 0.466667
vt 0.000000 0.533333
vt 1.000000 0.533333
vt 0.000000 0.600000
vt 1.000000 0.600000
vt 0.000000 0.666667
vt 1.000000 0.666667
vt 0.000000 0.733333
vt 1.000000 0.733333
vt 0.000000 0.800000
vt 1.000000 0.800000
vt 0.000000 0.866667
vt 1.000000 0.866667
vt 0.000000 0.933333
vt 1.000000 0.933333
vt 0.000000 1.000000
vt 1.000000 1.000000
vt 0.000000 0.000000
vt 1.000000 0.000000
vt 0.000000 0.066667
vt 1.000000 0.066667
vt 0.000000 0.133333
vt 1.000000 0.133333
vt 0.000000 0.200000
vt 1.000000 0.200000
vt 0.000000 0.266667
vt 1.000000 0.266667
vt 0.000000 0.333333
vt 1.000000 0.333333
vt 0.000000 0.400000
vt 1.000000 0.400000
vt 0.000000 0.466667
vt 1.000000 0.466667
vt 0.000000 0.533333
vt 1.000000 0.533333
vt 0.000000 0.600000
vt 1.000000 0.600000
vt 0.000000 0.666667
vt 1.000000 0.666667
vt 0.000000 0.733333
vt 1.000000 0.733333
vt 0.000000 0.800000
vt 1.000000 0.800000
vt 0.000000 0.866667
vt 1.000000 0.866667
vt 0.000000 0.933333
vt 1.000000 0.933333
vt 0.000000 1.000000
vt 1.000000 1.000000
vt 0.000000 0.000000
vt 1.000000 0.000000
vt 0.000000 0.066667
vt 1.000000 0.066667
vt 0.000000 0.133333
vt 1.000000 0.133333
vt 0.000000 0.200000
vt 1.000000 0.200000
vt 0.000000 0.266667
vt 1.000000 0.266667
vt 0.000000 0.333333
vt 1.000000 0.333333
vt 0.000000 0.400000
vt 1.000000 0.400000
vt 0.000000 0.466667
vt 1.000000 0.466667
vt 0.000000 0.533333
vt 1.000000 0.533333
vt 0.000000 0.600000
vt 1.000000 0.600000
vt 0.000000 0.666667
vt 1.000000 0.666667
vt 0.000000 0.733333
vt 1.000000 0.733333
vt 0.000000 0.800000
vt 1.000000 0.800000
vt 0.000000 0.866667
vt 1.000000 0.866667
vt 0.000000 0.933333
vt 1.000000 0.933333
vt 0.000000 1.000000
vt 1.000000 1.000000
vt 0.000000 0.000000
vt 1.000000 0.000000
vt 0.000000 0.066667
vt 1.000000 0.066667
vt 0.000000 0.133333
vt 1.000000 0.133333
vt 0.000000 0.200000
vt 1.000000 0.200000
vt 0.000000 0.266667
vt 1.000000 0.266667
vt 0.000000 0.333333
vt 1.000000 0.333333
vt 0.000000 0.400000
vt 1.000000 0.400000
vt 0.000000 0.466667
vt 1.000000 0.466667
vt 0.000000 0.533333
vt 1.000000 0.533333
vt 0.000000 0.600000
vt 1.000000 0.600000
vt 0.000000 0.666667
vt 1.000000 0.666667
vt 0.000000 0.733333
vt 1.000000 0.733333
vt 0.000000 0.800000
vt 1.000000 0.800000
vt 0.000000 0.866667
vt 1.000000 0.866667
vt 0.000000 0.933333
vt 1.000000 0.933333
vt 0.000000 1.000000
vt 1.000000 1.000000
vt 0.000000 0.000000
vt 1.000000 0.000000
vt 0.000000 0.066667
vt 1.000000 0.066667
vt 0.000000 0.133333
vt 1.000000 0.133333
vt 0.000000 0.200000
vt 1.000000 0.200000
vt 0.000000 0.266667
vt 1.000000 0.266667
vt 0.000000 0.333333
vt 1.000000 0.333333
vt 0.000000 0.400000
vt 1.000000 0.400000
vt 0.000000 0.466667
vt 1.000000 0.466667
vt 0.000000 0.533333
vt 1.000000 0.533333
vt 0.000000 0.600000
vt 1.000000 0.600000
vt 0.000000 0.666667
vt 1.000000 0.666667
vt 0.000000 0.733333
vt 1.000000 0.733333
vt 0.000000 0.800000
vt 1.000000 0.800000
vt 0.000000 0.866667
vt 1.000000 0.866667
vt 0.000000 0.933333
vt 1.000000 0.933333
vt 0.000000 1.000000
vt 1.000000 1.000000
vt 0.000000 0.000000
vt 1.000000 0.000000
vt 0.000000 0.066667
vt 1.000000 0.066667
vt 0.000000 0.133333
vt 1.000000 0.133333
vt 0.000000 0.200000
vt 1.000000 0.200000
vt 0.000000 0.266667
vt 1.000000 0.266667
vt 0.000000 0.333333
vt 1.000000 0.333333
vt 0.000000 0.400000
vt 1.000000 0.400000
vt 0.000000 0.466667
vt 1.000000 0.466667
vt 0.000000 0.533333
vt 1.000000 0.533333
vt 0.000000 0.600000
vt 1.000000 0.600000
vt 0.000000 0.666667
vt 1.000000 0.666667
vt 0.000000 0.733333
vt 1.000000 0.733333
vt 0.000000 0.800000
vt 1.000000 0.800000
vt 0.000000 0.866667
vt 1.000000 0.866667
vt 0.000000 0.933333
vt 1.000000 0.933333
vt 0.000000 1.000000
vt 1.000000 1.000000
vt 0.000000 0.000000
vt 1.000000 0.000000
vt 0.000000 0.066667
vt 1.000000 0.066667
vt 0.000000 0.133333
vt 1.000000 0.133333
vt 0.000000 0.200000
vt 1.000000 0.200000
vt 0.000000 0.266667
vt 1.000000 0.266667
vt 0.000000 0.333333
vt 1.000000 0.333333
vt 0.000000 0.400000
vt 1.000000 0.400000
vt 0.000000 0.466667
vt 1.000000 0.466667
vt 0.000000 0.533333
vt 1.000000 0.533333
vt 0.000000 0.600000
vt 1.000000 0.600000
vt 0.000000 0.666667
vt 1.000000 0.666667
vt 0.000000 0.733333
vt 1.000000 0.733333
vt 0.000000 0.800000
vt 1.000000 0.800000
vt 0.000000 0.866667
vt 1.000000 0.866667
vt 0.000000 0.933333
vt 1.000000 0.933333
vt 0.000000 1.000000
vt 1.000000 1.000000
vt 0.000000 0.000000
vt 1.000000 0.000000
vt 0.000000 0.066667
vt 1.000000 0.066667
vt 0.000000 0.133333
vt 1.000000 0.133333
vt 0.000000 0.200000
vt 1.000000 0.200000
vt 0.000000 0.266667
vt 1.000000 0.266667
vt 0.000000 0.333333
vt 1.000000 0.333333
vt 0.000000 0.400000
vt 1.000000 0.400000
vt 0.000000 0.466667
vt 1.000000 0.466667
vt 0.000000 0.533333
vt 1.000000 0.533333
vt 0.000000 0.600000
vt 1.000000 0.600000
vt 0.000000 0.666667
vt 1.000000 0.666667
vt 0.000000 0.733333
vt 1.000000 0.733333
vt 0.000000 0.800000
vt 1.000000 0.800000
vt 0.000000 0.866667
vt 1.000000 0.866667
vt 0.000000 0.933333
vt 1.000000 0.933333
vt 0.000000 1.000000
vt 1.000000 1.000000
vt 0.000000 0.000000
vt 1.000000 0.000000
vt 0.000000 0.066667
vt 1.000000 0.066667
vt 0.000000 0.133333
vt 1.000000 0.133333
vt 0.000000 0.200000
vt 1.000000 0.200000
vt 0.000000 0.266667
vt 1.000000 0.266667
vt 0.000000 0.333333
vt 1.000000 0.333333
vt 0.000000 0.400000
vt 1.000000 0.400000
vt 0.000000 0.466667
vt 1.000000 0.466667
vt 0.000000 0.533333
vt 1.000000 0.533333
vt 0.000000 0.600000
vt 1.000000 0.600000
vt 0.000000 0.666667
vt 1.000000 0.666667
vt 0.000000 0.733333
vt 1.000000 0.733333
vt 0.000000 0.800000
vt 1.000000 0.800000
vt 0.000000 0.866667
vt 1.000000 0.866667
vt 0.000000 0.933333
vt 1.000000 0.933333
vt 0.000000 1.000000
vt 1.000000 1.000000
vt 0.000000 0.000000
vt 1.000000 0.000000
vt 0.000000 0.066667
vt 1.000000 0.066667
vt 0.000000 0.133333
vt 1.000000 0.133333
vt 0.000000 0.200000
vt 1.000000 0.200000
vt 0.000000 0.266667
vt 1.000000 0.266667
vt 0.000000 0.333333
vt 1.000000 0.333333
vt 0.000000 0.400000
vt 1.000000 0.400000
vt 0.000000 0.466667
vt 1.000000 0.466667
vt 0.000000 0.533333
vt 1.000000 0.533333
vt 0.000000 0.600000
vt 1.000000 0.600000
vt 0.000000 0.666667
vt 1.000000 0.666667
vt 0.000000 0.733333
vt 1.000000 0.733333
vt 0.000000 0.800000
vt 1.000000 0.800000
vt 0.000000 0.866667
vt 1.000000 0.866667
vt 0.000000 0.933333
vt 1.000000 0.933333
vt 0.000000 1.000000
vt 1.000000 1.000000
vt 0.000000 0.000000
vt 1.000000 0.000000
vt 0.000000 0.066667
vt 1.000000 0.066667
vt 0.000000 0.133333
vt 1.000000 0.133333
vt 0.000000 0.200000
vt 1.000000 0.200000
vt 0.000000 0.266667
vt 1.000000 0.266667
vt 0.000000 0.333333
vt 1.000000 0.333333
vt 0.000000 0.400000
vt 1.000000 0.400000
vt 0.000000 0.466667
vt 1.000000 0.466667
vt 0.000000 0.533333
vt 1.000000 0.533333
vt 0.000000 0.600000
vt 1.000000 0.600000
vt 0.000000 0.666667
vt 1.000000 0.666667
vt 0.000000 0.733333
vt 1.000000 0.733333
vt 0.000000 0.800000
vt 1.000000 0.800000
vt 0.000000 0.866667
vt 1.000000 0.866667
vt 0.000000 0.933333
vt 1.000000 0.933333
vt 0.000000 1.000000
vt 1.000000 1.000000
vt 0.000000 0.000000
vt 1.000000 0.000000
vt 0.000000 0.066667
vt 1.000000 0.066667
vt 0.000000 0.133333
vt 1.000000 0.133333
vt 0.000000 0.200000
vt 1.000000 0.200000
vt 0.000000 0.266667
vt 1.000000 0.266667
vt 0.000000 0.333333
vt 1.000000 0.333333
vt 0.000000 0.400000
vt 1.000000 0.400000
vt 0.000000 0.466667
vt 1.000000 0.466667
vt 0.000000 0.533333
vt 1.000000 0.533333
vt 0.000000 0.600000
vt 1.000000 0.600000
vt 0.000000 0.666667
vt 1.000000 0.666667
vt 0.000000 0.733333
vt 1.000000 0.733333
vt 0.000000 0.800000
vt 1.000000 0.800000
vt 0.000000 0.866667
vt 1.000000 0.866667
vt 0.000000 0.933333
vt 1.000000 0.933333
vt 0.000000 1.000000
vt 1.000000 1.000000
vt 0.000000 0.000000
vt 1.000000 0.000000
vt 0.000000 0.066667
vt 1.000000 0.066667
vt 0.000000 0.133333
vt 1.000000 0.133333
vt 0.000000 0.200000
vt 1.000000 0.200000
vt 0.000000 0.266667
vt 1.000000 0.266667
vt 0.000000 0.333333
vt 1.000000 0.333333
vt 0.000000 0.400000
vt 1.000000 0.400000
vt 0.000000 0.466667
vt 1.000000 0.466667
vt 0.000000 0.533333
vt 1.000000 0.533333
vt 0.000000 0.600000
vt 1.000000 0.600000
vt 0.000000 0.666667
vt 1.000000 0.666667
vt 0.000000 0.733333
vt 1.000000 0.733333
vt 0.000000 0.800000
vt 1.000000 0.800000
vt 0.000000 0.866667
vt 1.000000 0.866667
vt 0.000000 0.933333
vt 1.000000 0.933333
vt 0.000000 1.000000
vt 1.000000 1.000000
vt 0.000000 0.000000
vt 1.000000 0.000000
vt 0.000000 0.066667
vt 1.000000 0.066667
vt 0.000000 0.133333
vt 1.000000 0.133333
vt 0.000000 0.200000
vt 1.000000 0.200000
vt 0.000000 0.266667
vt 1.000000 0.266667
vt 0.000000 0.333333
vt 1.000000 0.333333
vt 0.000000 0.400000
vt 1.000000 0.400000
vt 0.000000 0.466667
vt 1.000000 0.466667
vt 0.000000 0.533333
vt 1.000000 0.533333
vt 0.000000 0.600000
vt 1.000000 0.600000
vt 0.000000 0.666667
vt 1.000000 0.666667
vt 0.000000 0.733333
vt 1.000000 0.733333
vt 0.000000 0.800000
vt 1.000000 0.800000
vt 0.000000 0.866667
vt 1.000000 0.866667
vt 0.000000 0.933333
vt 1.000000 0.933333
vt 0.000000 1.000000
vt 1.000000 1.000000
vt 0.000000 0.000000
vt 1.000000 0.000000
vt 0.000000 0.066667
vt 1.000000 0.066667
vt 0.000000 0.133333
vt 1.000000 0.133333
vt 0.000000 0.200000
vt 1.000000 0.200000
vt 0.000000 0.266667
vt 1.000000 0.266667
vt 0.000000 0.333333
vt 1.000000 0.333333
vt 0.000000 0.400000
vt 1.000000 0.400000
vt 0.000000 0.466667
vt 1.000000 0.466667
vt 0.000000 0.533333
vt 1.000000 0.533333
vt 0.000000 0.600000
vt 1.000000 0.600000
vt 0.000000 0.666667
vt 1.000000 0.666667
vt 0.000000 0.733333
vt 1.000000 0.733333
vt 0.000000 0.800000
vt 1.000000 0.800000
vt 0.000000 0.866667
vt 1.000000 0.866667
vt 0.000000 0.933333
vt 1.000000 0.933333
vt 0.000000 1.000000
vt 1.000000 1.000000
vt 0.000000 0.000000
vt 1.000000 0.000000
vt 0.000000 0.066667
vt 1.000000 0.066667
vt 0.000000 0.133333
vt 1.000000 0.133333
vt 0.000000 0.200000
vt 1.000000 0.200000
vt 0.000000 0.266667
vt 1.000000 0.266667
vt 0.000000 0.333333
vt 1.000000 0.333333
vt 0.000000 0.400000
vt 1.000000 0.400000
vt 0.000000 0.466667
vt 1.000000 0.466667
vt 0.000000 0.533333
vt 1.000000 0.533333
vt 0.000000 0.600000
vt 1.000000 0.600000
vt 0.000000 0.666667
vt 1.000000 0.666667
vt 0.000000 0.733333
vt 1.000000 0.733333
vt 0.000000 0.800000
vt 1.000000 0.800000
vt 0.000000 0.866667
vt 1.000000 0.866667
vt 0.000000 0.933333
vt 1.000000 0.933333
vt 0.000000 1.000000
vt 1.000000 1.000000
vt 0.000000 0.000000
vt 1.000000 0.000000
vt 0.000000 0.066667
vt 1.000000 0.066667
vt 0.000000 0.133333
vt 1.000000 0.133333
vt 0.000000 0.200000
vt 1.000000 0.200000
vt 0.000000 0.266667
vt 1.000000 0.266667
vt 0.000000 0.333333
vt 1.000000 0.333333
vt 0.000000 0.400000
vt 1.000000 0.400000
vt 0.000000 0.466667
vt 1.000000 0.466667
vt 0.000000 0.533333
vt 1.000000 0.533333
vt 0.000000 0.600000
vt 1.000000 0.600000
vt 0.000000 0.666667
vt 1.000000 0.666667
vt 0.000000 0.733333
vt 1.000000 0.733333
vt 0.000000 0.800000
vt 1.000000 0.800000
vt 0.000000 0.866667
vt 1.000000 0.866667
vt 0.000000 0.933333
vt 1.000000 0.933333
vt 0.000000 1.000000
vt 1.000000 1.000000
vt 0.000000 0.000000
vt 1.000000 0.000000
vt 0.000000 0.066667
vt 1.000000 0.066667
vt 0.000000 0.133333
vt 1.000000 0.133333
vt 0.000000 0.200000
vt 1.000000 0.200000
vt 0.000000 0.266667
vt 1.000000 0.266667
vt 0.000000 0.333333
vt 1.000000 0.333333
vt 0.000000 0.400000
vt 1.000000 0.400000
vt 0.000000 0.466667
vt 1.000000 0.466667
vt 0.000000 0.533333
vt 1.000000 0.533333
vt 0.000000 0.600000
vt 1.000000 0.600000
vt 0.000000 0.666667
vt 1.000000 0.666667
vt 0.000000 0.733333
vt 1.000000 0.733333
vt 0.000000 0.800000
vt 1.000000 0.800000
vt 0.000000 0.866667
vt 1.000000 0.866667
vt 0.000000 0.933333
vt 1.000000 0.933333
vt 0.000000 1.000000
vt 1.000000 1.000000
vt 0.000000 0.000000
vt 1.000000 0.000000
vt 0.000000 0.066667
vt 1.000000 0.066667
vt 0.000000 0.133333
vt 1.000000 0.133333
vt 0.000000 0.200000
vt 1.000000 0.200000
vt 0.000000 0.266667
vt 1.000000 0.266667
vt 0.000000 0.333333
vt 1.000000 0.333333
vt 0.000000 0.400000
vt 1.000000 0.400000
vt 0.000000 0.466667
vt 1.000000 0.466667
vt 0.000000 0.533333
vt 1.000000 0.533333
vt 0.000000 0.600000
vt 1.000000 0.600000
vt 0.000000 0.666667
vt 1.000000 0.666667
vt 0.000000 0.733333
vt 1.000000 0.733333
vt 0.000000 0.800000
vt 1.000000 0.800000
vt 0.000000 0.866667
vt 1.000000 0.866667
vt 0.000000 0.933333
vt 1.000000 0.933333
vt 0.000000 1.000000
vt 1.000000 1.000000
vt 0.000000 0.000000
vt 1.000000 0.000000
vt 0.000000 0.066667
vt 1.000000 0.066667
vt 0.000000 0.133333
vt 1.000000 0.133333
vt 0.000000 0.200000
vt 1.000000 0.200000
vt 0.000000 0.266667
vt 1.000000 0.266667
vt 0.000000 0.333333
vt 1.000000 0.333333
vt 0.000000 0.400000
vt 1.000000 0.400000
vt 0.000000 0.466667
vt 1.000000 0.466667
vt 0.000000 0.533333
vt 1.000000 0.533333
vt 0.000000 0.600000
vt 1.000000 0.600000
vt 0.000000 0.666667
vt 1.000000 0.666667
vt 0.000000 0.733333
vt 1.000000 0.733333
vt 0.000000 0.800000
vt 1.000000 0.800000
vt 0.000000 0.866667
vt 1.000000 0.866667
vt 0.000000 0.933333
vt 1.000000 0.933333
vt 0.000000 1.000000
vt 1.000000 1.000000
vt 0.000000 0.000000
vt 1.000000 0.000000
vt 0.000000 0.066667
vt 1.000000 0.066667
vt 0.000000 0.133333
vt 1.000000 0.133333
vt 0.000000 0.200000
vt 1.000000 0.200000
vt 0.000000 0.266667
vt 1.000000 0.266667
vt 0.000000 0.333333
vt 1.000000 0.333333
vt 0.000000 0.400000
vt 1.000000 0.400000
vt 0.000000 0.466667
vt 1.000000 0.466667
vt 0.000000 0.533333
vt 1.000000 0.533333
vt 0.000000 0.600000
vt 1.000000 0.600000
vt 0.000000 0.666667
vt 1.000000 0.666667
vt 0.000000 0.733333
vt 1.000000 0.733333
vt 0.000000 0.800000
vt 1.000000 0.800000
vt 0.000000 0.866667
vt 1.000000 0.866667
vt 0.000000 0.933333
vt 1.000000 0.933333
vt 0.000000 1.000000
vt 1.000000 1.000000
vt 0.000000 0.000000
vt 1.000000 0.000000
vt 0.000000 0.066667
vt 1.000000 0.066667
vt 0.000000 0.133333
vt 1.000000 0.133333
vt 0.000000 0.200000
vt 1.000000 0.200000
vt 0.000000 0.266667
vt 1.000000 0.266667
vt 0.000000 0.333333
vt 1.000000 0.333333
vt 0.000000 0.400000
vt 1.000000 0.400000
vt 0.000000 0.466667
vt 1.000000 0.466667
vt 0.000000 0.533333
vt 1.000000 0.533333
vt 0.000000 0.600000
vt 1.000000 0.600000
vt 0.000000 0.666667
vt 1.000000 0.666667
vt 0.000000 0.733333
vt 1.000000 0.733333
vt 0.000000 0.800000
vt 1.000000 0.800000
vt 0.000000 0.866667
vt 1.000000 0.866667
vt 0.000000 0.933333
vt 1.000000 0.933333
vt 0.000000 1.000000
vt 1.000000 1.000000
vt 0.000000 0.000000
vt 1.000000 0.000000
vt 0.000000 0.066667
vt 1.000000 0.066667
vt 0.000000 0.133333
vt 1.000000 0.133333
vt 0.000000 0.200000
vt 1.000000 0.200000
vt 0.000000 0.266667
vt 1.000000 0.266667
vt 0.000000 0.333333
vt 1.000000 0.333333
vt 0.000000 0.400000
vt 1.000000 0.400000
vt 0.000000 0.466667
vt 1.000000 0.466667
vt 0.000000 0.533333
vt 1.000000 0.533333
vt 0.000000 0.600000
vt 1.000000 0.600000
vt 0.000000 0.666667
vt 1.000000 0.666667
vt 0.000000 0.733333
vt 1.000000 0.733333
vt 0.000000 0.800000
vt 1.000000 0.800000
vt 0.000000 0.866667
vt 1.000000 0.866667
vt 0.000000 0.933333
vt 1.000000 0.933333
vt 0.000000 1.000000
vt 1.000000 1.000000
vt 0.000000 0.000000
vt 1.000000 0.000000
vt 0.000000 0.066667
vt 1.000000 0.066667
vt 0.000000 0.133333
vt 1.000000 0.133333
vt 0.000000 0.200000
vt 1.000000 0.200000
vt 0.000000 0.266667
vt 1.000000 0.266667
vt 0.000000 0.333333
vt 1.000000 0.333333
vt 0.000000 0.400000
vt 1.000000 0.400000
vt 0.000000 0.466667
vt 1.000000 0.466667
vt 0.000000 0.533333
vt 1.000000 0.533333
vt 0.000000 0.600000
vt 1.000000 0.600000
vt 0.000000 0.666667
vt 1.000000 0.666667
vt 0.000000 0.733333
vt 1.000000 0.733333
vt 0.000000 0.800000
vt 1.000000 0.800000
vt 0.000000 0.866667
vt 1.000000 0.866667
vt 0.000000 0.933333
vt 1.000000 0.933333
vt 0.000000 1.000000
vt 1.000000 1.000000
vt 0.000000 0.000000
vt 1.000000 0.000000
vt 0.000000 0.066667
vt 1.000000 0.066667
vt 0.000000 0.133333
vt 1.000000 0.133333
vt 0.000000 0.200000
vt 1.000000 0.200000
vt 0.000000 0.266667
vt 1.000000 0.266667
vt 0.000000 0.333333
vt 1.000000 0.333333
vt 0.000000 0.400000
vt 1.000000 0.400000
vt 0.000000 0.466667
vt 1.000000 0.466667
vt 0.000000 0.533333
vt 1.000000 0.533333
vt 0.000000 0.600000
vt 1.000000 0.600000
vt 0.000000 0.666667
vt 1.000000 0.666667
vt 0.000000 0.733333
vt 1.000000 0.733333
vt 0.000000 0.800000
vt 1.000000 0.800000
vt 0.000000 0.866667
vt 1.000000 0.866667
vt 0.000000 0.933333
vt 1.000000 0.933333
vt 0.000000 1.000000
vt 1.000000 1.000000
vt 0.000000 0.000000
vt 1.000000 0.000000
vt 0.000000 0.066667
vt 1.000000 0.066667
vt 0.000000 0.133333
vt 1.000000 0.133333
vt 0.000000 0.200000
vt 1.000000 0.200000
vt 0.000000 0.266667
vt 1.000000 0.266667
vt 0.000000 0.333333
vt 1.000000 0.333333
vt 0.000000 0.400000
vt 1.000000 0.400000
vt 0.000000 0.466667
vt 1.000000 0.466667
vt 0.000000 0.533333
vt 1.000000 0.533333
vt 0.000000 0.600000
vt 1.000000 0.600000
vt 0.000000 0.666667
vt 1.000000 0.666667
vt 0.000000 0.733333
vt 1.000000 0.733333
vt 0.000000 0.800000
vt 1.000000 0.800000
vt 0.000000 0.866667
vt 1.000000 0.866667
vt 0.000000 0.933333
vt 1.000000 0.933333
vt 0.000000 1.000000
vt 1.000000 1.000000
vt 0.000000 0.000000
vt 1.000000 0.000000
vt 0.000000 0.066667
vt 1.000000 0.066667
vt 0.000000 0.133333
vt 1.000000 0.133333
vt 0.000000 0.200000
vt 1.000000 0.200000
vt 0.000000 0.266667
vt 1.000000 0.266667
vt 0.000000 0.333333
vt 1.000000 0.333333
vt 0.000000 0.400000
vt 1.000000 0.400000
vt 0.000000 0.466667
vt 1.000000 0.466667
vt 0.000000 0.533333
vt 1.000000 0.533333
vt 0.000000 0.600000
vt 1.000000 0.600000
vt 0.000000 0.666667
vt 1.000000 0.666667
vt 0.000000 0.733333
vt 1.000000 0.733333
vt 0.000000 0.800000
vt 1.000000 0.800000
vt 0.000000 0.866667
vt 1.000000 0.866667
vt 0.000000 0.933333
vt 1.000000 0.933333
vt 0.000000 1.000000
vt 1.000000 1.000000
vt 0.000000 0.000000
vt 1.000000 0.000000
vt 0.000000 0.066667
vt 1.000000 0.066667
vt 0.000000 0.133333
vt 1.000000 0.133333
vt 0.000000 0.200000
vt 1.000000 0.200000
vt 0.000000 0.266667
vt 1.000000 0.266667
vt 0.000000 0.333333
vt 1.000000 0.333333
vt 0.000000 0.400000
vt 1.000000 0.400000
vt 0.000000 0.466667
vt 1.000000 0.466667
vt 0.000000 0.533333
vt 1.000000 0.533333
vt 0.000000 0.600000
vt 1.000000 0.600000
vt 0.000000 0.666667
vt 1.000000 0.666667
vt 0.000000 0.733333
vt 1.000000 0.733333
vt 0.000000 0.800000
vt 1.000000 0.800000
vt 0.000000 0.866667
vt 1.000000 0.866667
vt 0.000000 0.933333
vt 1.000000 0.933333
vt 0.000000 1.000000
vt 1.000000 1.000000
vt 0.000000 0.000000
vt 1.000000 0.000000
vt 0.000000 0.066667
vt 1.000000 0.066667
vt 0.000000 0.133333
vt 1.000000 0.133333
vt 0.000000 0.200000
vt 1.000000 0.200000
vt 0.000000 0.266667
vt 1.000000 0.266667
vt 0.000000 0.333333
vt 1.000000 0.333333
vt 0.000000 0.400000
vt 1.000000 0.400000
vt 0.000000 0.466667
vt 1.000000 0.466667
vt 0.000000 0.533333
vt 1.000000 0.533333
vt 0.000000 0.600000
vt 1.000000 0.600000
vt 0.000000 0.666667
vt 1.000000 0.666667
vt 0.000000 0.733333
vt 1.000000 0.733333
vt 0.000000 0.800000
vt 1.000000 0.800000
vt 0.000000 0.866667
vt 1.000000 0.866667
vt 0.000000 0.933333
vt 1.000000 0.933333
vt 0.000000 1.000000
vt 1.000000 1.000000
vt 0.000000 0.000000
vt 1.000000 0.000000
vt 0.000000 0.066667
vt 1.000000 0.066667
vt 0.000000 0.133333
vt 1.000000 0.133333
vt 0.000000 0.200000
vt 1.000000 0.200000
vt 0.000000 0.266667
vt 1.000000 0.266667
vt 0.000000 0.333333
vt 1.000000 0.333333
vt 0.000000 0.400000
vt 1.000000 0.400000
vt 0.000000 0.466667
vt 1.000000 0.466667
vt 0.000000 0.533333
vt 1.000000 0.533333
vt 0.000000 0.600000
vt 1.000000 0.600000
vt 0.000000 0.666667
vt 1.000000 0.666667
vt 0.000000 0.733333
vt 1.000000 0.733333
vt 0.000000 0.800000
vt 1.000000 0.800000
vt 0.000000 0.866667
vt 1.000000 0.866667
vt 0.000000 0.933333
vt 1.000000 0.933333
vt 0.000000 1.000000
vt 1.000000 1.000000
vt 0.000000 0.000000
vt 1.000000 0.000000
vt 0.000000 0.066667
vt 1.000000 0.066667
vt 0.000000 0.133333
vt 1.000000 0.133333
vt 0.000000 0.200000
vt 1.000000 0.200000
vt 0.000000 0.266667
vt 1.000000 0.266667
vt 0.000000 0.333333
vt 1.000000 0.333333
vt 0.000000 0.400000
vt 1.000000 0.400000
vt 0.000000 0.466667
vt 1.000000 0.466667
vt 0.000000 0.533333
vt 1.000000 0.533333
vt 0.000000 0.600000
vt 1.000000 0.600000
vt 0.000000 0.666667
vt 1.000000 0.666667
vt 0.000000 0.733333
vt 1.000000 0.733333
vt 0.000000 0.800000
vt 1.000000 0.800000
vt 0.000000 0.866667
vt 1.000000 0.866667
vt 0.000000 0.933333
vt 1.000000 0.933333
vt 0.000000 1.000000
vt 1.000000 1.000000
vt 0.000000 0.000000
vt 1.000000 0.000000
vt 0.000000 0.066667
vt 1.000000 0.066667
vt 0.000000 0.133333
vt 1.000000 0.133333
vt 0.000000 0.200000
vt 1.000000 0.200000
vt 0.000000 0.266667
vt 1.000000 0.266667
vt 0.000000 0.333333
vt 1.000000 0.333333
vt 0.000000 0.400000
vt 1.000000 0.400000
vt 0.000000 0.466667
vt 1.000000 0.466667
vt 0.000000 0.533333
vt 1.000000 0.533333
vt 0.000000 0.600000
vt 1.000000 0.600000
vt 0.000000 0.666667
vt 1.000000 0.666667
vt 0.000000 0.733333
vt 1.000000 0.733333
vt 0.000000 0.800000
vt 1.000000 0.800000
vt 0.000000 0.866667
vt 1.000000 0.866667
vt 0.000000 0.933333
vt 1.000000 0.933333
vt 0.000000 1.000000
vt 1.000000 1.000000
vt 0.000000 0.000000
vt 1.000000 0.000000
vt 0.000000 0.066667
vt 1.000000 0.066667
vt 0.000000 0.133333
vt 1.000000 0.133333
vt 0.000000 0.200000
vt 1.000000 0.200000
vt 0.000000 0.266667
vt 1.000000 0.266667
vt 0.000000 0.333333
vt 1.000000 0.333333
vt 0.000000 0.400000
vt 1.000000 0.400000
vt 0.000000 0.466667
vt 1.000000 0.466667
vt 0.000000 0.533333
vt 1.000000 0.533333
vt 0.000000 0.600000
vt 1.000000 0.600000
vt 0.000000 0.666667
vt 1.000000 0.666667
vt 0.000000 0.733333
vt 1.000000 0.733333
vt 0.000000 0.800000
vt 1.000000 0.800000
vt 0.000000 0.866667
vt 1.000000 0.866667
vt 0.000000 0.933333
vt 1.000000 0.933333
vt 0.000000 1.000000
vt 1.000000 1.000000
vt 0.000000 0.000000
vt 1.000000 0.000000
vt 0.000000 0.066667
vt 1.000000 0.066667
vt 0.000000 0.133333
vt 1.000000 0.133333
vt 0.000000 0.200000
vt 1.000000 0.200000
vt 0.000000 0.266667
vt 1.000000 0.266667
vt 0.000000 0.333333
vt 1.000000 0.333333
vt 0.000000 0.400000
vt 1.000000 0.400000
vt 0.000000 0.466667
vt 1.000000 0.466667
vt 0.000000 0.533333
vt 1.000000 0.533333
vt 0.000000 0.600000
vt 1.000000 0.600000
vt 0.000000 0.666667
vt 1.000000 0.666667
vt 0.000000 0.733333
vt 1.000000 0.733333
vt 0.000000 0.800000
vt 1.000000 0.800000
vt 0.000000 0.866667
vt 1.000000 0.866667
vt 0.000000 0.933333
vt 1.000000 0.933333
vt 0.000000 1.000000
vt 1.000000 1.000000
vt 0.000000 0.000000
vt 1.000000 0.000000
vt 0.000000 0.066667
vt 1.000000 0.066667
vt 0.000000 0.133333
vt 1.000000 0.133333
vt 0.000000 0.200000
vt 1.000000 0.200000
vt 0.000000 0.266667
vt 1.000000 0.266667
vt 0.000000 0.333333
vt 1.000000 0.333333
vt 0.000000 0.400000
vt 1.000000 0.400000
vt 0.000000 0.466667
vt 1.000000 0.466667
vt 0.000000 0.533333
vt 1.000000 0.533333
vt 0.000000 0.600000
vt 1.000000 0.600000
vt 0.000000 0.666667
vt 1.000000 0.666667
vt 0.000000 0.733333
vt 1.000000 0.733333
vt 0.000000 0.800000
vt 1.000000 0.800000
vt 0.000000 0.866667
vt 1.000000 0.866667
vt 0.000000 0.933333
vt 1.000000 0.933333
vt 0.000000 1.000000
vt 1.000000 1.000000
vt 0.000000 0.000000
vt 1.000000 0.000000
vt 0.000000 0.066667
vt 1.000000 0.066667
vt 0.000000 0.133333
vt 1.000000 0.133333
vt 0.000000 0.200000
vt 1.000000 0.200000
vt 0.000000 0.266667
vt 1.000000 0.266667
vt 0.000000 0.333333
vt 1.000000 0.333333
vt 0.000000 0.400000
vt 1.000000 0.400000
vt 0.000000 0.466667
vt 1.000000 0.466667
vt 0.000000 0.533333
vt 1.000000 0.533333
vt 0.000000 0.600000
vt 1.000000 0.600000
vt 0.000000 0.666667
vt 1.000000 0.666667
vt 0.000000 0.733333
vt 1.000000 0.733333
vt 0.000000 0.800000
vt 1.000000 0.800000
vt 0.000000 0.866667
vt 1.000000 0.866667
vt 0.000000 0.933333
vt 1.000000 0.933333
vt 0.000000 1.000000
vt 1.000000 1.000000
vt 0.000000 0.000000
vt 1.000000 0.000000
vt 0.000000 0.066667
vt 1.000000 0.066667
vt 0.000000 0.133333
vt 1.000000 0.133333
vt 0.000000 0.200000
vt 1.000000 0.200000
vt 0.000000 0.266667
vt 1.000000 0.266667
vt 0.000000 0.333333
vt 1.000000 0.333333
vt 0.000000 0.400000
vt 1.000000 0.400000
vt 0.000000 0.466667
vt 1.000000 0.466667
vt 0.000000 0.533333
vt 1.000000 0.533333
vt 0.000000 0.600000
vt 1.000000 0.600000
vt 0.000000 0.666667
vt 1.000000 0.666667
vt 0.000000 0.733333
vt 1.000000 0.733333
vt 0.000000 0.800000
vt 1.000000 0.800000
vt 0.000000 0.866667
vt 1.000000 0.866667
vt 0.000000 0.933333
vt 1.000000 0.933333
vt 0.000000 1.000000
vt 1.000000 1.000000
vt 0.000000 0.000000
vt 1.000000 0.000000
vt 0.000000 0.066667
vt 1.000000 0.066667
vt 0.000000 0.133333
vt 1.000000 0.133333
vt 0.000000 0.200000
vt 1.000000 0.200000
vt 0.000000 0.266667
vt 1.000000 0.266667
vt 0.000000 0.333333
vt 1.000000 0.333333
vt 0.000000 0.400000
vt 1.000000 0.400000
vt 0.000000 0.466667
vt 1.000000 0.466667
vt 0.000000 0.533333
vt 1.000000 0.533333
vt 0.000000 0.600000
vt 1.000000 0.600000
vt 0.000000 0.666667
vt 1.000000 0.666667
vt 0.000000 0.733333
vt 1.000000 0.733333
vt 0.000000 0.800000
vt 1.000000 0.800000
vt 0.000000 0.866667
vt 1.000000 0.866667
vt 0.000000 0.933333
vt 1.000000 0.933333
vt 0.000000 1.000000
vt 1.000000 1.000000
vt 0.000000 0.000000
vt 1.000000 0.000000
vt 0.000000 0.066667
vt 1.000000 0.066667
vt 0.000000 0.133333
vt 1.000000 0.133333
vt 0.000000 0.200000
vt 1.000000 0.200000
vt 0.000000 0.266667
vt 1.000000 0.266667
vt 0.000000 0.333333
vt 1.000000 0.333333
vt 0.000000 0.400000
vt 1.000000 0.400000
vt 0.000000 0.466667
vt 1.000000 0.466667
vt 0.000000 0.533333
vt 1.000000 0.533333
vt 0.000000 0.600000
vt 1.000000 0.600000
vt 0.000000 0.666667
vt 1.000000 0.666667
vt 0.000000 0.733333
vt 1.000000 0.733333
vt 0.000000 0.800000
vt 1.000000 0.800000
vt 0.000000 0.866667
vt 1.000000 0.866667
vt 0.000000 0.933333
vt 1.000000 0.933333
vt 0.000000 1.000000
vt 1.000000 1.000000
vt 0.000000 0.000000
vt 1.000000 0.000000
vt 0.000000 0.066667
vt 1.000000 0.066667
vt 0.000000 0.133333
vt 1.000000 0.133333
vt 0.000000 0.200000
vt 1.000000 0.200000
vt 0.000000 0.266667
vt 1.000000 0.266667
vt 0.000000 0.333333
vt 1.000000 0.333333
vt 0.000000 0.400000
vt 1.000000 0.400000
vt 0.000000 0.466667
vt 1.000000 0.466667
vt 0.000000 0.533333
vt 1.000000 0.533333
vt 0.000000 0.600000
vt 1.000000 0.600000
vt 0.000000 0.666667
vt 1.000000 0.666667
vt 0.000000 0.733333
vt 1.000000 0.733333
vt 0.000000 0.800000
vt 1.000000 0.800000
vt 0.000000 0.866667
vt 1.000000 0.866667
vt 0.000000 0.933333
vt 1.000000 0.933333
vt 0.000000 1.000000
vt 1.000000 1.000000
vt 0.000000 0.000000
vt 1.000000 0.000000
vt 0.000000 0.066667
vt 1.000000 0.066667
vt 0.000000 0.133333
vt 1.000000 0.133333
vt 0.000000 0.200000
vt 1.000000 0.200000
vt 0.000000 0.266667
vt 1.000000 0.266667
vt 0.000000 0.333333
vt 1.000000 0.333333
vt 0.000000 0.400000
vt 1.000000 0.400000
vt 0.000000 0.466667
vt 1.000000 0.466667
vt 0.000000 0.533333
vt 1.000000 0.533333
vt 0.000000 0.600000
vt 1.000000 0.600000
vt 0.000000 0.666667
vt 1.000000 0.666667
vt 0.000000 0.733333
vt 1.000000 0.733333
vt 0.000000 0.800000
vt 1.000000 0.800000
vt 0.000000 0.866667
vt 1.000000 0.866667
vt 0.000000 0.933333
vt 1.000000 0.933333
vt 0.000000 1.000000
vt 1.000000 1.000000
vt 0.000000 0.000000
vt 1.000000 0.000000
vt 0.000000 0.066667
vt 1.000000 0.066667
vt 0.000000 0.133333
vt 1.000000 0.133333
vt 0.000000 0.200000
vt 1.000000 0.200000
vt 0.000000 0.266667
vt 1.000000 0.266667
vt 0.000000 0.333333
vt 1.000000 0.333333
vt 0.000000 0.400000
vt 1.000000 0.400000
vt 0.000000 0.466667
vt 1.000000 0.466667
vt 0.000000 0.533333
vt 1.000000 0.533333
vt 0.000000 0.600000
vt 1.000000 0.600000
vt 0.000000 0.666667
vt 1.000000 0.666667
vt 0.000000 0.733333
vt 1.000000 0.733333
vt 0.000000 0.800000
vt 1.000000 0.800000
vt 0.000000 0.866667
vt 1.000000 0.866667
vt 0.000000 0.933333
vt 1.000000 0.933333
vt 0.000000 1.000000
vt 1.000000 1.000000
vt 0.000000 0.000000
vt 1.000000 0.000000
vt 0.000000 0.066667
vt 1.000000 0.066667
vt 0.000000 0.133333
vt 1.000000 0.133333
vt 0.000000 0.200000
vt 1.000000 0.200000
vt 0.000000 0.266667
vt 1.000000 0.266667
vt 0.000000 0.333333
vt 1.000000 0.333333
vt 0.000000 0.400000
vt 1.000000 0.400000
vt 0.000000 0.466667
vt 1.000000 0.466667
vt 0.000000 0.533333
vt 1.000000 0.533333
vt 0.000000 0.600000
vt 1.000000 0.600000
vt 0.000000 0.666667
vt 1.000000 0.666667
vt 0.000000 0.733333
vt 1.000000 0.733333
vt 0.000000 0.800000
vt 1.000000 0.800000
vt 0.000000 0.866667
vt 1.000000 0.866667
vt 0.000000 0.933333
vt 1.000000 0.933333
vt 0.000000 1.000000
vt 1.000000 1.000000
vt 0.000000 0.000000
vt 1.000000 0.000000
vt 0.000000 0.066667
vt 1.000000 0.066667
vt 0.000000 0.133333
vt 1.000000 0.133333
vt 0.000000 0.200000
vt 1.000000 0.200000
vt 0.000000 0.266667
vt 1.000000 0.266667
vt 0.000000 0.333333
vt 1.000000 0.333333
vt 0.000000 0.400000
vt 1.000000 0.400000
vt 0.000000 0.466667
vt 1.000000 0.466667
vt 0.000000 0.533333
vt 1.000000 0.533333
vt 0.000000 0.600000
vt 1.000000 0.600000
vt 0.000000 0.666667
vt 1.000000 0.666667
vt 0.000000 0.733333
vt 1.000000 0.733333
vt 0.000000 0.800000
vt 1.000000 0.800000
vt 0.000000 0.866667
vt 1.000000 0.866667
vt 0.000000 0.933333
vt 1.000000 0.933333
vt 0.000000 1.000000
vt 1.000000 1.000000
vt 0.000000 0.000000
vt 1.000000 0.000000
vt 0.000000 0.066667
vt 1.000000 0.066667
vt 0.000000 0.133333
vt 1.000000 0.133333
vt 0.000000 0.200000
vt 1.000000 0.200000
vt 0.000000 0.266667
vt 1.000000 0.266667
vt 0.000000 0.333333
vt 1.000000 0.333333
vt 0.000000 0.400000
vt 1.000000 0.400000
vt 0.000000 0.466667
vt 1.000000 0.466667
vt 0.000000 0.533333
vt 1.000000 0.533333
vt 0.000000 0.600000
vt 1.000000 0.600000
vt 0.000000 0.666667
vt 1.000000 0.666667
vt 0.000000 0.733333
vt 1.000000 0.733333
vt 0.000000 0.800000
vt 1.000000 0.800000
vt 0.000000 0.866667
vt 1.000000 0.866667
vt 0.000000 0.933333
vt 1.000000 0.933333
vt 0.000000 1.000000
vt 1.000000 1.000000
vt 0.000000 0.000000
vt 1.000000 0.000000
vt 0.000000 0.066667
vt 1.000000 0.066667
vt 0.000000 0.133333
vt 1.000000 0.133333
vt 0.000000 0.200000
vt 1.000000 0.200000
vt 0.000000 0.266667
vt 1.000000 0.266667
vt 0.000000 0.333333
vt 1.000000 0.333333
vt 0.000000 0.400000
vt 1.000000 0.400000
vt 0.000000 0.466667
vt 1.000000 0.466667
vt 0.000000 0.533333
vt 1.000000 0.533333
vt 0.000000 0.600000
vt 1.000000 0.600000
vt 0.000000 0.666667
vt 1.000000 0.666667
vt 0.000000 0.733333
vt 1.000000 0.733333
vt 0.000000 0.800000
vt 1.000000 0.800000
vt 0.000000 0.866667
vt 1.000000 0.866667
vt 0.000000 0.933333
vt 1.000000 0.933333
vt 0.000000 1.000000
vt 1.000000 1.000000
vt 0.000000 0.000000
vt 1.000000 0.000000
vt 0.000000 0.066667
vt 1.000000 0.066667
vt 0.000000 0.133333
vt 1.000000 0.133333
vt 0.000000 0.200000
vt 1.000000 0.200000
vt 0.000000 0.266667
vt 1.000000 0.266667
vt 0.000000 0.333333
vt 1.000000 0.333333
vt 0.000000 0.400000
vt 1.000000 0.400000
vt 0.000000 0.466667
vt 1.000000 0.466667
vt 0.000000 0.533333
vt 1.000000 0.533333
vt 0.000000 0.600000
vt 1.000000 0.600000
vt 0.000000 0.666667
vt 1.000000 0.666667
vt 0.000000 0.733333
vt 1.000000 0.733333
vt 0.000000 0.800000
vt 1.000000 0.800000
vt 0.000000 0.866667
vt 1.000000 0.866667
vt 0.000000 0.933333
vt 1.000000 0.933333
vt 0.000000 1.000000
vt 1.000000 1.000000
vt 0.000000 0.000000
vt 1.000000 0.000000
vt 0.000000 0.066667
vt 1.000000 0.066667
vt 0.000000 0.133333
vt 1.000000 0.133333
vt 0.000000 0.200000
vt 1.000000 0.200000
vt 0.000000 0.266667
vt 1.000000 0.266667
vt 0.000000 0.333333
vt 1.000000 0.333333
vt 0.000000 0.400000
vt 1.000000 0.400000
vt 0.000000 0.466667
vt 1.000000 0.466667
vt 0.000000 0.533333
vt 1.000000 0.533333
vt 0.000000 0.600000
vt 1.000000 0.600000
vt 0.000000 0.666667
vt 1.000000 0.666667
vt 0.000000 0.733333
vt 1.000000 0.733333
vt 0.000000 0.800000
vt 1.000000 0.800000
vt 0.000000 0.866667
vt 1.000000 0.866667
vt 0.000000 0.933333
vt 1.000000 0.933333
vt 0.000000 1.000000
vt 1.000000 1.000000
vt 0.000000 0.000000
vt 1.000000 0.000000
vt 0.000000 0.066667
vt 1.000000 0.066667
vt 0.000000 0.133333
vt 1.000000 0.133333
vt 0.000000 0.200000
vt 1.000000 0.200000
vt 0.000000 0.266667
vt 1.000000 0.266667
vt 0.000000 0.333333
vt 1.000000 0.333333
vt 0.000000 0.400000
vt 1.000000 0.400000
vt 0.000000 0.466667
vt 1.000000 0.466667
vt 0.000000 0.533333
vt 1.000000 0.533333
vt 0.000000 0.600000
vt 1.000000 0.600000
vt 0.000000 0.666667
vt 1.000000 0.666667
vt 0.000000 0.733333
vt 1.000000 0.733333
vt 0.000000 0.800000
vt 1.000000 0.800000
vt 0.000000 0.866667
vt 1.000000 0.866667
vt 0.000000 0.933333
vt 1.000000 0.933333
vt 0.000000 1.000000
vt 1.000000 1.000000
vt 0.000000 0.000000
vt 1.000000 0.000000
vt 0.000000 0.066667
vt 1.000000 0.066667
vt 0.000000 0.133333
vt 1.000000 0.133333
vt 0.000000 0.200000
vt 1.000000 0.200000
vt 0.000000 0.266667
vt 1.000000 0.266667
vt 0.000000 0.333333
vt 1.000000 0.333333
vt 0.000000 0.400000
vt 1.000000 0.400000
vt 0.000000 0.466667
vt 1.000000 0.466667
vt 0.000000 0.533333
vt 1.000000 0.533333
vt 0.000000 0.600000
vt 1.000000 0.600000
vt 0.000000 0.666667
vt 1.000000 0.666667
vt 0.000000 0.733333
vt 1.000000 0.733333
vt 0.000000 0.800000
vt 1.000000 0.800000
vt 0.000000 0.866667
vt 1.000000 0.866667
vt 0.000000 0.933333
vt 1.000000 0.933333
vt 0.000000 1.000000
vt 1.000000 1.000000
vt 0.000000 0.000000
vt 1.000000 0.000000
vt 0.000000 0.066667
vt 1.000000 0.066667
vt 0.000000 0.133333
vt 1.000000 0.133333
vt 0.000000 0.200000
vt 1.000000 0.200000
vt 0.000000 0.266667
vt 1.000000 0.266667
vt 0.000000 0.333333
vt 1.000000 0.333333
vt 0.000000 0.400000
vt 1.000000 0.400000
vt 0.000000 0.466667
vt 1.000000 0.466667
vt 0.000000 0.533333
vt 1.000000 0.533333
vt 0.000000 0.600000
vt 1.000000 0.600000
vt 0.000000 0.666667
vt 1.000000 0.666667
vt 0.000000 0.733333
vt 1.000000 0.733333
vt 0.000000 0.800000
vt 1.000000 0.800000
vt 0.000000 0.866667
vt 1.000000 0.866667
vt 0.000000 0.933333
vt 1.000000 0.933333
vt 0.000000 1.000000
vt 1.000000 1.000000
vt 0.000000 0.000000
vt 1.000000 0.000000
vt 0.000000 0.066667
vt 1.000000 0.066667
vt 0.000000 0.133333
vt 1.000000 0.133333
vt 0.000000 0.200000
vt 1.000000 0.200000
vt 0.000000 0.266667
vt 1.000000 0.266667
vt 0.000000 0.333333
vt 1.000000 0.333333
vt 0.000000 0.400000
vt 1.000000 0.400000
vt 0.000000 0.466667
vt 1.000000 0.466667
vt 0.000000 0.533333
vt 1.000000 0.533333
vt 0.000000 0.600000
vt 1.000000 0.600000
vt 0.000000 0.666667
vt 1.000000 0.666667
vt 0.000000 0.733333
vt 1.000000 0.733333
vt 0.000000 0.800000
vt 1.000000 0.800000
vt 0.000000 0.866667
vt 1.000000 0.866667
vt 0.000000 0.933333
vt 1.000000 0.933333
vt 0.000000 1.000000
vt 1.000000 1.000000
vt 0.000000 0.000000
vt 1.000000 0.000000
vt 0.000000 0.066667
vt 1.000000 0.066667
vt 0.000000 0.133333
vt 1.000000 0.133333
vt 0.000000 0.200000
vt 1.000000 0.200000
vt 0.000000 0.266667
vt 1.000000 0.266667
vt 0.000000 0.333333
vt 1.000000 0.333333
vt 0.000000 0.400000
vt 1.000000 0.400000
vt 0.000000 0.466667
vt 1.000000 0.466667
vt 0.000000 0.533333
vt 1.000000 0.533333
vt 0.000000 0.600000
vt 1.000000 0.600000
vt 0.000000 0.666667
vt 1.000000 0.666667
vt 0.000000 0.733333
vt 1.000000 0.733333
vt 0.000000 0.800000
vt 1.000000 0.800000
vt 0.000000 0.866667
vt 1.000000 0.866667
vt 0.000000 0.933333
vt 1.000000 0.933333
vt 0.000000 1.000000
vt 1.000000 1.000000
vt 0.000000 0.000000
vt 1.000000 0.000000
vt 0.000000 0.066667
vt 1.000000 0.066667
vt 0.000000 0.133333
vt 1.000000 0.133333
vt 0.000000 0.200000
vt 1.000000 0.200000
vt 0.000000 0.266667
vt 1.000000 0.266667
vt 0.000000 0.333333
vt 1.000000 0.333333
vt 0.000000 0.400000
vt 1.000000 0.400000
vt 0.000000 0.466667
vt 1.000000 0.466667
vt 0.000000 0.533333
vt 1.000000 0.533333
vt 0.000000 0.600000
vt 1.000000 0.600000
vt 0.000000 0.666667
vt 1.000000 0.666667
vt 0.000000 0.733333
vt 1.000000 0.733333
vt 0.000000 0.800000
vt 1.000000 0.800000
vt 0.000000 0.866667
vt 1.000000 0.866667
vt 0.000000 0.933333
vt 1.000000 0.933333
vt 0.000000 1.000000
vt 1.000000 1.000000
vt 0.000000 0.000000
vt 1.000000 0.000000
vt 0.000000 0.066667
vt 1.000000 0.066667
vt 0.000000 0.133333
vt 1.000000 0.133333
vt 0.000000 0.200000
vt 1.000000 0.200000
vt 0.000000 0.266667
vt 1.000000 0.266667
vt 0.000000 0.333333
vt 1.000000 0.333333
vt 0.000000 0.400000
vt 1.000000 0.400000
vt 0.000000 0.466667
vt 1.000000 0.466667
vt 0.000000 0.533333
vt 1.000000 0.533333
vt 0.000000 0.600000
vt 1.000000 0.600000
vt 0.000000 0.666667
vt 1.000000 0.666667
vt 0.000000 0.733333
vt 1.000000 0.733333
vt 0.000000 0.800000
vt 1.000000 0.800000
vt 0.000000 0.866667
vt 1.000000 0.866667
vt 0.000000 0.933333
vt 1.000000 0.933333
vt 0.000000 1.000000
vt 1.000000 1.000000
vt 0.000000 0.000000
vt 1.000000 0.000000
vt 0.000000 0.066667
vt 1.000000 0.066667
vt 0.000000 0.133333
vt 1.000000 0.133333
vt 0.000000 0.200000
vt 1.000000 0.200000
vt 0.000000 0.266667
vt 1.000000 0.266667
vt 0.000000 0.333333
vt 1.000000 0.333333
vt 0.000000 0.400000
vt 1.000000 0.400000
vt 0.000000 0.466667
vt 1.000000 0.466667
vt 0.000000 0.533333
vt 1.000000 0.533333
vt 0.000000 0.600000
vt 1.000000 0.600000
vt 0.000000 0.666667
vt 1.000000 0.666667
vt 0.000000 0.733333
vt 1.000000 0.733333
vt 0.000000 0.800000
vt 1.000000 0.800000
vt 0.000000 0.866667
vt 1.000000 0.866667
vt 0.000000 0.933333
vt 1.000000 0.933333
vt 0.000000 1.000000
vt 1.000000 1.000000
vt 0.000000 0.000000
vt 1.000000 0.000000
vt 0.000000 0.066667
vt 1.000000 0.066667
vt 0.000000 0.133333
vt 1.000000 0.133333
vt 0.000000 0.200000
vt 1.000000 0.200000
vt 0.000000 0.266667
vt 1.000000 0.266667
vt 0.000000 0.333333
vt 1.000000 0.333333
vt 0.000000 0.400000
vt 1.000000 0.400000
vt 0.000000 0.466667
vt 1.000000 0.466667
vt 0.000000 0.533333
vt 1.000000 0.533333
vt 0.000000 0.600000
vt 1.000000 0.600000
vt 0.000000 0.666667
vt 1.000000 0.666667
vt 0.000000 0.733333
vt 1.000000 0.733333
vt 0.000000 0.800000
vt 1.000000 0.800000
vt 0.000000 0.866667
vt 1.000000 0.866667
vt 0.000000 0.933333
vt 1.000000 0.933333
vt 0.000000 1.000000
vt 1.000000 1.000000
vt 0.000000 0.000000
vt 1.000000 0.000000
vt 0.000000 0.066667
vt 1.000000 0.066667
vt 0.000000 0.133333
vt 1.000000 0.133333
vt 0.000000 0.200000
vt 1.000000 0.200000
vt 0.000000 0.266667
vt 1.000000 0.266667
vt 0.000000 0.333333
vt 1.000000 0.333333
vt 0.000000 0.400000
vt 1.000000 0.400000
vt 0.000000 0.466667
vt 1.000000 0.466667
vt 0.000000 0.533333
vt 1.000000 0.533333
vt 0.000000 0.600000
vt 1.000000 0.600000
vt 0.000000 0.666667
vt 1.000000 0.666667
vt 0.000000 0.733333
vt 1.000000 0.733333
vt 0.000000 0.800000
vt 1.000000 0.800000
vt 0.000000 0.866667
vt 1.000000 0.866667
vt 0.000000 0.933333
vt 1.000000 0.933333
vt 0.000000 1.000000
vt 1.000000 1.000000
vt 0.000000 0.000000
vt 1.000000 0.000000
vt 0.000000 0.066667
vt 1.000000 0.066667
vt 0.000000 0.133333
vt 1.000000 0.133333
vt 0.000000 0.200000
vt 1.000000 0.200000
vt 0.000000 0.266667
vt 1.000000 0.266667
vt 0.000000 0.333333
vt 1.000000 0.333333
vt 0.000000 0.400000
vt 1.000000 0.400000
vt 0.000000 0.466667
vt 1.000000 0.466667
vt 0.000000 0.533333
vt 1.000000 0.533333
vt 0.000000 0.600000
vt 1.000000 0.600000
vt 0.000000 0.666667
vt 1.000000 0.666667
vt 0.000000 0.733333
vt 1.000000 0.733333
vt 0.000000 0.800000
vt 1.000000 0.800000
vt 0.000000 0.866667
vt 1.000000 0.866667
vt 0.000000 0.933333
vt 1.000000 0.933333
vt 0.000000 1.000000
vt 1.000000 1.000000
vt 0.000000 0.000000
vt 1.000000 0.000000
vt 0.000000 0.066667
vt 1.000000 0.066667
vt 0.000000 0.133333
vt 1.000000 0.133333
vt 0.000000 0.200000
vt 1.000000 0.200000
vt 0.000000 0.266667
vt 1.000000 0.266667
vt 0.000000 0.333333
vt 1.000000 0.333333
vt 0.000000 0.400000
vt 1.000000 0.400000
vt 0.000000 0.466667
vt 1.000000 0.466667
vt 0.000000 0.533333
vt 1.000000 0.533333
vt 0.000000 0.600000
vt 1.000000 0.600000
vt 0.000000 0.666667
vt 1.000000 0.666667
vt 0.000000 0.733333
vt 1.000000 0.733333
vt 0.000000 0.800000
vt 1.000000 0.800000
vt 0.000000 0.866667
vt 1.000000 0.866667
vt 0.000000 0.933333
vt 1.000000 0.933333
vt 0.000000 1.000000
vt 1.000000 1.000000
vt 0.000000 0.000000
vt 1.000000 0.000000
vt 0.000000 0.066667
vt 1.000000 0.066667
vt 0.000000 0.133333
vt 1.000000 0.133333
vt 0.000000 0.200000
vt 1.000000 0.200000
vt 0.000000 0.266667
vt 1.000000 0.266667
vt 0.000000 0.333333
vt 1.000000 0.333333
vt 0.000000 0.400000
vt 1.000000 0.400000
vt 0.000000 0.466667
vt 1.000000 0.466667
vt 0.000000 0.533333
vt 1.000000 0.533333
vt 0.000000 0.600000
vt 1.000000 0.600000
vt 0.000000 0.666667
vt 1.000000 0.666667
vt 0.000000 0.733333
vt 1.000000 0.733333
vt 0.000000 0.800000
vt 1.000000 0.800000
vt 0.000000 0.866667
vt 1.000000 0.866667
vt 0.000000 0.933333
vt 1.000000 0.933333
vt 0.000000 1.000000
vt 1.000000 1.000000
vt 0.000000 0.000000
vt 1.000000 0.000000
vt 0.000000 0.066667
vt 1.000000 0.066667
vt 0.000000 0.133333
vt 1.000000 0.133333
vt 0.000000 0.200000
vt 1.000000 0.200000
vt 0.000000 0.266667
vt 1.000000 0.266667
vt 0.000000 0.333333
vt 1.000000 0.333333
vt 0.000000 0.400000
vt 1.000000 0.400000
vt 0.000000 0.466667
vt 1.000000 0.466667
vt 0.000000 0.533333
vt 1.000000 0.533333
vt 0.000000 0.600000
vt 1.000000 0.600000
vt 0.000000 0.666667
vt 1.000000 0.666667
vt 0.000000 0.733333
vt 1.000000 0.733333
vt 0.000000 0.800000
vt 1.000000 0.800000
vt 0.000000 0.866667
vt 1.000000 0.866667
vt 0.000000 0.933333
vt 1.000000 0.933333
vt 0.000000 1.000000
vt 1.000000 1.000000
vt 0.000000 0.000000
vt 1.000000 0.000000
vt 0.000000 0.066667
vt 1.000000 0.066667
vt 0.000000 0.133333
vt 1.000000 0.133333
vt 0.000000 0.200000
vt 1.000000 0.200000
vt 0.000000 0.266667
vt 1.000000 0.266667
vt 0.000000 0.333333
vt 1.000000 0.333333
vt 0.000000 0.400000
vt 1.000000 0.400000
vt 0.000000 0.466667
vt 1.000000 0.466667
vt 0.000000 0.533333
vt 1.000000 0.533333
vt 0.000000 0.600000
vt 1.000000 0.600000
vt 0.000000 0.666667
vt 1.000000 0.666667
vt 0.000000 0.733333
vt 1.000000 0.733333
vt 0.000000 0.800000
vt 1.000000 0.800000
vt 0.000000 0.866667
vt 1.000000 0.866667
vt 0.000000 0.933333
vt 1.000000 0.933333
vt 0.000000 1.000000
vt 1.000000 1.000000
vt 0.000000 0.000000
vt 1.000000 0.000000
vt 0.000000 0.066667
vt 1.000000 0.066667
vt 0.000000 0.133333
vt 1.000000 0.133333
vt 0.000000 0.200000
vt 1.000000 0.200000
vt 0.000000 0.266667
vt 1.000000 0.266667
vt 0.000000 0.333333
vt 1.000000 0.333333
vt 0.000000 0.400000
vt 1.000000 0.400000
vt 0.000000 0.466667
vt 1.000000 0.466667
vt 0.000000 0.533333
vt 1.000000 0.533333
vt 0.000000 0.600000
vt 1.000000 0.600000
vt 0.000000 0.666667
vt 1.000000 0.666667
vt 0.000000 0.733333
vt 1.000000 0.733333
vt 0.000000 0.800000
vt 1.000000 0.800000
vt 0.000000 0.866667
vt 1.000000 0.866667
vt 0.000000 0.933333
vt 1.000000 0.933333
vt 0.000000 1.000000
vt 1.000000 1.000000
vt 0.000000 0.000000
vt 1.000000 0.000000
vt 0.000000 0.066667
vt 1.000000 0.066667
vt 0.000000 0.133333
vt 1.000000 0.133333
vt 0.000000 0.200000
vt 1.000000 0.200000
vt 0.000000 0.266667
vt 1.000000 0.266667
vt 0.000000 0.333333
vt 1.000000 0.333333
vt 0.000000 0.400000
vt 1.000000 0.400000
vt 0.000000 0.466667
vt 1.000000 0.466667
vt 0.000000 0.533333
vt 1.000000 0.533333
vt 0.000000 0.600000
vt 1.000000 0.600000
vt 0.000000 0.666667
vt 1.000000 0.666667
vt 0.000000 0.733333
vt 1.000000 0.733333
vt 0.000000 0.800000
vt 1.000000 0.800000
vt 0.000000 0.866667
vt 1.000000 0.866667
vt 0.000000 0.933333
vt 1.000000 0.933333
vt 0.000000 1.000000
vt 1.000000 1.000000
vt 0.000000 0.000000
vt 1.000000 0.000000
vt 0.000000 0.066667
vt 1.000000 0.066667
vt 0.000000 0.133333
vt 1.000000 0.133333
vt 0.000000 0.200000
vt 1.000000 0.200000
vt 0.000000 0.266667
vt 1.000000 0.266667
vt 0.000000 0.333333
vt 1.000000 0.333333
vt 0.000000 0.400000
vt 1.000000 0.400000
vt 0.000000 0.466667
vt 1.000000 0.466667
vt 0.000000 0.533333
vt 1.000000 0.533333
vt 0.000000 0.600000
vt 1.000000 0.600000
vt 0.000000 0.666667
vt 1.000000 0.666667
vt 0.000000 0.733333
vt 1.000000 0.733333
vt 0.000000 0.800000
vt 1.000000 0.800000
vt 0.000000 0.866667
vt 1.000000 0.866667
vt 0.000000 0.933333
vt 1.000000 0.933333
vt 0.000000 1.000000
vt 1.000000 1.000000
vt 0.000000 0.000000
vt 1.000000 0.000000
vt 0.000000 0.066667
vt 1.000000 0.066667
vt 0.000000 0.133333
vt 1.000000 0.133333
vt 0.000000 0.200000
vt 1.000000 0.200000
vt 0.000000 0.266667
vt 1.000000 0.266667
vt 0.000000 0.333333
vt 1.000000 0.333333
vt 0.000000 0.400000
vt 1.000000 0.400000
vt 0.000000 0.466667
vt 1.000000 0.466667
vt 0.000000 0.533333
vt 1.000000 0.533333
vt 0.000000 0.600000
vt 1.000000 0.600000
vt 0.000000 0.666667
vt 1.000000 0.666667
vt 0.000000 0.733333
vt 1.000000 0.733333
vt 0.000000 0.800000
vt 1.000000 0.800000
vt 0.000000 0.866667
vt 1.000000 0.866667
vt 0.000000 0.933333
vt 1.000000 0.933333
vt 0.000000 1.000000
vt 1.000000 1.000000
vt 0.000000 0.000000
vt 1.000000 0.000000
vt 0.000000 0.066667
vt 1.000000 0.066667
vt 0.000000 0.133333
vt 1.000000 0.133333
vt 0.000000 0.200000
vt 1.000000 0.200000
vt 0.000000 0.266667
vt 1.000000 0.266667
vt 0.000000 0.333333
vt 1.000000 0.333333
vt 0.000000 0.400000
vt 1.000000 0.400000
vt 0.000000 0.466667
vt 1.000000 0.466667
vt 0.000000 0.533333
vt 1.000000 0.533333
vt 0.000000 0.600000
vt 1.000000 0.600000
vt 0.000000 0.666667
vt 1.000000 0.666667
vt 0.000000 0.733333
vt 1.000000 0.733333
vt 0.000000 0.800000
vt 1.000000 0.800000
vt 0.000000 0.866667
vt 1.000000 0.866667
vt 0.000000 0.933333
vt 1.000000 0.933333
vt 0.000000 1.000000
vt 1.000000 1.000000
vt 0.000000 0.000000
vt 1.000000 0.000000
vt 0.000000 0.066667
vt 1.000000 0.066667
vt 0.000000 0.133333
vt 1.000000 0.133333
vt 0.000000 0.200000
vt 1.000000 0.200000
vt 0.000000 0.266667
vt 1.000000 0.266667
vt 0.000000 0.333333
vt 1.000000 0.333333
vt 0.000000 0.400000
vt 1.000000 0.400000
vt 0.000000 0.466667
vt 1.000000 0.466667
vt 0.000000 0.533333
vt 1.000000 0.533333
vt 0.000000 0.600000
vt 1.000000 0.600000
vt 0.000000 0.666667
vt 1.000000 0.666667
vt 0.000000 0.733333
vt 1.000000 0.733333
vt 0.000000 0.800000
vt 1.000000 0.800000
vt 0.000000 0.866667
vt 1.000000 0.866667
vt 0.000000 0.933333
vt 1.000000 0.933333
vt 0.000000 1.000000
vt 1.000000 1.000000
vt 0.000000 0.000000
vt 1.000000 0.000000
vt 0.000000 0.066667
vt 1.000000 0.066667
vt 0.000000 0.133333
vt 1.000000 0.133333
vt 0.000000 0.200000
vt 1.000000 0.200000
vt 0.000000 0.266667
vt 1.000000 0.266667
vt 0.000000 0.333333
vt 1.000000 0.333333
vt 0.000000 0.400000
vt 1.000000 0.400000
vt 0.000000 0.466667
vt 1.000000 0.466667
vt 0.000000 0.533333
vt 1.000000 0.533333
vt 0.000000 0.600000
vt 1.000000 0.600000
vt 0.000000 0.666667
vt 1.000000 0.666667
vt 0.000000 0.733333
vt 1.000000 0.733333
vt 0.000000 0.800000
vt 1.000000 0.800000
vt 0.000000 0.866667
vt 1.000000 0.866667
vt 0.000000 0.933333
vt 1.000000 0.933333
vt 0.000000 1.000000
vt 1.000000 1.000000
vt 0.000000 0.000000
vt 1.000000 0.000000
vt 0.000000 0.066667
vt 1.000000 0.066667
vt 0.000000 0.133333
vt 1.000000 0.133333
vt 0.000000 0.200000
vt 1.000000 0.200000
vt 0.000000 0.266667
vt 1.000000 0.266667
vt 0.000000 0.333333
vt 1.000000 0.333333
vt 0.000000 0.400000
vt 1.000000 0.400000
vt 0.000000 0.466667
vt 1.000000 0.466667
vt 0.000000 0.533333
vt 1.000000 0.533333
vt 0.000000 0.600000
vt 1.000000 0.600000
vt 0.000000 0.666667
vt 1.000000 0.666667
vt 0.000000 0.733333
vt 1.000000 0.733333
vt 0.000000 0.800000
vt 1.000000 0.800000
vt 0.000000 0.866667
vt 1.000000 0.866667
vt 0.000000 0.933333
vt 1.000000 0.933333
vt 0.000000 1.000000
vt 1.000000 1.000000
vt 0.000000 0.000000
vt 1.000000 0.000000
vt 0.000000 0.066667
vt 1.000000 0.066667
vt 0.000000 0.133333
vt 1.000000 0.133333
vt 0.000000 0.200000
vt 1.000000 0.200000
vt 0.000000 0.266667
vt 1.000000 0.266667
vt 0.000000 0.333333
vt 1.000000 0.333333
vt 0.000000 0.400000
vt 1.000000 0.400000
vt 0.000000 0.466667
vt 1.000000 0.466667
vt 0.000000 0.533333
vt 1.000000 0.533333
vt 0.000000 0.600000
vt 1.000000 0.600000
vt 0.000000 0.666667
vt 1.000000 0.666667
vt 0.000000 0.733333
vt 1.000000 0.733333
vt 0.000000 0.800000
vt 1.000000 0.800000
vt 0.000000 0.866667
vt 1.000000 0.866667
vt 0.000000 0.933333
vt 1.000000 0.933333
vt 0.000000 1.000000
vt 1.000000 1.000000
vt 0.000000 0.000000
vt 1.000000 0.000000
vt 0.000000 0.066667
vt 1.000000 0.066667
vt 0.000000 0.133333
vt 1.000000 0.133333
vt 0.000000 0.200000
vt 1.000000 0.200000
vt 0.000000 0.266667
vt 1.000000 0.266667
vt 0.000000 0.333333
vt 1.000000 0.333333
vt 0.000000 0.400000
vt 1.000000 0.400000
vt 0.000000 0.466667
vt 1.000000 0.466667
vt 0.000000 0.533333
vt 1.000000 0.533333
vt 0.000000 0.600000
vt 1.000000 0.600000
vt 0.000000 0.666667
vt 1.000000 0.666667
vt 0.000000 0.733333
vt 1.000000 0.733333
vt 0.000000 0.800000
vt 1.000000 0.800000
vt 0.000000 0.866667
vt 1.000000 0.866667
vt 0.000000 0.933333
vt 1.000000 0.933333
vt 0.000000 1.000000
vt 1.000000 1.000000
vt 0.000000 0.000000
vt 1.000000 0.000000
vt 0.000000 0.066667
vt 1.000000 0.066667
vt 0.000000 0.133333
vt 1.000000 0.133333
vt 0.000000 0.200000
vt 1.000000 0.200000
vt 0.000000 0.266667
vt 1.000000 0.266667
vt 0.000000 0.333333
vt 1.000000 0.333333
vt 0.000000 0.400000
vt 1.000000 0.400000
vt 0.000000 0.466667
vt 1.000000 0.466667
vt 0.000000 0.533333
vt 1.000000 0.533333
vt 0.000000 0.600000
vt 1.000000 0.600000
vt 0.000000 0.666667
vt 1.000000 0.666667
vt 0.000000 0.733333
vt 1.000000 0.733333
vt 0.000000 0.800000
vt 1.000000 0.800000
vt 0.000000 0.866667
vt 1.000000 0.866667
vt 0.000000 0.933333
vt 1.000000 0.933333
vt 0.000000 1.000000
vt 1.000000 1.000000
vt 0.000000 0.000000
vt 1.000000 0.000000
vt 0.000000 0.066667
vt 1.000000 0.066667
vt 0.000000 0.133333
vt 1.000000 0.133333
vt 0.000000 0.200000
vt 1.000000 0.200000
vt 0.000000 0.266667
vt 1.000000 0.266667
vt 0.000000 0.333333
vt 1.000000 0.333333
vt 0.000000 0.400000
vt 1.000000 0.400000
vt 0.000000 0.466667
vt 1.000000 0.466667
vt 0.000000 0.533333
vt 1.000000 0.533333
vt 0.000000 0.600000
vt 1.000000 0.600000
vt 0.000000 0.666667
vt 1.000000 0.666667
vt 0.000000 0.733333
vt 1.000000 0.733333
vt 0.000000 0.800000
vt 1.000000 0.800000
vt 0.000000 0.866667
vt 1.000000 0.866667
vt 0.000000 0.933333
vt 1.000000 0.933333
vt 0.000000 1.000000
vt 1.000000 1.000000
vt 0.000000 0.000000
vt 1.000000 0.000000
vt 0.000000 0.066667
vt 1.000000 0.066667
vt 0.000000 0.133333
vt 1.000000 0.133333
vt 0.000000 0.200000
vt 1.000000 0.200000
vt 0.000000 0.266667
vt 1.000000 0.266667
vt 0.000000 0.333333
vt 1.000000 0.333333
vt 0.000000 0.400000
vt 1.000000 0.400000
vt 0.000000 0.466667
vt 1.000000 0.466667
vt 0.000000 0.533333
vt 1.000000 0.533333
vt 0.000000 0.600000
vt 1.000000 0.600000
vt 0.000000 0.666667
vt 1.000000 0.666667
vt 0.000000 0.733333
vt 1.000000 0.733333
vt 0.000000 0.800000
vt 1.000000 0.800000
vt 0.000000 0.866667
vt 1.000000 0.866667
vt 0.000000 0.933333
vt 1.000000 0.933333
vt 0.000000 1.000000
vt 1.000000 1.000000
vt 0.000000 0.000000
vt 1.000000 0.000000
vt 0.000000 0.066667
vt 1.000000 0.066667
vt 0.000000 0.133333
vt 1.000000 0.133333
vt 0.000000 0.200000
vt 1.000000 0.200000
vt 0.000000 0.266667
vt 1.000000 0.266667
vt 0.000000 0.333333
vt 1.000000 0.333333
vt 0.000000 0.400000
vt 1.000000 0.400000
vt 0.000000 0.466667
vt 1.000000 0.466667
vt 0.000000 0.533333
vt 1.000000 0.533333
vt 0.000000 0.600000
vt 1.000000 0.600000
vt 0.000000 0.666667
vt 1.000000 0.666667
vt 0.000000 0.733333
vt 1.000000 0.733333
vt 0.000000 0.800000
vt 1.000000 0.800000
vt 0.000000 0.866667
vt 1.000000 0.866667
vt 0.000000 0.933333
vt 1.000000 0.933333
vt 0.000000 1.000000
vt 1.000000 1.000000
vt 0.000000 0.000000
vt 1.000000 0.000000
vt 0.000000 0.066667
vt 1.000000 0.066667
vt 0.000000 0.133333
vt 1.000000 0.133333
vt 0.000000 0.200000
vt 1.000000 0.200000
vt 0.000000 0.266667
vt 1.000000 0.266667
vt 0.000000 0.333333
vt 1.000000 0.333333
vt 0.000000 0.400000
vt 1.000000 0.400000
vt 0.000000 0.466667
vt 1.000000 0.466667
vt 0.000000 0.533333
vt 1.000000 0.533333
vt 0.000000 0.600000
vt 1.000000 0.600000
vt 0.000000 0.666667
vt 1.000000 0.666667
vt 0.000000 0.733333
vt 1.000000 0.733333
vt 0.000000 0.800000
vt 1.000000 0.800000
vt 0.000000 0.866667
vt 1.000000 0.866667
vt 0.000000 0.933333
vt 1.000000 0.933333
vt 0.000000 1.000000
vt 1.000000 1.000000
vt 0.000000 0.000000
vt 1.000000 0.000000
vt 0.000000 0.066667
vt 1.000000 0.066667
vt 0.000000 0.133333
vt 1.000000 0.133333
vt 0.000000 0.200000
vt 1.000000 0.200000
vt 0.000000 0.266667
vt 1.000000 0.266667
vt 0.000000 0.333333
vt 1.000000 0.333333
vt 0.000000 0.400000
vt 1.000000 0.400000
vt 0.000000 0.466667
vt 1.000000 0.466667
vt 0.000000 0.533333
vt 1.000000 0.533333
vt 0.000000 0.600000
vt 1.000000 0.600000
vt 0.000000 0.666667
vt 1.000000 0.666667
vt 0.000000 0.733333
vt 1.000000 0.733333
vt 0.000000 0.800000
vt 1.000000 0.800000
vt 0.000000 0.866667
vt 1.000000 0.866667
vt 0.000000 0.933333
vt 1.000000 0.933333
vt 0.000000 1.000000
vt 1.000000 1.000000
vt 0.000000 0.000000
vt 1.000000 0.000000
vt 0.000000 0.066667
vt 1.000000 0.066667
vt 0.000000 0.133333
vt 1.000000 0.133333
vt 0.000000 0.200000
vt 1.000000 0.200000
vt 0.000000 0.266667
vt 1.000000 0.266667
vt 0.000000 0.333333
vt 1.000000 0.333333
vt 0.000000 0.400000
vt 1.000000 0.400000
vt 0.000000 0.466667
vt 1.000000 0.466667
vt 0.000000 0.533333
vt 1.000000 0.533333
vt 0.000000 0.600000
vt 1.000000 0.600000
vt 0.000000 0.666667
vt 1.000000 0.666667
vt 0.000000 0.733333
vt 1.000000 0.733333
vt 0.000000 0.800000
vt 1.000000 0.800000
vt 0.000000 0.866667
vt 1.000000 0.866667
vt 0.000000 0.933333
vt 1.000000 0.933333
vt 0.000000 1.000000
vt 1.000000 1.000000
vt 0.000000 0.000000
vt 1.000000 0.000000
vt 0.000000 0.066667
vt 1.000000 0.066667
vt 0.000000 0.133333
vt 1.000000 0.133333
vt 0.000000 0.200000
vt 1.000000 0.200000
vt 0.000000 0.266667
vt 1.000000 0.266667
vt 0.000000 0.333333
vt 1.000000 0.333333
vt 0.000000 0.400000
vt 1.000000 0.400000
vt 0.000000 0.466667
vt 1.000000 0.466667
vt 0.000000 0.533333
vt 1.000000 0.533333
vt 0.000000 0.600000
vt 1.000000 0.600000
vt 0.000000 0.666667
vt 1.000000 0.666667
vt 0.000000 0.733333
vt 1.000000 0.733333
vt 0.000000 0.800000
vt 1.000000 0.800000
vt 0.000000 0.866667
vt 1.000000 0.866667
vt 0.000000 0.933333
vt 1.000000 0.933333
vt 0.000000 1.000000
vt 1.000000 1.000000
vt 0.000000 0.000000
vt 1.000000 0.000000
vt 0.000000 0.066667
vt 1.000000 0.066667
vt 0.000000 0.133333
vt 1.000000 0.133333
vt 0.000000 0.200000
vt 1.000000 0.200000
vt 0.000000 0.266667
vt 1.000000 0.266667
vt 0.000000 0.333333
vt 1.000000 0.333333
vt 0.000000 0.400000
vt 1.000000 0.400000
vt 0.000000 0.466667
vt 1.000000 0.466667
vt 0.000000 0.533333
vt 1.000000 0.533333
vt 0.000000 0.600000
vt 1.000000 0.600000
vt 0.000000 0.666667
vt 1.000000 0.666667
vt 0.000000 0.733333
vt 1.000000 0.733333
vt 0.000000 0.800000
vt 1.000000 0.800000
vt 0.000000 0.866667
vt 1.000000 0.866667
vt 0.000000 0.933333
vt 1.000000 0.933333
vt 0.000000 1.000000
vt 1.000000 1.000000
vt 0.000000 0.000000
vt 1.000000 0.000000
vt 0.000000 0.066667
vt 1.000000 0.066667
vt 0.000000 0.133333
vt 1.000000 0.133333
vt 0.000000 0.200000
vt 1.000000 0.200000
vt 0.000000 0.266667
vt 1.000000 0.266667
vt 0.000000 0.333333
vt 1.000000 0.333333
vt 0.000000 0.400000
vt 1.000000 0.400000
vt 0.000000 0.466667
vt 1.000000 0.466667
vt 0.000000 0.533333
vt 1.000000 0.533333
vt 0.000000 0.600000
vt 1.000000 0.600000
vt 0.000000 0.666667
vt 1.000000 0.666667
vt 0.000000 0.733333
vt 1.000000 0.733333
vt 0.000000 0.800000
vt 1.000000 0.800000
vt 0.000000 0.866667
vt 1.000000 0.866667
vt 0.000000 0.933333
vt 1.000000 0.933333
vt 0.000000 1.000000
vt 1.000000 1.000000
vt 0.000000 0.000000
vt 1.000000 0.000000
vt 0.000000 0.066667
vt 1.000000 0.066667
vt 0.000000 0.133333
vt 1.000000 0.133333
vt 0.000000 0.200000
vt 1.000000 0.200000
vt 0.000000 0.266667
vt 1.000000 0.266667
vt 0.000000 0.333333
vt 1.000000 0.333333
vt 0.000000 0.400000
vt 1.000000 0.400000
vt 0.000000 0.466667
vt 1.000000 0.466667
vt 0.000000 0.533333
vt 1.000000 0.533333
vt 0.000000 0.600000
vt 1.000000 0.600000
vt 0.000000 0.666667
vt 1.000000 0.666667
vt 0.000000 0.733333
vt 1.000000 0.733333
vt 0.000000 0.800000
vt 1.000000 0.800000
vt 0.000000 0.866667
vt 1.000000 0.866667
vt 0.000000 0.933333
vt 1.000000 0.933333
vt 0.000000 1.000000
vt 1.000000 1.000000
vt 0.000000 0.000000
vt 1.000000 0.000000
vt 0.000000 0.066667
vt 1.000000 0.066667
vt 0.000000 0.133333
vt 1.000000 0.133333
vt 0.000000 0.200000
vt 1.000000 0.200000
vt 0.000000 0.266667
vt 1.000000 0.266667
vt 0.000000 0.333333
vt 1.000000 0.333333
vt 0.000000 0.400000
vt 1.000000 0.400000
vt 0.000000 0.466667
vt 1.000000 0.466667
vt 0.000000 0.533333
vt 1.000000 0.533333
vt 0.000000 0.600000
vt 1.000000 0.600000
vt 0.000000 0.666667
vt 1.000000 0.666667
vt 0.000000 0.733333
vt 1.000000 0.733333
vt 0.000000 0.800000
vt 1.000000 0.800000
vt 0.000000 0.866667
vt 1.000000 0.866667
vt 0.000000 0.933333
vt 1.000000 0.933333
vt 0.000000 1.000000
vt 1.000000 1.000000
vt 0.000000 0.000000
vt 1.000000 0.000000
vt 0.000000 0.066667
vt 1.000000 0.066667
vt 0.000000 0.133333
vt 1.000000 0.133333
vt 0.000000 0.200000
vt 1.000000 0.200000
vt 0.000000 0.266667
vt 1.000000 0.266667
vt 0.000000 0.333333
vt 1.000000 0.333333
vt 0.000000 0.400000
vt 1.000000 0.400000
vt 0.000000 0.466667
vt 1.000000 0.466667
vt 0.000000 0.533333
vt 1.000000 0.533333
vt 0.000000 0.600000
vt 1.000000 0.600000
vt 0.000000 0.666667
vt 1.000000 0.666667
vt 0.000000 0.733333
vt 1.000000 0.733333
vt 0.000000 0.800000
vt 1.000000 0.800000
vt 0.000000 0.866667
vt 1.000000 0.866667
vt 0.000000 0.933333
vt 1.000000 0.933333
vt 0.000000 1.000000
vt 1.000000 1.000000
vt 0.000000 0.000000
vt 1.000000 0.000000
vt 0.000000 0.066667
vt 1.000000 0.066667
vt 0.000000 0.133333
vt 1.000000 0.133333
vt 0.000000 0.200000
vt 1.000000 0.200000
vt 0.000000 0.266667
vt 1.000000 0.266667
vt 0.000000 0.333333
vt 1.000000 0.333333
vt 0.000000 0.400000
vt 1.000000 0.400000
vt 0.000000 0.466667
vt 1.000000 0.466667
vt 0.000000 0.533333
vt 1.000000 0.533333
vt 0.000000 0.600000
vt 1.000000 0.600000
vt 0.000000 0.666667
vt 1.000000 0.666667
vt 0.000000 0.733333
vt 1.000000 0.733333
vt 0.000000 0.800000
vt 1.000000 0.800000
vt 0.000000 0.866667
vt 1.000000 0.866667
vt 0.000000 0.933333
vt 1.000000 0.933333
vt 0.000000 1.000000
vt 1.000000 1.000000
vt 0.000000 0.000000
vt 1.000000 0.000000
vt 0.000000 0.066667
vt 1.000000 0.066667
vt 0.000000 0.133333
vt 1.000000 0.133333
vt 0.000000 0.200000
vt 1.000000 0.200000
vt 0.000000 0.266667
vt 1.000000 0.266667
vt 0.000000 0.333333
vt 1.000000 0.333333
vt 0.000000 0.400000
vt 1.000000 0.400000
vt 0.000000 0.466667
vt 1.000000 0.466667
vt 0.000000 0.533333
vt 1.000000 0.533333
vt 0.000000 0.600000
vt 1.000000 0.600000
vt 0.000000 0.666667
vt 1.000000 0.666667
vt 0.000000 0.733333
vt 1.000000 0.733333
vt 0.000000 0.800000
vt 1.000000 0.800000
vt 0.000000 0.866667
vt 1.000000 0.866667
vt 0.000000 0.933333
vt 1.000000 0.933333
vt 0.000000 1.000000
vt 1.000000 1.000000
vt 0.000000 0.000000
vt 1.000000 0.000000
vt 0.000000 0.066667
vt 1.000000 0.066667
vt 0.000000 0.133333
vt 1.000000 0.133333
vt 0.000000 0.200000
vt 1.000000 0.200000
vt 0.000000 0.266667
vt 1.000000 0.266667
vt 0.000000 0.333333
vt 1.000000 0.333333
vt 0.000000 0.400000
vt 1.000000 0.400000
vt 0.000000 0.466667
vt 1.000000 0.466667
vt 0.000000 0.533333
vt 1.000000 0.533333
vt 0.000000 0.600000
vt 1.000000 0.600000
vt 0.000000 0.666667
vt 1.000000 0.666667
vt 0.000000 0.733333
vt 1.000000 0.733333
vt 0.000000 0.800000
vt 1.000000 0.800000
vt 0.000000 0.866667
vt 1.000000 0.866667
vt 0.000000 0.933333
vt 1.000000 0.933333
vt 0.000000 1.000000
vt 1.000000 1.000000
vt 0.000000 0.000000
vt 1.000000 0.000000
vt 0.000000 0.066667
vt 1.000000 0.066667
vt 0.000000 0.133333
vt 1.000000 0.133333
vt 0.000000 0.200000
vt 1.000000 0.200000
vt 0.000000 0.266667
vt 1.000000 0.266667
vt 0.000000 0.333333
vt 1.000000 0.333333
vt 0.000000 0.400000
vt 1.000000 0.400000
vt 0.000000 0.466667
vt 1.000000 0.466667
vt 0.000000 0.533333
vt 1.000000 0.533333
vt 0.000000 0.600000
vt 1.000000 0.600000
vt 0.000000 0.666667
vt 1.000000 0.666667
vt 0.000000 0.733333
vt 1.000000 0.733333
vt 0.000000 0.800000
vt 1.000000 0.800000
vt 0.000000 0.866667
vt 1.000000 0.866667
vt 0.000000 0.933333
vt 1.000000 0.933333
vt 0.000000 1.000000
vt 1.000000 1.000000
vt 0.000000 0.000000
vt 1.000000 0.000000
vt 0.000000 0.066667
vt 1.000000 0.066667
vt 0.000000 0.133333
vt 1.000000 0.133333
vt 0.000000 0.200000
vt 1.000000 0.200000
vt 0.000000 0.266667
vt 1.000000 0.266667
vt 0.000000 0.333333
vt 1.000000 0.333333
vt 0.000000 0.400000
vt 1.000000 0.400000
vt 0.000000 0.466667
vt 1.000000 0.466667
vt 0.000000 0.533333
vt 1.000000 0.533333
vt 0.000000 0.600000
vt 1.000000 0.600000
vt 0.000000 0.666667
vt 1.000000 0.666667
vt 0.000000 0.733333
vt 1.000000 0.733333
vt 0.000000 0.800000
vt 1.000000 0.800000
vt 0.000000 0.866667
vt 1.000000 0.866667
vt 0.000000 0.933333
vt 1.000000 0.933333
vt 0.000000 1.000000
vt 1.000000 1.000000
vt 0.000000 0.000000
vt 1.000000 0.000000
vt 0.000000 0.066667
vt 1.000000 0.066667
vt 0.000000 0.133333
vt 1.000000 0.133333
vt 0.000000 0.200000
vt 1.000000 0.200000
vt 0.000000 0.266667
vt 1.000000 0.266667
vt 0.000000 0.333333
vt 1.000000 0.333333
vt 0.000000 0.400000
vt 1.000000 0.400000
vt 0.000000 0.466667
vt 1.000000 0.466667
vt 0.000000 0.533333
vt 1.000000 0.533333
vt 0.000000 0.600000
vt 1.000000 0.600000
vt 0.000000 0.666667
vt 1.000000 0.666667
vt 0.000000 0.733333
vt 1.000000 0.733333
vt 0.000000 0.800000
vt 1.000000 0.800000
vt 0.000000 0.866667
vt 1.000000 0.866667
vt 0.000000 0.933333
vt 1.000000 0.933333
vt 0.000000 1.000000
vt 1.000000 1.000000
vt 0.000000 0.000000
vt 1.000000 0.000000
vt 0.000000 0.066667
vt 1.000000 0.066667
vt 0.000000 0.133333
vt 1.000000 0.133333
vt 0.000000 0.200000
vt 1.000000 0.200000
vt 0.000000 0.266667
vt 1.000000 0.266667
vt 0.000000 0.333333
vt 1.000000 0.333333
vt 0.000000 0.400000
vt 1.000000 0.400000
vt 0.000000 0.466667
vt 1.000000 0.466667
vt 0.000000 0.533333
vt 1.000000 0.533333
vt 0.000000 0.600000
vt 1.000000 0.600000
vt 0.000000 0.666667
vt 1.000000 0.666667
vt 0.000000 0.733333
vt 1.000000 0.733333
vt 0.000000 0.800000
vt 1.000000 0.800000
vt 0.000000 0.866667
vt 1.000000 0.866667
vt 0.000000 0.933333
vt 1.000000 0.933333
vt 0.000000 1.000000
vt 1.000000 1.000000
vt 0.000000 0.000000
vt 1.000000 0.000000
vt 0.000000 0.066667
vt 1.000000 0.066667
vt 0.000000 0.133333
vt 1.000000 0.133333
vt 0.000000 0.200000
vt 1.000000 0.200000
vt 0.000000 0.266667
vt 1.000000 0.266667
vt 0.000000 0.333333
vt 1.000000 0.333333
vt 0.000000 0.400000
vt 1.000000 0.400000
vt 0.000000 0.466667
vt 1.000000 0.466667
vt 0.000000 0.533333
vt 1.000000 0.533333
vt 0.000000 0.600000
vt 1.000000 0.600000
vt 0.000000 0.666667
vt 1.000000 0.666667
vt 0.000000 0.733333
vt 1.000000 0.733333
vt 0.000000 0.800000
vt 1.000000 0.800000
vt 0.000000 0.866667
vt 1.000000 0.866667
vt 0.000000 0.933333
vt 1.000000 0.933333
vt 0.000000 1.000000
vt 1.000000 1.000000
vt 0.000000 0.000000
vt 1.000000 0.000000
vt 0.000000 0.066667
vt 1.000000 0.066667
vt 0.000000 0.133333
vt 1.000000 0.133333
vt 0.000000 0.200000
vt 1.000000 0.200000
vt 0.000000 0.266667
vt 1.000000 0.266667
vt 0.000000 0.333333
vt 1.000000 0.333333
vt 0.000000 0.400000
vt 1.000000 0.400000
vt 0.000000 0.466667
vt 1.000000 0.466667
vt 0.000000 0.533333
vt 1.000000 0.533333
vt 0.000000 0.600000
vt 1.000000 0.600000
vt 0.000000 0.666667
vt 1.000000 0.666667
vt 0.000000 0.733333
vt 1.000000 0.733333
vt 0.000000 0.800000
vt 1.000000 0.800000
vt 0.000000 0.866667
vt 1.000000 0.866667
vt 0.000000 0.933333
vt 1.000000 0.933333
vt 0.000000 1.000000
vt 1.000000 1.000000
vt 0.000000 0.000000
vt 1.000000 0.000000
vt 0.000000 0.066667
vt 1.000000 0.066667
vt 0.000000 0.133333
vt 1.000000 0.133333
vt 0.000000 0.200000
vt 1.000000 0.200000
vt 0.000000 0.266667
vt 1.000000 0.266667
vt 0.000000 0.333333
vt 1.000000 0.333333
vt 0.000000 0.400000
vt 1.000000 0.400000
vt 0.000000 0.466667
vt 1.000000 0.466667
vt 0.000000 0.533333
vt 1.000000 0.533333
vt 0.000000 0.600000
vt 1.000000 0.600000
vt 0.000000 0.666667
vt 1.000000 0.666667
vt 0.000000 0.733333
vt 1.000000 0.733333
vt 0.000000 0.800000
vt 1.000000 0.800000
vt 0.000000 0.866667
vt 1.000000 0.866667
vt 0.000000 0.933333
vt 1.000000 0.933333
vt 0.000000 1.000000
vt 1.000000 1.000000
vt 0.000000 0.000000
vt 1.000000 0.000000
vt 0.000000 0.066667
vt 1.000000 0.066667
vt 0.000000 0.133333
vt 1.000000 0.133333
vt 0.000000 0.200000
vt 1.000000 0.200000
vt 0.000000 0.266667
vt 1.000000 0.266667
vt 0.000000 0.333333
vt 1.000000 0.333333
vt 0.000000 0.400000
vt 1.000000 0.400000
vt 0.000000 0.466667
vt 1.000000 0.466667
vt 0.000000 0.533333
vt 1.000000 0.533333
vt 0.000000 0.600000
vt 1.000000 0.600000
vt 0.000000 0.666667
vt 1.000000 0.666667
vt 0.000000 0.733333
vt 1.000000 0.733333
vt 0.000000 0.800000
vt 1.000000 0.800000
vt 0.000000 0.866667
vt 1.000000 0.866667
vt 0.000000 0.933333
vt 1.000000 0.933333
vt 0.000000 1.000000
vt 1.000000 1.000000
vt 0.000000 0.000000
vt 1.000000 0.000000
vt 0.000000 0.066667
vt 1.000000 0.066667
vt 0.000000 0.133333
vt 1.000000 0.133333
vt 0.000000 0.200000
vt 1.000000 0.200000
vt 0.000000 0.266667
vt 1.000000 0.266667
vt 0.000000 0.333333
vt 1.000000 0.333333
vt 0.000000 0.400000
vt 1.000000 0.400000
vt 0.000000 0.466667
vt 1.000000 0.466667
vt 0.000000 0.533333
vt 1.000000 0.533333
vt 0.000000 0.600000
vt 1.000000 0.600000
vt 0.000000 0.666667
vt 1.000000 0.666667
vt 0.000000 0.733333
vt 1.000000 0.733333
vt 0.000000 0.800000
vt 1.000000 0.800000
vt 0.000000 0.866667
vt 1.000000 0.866667
vt 0.000000 0.933333
vt 1.000000 0.933333
vt 0.000000 1.000000
vt 1.000000 1.000000
vt 0.000000 0.000000
vt 1.000000 0.000000
vt 0.000000 0.066667
vt 1.000000 0.066667
vt 0.000000 0.133333
vt 1.000000 0.133333
vt 0.000000 0.200000
vt 1.000000 0.200000
vt 0.000000 0.266667
vt 1.000000 0.266667
vt 0.000000 0.333333
vt 1.000000 0.333333
vt 0.000000 0.400000
vt 1.000000 0.400000
vt 0.000000 0.466667
vt 1.000000 0.466667
vt 0.000000 0.533333
vt 1.000000 0.533333
vt 0.000000 0.600000
vt 1.000000 0.600000
vt 0.000000 0.666667
vt 1.000000 0.666667
vt 0.000000 0.733333
vt 1.000000 0.733333
vt 0.000000 0.800000
vt 1.000000 0.800000
vt 0.000000 0.866667
vt 1.000000 0.866667
vt 0.000000 0.933333
vt 1.000000 0.933333
vt 0.000000 1.000000
vt 1.000000 1.000000
vt 0.000000 0.000000
vt 1.000000 0.000000
vt 0.000000 0.066667
vt 1.000000 0.066667
vt 0.000000 0.133333
vt 1.000000 0.133333
vt 0.000000 0.200000
vt 1.000000 0.200000
vt 0.000000 0.266667
vt 1.000000 0.266667
vt 0.000000 0.333333
vt 1.000000 0.333333
vt 0.000000 0.400000
vt 1.000000 0.400000
vt 0.000000 0.466667
vt 1.000000 0.466667
vt 0.000000 0.533333
vt 1.000000 0.533333
vt 0.000000 0.600000
vt 1.000000 0.600000
vt 0.000000 0.666667
vt 1.000000 0.666667
vt 0.000000 0.733333
vt 1.000000 0.733333
vt 0.000000 0.800000
vt 1.000000 0.800000
vt 0.000000 0.866667
vt 1.000000 0.866667
vt 0.000000 0.933333
vt 1.000000 0.933333
vt 0.000000 1.000000
vt 1.000000 1.000000
vt 0.000000 0.000000
vt 1.000000 0.000000
vt 0.000000 0.066667
vt 1.000000 0.066667
vt 0.000000 0.133333
vt 1.000000 0.133333
vt 0.000000 0.200000
vt 1.000000 0.200000
vt 0.000000 0.266667
vt 1.000000 0.266667
vt 0.000000 0.333333
vt 1.000000 0.333333
vt 0.000000 0.400000
vt 1.000000 0.400000
vt 0.000000 0.466667
vt 1.000000 0.466667
vt 0.000000 0.533333
vt 1.000000 0.533333
vt 0.000000 0.600000
vt 1.000000 0.600000
vt 0.000000 0.666667
vt 1.000000 0.666667
vt 0.000000 0.733333
vt 1.000000 0.733333
vt 0.000000 0.800000
vt 1.000000 0.800000
vt 0.000000 0.866667
vt 1.000000 0.866667
vt 0.000000 0.933333
vt 1.000000 0.933333
vt 0.000000 1.000000
vt 1.000000 1.000000
vt 0.000000 0.000000
vt 1.000000 0.000000
vt 0.000000 0.066667
vt 1.000000 0.066667
vt 0.000000 0.133333
vt 1.000000 0.133333
vt 0.000000 0.200000
vt 1.000000 0.200000
vt 0.000000 0.266667
vt 1.000000 0.266667
vt 0.000000 0.333333
vt 1.000000 0.333333
vt 0.000000 0.400000
vt 1.000000 0.400000
vt 0.000000 0.466667
vt 1.000000 0.466667
vt 0.000000 0.533333
vt 1.000000 0.533333
vt 0.000000 0.600000
vt 1.000000 0.600000
vt 0.000000 0.666667
vt 1.000000 0.666667
vt 0.000000 0.733333
vt 1.000000 0.733333
vt 0.000000 0.800000
vt 1.000000 0.800000
vt 0.000000 0.866667
vt 1.000000 0.866667
vt 0.000000 0.933333
vt 1.000000 0.933333
vt 0.000000 1.000000
vt 1.000000 1.000000
vt 0.000000 0.000000
vt 1.000000 0.000000
vt 0.000000 0.066667
vt 1.000000 0.066667
vt 0.000000 0.133333
vt 1.000000 0.133333
vt 0.000000 0.200000
vt 1.000000 0.200000
vt 0.000000 0.266667
vt 1.000000 0.266667
vt 0.000000 0.333333
vt 1.000000 0.333333
vt 0.000000 0.400000
vt 1.000000 0.400000
vt 0.000000 0.466667
vt 1.000000 0.466667
vt 0.000000 0.533333
vt 1.000000 0.533333
vt 0.000000 0.600000
vt 1.000000 0.600000
vt 0.000000 0.666667
vt 1.000000 0.666667
vt 0.000000 0.733333
vt 1.000000 0.733333
vt 0.000000 0.800000
vt 1.000000 0.800000
vt 0.000000 0.866667
vt 1.000000 0.866667
vt 0.000000 0.933333
vt 1.000000 0.933333
vt 0.000000 1.000000
vt 1.000000 1.000000
vt 0.000000 0.000000
vt 1.000000 0.000000
vt 0.000000 0.066667
vt 1.000000 0.066667
vt 0.000000 0.133333
vt 1.000000 0.133333
vt 0.000000 0.200000
vt 1.000000 0.200000
vt 0.000000 0.266667
vt 1.000000 0.266667
vt 0.000000 0.333333
vt 1.000000 0.333333
vt 0.000000 0.400000
vt 1.000000 0.400000
vt 0.000000 0.466667
vt 1.000000 0.466667
vt 0.000000 0.533333
vt 1.000000 0.533333
vt 0.000000 0.600000
vt 1.000000 0.600000
vt 0.000000 0.666667
vt 1.000000 0.666667
vt 0.000000 0.733333
vt 1.000000 0.733333
vt 0.000000 0.800000
vt 1.000000 0.800000
vt 0.000000 0.866667
vt 1.000000 0.866667
vt 0.000000 0.933333
vt 1.000000 0.933333
vt 0.000000 1.000000
vt 1.000000 1.000000
vt 0.000000 0.000000
vt 1.000000 0.000000
vt 0.000000 0.066667
vt 1.000000 0.066667
vt 0.000000 0.133333
vt 1.000000 0.133333
vt 0.000000 0.200000
vt 1.000000 0.200000
vt 0.000000 0.266667
vt 1.000000 0.266667
vt 0.000000 0.333333
vt 1.000000 0.333333
vt 0.000000 0.400000
vt 1.000000 0.400000
vt 0.000000 0.466667
vt 1.000000 0.466667
vt 0.000000 0.533333
vt 1.000000 0.533333
vt 0.000000 0.600000
vt 1.000000 0.600000
vt 0.000000 0.666667
vt 1.000000 0.666667
vt 0.000000 0.733333
vt 1.000000 0.733333
vt 0.000000 0.800000
vt 1.000000 0.800000
vt 0.000000 0.866667
vt 1.000000 0.866667
vt 0.000000 0.933333
vt 1.000000 0.933333
vt 0.000000 1.000000
vt 1.000000 1.000000
vt 0.000000 0.000000
vt 1.000000 0.000000
vt 0.000000 0.066667
vt 1.000000 0.066667
vt 0.000000 0.133333
vt 1.000000 0.133333
vt 0.000000 0.200000
vt 1.000000 0.200000
vt 0.000000 0.266667
vt 1.000000 0.266667
vt 0.000000 0.333333
vt 1.000000 0.333333
vt 0.000000 0.400000
vt 1.000000 0.400000
vt 0.000000 0.466667
vt 1.000000 0.466667
vt 0.000000 0.533333
vt 1.000000 0.533333
vt 0.000000 0.600000
vt 1.000000 0.600000
vt 0.000000 0.666667
vt 1.000000 0.666667
vt 0.000000 0.733333
vt 1.000000 0.733333
vt 0.000000 0.800000
vt 1.000000 0.800000
vt 0.000000 0.866667
vt 1.000000 0.866667
vt 0.000000 0.933333
vt 1.000000 0.933333
vt 0.000000 1.000000
vt 1.000000 1.000000
vt 0.000000 0.000000
vt 1.000000 0.000000
vt 0.000000 0.066667
vt 1.000000 0.066667
vt 0.000000 0.133333
vt 1.000000 0.133333
vt 0.000000 0.200000
vt 1.000000 0.200000
vt 0.000000 0.266667
vt 1.000000 0.266667
vt 0.000000 0.333333
vt 1.000000 0.333333
vt 0.000000 0.400000
vt 1.000000 0.400000
vt 0.000000 0.466667
vt 1.000000 0.466667
vt 0.000000 0.533333
vt 1.000000 0.533333
vt 0.000000 0.600000
vt 1.000000 0.600000
vt 0.000000 0.666667
vt 1.000000 0.666667
vt 0.000000 0.733333
vt 1.000000 0.733333
vt 0.000000 0.800000
vt 1.000000 0.800000
vt 0.000000 0.866667
vt 1.000000 0.866667
vt 0.000000 0.933333
vt 1.000000 0.933333
vt 0.000000 1.000000
vt 1.000000 1.000000
vt 0.000000 0.000000
vt 1.000000 0.000000
vt 0.000000 0.066667
vt 1.000000 0.066667
vt 0.000000 0.133333
vt 1.000000 0.133333
vt 0.000000 0.200000
vt 1.000000 0.200000
vt 0.000000 0.266667
vt 1.000000 0.266667
vt 0.000000 0.333333
vt 1.000000 0.333333
vt 0.000000 0.400000
vt 1.000000 0.400000
vt 0.000000 0.466667
vt 1.000000 0.466667
vt 0.000000 0.533333
vt 1.000000 0.533333
vt 0.000000 0.600000
vt 1.000000 0.600000
vt 0.000000 0.666667
vt 1.000000 0.666667
vt 0.000000 0.733333
vt 1.000000 0.733333
vt 0.000000 0.800000
vt 1.000000 0.800000
vt 0.000000 0.866667
vt 1.000000 0.866667
vt 0.000000 0.933333
vt 1.000000 0.933333
vt 0.000000 1.000000
vt 1.000000 1.000000
vt 0.000000 0.000000
vt 1.000000 0.000000
vt 0.000000 0.066667
vt 1.000000 0.066667
vt 0.000000 0.133333
vt 1.000000 0.133333
vt 0.000000 0.200000
vt 1.000000 0.200000
vt 0.000000 0.266667
vt 1.000000 0.266667
vt 0.000000 0.333333
vt 1.000000 0.333333
vt 0.000000 0.400000
vt 1.000000 0.400000
vt 0.000000 0.466667
vt 1.000000 0.466667
vt 0.000000 0.533333
vt 1.000000 0.533333
vt 0.000000 0.600000
vt 1.000000 0.600000
vt 0.000000 0.666667
vt 1.000000 0.666667
vt 0.000000 0.733333
vt 1.000000 0.733333
vt 0.000000 0.800000
vt 1.000000 0.800000
vt 0.000000 0.866667
vt 1.000000 0.866667
vt 0.000000 0.933333
vt 1.000000 0.933333
vt 0.000000 1.000000
vt 1.000000 1.000000
vt 0.000000 0.000000
vt 1.000000 0.000000
vt 0.000000 0.066667
vt 1.000000 0.066667
vt 0.000000 0.133333
vt 1.000000 0.133333
vt 0.000000 0.200000
vt 1.000000 0.200000
vt 0.000000 0.266667
vt 1.000000 0.266667
vt 0.000000 0.333333
vt 1.000000 0.333333
vt 0.000000 0.400000
vt 1.000000 0.400000
vt 0.000000 0.466667
vt 1.000000 0.466667
vt 0.000000 0.533333
vt 1.000000 0.533333
vt 0.000000 0.600000
vt 1.000000 0.600000
vt 0.000000 0.666667
vt 1.000000 0.666667
vt 0.000000 0.733333
vt 1.000000 0.733333
vt 0.000000 0.800000
vt 1.000000 0.800000
vt 0.000000 0.866667
vt 1.000000 0.866667
vt 0.000000 0.933333
vt 1.000000 0.933333
vt 0.000000 1.000000
vt 1.000000 1.000000
vt 0.000000 0.000000
vt 1.000000 0.000000
vt 0.000000 0.066667
vt 1.000000 0.066667
vt 0.000000 0.133333
vt 1.000000 0.133333
vt 0.000000 0.200000
vt 1.000000 0.200000
vt 0.000000 0.266667
vt 1.000000 0.266667
vt 0.000000 0.333333
vt 1.000000 0.333333
vt 0.000000 0.400000
vt 1.000000 0.400000
vt 0.000000 0.466667
vt 1.000000 0.466667
vt 0.000000 0.533333
vt 1.000000 0.533333
vt 0.000000 0.600000
vt 1.000000 0.600000
vt 0.000000 0.666667
vt 1.000000 0.666667
vt 0.000000 0.733333
vt 1.000000 0.733333
vt 0.000000 0.800000
vt 1.000000 0.800000
vt 0.000000 0.866667
vt 1.000000 0.866667
vt 0.000000 0.933333
vt 1.000000 0.933333
vt 0.000000 1.000000
vt 1.000000 1.000000
vt 0.000000 0.000000
vt 1.000000 0.000000
vt 0.000000 0.066667
vt 1.000000 0.066667
vt 0.000000 0.133333
vt 1.000000 0.133333
vt 0.000000 0.200000
vt 1.000000 0.200000
vt 0.000000 0.266667
vt 1.000000 0.266667
vt 0.000000 0.333333
vt 1.000000 0.333333
vt 0.000000 0.400000
vt 1.000000 0.400000
vt 0.000000 0.466667
vt 1.000000 0.466667
vt 0.000000 0.533333
vt 1.000000 0.533333
vt 0.000000 0.600000
vt 1.000000 0.600000
vt 0.000000 0.666667
vt 1.000000 0.666667
vt 0.000000 0.733333
vt 1.000000 0.733333
vt 0.000000 0.800000
vt 1.000000 0.800000
vt 0.000000 0.866667
vt 1.000000 0.866667
vt 0.000000 0.933333
vt 1.000000 0.933333
vt 0.000000 1.000000
vt 1.000000 1.000000
vt 0.000000 0.000000
vt 1.000000 0.000000
vt 0.000000 0.066667
vt 1.000000 0.066667
vt 0.000000 0.133333
vt 1.000000 0.133333
vt 0.000000 0.200000
vt 1.000000 0.200000
vt 0.000000 0.266667
vt 1.000000 0.266667
vt 0.000000 0.333333
vt 1.000000 0.333333
vt 0.000000 0.400000
vt 1.000000 0.400000
vt 0.000000 0.466667
vt 1.000000 0.466667
vt 0.000000 0.533333
vt 1.000000 0.533333
vt 0.000000 0.600000
vt 1.000000 0.600000
vt 0.000000 0.666667
vt 1.000000 0.666667
vt 0.000000 0.733333
vt 1.000000 0.733333
vt 0.000000 0.800000
vt 1.000000 0.800000
vt 0.000000 0.866667
vt 1.000000 0.866667
vt 0.000000 0.933333
vt 1.000000 0.933333
vt 0.000000 1.000000
vt 1.000000 1.000000
vt 0.000000 0.000000
vt 1.000000 0.000000
vt 0.000000 0.066667
vt 1.000000 0.066667
vt 0.000000 0.133333
vt 1.000000 0.133333
vt 0.000000 0.200000
vt 1.000000 0.200000
vt 0.000000 0.266667
vt 1.000000 0.266667
vt 0.000000 0.333333
vt 1.000000 0.333333
vt 0.000000 0.400000
vt 1.000000 0.400000
vt 0.000000 0.466667
vt 1.000000 0.466667
vt 0.000000 0.533333
vt 1.000000 0.533333
vt 0.000000 0.600000
vt 1.000000 0.600000
vt 0.000000 0.666667
vt 1.000000 0.666667
vt 0.000000 0.733333
vt 1.000000 0.733333
vt 0.000000 0.800000
vt 1.000000 0.800000
vt 0.000000 0.866667
vt 1.000000 0.866667
vt 0.000000 0.933333
vt 1.000000 0.933333
vt 0.000000 1.000000
vt 1.000000 1.000000
vt 0.000000 0.000000
vt 1.000000 0.000000
vt 0.000000 0.066667
vt 1.000000 0.066667
vt 0.000000 0.133333
vt 1.000000 0.133333
vt 0.000000 0.200000
vt 1.000000 0.200000
vt 0.000000 0.266667
vt 1.000000 0.266667
vt 0.000000 0.333333
vt 1.000000 0.333333
vt 0.000000 0.400000
vt 1.000000 0.400000
vt 0.000000 0.466667
vt 1.000000 0.466667
vt 0.000000 0.533333
vt 1.000000 0.533333
vt 0.000000 0.600000
vt 1.000000 0.600000
vt 0.000000 0.666667
vt 1.000000 0.666667
vt 0.000000 0.733333
vt 1.000000 0.733333
vt 0.000000 0.800000
vt 1.000000 0.800000
vt 0.000000 0.866667
vt 1.000000 0.866667
vt 0.000000 0.933333
vt 1.000000 0.933333
vt 0.000000 1.000000
vt 1.000000 1.000000
vt 0.000000 0.000000
vt 1.000000 0.000000
vt 0.000000 0.066667
vt 1.000000 0.066667
vt 0.000000 0.133333
vt 1.000000 0.133333
vt 0.000000 0.200000
vt 1.000000 0.200000
vt 0.000000 0.266667
vt 1.000000 0.266667
vt 0.000000 0.333333
vt 1.000000 0.333333
vt 0.000000 0.400000
vt 1.000000 0.400000
vt 0.000000 0.466667
vt 1.000000 0.466667
vt 0.000000 0.533333
vt 1.000000 0.533333
vt 0.000000 0.600000
vt 1.000000 0.600000
vt 0.000000 0.666667
vt 1.000000 0.666667
vt 0.000000 0.733333
vt 1.000000 0.733333
vt 0.000000 0.800000
vt 1.000000 0.800000
vt 0.000000 0.866667
vt 1.000000 0.866667
vt 0.000000 0.933333
vt 1.000000 0.933333
vt 0.000000 1.000000
vt 1.000000 1.000000
vt 0.000000 0.000000
vt 1.000000 0.000000
vt 0.000000 0.066667
vt 1.000000 0.066667
vt 0.000000 0.133333
vt 1.000000 0.133333
vt 0.000000 0.200000
vt 1.000000 0.200000
vt 0.000000 0.266667
vt 1.000000 0.266667
vt 0.000000 0.333333
vt 1.000000 0.333333
vt 0.000000 0.400000
vt 1.000000 0.400000
vt 0.000000 0.466667
vt 1.000000 0.466667
vt 0.000000 0.533333
vt 1.000000 0.533333
vt 0.000000 0.600000
vt 1.000000 0.600000
vt 0.000000 0.666667
vt 1.000000 0.666667
vt 0.000000 0.733333
vt 1.000000 0.733333
vt 0.000000 0.800000
vt 1.000000 0.800000
vt 0.000000 0.866667
vt 1.000000 0.866667
vt 0.000000 0.933333
vt 1.000000 0.933333
vt 0.000000 1.000000
vt 1.000000 1.000000
vt 0.000000 0.000000
vt 1.000000 0.000000
vt 0.000000 0.066667
vt 1.000000 0.066667
vt 0.000000 0.133333
vt 1.000000 0.133333
vt 0.000000 0.200000
vt 1.000000 0.200000
vt 0.000000 0.266667
vt 1.000000 0.266667
vt 0.000000 0.333333
vt 1.000000 0.333333
vt 0.000000 0.400000
vt 1.000000 0.400000
vt 0.000000 0.466667
vt 1.000000 0.466667
vt 0.000000 0.533333
vt 1.000000 0.533333
vt 0.000000 0.600000
vt 1.000000 0.600000
vt 0.000000 0.666667
vt 1.000000 0.666667
vt 0.000000 0.733333
vt 1.000000 0.733333
vt 0.000000 0.800000
vt 1.000000 0.800000
vt 0.000000 0.866667
vt 1.000000 0.866667
vt 0.000000 0.933333
vt 1.000000 0.933333
vt 0.000000 1.000000
vt 1.000000 1.000000
vt 0.000000 0.000000
vt 1.000000 0.000000
vt 0.000000 0.066667
vt 1.000000 0.066667
vt 0.000000 0.133333
vt 1.000000 0.133333
vt 0.000000 0.200000
vt 1.000000 0.200000
vt 0.000000 0.266667
vt 1.000000 0.266667
vt 0.000000 0.333333
vt 1.000000 0.333333
vt 0.000000 0.400000
vt 1.000000 0.400000
vt 0.000000 0.466667
vt 1.000000 0.466667
vt 0.000000 0.533333
vt 1.000000 0.533333
vt 0.000000 0.600000
vt 1.000000 0.600000
vt 0.000000 0.666667
vt 1.000000 0.666667
vt 0.000000 0.733333
vt 1.000000 0.733333
vt 0.000000 0.800000
vt 1.000000 0.800000
vt 0.000000 0.866667
vt 1.000000 0.866667
vt 0.000000 0.933333
vt 1.000000 0.933333
vt 0.000000 1.000000
vt 1.000000 1.000000
vt 0.000000 0.000000
vt 1.000000 0.000000
vt 0.000000 0.066667
vt 1.000000 0.066667
vt 0.000000 0.133333
vt 1.000000 0.133333
vt 0.000000 0.200000
vt 1.000000 0.200000
vt 0.000000 0.266667
vt 1.000000 0.266667
vt 0.000000 0.333333
vt 1.000000 0.333333
vt 0.000000 0.400000
vt 1.000000 0.400000
vt 0.000000 0.466667
vt 1.000000 0.466667
vt 0.000000 0.533333
vt 1.000000 0.533333
vt 0.000000 0.600000
vt 1.000000 0.600000
vt 0.000000 0.666667
vt 1.000000 0.666667
vt 0.000000 0.733333
vt 1.000000 0.733333
vt 0.000000 0.800000
vt 1.000000 0.800000
vt 0.000000 0.866667
vt 1.000000 0.866667
vt 0.000000 0.933333
vt 1.000000 0.933333
vt 0.000000 1.000000
vt 1.000000 1.000000
vt 0.000000 0.000000
vt 1.000000 0.000000
vt 0.000000 0.066667
vt 1.000000 0.066667
vt 0.000000 0.133333
vt 1.000000 0.133333
vt 0.000000 0.200000
vt 1.000000 0.200000
vt 0.000000 0.266667
vt 1.000000 0.266667
vt 0.000000 0.333333
vt 1.000000 0.333333
vt 0.000000 0.400000
vt 1.000000 0.400000
vt 0.000000 0.466667
vt 1.000000 0.466667
vt 0.000000 0.533333
vt 1.000000 0.533333
vt 0.000000 0.600000
vt 1.000000 0.600000
vt 0.000000 0.666667
vt 1.000000 0.666667
vt 0.000000 0.733333
vt 1.000000 0.733333
vt 0.000000 0.800000
vt 1.000000 0.800000
vt 0.000000 0.866667
vt 1.000000 0.866667
vt 0.000000 0.933333
vt 1.000000 0.933333
vt 0.000000 1.000000
vt 1.000000 1.000000
vt 0.000000 0.000000
vt 1.000000 0.000000
vt 0.000000 0.066667
vt 1.000000 0.066667
vt 0.000000 0.133333
vt 1.000000 0.133333
vt 0.000000 0.200000
vt 1.000000 0.200000
vt 0.000000 0.266667
vt 1.000000 0.266667
vt 0.000000 0.333333
vt 1.000000 0.333333
vt 0.000000 0.400000
vt 1.000000 0.400000
vt 0.000000 0.466667
vt 1.000000 0.466667
vt 0.000000 0.533333
vt 1.000000 0.533333
vt 0.000000 0.600000
vt 1.000000 0.600000
vt 0.000000 0.666667
vt 1.000000 0.666667
vt 0.000000 0.733333
vt 1.000000 0.733333
vt 0.000000 0.800000
vt 1.000000 0.800000
vt 0.000000 0.866667
vt 1.000000 0.866667
vt 0.000000 0.933333
vt 1.000000 0.933333
vt 0.000000 1.000000
vt 1.000000 1.000000
vt 0.000000 0.000000
vt 1.000000 0.000000
vt 0.000000 0.066667
vt 1.000000 0.066667
vt 0.000000 0.133333
vt 1.000000 0.133333
vt 0.000000 0.200000
vt 1.000000 0.200000
vt 0.000000 0.266667
vt 1.000000 0.266667
vt 0.000000 0.333333
vt 1.000000 0.333333
vt 0.000000 0.400000
vt 1.000000 0.400000
vt 0.000000 0.466667
vt 1.000000 0.466667
vt 0.000000 0.533333
vt 1.000000 0.533333
vt 0.000000 0.600000
vt 1.000000 0.600000
vt 0.000000 0.666667
vt 1.000000 0.666667
vt 0.000000 0.733333
vt 1.000000 0.733333
vt 0.000000 0.800000
vt 1.000000 0.800000
vt 0.000000 0.866667
vt 1.000000 0.866667
vt 0.000000 0.933333
vt 1.000000 0.933333
vt 0.000000 1.000000
vt 1.000000 1.000000
vt 0.000000 0.000000
vt 1.000000 0.000000
vt 0.000000 0.066667
vt 1.000000 0.066667
vt 0.000000 0.133333
vt 1.000000 0.133333
vt 0.000000 0.200000
vt 1.000000 0.200000
vt 0.000000 0.266667
vt 1.000000 0.266667
vt 0.000000 0.333333
vt 1.000000 0.333333
vt 0.000000 0.400000
vt 1.000000 0.400000
vt 0.000000 0.466667
vt 1.000000 0.466667
vt 0.000000 0.533333
vt 1.000000 0.533333
vt 0.000000 0.600000
vt 1.000000 0.600000
vt 0.000000 0.666667
vt 1.000000 0.666667
vt 0.000000 0.733333
vt 1.000000 0.733333
vt 0.000000 0.800000
vt 1.000000 0.800000
vt 0.000000 0.866667
vt 1.000000 0.866667
vt 0.000000 0.933333
vt 1.000000 0.933333
vt 0.000000 1.000000
vt 1.000000 1.000000
vt 0.000000 0.000000
vt 1.000000 0.000000
vt 0.000000 0.066667
vt 1.000000 0.066667
vt 0.000000 0.133333
vt 1.000000 0.133333
vt 0.000000 0.200000
vt 1.000000 0.200000
vt 0.000000 0.266667
vt 1.000000 0.266667
vt 0.000000 0.333333
vt 1.000000 0.333333
vt 0.000000 0.400000
vt 1.000000 0.400000
vt 0.000000 0.466667
vt 1.000000 0.466667
vt 0.000000 0.533333
vt 1.000000 0.533333
vt 0.000000 0.600000
vt 1.000000 0.600000
vt 0.000000 0.666667
vt 1.000000 0.666667
vt 0.000000 0.733333
vt 1.000000 0.733333
vt 0.000000 0.800000
vt 1.000000 0.800000
vt 0.000000 0.866667
vt 1.000000 0.866667
vt 0.000000 0.933333
vt 1.000000 0.933333
vt 0.000000 1.000000
vt 1.000000 1.000000
vt 0.000000 0.000000
vt 1.000000 0.000000
vt 0.000000 0.066667
vt 1.000000 0.066667
vt 0.000000 0.133333
vt 1.000000 0.133333
vt 0.000000 0.200000
vt 1.000000 0.200000
vt 0.000000 0.266667
vt 1.000000 0.266667
vt 0.000000 0.333333
vt 1.000000 0.333333
vt 0.000000 0.400000
vt 1.000000 0.400000
vt 0.000000 0.466667
vt 1.000000 0.466667
vt 0.000000 0.533333
vt 1.000000 0.533333
vt 0.000000 0.600000
vt 1.000000 0.600000
vt 0.000000 0.666667
vt 1.000000 0.666667
vt 0.000000 0.733333
vt 1.000000 0.733333
vt 0.000000 0.800000
vt 1.000000 0.800000
vt 0.000000 0.866667
vt 1.000000 0.866667
vt 0.000000 0.933333
vt 1.000000 0.933333
vt 0.000000 1.000000
vt 1.000000 1.000000
vt 0.000000 0.000000
vt 1.000000 0.000000
vt 0.000000 0.066667
vt 1.000000 0.066667
vt 0.000000 0.133333
vt 1.000000 0.133333
vt 0.000000 0.200000
vt 1.000000 0.200000
vt 0.000000 0.266667
vt 1.000000 0.266667
vt 0.000000 0.333333
vt 1.000000 0.333333
vt 0.000000 0.400000
vt 1.000000 0.400000
vt 0.000000 0.466667
vt 1.000000 0.466667
vt 0.000000 0.533333
vt 1.000000 0.533333
vt 0.000000 0.600000
vt 1.000000 0.600000
vt 0.000000 0.666667
vt 1.000000 0.666667
vt 0.000000 0.733333
vt 1.000000 0.733333
vt 0.000000 0.800000
vt 1.000000 0.800000
vt 0.000000 0.866667
vt 1.000000 0.866667
vt 0.000000 0.933333
vt 1.000000 0.933333
vt 0.000000 1.000000
vt 1.000000 1.000000
vt 0.000000 0.000000
vt 1.000000 0.000000
vt 0.000000 0.066667
vt 1.000000 0.066667
vt 0.000000 0.133333
vt 1.000000 0.133333
vt 0.000000 0.200000
vt 1.000000 0.200000
vt 0.000000 0.266667
vt 1.000000 0.266667
vt 0.000000 0.333333
vt 1.000000 0.333333
vt 0.000000 0.400000
vt 1.000000 0.400000
vt 0.000000 0.466667
vt 1.000000 0.466667
vt 0.000000 0.533333
vt 1.000000 0.533333
vt 0.000000 0.600000
vt 1.000000 0.600000
vt 0.000000 0.666667
vt 1.000000 0.666667
vt 0.000000 0.733333
vt 1.000000 0.733333
vt 0.000000 0.800000
vt 1.000000 0.800000
vt 0.000000 0.866667
vt 1.000000 0.866667
vt 0.000000 0.933333
vt 1.000000 0.933333
vt 0.000000 1.000000
vt 1.000000 1.000000
vt 0.000000 0.000000
vt 1.000000 0.000000
vt 0.000000 0.066667
vt 1.000000 0.066667
vt 0.000000 0.133333
vt 1.000000 0.133333
vt 0.000000 0.200000
vt 1.000000 0.200000
vt 0.000000 0.266667
vt 1.000000 0.266667
vt 0.000000 0.333333
vt 1.000000 0.333333
vt 0.000000 0.400000
vt 1.000000 0.400000
vt 0.000000 0.466667
vt 1.000000 0.466667
vt 0.000000 0.533333
vt 1.000000 0.533333
vt 0.000000 0.600000
vt 1.000000 0.600000
vt 0.000000 0.666667
vt 1.000000 0.666667
vt 0.000000 0.733333
vt 1.000000 0.733333
vt 0.000000 0.800000
vt 1.000000 0.800000
vt 0.000000 0.866667
vt 1.000000 0.866667
vt 0.000000 0.933333
vt 1.000000 0.933333
vt 0.000000 1.000000
vt 1.000000 1.000000
vt 0.000000 0.000000
vt 1.000000 0.000000
vt 0.000000 0.066667
vt 1.000000 0.066667
vt 0.000000 0.133333
vt 1.000000 0.133333
vt 0.000000 0.200000
vt 1.000000 0.200000
vt 0.000000 0.266667
vt 1.000000 0.266667
vt 0.000000 0.333333
vt 1.000000 0.333333
vt 0.000000 0.400000
vt 1.000000 0.400000
vt 0.000000 0.466667
vt 1.000000 0.466667
vt 0.000000 0.533333
vt 1.000000 0.533333
vt 0.000000 0.600000
vt 1.000000 0.600000
vt 0.000000 0.666667
vt 1.000000 0.666667
vt 0.000000 0.733333
vt 1.000000 0.733333
vt 0.000000 0.800000
vt 1.000000 0.800000
vt 0.000000 0.866667
vt 1.000000 0.866667
vt 0.000000 0.933333
vt 1.000000 0.933333
vt 0.000000 1.000000
vt 1.000000 1.000000
vt 0.000000 0.000000
vt 1.000000 0.000000
vt 0.000000 0.066667
vt 1.000000 0.066667
vt 0.000000 0.133333
vt 1.000000 0.133333
vt 0.000000 0.200000
vt 1.000000 0.200000
vt 0.000000 0.266667
vt 1.000000 0.266667
vt 0.000000 0.333333
vt 1.000000 0.333333
vt 0.000000 0.400000
vt 1.000000 0.400000
vt 0.000000 0.466667
vt 1.000000 0.466667
vt 0.000000 0.533333
vt 1.000000 0.533333
vt 0.000000 0.600000
vt 1.000000 0.600000
vt 0.000000 0.666667
vt 1.000000 0.666667
vt 0.000000 0.733333
vt 1.000000 0.733333
vt 0.000000 0.800000
vt 1.000000 0.800000
vt 0.000000 0.866667
vt 1.000000 0.866667
vt 0.000000 0.933333
vt 1.000000 0.933333
vt 0.000000 1.000000
vt 1.000000 1.000000
vt 0.000000 0.000000
vt 1.000000 0.000000
vt 0.000000 0.066667
vt 1.000000 0.066667
vt 0.000000 0.133333
vt 1.000000 0.133333
vt 0.000000 0.200000
vt 1.000000 0.200000
vt 0.000000 0.266667
vt 1.000000 0.266667
vt 0.000000 0.333333
vt 1.000000 0.333333
vt 0.000000 0.400000
vt 1.000000 0.400000
vt 0.000000 0.466667
vt 1.000000 0.466667
vt 0.000000 0.533333
vt 1.000000 0.533333
vt 0.000000 0.600000
vt 1.000000 0.600000
vt 0.000000 0.666667
vt 1.000000 0.666667
vt 0.000000 0.733333
vt 1.000000 0.733333
vt 0.000000 0.800000
vt 1.000000 0.800000
vt 0.000000 0.866667
vt 1.000000 0.866667
vt 0.000000 0.933333
vt 1.000000 0.933333
vt 0.000000 1.000000
vt 1.000000 1.000000
vt 0.000000 0.000000
vt 1.000000 0.000000
vt 0.000000 0.066667
vt 1.000000 0.066667
vt 0.000000 0.133333
vt 1.000000 0.133333
vt 0.000000 0.200000
vt 1.000000 0.200000
vt 0.000000 0.266667
vt 1.000000 0.266667
vt 0.000000 0.333333
vt 1.000000 0.333333
vt 0.000000 0.400000
vt 1.000000 0.400000
vt 0.000000 0.466667
vt 1.000000 0.466667
vt 0.000000 0.533333
vt 1.000000 0.533333
vt 0.000000 0.600000
vt 1.000000 0.600000
vt 0.000000 0.666667
vt 1.000000 0.666667
vt 0.000000 0.733333
vt 1.000000 0.733333
vt 0.000000 0.800000
vt 1.000000 0.800000
vt 0.000000 0.866667
vt 1.000000 0.866667
vt 0.000000 0.933333
vt 1.000000 0.933333
vt 0.000000 1.000000
vt 1.000000 1.000000
vt 0.000000 0.000000
vt 1.000000 0.000000
vt 0.000000 0.066667
vt 1.000000 0.066667
vt 0.000000 0.133333
vt 1.000000 0.133333
vt 0.000000 0.200000
vt 1.000000 0.200000
vt 0.000000 0.266667
vt 1.000000 0.266667
vt 0.000000 0.333333
vt 1.000000 0.333333
vt 0.000000 0.400000
vt 1.000000 0.400000
vt 0.000000 0.466667
vt 1.000000 0.466667
vt 0.000000 0.533333
vt 1.000000 0.533333
vt 0.000000 0.600000
vt 1.000000 0.600000
vt 0.000000 0.666667
vt 1.000000 0.666667
vt 0.000000 0.733333
vt 1.000000 0.733333
vt 0.000000 0.800000
vt 1.000000 0.800000
vt 0.000000 0.866667
vt 1.000000 0.866667
vt 0.000000 0.933333
vt 1.000000 0.933333
vt 0.000000 1.000000
vt 1.000000 1.000000
vt 0.000000 0.000000
vt 1.000000 0.000000
vt 0.000000 0.066667
vt 1.000000 0.066667
vt 0.000000 0.133333
vt 1.000000 0.133333
vt 0.000000 0.200000
vt 1.000000 0.200000
vt 0.000000 0.266667
vt 1.000000 0.266667
vt 0.000000 0.333333
vt 1.000000 0.333333
vt 0.000000 0.400000
vt 1.000000 0.400000
vt 0.000000 0.466667
vt 1.000000 0.466667
vt 0.000000 0.533333
vt 1.000000 0.533333
vt 0.000000 0.600000
vt 1.000000 0.600000
vt 0.000000 0.666667
vt 1.000000 0.666667
vt 0.000000 0.733333
vt 1.000000 0.733333
vt 0.000000 0.800000
vt 1.000000 0.800000
vt 0.000000 0.866667
vt 1.000000 0.866667
vt 0.000000 0.933333
vt 1.000000 0.933333
vt 0.000000 1.000000
vt 1.000000 1.000000
vt 0.000000 0.000000
vt 1.000000 0.000000
vt 0.000000 0.066667
vt 1.000000 0.066667
vt 0.000000 0.133333
vt 1.000000 0.133333
vt 0.000000 0.200000
vt 1.000000 0.200000
vt 0.000000 0.266667
vt 1.000000 0.266667
vt 0.000000 0.333333
vt 1.000000 0.333333
vt 0.000000 0.400000
vt 1.000000 0.400000
vt 0.000000 0.466667
vt 1.000000 0.466667
vt 0.000000 0.533333
vt 1.000000 0.533333
vt 0.000000 0.600000
vt 1.000000 0.600000
vt 0.000000 0.666667
vt 1.000000 0.666667
vt 0.000000 0.733333
vt 1.000000 0.733333
vt 0.000000 0.800000
vt 1.000000 0.800000
vt 0.000000 0.866667
vt 1.000000 0.866667
vt 0.000000 0.933333
vt 1.000000 0.933333
vt 0.000000 1.000000
vt 1.000000 1.000000
vt 0.000000 0.000000
vt 1.000000 0.000000
vt 0.000000 0.066667
vt 1.000000 0.066667
vt 0.000000 0.133333
vt 1.000000 0.133333
vt 0.000000 0.200000
vt 1.000000 0.200000
vt 0.000000 0.266667
vt 1.000000 0.266667
vt 0.000000 0.333333
vt 1.000000 0.333333
vt 0.000000 0.400000
vt 1.000000 0.400000
vt 0.000000 0.466667
vt 1.000000 0.466667
vt 0.000000 0.533333
vt 1.000000 0.533333
vt 0.000000 0.600000
vt 1.000000 0.600000
vt 0.000000 0.666667
vt 1.000000 0.666667
vt 0.000000 0.733333
vt 1.000000 0.733333
vt 0.000000 0.800000
vt 1.000000 0.800000
vt 0.000000 0.866667
vt 1.000000 0.866667
vt 0.000000 0.933333
vt 1.000000 0.933333
vt 0.000000 1.000000
vt 1.000000 1.000000
vt 0.000000 0.000000
vt 1.000000 0.000000
vt 0.000000 0.066667
vt 1.000000 0.066667
vt 0.000000 0.133333
vt 1.000000 0.133333
vt 0.000000 0.200000
vt 1.000000 0.200000
vt 0.000000 0.266667
vt 1.000000 0.266667
vt 0.000000 0.333333
vt 1.000000 0.333333
vt 0.000000 0.400000
vt 1.000000 0.400000
vt 0.000000 0.466667
vt 1.000000 0.466667
vt 0.000000 0.533333
vt 1.000000 0.533333
vt 0.000000 0.600000
vt 1.000000 0.600000
vt 0.000000 0.666667
vt 1.000000 0.666667
vt 0.000000 0.733333
vt 1.000000 0.733333
vt 0.000000 0.800000
vt 1.000000 0.800000
vt 0.000000 0.866667
vt 1.000000 0.866667
vt 0.000000 0.933333
vt 1.000000 0.933333
vt 0.000000 1.000000
vt 1.000000 1.000000
vt 0.000000 0.000000
vt 1.000000 0.000000
vt 0.000000 0.066667
vt 1.000000 0.066667
vt 0.000000 0.133333
vt 1.000000 0.133333
vt 0.000000 0.200000
vt 1.000000 0.200000
vt 0.000000 0.266667
vt 1.000000 0.266667
vt 0.000000 0.333333
vt 1.000000 0.333333
vt 0.000000 0.400000
vt 1.000000 0.400000
vt 0.000000 0.466667
vt 1.000000 0.466667
vt 0.000000 0.533333
vt 1.000000 0.533333
vt 0.000000 0.600000
vt 1.000000 0.600000
vt 0.000000 0.666667
vt 1.000000 0.666667
vt 0.000000 0.733333
vt 1.000000 0.733333
vt 0.000000 0.800000
vt 1.000000 0.800000
vt 0.000000 0.866667
vt 1.000000 0.866667
vt 0.000000 0.933333
vt 1.000000 0.933333
vt 0.000000 1.000000
vt 1.000000 1.000000
vt 0.000000 0.000000
vt 1.000000 0.000000
vt 0.000000 0.066667
vt 1.000000 0.066667
vt 0.000000 0.133333
vt 1.000000 0.133333
vt 0.000000 0.200000
vt 1.000000 0.200000
vt 0.000000 0.266667
vt 1.000000 0.266667
vt 0.000000 0.333333
vt 1.000000 0.333333
vt 0.000000 0.400000
vt 1.000000 0.400000
vt 0.000000 0.466667
vt 1.000000 0.466667
vt 0.000000 0.533333
vt 1.000000 0.533333
vt 0.000000 0.600000
vt 1.000000 0.600000
vt 0.000000 0.666667
vt 1.000000 0.666667
vt 0.000000 0.733333
vt 1.000000 0.733333
vt 0.000000 0.800000
vt 1.000000 0.800000
vt 0.000000 0.866667
vt 1.000000 0.866667
vt 0.000000 0.933333
vt 1.000000 0.933333
vt 0.000000 1.000000
vt 1.000000 1.000000
vt 0.000000 0.000000
vt 1.000000 0.000000
vt 0.000000 0.066667
vt 1.000000 0.066667
vt 0.000000 0.133333
vt 1.000000 0.133333
vt 0.000000 0.200000
vt 1.000000 0.200000
vt 0.000000 0.266667
vt 1.000000 0.266667
vt 0.000000 0.333333
vt 1.000000 0.333333
vt 0.000000 0.400000
vt 1.000000 0.400000
vt 0.000000 0.466667
vt 1.000000 0.466667
vt 0.000000 0.533333
vt 1.000000 0.533333
vt 0.000000 0.600000
vt 1.000000 0.600000
vt 0.000000 0.666667
vt 1.000000 0.666667
vt 0.000000 0.733333
vt 1.000000 0.733333
vt 0.000000 0.800000
vt 1.000000 0.800000
vt 0.000000 0.866667
vt 1.000000 0.866667
vt 0.000000 0.933333
vt 1.000000 0.933333
vt 0.000000 1.000000
vt 1.000000 1.000000
vt 0.000000 0.000000
vt 1.000000 0.000000
vt 0.000000 0.066667
vt 1.000000 0.066667
vt 0.000000 0.133333
vt 1.000000 0.133333
vt 0.000000 0.200000
vt 1.000000 0.200000
vt 0.000000 0.266667
vt 1.000000 0.266667
vt 0.000000 0.333333
vt 1.000000 0.333333
vt 0.000000 0.400000
vt 1.000000 0.400000
vt 0.000000 0.466667
vt 1.000000 0.466667
vt 0.000000 0.533333
vt 1.000000 0.533333
vt 0.000000 0.600000
vt 1.000000 0.600000
vt 0.000000 0.666667
vt 1.000000 0.666667
vt 0.000000 0.733333
vt 1.000000 0.733333
vt 0.000000 0.800000
vt 1.000000 0.800000
vt 0.000000 0.866667
vt 1.000000 0.866667
vt 0.000000 0.933333
vt 1.000000 0.933333
vt 0.000000 1.000000
vt 1.000000 1.000000
vt 0.000000 0.000000
vt 1.000000 0.000000
vt 0.000000 0.066667
vt 1.000000 0.066667
vt 0.000000 0.133333
vt 1.000000 0.133333
vt 0.000000 0.200000
vt 1.000000 0.200000
vt 0.000000 0.266667
vt 1.000000 0.266667
vt 0.000000 0.333333
vt 1.000000 0.333333
vt 0.000000 0.400000
vt 1.000000 0.400000
vt 0.000000 0.466667
vt 1.000000 0.466667
vt 0.000000 0.533333
vt 1.000000 0.533333
vt 0.000000 0.600000
vt 1.000000 0.600000
vt 0.000000 0.666667
vt 1.000000 0.666667
vt 0.000000 0.733333
vt 1.000000 0.733333
vt 0.000000 0.800000
vt 1.000000 0.800000
vt 0.000000 0.866667
vt 1.000000 0.866667
vt 0.000000 0.933333
vt 1.000000 0.933333
vt 0.000000 1.000000
vt 1.000000 1.000000
vt 0.000000 0.000000
vt 1.000000 0.000000
vt 0.000000 0.066667
vt 1.000000 0.066667
vt 0.000000 0.133333
vt 1.000000 0.133333
vt 0.000000 0.200000
vt 1.000000 0.200000
vt 0.000000 0.266667
vt 1.000000 0.266667
vt 0.000000 0.333333
vt 1.000000 0.333333
vt 0.000000 0.400000
vt 1.000000 0.400000
vt 0.000000 0.466667
vt 1.000000 0.466667
vt 0.000000 0.533333
vt 1.000000 0.533333
vt 0.000000 0.600000
vt 1.000000 0.600000
vt 0.000000 0.666667
vt 1.000000 0.666667
vt 0.000000 0.733333
vt 1.000000 0.733333
vt 0.000000 0.800000
vt 1.000000 0.800000
vt 0.000000 0.866667
vt 1.000000 0.866667
vt 0.000000 0.933333
vt 1.000000 0.933333
vt 0.000000 1.000000
vt 1.000000 1.000000
vt 0.000000 0.000000
vt 1.000000 0.000000
vt 0.000000 0.066667
vt 1.000000 0.066667
vt 0.000000 0.133333
vt 1.000000 0.133333
vt 0.000000 0.200000
vt 1.000000 0.200000
vt 0.000000 0.266667
vt 1.000000 0.266667
vt 0.000000 0.333333
vt 1.000000 0.333333
vt 0.000000 0.400000
vt 1.000000 0.400000
vt 0.000000 0.466667
vt 1.000000 0.466667
vt 0.000000 0.533333
vt 1.000000 0.533333
vt 0.000000 0.600000
vt 1.000000 0.600000
vt 0.000000 0.666667
vt 1.000000 0.666667
vt 0.000000 0.733333
vt 1.000000 0.733333
vt 0.000000 0.800000
vt 1.000000 0.800000
vt 0.000000 0.866667
vt 1.000000 0.866667
vt 0.000000 0.933333
vt 1.000000 0.933333
vt 0.000000 1.000000
vt 1.000000 1.000000
vt 0.000000 0.000000
vt 1.000000 0.000000
vt 0.000000 0.066667
vt 1.000000 0.066667
vt 0.000000 0.133333
vt 1.000000 0.133333
vt 0.000000 0.200000
vt 1.000000 0.200000
vt 0.000000 0.266667
vt 1.000000 0.266667
vt 0.000000 0.333333
vt 1.000000 0.333333
vt 0.000000 0.400000
vt 1.000000 0.400000
vt 0.000000 0.466667
vt 1.000000 0.466667
vt 0.000000 0.533333
vt 1.000000 0.533333
vt 0.000000 0.600000
vt 1.000000 0.600000
vt 0.000000 0.666667
vt 1.000000 0.666667
vt 0.000000 0.733333
vt 1.000000 0.733333
vt 0.000000 0.800000
vt 1.000000 0.800000
vt 0.000000 0.866667
vt 1.000000 0.866667
vt 0.000000 0.933333
vt 1.000000 0.933333
vt 0.000000 1.000000
vt 1.000000 1.000000
vt 0.000000 0.000000
vt 1.000000 0.000000
vt 0.000000 0.066667
vt 1.000000 0.066667
vt 0.000000 0.133333
vt 1.000000 0.133333
vt 0.000000 0.200000
vt 1.000000 0.200000
vt 0.000000 0.266667
vt 1.000000 0.266667
vt 0.000000 0.333333
vt 1.000000 0.333333
vt 0.000000 0.400000
vt 1.000000 0.400000
vt 0.000000 0.466667
vt 1.000000 0.466667
vt 0.000000 0.533333
vt 1.000000 0.533333
vt 0.000000 0.600000
vt 1.000000 0.600000
vt 0.000000 0.666667
vt 1.000000 0.666667
vt 0.000000 0.733333
vt 1.000000 0.733333
vt 0.000000 0.800000
vt 1.000000 0.800000
vt 0.000000 0.866667
vt 1.000000 0.866667
vt 0.000000 0.933333
vt 1.000000 0.933333
vt 0.000000 1.000000
vt 1.000000 1.000000
vt 0.000000 0.000000
vt 1.000000 0.000000
vt 0.000000 0.066667
vt 1.000000 0.066667
vt 0.000000 0.133333
vt 1.000000 0.133333
vt 0.000000 0.200000
vt 1.000000 0.200000
vt 0.000000 0.266667
vt 1.000000 0.266667
vt 0.000000 0.333333
vt 1.000000 0.333333
vt 0.000000 0.400000
vt 1.000000 0.400000
vt 0.000000 0.466667
vt 1.000000 0.466667
vt 0.000000 0.533333
vt 1.000000 0.533333
vt 0.000000 0.600000
vt 1.000000 0.600000
vt 0.000000 0.666667
vt 1.000000 0.666667
vt 0.000000 0.733333
vt 1.000000 0.733333
vt 0.000000 0.800000
vt 1.000000 0.800000
vt 0.000000 0.866667
vt 1.000000 0.866667
vt 0.000000 0.933333
vt 1.000000 0.933333
vt 0.000000 1.000000
vt 1.000000 1.000000
vt 0.000000 0.000000
vt 1.000000 0.000000
vt 0.000000 0.066667
vt 1.000000 0.066667
vt 0.000000 0.133333
vt 1.000000 0.133333
vt 0.000000 0.200000
vt 1.000000 0.200000
vt 0.000000 0.266667
vt 1.000000 0.266667
vt 0.000000 0.333333
vt 1.000000 0.333333
vt 0.000000 0.400000
vt 1.000000 0.400000
vt 0.000000 0.466667
vt 1.000000 0.466667
vt 0.000000 0.533333
vt 1.000000 0.533333
vt 0.000000 0.600000
vt 1.000000 0.600000
vt 0.000000 0.666667
vt 1.000000 0.666667
vt 0.000000 0.733333
vt 1.000000 0.733333
vt 0.000000 0.800000
vt 1.000000 0.800000
vt 0.000000 0.866667
vt 1.000000 0.866667
vt 0.000000 0.933333
vt 1.000000 0.933333
vt 0.000000 1.000000
vt 1.000000 1.000000
vt 0.000000 0.000000
vt 1.000000 0.000000
vt 0.000000 0.066667
vt 1.000000 0.066667
vt 0.000000 0.133333
vt 1.000000 0.133333
vt 0.000000 0.200000
vt 1.000000 0.200000
vt 0.000000 0.266667
vt 1.000000 0.266667
vt 0.000000 0.333333
vt 1.000000 0.333333
vt 0.000000 0.400000
vt 1.000000 0.400000
vt 0.000000 0.466667
vt 1.000000 0.466667
vt 0.000000 0.533333
vt 1.000000 0.533333
vt 0.000000 0.600000
vt 1.000000 0.600000
vt 0.000000 0.666667
vt 1.000000 0.666667
vt 0.000000 0.733333
vt 1.000000 0.733333
vt 0.000000 0.800000
vt 1.000000 0.800000
vt 0.000000 0.866667
vt 1.000000 0.866667
vt 0.000000 0.933333
vt 1.000000 0.933333
vt 0.000000 1.000000
vt 1.000000 1.000000
vt 0.000000 0.000000
vt 1.000000 0.000000
vt 0.000000 0.066667
vt 1.000000 0.066667
vt 0.000000 0.133333
vt 1.000000 0.133333
vt 0.000000 0.200000
vt 1.000000 0.200000
vt 0.000000 0.266667
vt 1.000000 0.266667
vt 0.000000 0.333333
vt 1.000000 0.333333
vt 0.000000 0.400000
vt 1.000000 0.400000
vt 0.000000 0.466667
vt 1.000000 0.466667
vt 0.000000 0.533333
vt 1.000000 0.533333
vt 0.000000 0.600000
vt 1.000000 0.600000
vt 0.000000 0.666667
vt 1.000000 0.666667
vt 0.000000 0.733333
vt 1.000000 0.733333
vt 0.000000 0.800000
vt 1.000000 0.800000
vt 0.000000 0.866667
vt 1.000000 0.866667
vt 0.000000 0.933333
vt 1.000000 0.933333
vt 0.000000 1.000000
vt 1.000000 1.000000
f 1/1 2/2 4/4 3/3
f 3/3 4/4 6/6 5/5
f 5/5 6/6 8/8 7/7
f 7/7 8/8 10/10 9/9
f 9/9 10/10 12/12 11/11
f 11/11 12/12 14/14 13/13
f 13/13 14/14 16/16 15/15
f 15/15 16/16 18/18 17/17
f 17/17 18/18 20/20 19/19
f 19/19 20/20 22/22 21/21
f 21/21 22/22 24/24 23/23
f 23/23 24/24 26/26 25/25
f 25/25 26/26 28/28 27/27
f 27/27 28/28 30/30 29/29
f 29/29 30/30 32/32 31/31
f 33/33 34/34 36/36 35/35
f 35/35 36/36 38/38 37/37
f 37/37 38/38 40/40 39/39
f 39/39 40/40 42/42 41/41
f 41/41 42/42 44/44 43/43
f 43/43 44/44 46/46 45/45
f 45/45 46/46 48/48 47/47
f 47/47 48/48 50/50 49/49
f 49/49 50/50 52/52 51/51
f 51/51 52/52 54/54 53/53
f 53/53 54/54 56/56 55/55
f 55/55 56/56 58/58 57/57
f 57/57 58/58 60/60 59/59
f 59/59 60/60 62/62 61/61
f 61/61 62/62 64/64 63/63
f 65/65 66/66 68/68 67/67
f 67/67 68/68 70/70 69/69
f 69/69 70/70 72/72 71/71
f 71/71 72/72 74/74 73/73
f 73/73 74/74 76/76 75/75
f 75/75 76/76 78/78 77/77
f 77/77 78/78 80/80 79/79
f 79/79 80/80 82/82 81/81
f 81/81 82/82 84/84 83/83
f 83/83 84/84 86/86 85/85
f 85/85 86/86 88/88 87/87
f 87/87 88/88 90/90 89/89
f 89/89 90/90 92/92 91/91
f 91/91 92/92 94/94 93/93
f 93/93 94/94 96/96 95/95
f 97/97 98/98 100/100 99/99
f 99/99 100/100 102/102 101/101
f 101/101 102/102 104/104 103/103
f 103/103 104/104 106/106 105/105
f 105/105 106/106 108/108 107/107
f 107/107 108/108 110/110 109/109
f 109/109 110/110 112/112 111/111
f 111/111 112/112 114/114 113/113
f 113/113 114/114 116/116 115/115
f 115/115 116/116 118/118 117/117
f 117/117 118/118 120/120 119/119
f 119/119 120/120 122/122 121/121
f 121/121 122/122 124/124 123/123
f 123/123 124/124 126/126 125/125
f 125/125 126/126 128/128 127/127
f 129/129 130/130 132/132 131/131
f 131/131 132/132 134/134 133/133
f 133/133 134/134 136/136 135/135
f 135/135 136/136 138/138 137/137
f 137/137 138/138 140/140 139/139
f 139/139 140/140 142/142 141/141
f 141/141 142/142 144/144 143/143
f 143/143 144/144 146/146 145/145
f 145/145 146/146 148/148 147/147
f 147/147 148/148 150/150 149/149
f 149/149 150/150 152/152 151/151
f 151/151 152/152 154/154 153/153
f 153/153 154/154 156/156 155/155
f 155/155 156/156 158/158 157/157
f 157/157 158/158 160/160 159/159
f 161/161 162/162 164/164 163/163
f 163/163 164/164 166/166 165/165
f 165/165 166/166 168/168 167/167
f 167/167 168/168 170/170 169/169
f 169/169 170/170 172/172 171/171
f 171/171 172/172 174/174 173/173
f 173/173 174/174 176/176 175/175
f 175/175 176/176 178/178 177/177
f 177/177 178/178 180/180 179/179
f 179/179 180/180 182/182 181/181
f 181/181 182/182 184/184 183/183
f 183/183 184/184 186/186 185/185
f 185/185 186/186 188/188 187/187
f 187/187 188/188 190/190 189/189
f 189/189 190/190 192/192 191/191
f 193/193 194/194 196/196 195/195
f 195/195 196/196 198/198 197/197
f 197/197 198/198 200/200 199/199
f 199/199 200/200 202/202 201/201
f 201/201 202/202 204/204 203/203
f 203/203 204/204 206/206 205/205
f 205/205 206/206 208/208 207/207
f 207/207 208/208 210/210 209/209
f 209/209 210/210 212/212 211/211
f 211/211 212/212 214/214 213/213
f 213/213 214/214 216/216 215/215
f 215/215 216/216 218/218 217/217
f 217/217 218/218 220/220 219/219
f 219/219 220/220 222/222 221/221
f 221/221 222/222 224/224 223/223
f 225/225 226/226 228/228 227/227
f 227/227 228/228 230/230 229/229
f 229/229 230/230 232/232 231/231
f 231/231 232/232 234/234 233/233
f 233/233 234/234 236/236 235/235
f 235/235 236/236 238/238 237/237
f 237/237 238/238 240/240 239/239
f 239/239 240/240 242/242 241/241
f 241/241 242/242 244/244 243/243
f 243/243 244/244 246/246 245/245
f 245/245 246/246 248/248 247/247
f 247/247 248/248 250/250 249/249
f 249/249 250/250 252/252 251/251
f 251/251 252/252 254/254 253/253
f 253/253 254/254 256/256 255/255
f 257/257 258/258 260/260 259/259
f 259/259 260/260 262/262 261/261
f 261/261 262/262 264/264 263/263
f 263/263 264/264 266/266 265/265
f 265/265 266/266 268/268 267/267
f 267/267 268/268 270/270 269/269
f 269/269 270/270 272/272 271/271
f 271/271 272/272 274/274 273/273
f 273/273 274/274 276/276 275/275
f 275/275 276/276 278/278 277/277
f 277/277 278/278 280/280 279/279
f 279/279 280/280 282/282 281/281
f 281/281 282/282 284/284 283/283
f 283/283 284/284 286/286 285/285
f 285/285 286/286 288/288 287/287
f 289/289 290/290 292/292 291/291
f 291/291 292/292 294/294 293/293
f 293/293 294/294 296/296 295/295
f 295/295 296/296 298/298 297/297
f 297/297 298/298 300/300 299/299
f 299/299 300/300 302/302 301/301
f 301/301 302/302 304/304 303/303
f 303/303 304/304 306/306 305/305
f 305/305 306/306 308/308 307/307
f 307/307 308/308 310/310 309/309
f 309/309 310/310 312/312 311/311
f 311/311 312/312 314/314 313/313
f 313/313 314/314 316/316 315/315
f 315/315 316/316 318/318 317/317
f 317/317 318/318 320/320 319/319
f 321/321 322/322 324/324 323/323
f 323/323 324/324 326/326 325/325
f 325/325 326/326 328/328 327/327
f 327/327 328/328 330/330 329/329
f 329/329 330/330 332/332 331/331
f 331/331 332/332 334/334 333/333
f 333/333 334/334 336/336 335/335
f 335/335 336/336 338/338 337/337
f 337/337 338/338 340/340 339/339
f 339/339 340/340 342/342 341/341
f 341/341 342/342 344/344 343/343
f 343/343 344/344 346/346 345/345
f 345/345 346/346 348/348 347/347
f 347/347 348/348 350/350 349/349
f 349/349 350/350 352/352 351/351
f 353/353 354/354 356/356 355/355
f 355/355 356/356 358/358 357/357
f 357/357 358/358 360/360 359/359
f 359/359 360/360 362/362 361/361
f 361/361 362/362 364/364 363/363
f 363/363 364/364 366/366 365/365
f 365/365 366/366 368/368 367/367
f 367/367 368/368 370/370 369/369
f 369/369 370/370 372/372 371/371
f 371/371 372/372 374/374 373/373
f 373/373 374/374 376/376 375/375
f 375/375 376/376 378/378 377/377
f 377/377 378/378 380/380 379/379
f 379/379 380/380 382/382 381/381
f 381/381 382/382 384/384 383/383
f 385/385 386/386 388/388 387/387
f 387/387 388/388 390/390 389/389
f 389/389 390/390 392/392 391/391
f 391/391 392/392 394/394 393/393
f 393/393 394/394 396/396 395/395
f 395/395 396/396 398/398 397/397
f 397/397 398/398 400/400 399/399
f 399/399 400/400 402/402 401/401
f 401/401 402/402 404/404 403/403
f 403/403 404/404 406/406 405/405
f 405/405 406/406 408/408 407/407
f 407/407 408/408 410/410 409/409
f 409/409 410/410 412/412 411/411
f 411/411 412/412 414/414 413/413
f 413/413 414/414 416/416 415/415
f 417/417 418/418 420/420 419/419
f 419/419 420/420 422/422 421/421
f 421/421 422/422 424/424 423/423
f 423/423 424/424 426/426 425/425
f 425/425 426/426 428/428 427/427
f 427/427 428/428 430/430 429/429
f 429/429 430/430 432/432 431/431
f 431/431 432/432 434/434 433/433
f 433/433 434/434 436/436 435/435
f 435/435 436/436 438/438 437/437
f 437/437 438/438 440/440 439/439
f 439/439 440/440 442/442 441/441
f 441/441 442/442 444/444 443/443
f 443/443 444/444 446/446 445/445
f 445/445 446/446 448/448 447/447
f 449/449 450/450 452/452 451/451
f 451/451 452/452 454/454 453/453
f 453/453 454/454 456/456 455/455
f 455/455 456/456 458/458 457/457
f 457/457 458/458 460/460 459/459
f 459/459 460/460 462/462 461/461
f 461/461 462/462 464/464 463/463
f 463/463 464/464 466/466 465/465
f 465/465 466/466 468/468 467/467
f 467/467 468/468 470/470 469/469
f 469/469 470/470 472/472 471/471
f 471/471 472/472 474/474 473/473
f 473/473 474/474 476/476 475/475
f 475/475 476/476 478/478 477/477
f 477/477 478/478 480/480 479/479
f 481/481 482/482 484/484 483/483
f 483/483 484/484 486/486 485/485
f 485/485 486/486 488/488 487/487
f 487/487 488/488 490/490 489/489
f 489/489 490/490 492/492 491/491
f 491/491 492/492 494/494 493/493
f 493/493 494/494 496/496 495/495
f 495/495 496/496 498/498 497/497
f 497/497 498/498 500/500 499/499
f 499/499 500/500 502/502 501/501
f 501/501 502/502 504/504 503/503
f 503/503 504/504 506/506 505/505
f 505/505 506/506 508/508 507/507
f 507/507 508/508 510/510 509/509
f 509/509 510/510 512/512 511/511
f 513/513 514/514 516/516 515/515
f 515/515 516/516 518/518 517/517
f 517/517 518/518 520/520 519/519
f 519/519 520/520 522/522 521/521
f 521/521 522/522 524/524 523/523
f 523/523 524/524 526/526 525/525
f 525/525 526/526 528/528 527/527
f 527/527 528/528 530/530 529/529
f 529/529 530/530 532/532 531/531
f 531/531 532/532 534/534 533/533
f 533/533 534/534 536/536 535/535
f 535/535 536/536 538/538 537/537
f 537/537 538/538 540/540 539/539
f 539/539 540/540 542/542 541/541
f 541/541 542/542 544/544 543/543
f 545/545 546/546 548/548 547/547
f 547/547 548/548 550/550 549/549
f 549/549 550/550 552/552 551/551
f 551/551 552/552 554/554 553/553
f 553/553 554/554 556/556 555/555
f 555/555 556/556 558/558 557/557
f 557/557 558/558 560/560 559/559
f 559/559 560/560 562/562 561/561
f 561/561 562/562 564/564 563/563
f 563/563 564/564 566/566 565/565
f 565/565 566/566 568/568 567/567
f 567/567 568/568 570/570 569/569
f 569/569 570/570 572/572 571/571
f 571/571 572/572 574/574 573/573
f 573/573 574/574 576/576 575/575
f 577/577 578/578 580/580 579/579
f 579/579 580/580 582/582 581/581
f 581/581 582/582 584/584 583/583
f 583/583 584/584 586/586 585/585
f 585/585 586/586 588/588 587/587
f 587/587 588/588 590/590 589/589
f 589/589 590/590 592/592 591/591
f 591/591 592/592 594/594 593/593
f 593/593 594/594 596/596 595/595
f 595/595 596/596 598/598 597/597
f 597/597 598/598 600/600 599/599
f 599/599 600/600 602/602 601/601
f 601/601 602/602 604/604 603/603
f 603/603 604/604 606/606 605/605
f 605/605 606/606 608/608 607/607
f 609/609 610/610 612/612 611/611
f 611/611 612/612 614/614 613/613
f 613/613 614/614 616/616 615/615
f 615/615 616/616 618/618 617/617
f 617/617 618/618 620/620 619/619
f 619/619 620/620 622/622 621/621
f 621/621 622/622 624/624 623/623
f 623/623 624/624 626/626 625/625
f 625/625 626/626 628/628 627/627
f 627/627 628/628 630/630 629/629
f 629/629 630/630 632/632 631/631
f 631/631 632/632 634/634 633/633
f 633/633 634/634 636/636 635/635
f 635/635 636/636 638/638 637/637
f 637/637 638/638 640/640 639/639
f 641/641 642/642 644/644 643/643
f 643/643 644/644 646/646 645/645
f 645/645 646/646 648/648 647/647
f 647/647 648/648 650/650 649/649
f 649/649 650/650 652/652 651/651
f 651/651 652/652 654/654 653/653
f 653/653 654/654 656/656 655/655
f 655/655 656/656 658/658 657/657
f 657/657 658/658 660/660 659/659
f 659/659 660/660 662/662 661/661
f 661/661 662/662 664/664 663/663
f 663/663 664/664 666/666 665/665
f 665/665 666/666 668/668 667/667
f 667/667 668/668 670/670 669/669
f 669/669 670/670 672/672 671/671
f 673/673 674/674 676/676 675/675
f 675/675 676/676 678/678 677/677
f 677/677 678/678 680/680 679/679
f 679/679 680/680 682/682 681/681
f 681/681 682/682 684/684 683/683
f 683/683 684/684 686/686 685/685
f 685/685 686/686 688/688 687/687
f 687/687 688/688 690/690 689/689
f 689/689 690/690 692/692 691/691
f 691/691 692/692 694/694 693/693
f 693/693 694/694 696/696 695/695
f 695/695 696/696 698/698 697/697
f 697/697 698/698 700/700 699/699
f 699/699 700/700 702/702 701/701
f 701/701 702/702 704/704 703/703
f 705/705 706/706 708/708 707/707
f 707/707 708/708 710/710 709/709
f 709/709 710/710 712/712 711/711
f 711/711 712/712 714/714 713/713
f 713/713 714/714 716/716 715/715
f 715/715 716/716 718/718 717/717
f 717/717 718/718 720/720 719/719
f 719/719 720/720 722/722 721/721
f 721/721 722/722 724/724 723/723
f 723/723 724/724 726/726 725/725
f 725/725 726/726 728/728 727/727
f 727/727 728/728 730/730 729/729
f 729/729 730/730 732/732 731/731
f 731/731 732/732 734/734 733/733
f 733/733 734/734 736/736 735/735
f 737/737 738/738 740/740 739/739
f 739/739 740/740 742/742 741/741
f 741/741 742/742 744/744 743/743
f 743/743 744/744 746/746 745/745
f 745/745 746/746 748/748 747/747
f 747/747 748/748 750/750 749/749
f 749/749 750/750 752/752 751/751
f 751/751 752/752 754/754 753/753
f 753/753 754/754 756/756 755/755
f 755/755 756/756 758/758 757/757
f 757/757 758/758 760/760 759/759
f 759/759 760/760 762/762 761/761
f 761/761 762/762 764/764 763/763
f 763/763 764/764 766/766 765/765
f 765/765 766/766 768/768 767/767
f 769/769 770/770 772/772 771/771
f 771/771 772/772 774/774 773/773
f 773/773 774/774 776/776 775/775
f 775/775 776/776 778/778 777/777
f 777/777 778/778 780/780 779/779
f 779/779 780/780 782/782 781/781
f 781/781 782/782 784/784 783/783
f 783/783 784/784 786/786 785/785
f 785/785 786/786 788/788 787/787
f 787/787 788/788 790/790 789/789
f 789/789 790/790 792/792 791/791
f 791/791 792/792 794/794 793/793
f 793/793 794/794 796/796 795/795
f 795/795 796/796 798/798 797/797
f 797/797 798/798 800/800 799/799
f 801/801 802/802 804/804 803/803
f 803/803 804/804 806/806 805/805
f 805/805 806/806 808/808 807/807
f 807/807 808/808 810/810 809/809
f 809/809 810/810 812/812 811/811
f 811/811 812/812 814/814 813/813
f 813/813 814/814 816/816 815/815
f 815/815 816/816 818/818 817/817
f 817/817 818/818 820/820 819/819
f 819/819 820/820 822/822 821/821
f 821/821 822/822 824/824 823/823
f 823/823 824/824 826/826 825/825
f 825/825 826/826 828/828 827/827
f 827/827 828/828 830/830 829/829
f 829/829 830/830 832/832 831/831
f 833/833 834/834 836/836 835/835
f 835/835 836/836 838/838 837/837
f 837/837 838/838 840/840 839/839
f 839/839 840/840 842/842 841/841
f 841/841 842/842 844/844 843/843
f 843/843 844/844 846/846 845/845
f 845/845 846/846 848/848 847/847
f 847/847 848/848 850/850 849/849
f 849/849 850/850 852/852 851/851
f 851/851 852/852 854/854 853/853
f 853/853 854/854 856/856 855/855
f 855/855 856/856 858/858 857/857
f 857/857 858/858 860/860 859/859
f 859/859 860/860 862/862 861/861
f 861/861 862/862 864/864 863/863
f 865/865 866/866 868/868 867/867
f 867/867 868/868 870/870 869/869
f 869/869 870/870 872/872 871/871
f 871/871 872/872 874/874 873/873
f 873/873 874/874 876/876 875/875
f 875/875 876/876 878/878 877/877
f 877/877 878/878 880/880 879/879
f 879/879 880/880 882/882 881/881
f 881/881 882/882 884/884 883/883
f 883/883 884/884 886/886 885/885
f 885/885 886/886 888/888 887/887
f 887/887 888/888 890/890 889/889
f 889/889 890/890 892/892 891/891
f 891/891 892/892 894/894 893/893
f 893/893 894/894 896/896 895/895
f 897/897 898/898 900/900 899/899
f 899/899 900/900 902/902 901/901
f 901/901 902/902 904/904 903/903
f 903/903 904/904 906/906 905/905
f 905/905 906/906 908/908 907/907
f 907/907 908/908 910/910 909/909
f 909/909 910/910 912/912 911/911
f 911/911 912/912 914/914 913/913
f 913/913 914/914 916/916 915/915
f 915/915 916/916 918/918 917/917
f 917/917 918/918 920/920 919/919
f 919/919 920/920 922/922 921/921
f 921/921 922/922 924/924 923/923
f 923/923 924/924 926/926 925/925
f 925/925 926/926 928/928 927/927
f 929/929 930/930 932/932 931/931
f 931/931 932/932 934/934 933/933
f 933/933 934/934 936/936 935/935
f 935/935 936/936 938/938 937/937
f 937/937 938/938 940/940 939/939
f 939/939 940/940 942/942 941/941
f 941/941 942/942 944/944 943/943
f 943/943 944/944 946/946 945/945
f 945/945 946/946 948/948 947/947
f 947/947 948/948 950/950 949/949
f 949/949 950/950 952/952 951/951
f 951/951 952/952 954/954 953/953
f 953/953 954/954 956/956 955/955
f 955/955 956/956 958/958 957/957
f 957/957 958/958 960/960 959/959
f 961/961 962/962 964/964 963/963
f 963/963 964/964 966/966 965/965
f 965/965 966/966 968/968 967/967
f 967/967 968/968 970/970 969/969
f 969/969 970/970 972/972 971/971
f 971/971 972/972 974/974 973/973
f 973/973 974/974 976/976 975/975
f 975/975 976/976 978/978 977/977
f 977/977 978/978 980/980 979/979
f 979/979 980/980 982/982 981/981
f 981/981 982/982 984/984 983/983
f 983/983 984/984 986/986 985/985
f 985/985 986/986 988/988 987/987
f 987/987 988/988 990/990 989/989
f 989/989 990/990 992/992 991/991
f 993/993 994/994 996/996 995/995
f 995/995 996/996 998/998 997/997
f 997/997 998/998 1000/1000 999/999
f 999/999 1000/1000 1002/1002 1001/1001
f 1001/1001 1002/1002 1004/1004 1003/1003
f 1003/1003 1004/1004 1006/1006 1005/1005
f 1005/1005 1006/1006 1008/1008 1007/1007
f 1007/1007 1008/1008 1010/1010 1009/1009
f 1009/1009 1010/1010 1012/1012 1011/1011
f 1011/1011 1012/1012 1014/1014 1013/1013
f 1013/1013 1014/1014 1016/1016 1015/1015
f 1015/1015 1016/1016 1018/1018 1017/1017
f 1017/1017 1018/1018 1020/1020 1019/1019
f 1019/1019 1020/1020 1022/1022 1021/1021
f 1021/1021 1022/1022 1024/1024 1023/1023
f 1025/1025 1026/1026 1028/1028 1027/1027
f 1027/1027 1028/1028 1030/1030 1029/1029
f 1029/1029 1030/1030 1032/1032 1031/1031
f 1031/1031 1032/1032 1034/1034 1033/1033
f 1033/1033 1034/1034 1036/1036 1035/1035
f 1035/1035 1036/1036 1038/1038 1037/1037
f 1037/1037 1038/1038 1040/1040 1039/1039
f 1039/1039 1040/1040 1042/1042 1041/1041
f 1041/1041 1042/1042 1044/1044 1043/1043
f 1043/1043 1044/1044 1046/1046 1045/1045
f 1045/1045 1046/1046 1048/1048 1047/1047
f 1047/1047 1048/1048 1050/1050 1049/1049
f 1049/1049 1050/1050 1052/1052 1051/1051
f 1051/1051 1052/1052 1054/1054 1053/1053
f 1053/1053 1054/1054 1056/1056 1055/1055
f 1057/1057 1058/1058 1060/1060 1059/1059
f 1059/1059 1060/1060 1062/1062 1061/1061
f 1061/1061 1062/1062 1064/1064 1063/1063
f 1063/1063 1064/1064 1066/1066 1065/1065
f 1065/1065 1066/1066 1068/1068 1067/1067
f 1067/1067 1068/1068 1070/1070 1069/1069
f 1069/1069 1070/1070 1072/1072 1071/1071
f 1071/1071 1072/1072 1074/1074 1073/1073
f 1073/1073 1074/1074 1076/1076 1075/1075
f 1075/1075 1076/1076 1078/1078 1077/1077
f 1077/1077 1078/1078 1080/1080 1079/1079
f 1079/1079 1080/1080 1082/1082 1081/1081
f 1081/1081 1082/1082 1084/1084 1083/1083
f 1083/1083 1084/1084 1086/1086 1085/1085
f 1085/1085 1086/1086 1088/1088 1087/1087
f 1089/1089 1090/1090 1092/1092 1091/1091
f 1091/1091 1092/1092 1094/1094 1093/1093
f 1093/1093 1094/1094 1096/1096 1095/1095
f 1095/1095 1096/1096 1098/1098 1097/1097
f 1097/1097 1098/1098 1100/1100 1099/1099
f 1099/1099 1100/1100 1102/1102 1101/1101
f 1101/1101 1102/1102 1104/1104 1103/1103
f 1103/1103 1104/1104 1106/1106 1105/1105
f 1105/1105 1106/1106 1108/1108 1107/1107
f 1107/1107 1108/1108 1110/1110 1109/1109
f 1109/1109 1110/1110 1112/1112 1111/1111
f 1111/1111 1112/1112 1114/1114 1113/1113
f 1113/1113 1114/1114 1116/1116 1115/1115
f 1115/1115 1116/1116 1118/1118 1117/1117
f 1117/1117 1118/1118 1120/1120 1119/1119
f 1121/1121 1122/1122 1124/1124 1123/1123
f 1123/1123 1124/1124 1126/1126 1125/1125
f 1125/1125 1126/1126 1128/1128 1127/1127
f 1127/1127 1128/1128 1130/1130 1129/1129
f 1129/1129 1130/1130 1132/1132 1131/1131
f 1131/1131 1132/1132 1134/1134 1133/1133
f 1133/1133 1134/1134 1136/1136 1135/1135
f 1135/1135 1136/1136 1138/1138 1137/1137
f 1137/1137 1138/1138 1140/1140 1139/1139
f 1139/1139 1140/1140 1142/1142 1141/1141
f 1141/1141 1142/1142 1144/1144 1143/1143
f 1143/1143 1144/1144 1146/1146 1145/1145
f 1145/1145 1146/1146 1148/1148 1147/1147
f 1147/1147 1148/1148 1150/1150 1149/1149
f 1149/1149 1150/1150 1152/1152 1151/1151
f 1153/1153 1154/1154 1156/1156 1155/1155
f 1155/1155 1156/1156 1158/1158 1157/1157
f 1157/1157 1158/1158 1160/1160 1159/1159
f 1159/1159 1160/1160 1162/1162 1161/1161
f 1161/1161 1162/1162 1164/1164 1163/1163
f 1163/1163 1164/1164 1166/1166 1165/1165
f 1165/1165 1166/1166 1168/1168 1167/1167
f 1167/1167 1168/1168 1170/1170 1169/1169
f 1169/1169 1170/1170 1172/1172 1171/1171
f 1171/1171 1172/1172 1174/1174 1173/1173
f 1173/1173 1174/1174 1176/1176 1175/1175
f 1175/1175 1176/1176 1178/1178 1177/1177
f 1177/1177 1178/1178 1180/1180 1179/1179
f 1179/1179 1180/1180 1182/1182 1181/1181
f 1181/1181 1182/1182 1184/1184 1183/1183
f 1185/1185 1186/1186 1188/1188 1187/1187
f 1187/1187 1188/1188 1190/1190 1189/1189
f 1189/1189 1190/1190 1192/1192 1191/1191
f 1191/1191 1192/1192 1194/1194 1193/1193
f 1193/1193 1194/1194 1196/1196 1195/1195
f 1195/1195 1196/1196 1198/1198 1197/1197
f 1197/1197 1198/1198 1200/1200 1199/1199
f 1199/1199 1200/1200 1202/1202 1201/1201
f 1201/1201 1202/1202 1204/1204 1203/1203
f 1203/1203 1204/1204 1206/1206 1205/1205
f 1205/1205 1206/1206 1208/1208 1207/1207
f 1207/1207 1208/1208 1210/1210 1209/1209
f 1209/1209 1210/1210 1212/1212 1211/1211
f 1211/1211 1212/1212 1214/1214 1213/1213
f 1213/1213 1214/1214 1216/1216 1215/1215
f 1217/1217 1218/1218 1220/1220 1219/1219
f 1219/1219 1220/1220 1222/1222 1221/1221
f 1221/1221 1222/1222 1224/1224 1223/1223
f 1223/1223 1224/1224 1226/1226 1225/1225
f 1225/1225 1226/1226 1228/1228 1227/1227
f 1227/1227 1228/1228 1230/1230 1229/1229
f 1229/1229 1230/1230 1232/1232 1231/1231
f 1231/1231 1232/1232 1234/1234 1233/1233
f 1233/1233 1234/1234 1236/1236 1235/1235
f 1235/1235 1236/1236 1238/1238 1237/1237
f 1237/1237 1238/1238 1240/1240 1239/1239
f 1239/1239 1240/1240 1242/1242 1241/1241
f 1241/1241 1242/1242 1244/1244 1243/1243
f 1243/1243 1244/1244 1246/1246 1245/1245
f 1245/1245 1246/1246 1248/1248 1247/1247
f 1249/1249 1250/1250 1252/1252 1251/1251
f 1251/1251 1252/1252 1254/1254 1253/1253
f 1253/1253 1254/1254 1256/1256 1255/1255
f 1255/1255 1256/1256 1258/1258 1257/1257
f 1257/1257 1258/1258 1260/1260 1259/1259
f 1259/1259 1260/1260 1262/1262 1261/1261
f 1261/1261 1262/1262 1264/1264 1263/1263
f 1263/1263 1264/1264 1266/1266 1265/1265
f 1265/1265 1266/1266 1268/1268 1267/1267
f 1267/1267 1268/1268 1270/1270 1269/1269
f 1269/1269 1270/1270 1272/1272 1271/1271
f 1271/1271 1272/1272 1274/1274 1273/1273
f 1273/1273 1274/1274 1276/1276 1275/1275
f 1275/1275 1276/1276 1278/1278 1277/1277
f 1277/1277 1278/1278 1280/1280 1279/1279
f 1281/1281 1282/1282 1284/1284 1283/1283
f 1283/1283 1284/1284 1286/1286 1285/1285
f 1285/1285 1286/1286 1288/1288 1287/1287
f 1287/1287 1288/1288 1290/1290 1289/1289
f 1289/1289 1290/1290 1292/1292 1291/1291
f 1291/1291 1292/1292 1294/1294 1293/1293
f 1293/1293 1294/1294 1296/1296 1295/1295
f 1295/1295 1296/1296 1298/1298 1297/1297
f 1297/1297 1298/1298 1300/1300 1299/1299
f 1299/1299 1300/1300 1302/1302 1301/1301
f 1301/1301 1302/1302 1304/1304 1303/1303
f 1303/1303 1304/1304 1306/1306 1305/1305
f 1305/1305 1306/1306 1308/1308 1307/1307
f 1307/1307 1308/1308 1310/1310 1309/1309
f 1309/1309 1310/1310 1312/1312 1311/1311
f 1313/1313 1314/1314 1316/1316 1315/1315
f 1315/1315 1316/1316 1318/1318 1317/1317
f 1317/1317 1318/1318 1320/1320 1319/1319
f 1319/1319 1320/1320 1322/1322 1321/1321
f 1321/1321 1322/1322 1324/1324 1323/1323
f 1323/1323 1324/1324 1326/1326 1325/1325
f 1325/1325 1326/1326 1328/1328 1327/1327
f 1327/1327 1328/1328 1330/1330 1329/1329
f 1329/1329 1330/1330 1332/1332 1331/1331
f 1331/1331 1332/1332 1334/1334 1333/1333
f 1333/1333 1334/1334 1336/1336 1335/1335
f 1335/1335 1336/1336 1338/1338 1337/1337
f 1337/1337 1338/1338 1340/1340 1339/1339
f 1339/1339 1340/1340 1342/1342 1341/1341
f 1341/1341 1342/1342 1344/1344 1343/1343
f 1345/1345 1346/1346 1348/1348 1347/1347
f 1347/1347 1348/1348 1350/1350 1349/1349
f 1349/1349 1350/1350 1352/1352 1351/1351
f 1351/1351 1352/1352 1354/1354 1353/1353
f 1353/1353 1354/1354 1356/1356 1355/1355
f 1355/1355 1356/1356 1358/1358 1357/1357
f 1357/1357 1358/1358 1360/1360 1359/1359
f 1359/1359 1360/1360 1362/1362 1361/1361
f 1361/1361 1362/1362 1364/1364 1363/1363
f 1363/1363 1364/1364 1366/1366 1365/1365
f 1365/1365 1366/1366 1368/1368 1367/1367
f 1367/1367 1368/1368 1370/1370 1369/1369
f 1369/1369 1370/1370 1372/1372 1371/1371
f 1371/1371 1372/1372 1374/1374 1373/1373
f 1373/1373 1374/1374 1376/1376 1375/1375
f 1377/1377 1378/1378 1380/1380 1379/1379
f 1379/1379 1380/1380 1382/1382 1381/1381
f 1381/1381 1382/1382 1384/1384 1383/1383
f 1383/1383 1384/1384 1386/1386 1385/1385
f 1385/1385 1386/1386 1388/1388 1387/1387
f 1387/1387 1388/1388 1390/1390 1389/1389
f 1389/1389 1390/1390 1392/1392 1391/1391
f 1391/1391 1392/1392 1394/1394 1393/1393
f 1393/1393 1394/1394 1396/1396 1395/1395
f 1395/1395 1396/1396 1398/1398 1397/1397
f 1397/1397 1398/1398 1400/1400 1399/1399
f 1399/1399 1400/1400 1402/1402 1401/1401
f 1401/1401 1402/1402 1404/1404 1403/1403
f 1403/1403 1404/1404 1406/1406 1405/1405
f 1405/1405 1406/1406 1408/1408 1407/1407
f 1409/1409 1410/1410 1412/1412 1411/1411
f 1411/1411 1412/1412 1414/1414 1413/1413
f 1413/1413 1414/1414 1416/1416 1415/1415
f 1415/1415 1416/1416 1418/1418 1417/1417
f 1417/1417 1418/1418 1420/1420 1419/1419
f 1419/1419 1420/1420 1422/1422 1421/1421
f 1421/1421 1422/1422 1424/1424 1423/1423
f 1423/1423 1424/1424 1426/1426 1425/1425
f 1425/1425 1426/1426 1428/1428 1427/1427
f 1427/1427 1428/1428 1430/1430 1429/1429
f 1429/1429 1430/1430 1432/1432 1431/1431
f 1431/1431 1432/1432 1434/1434 1433/1433
f 1433/1433 1434/1434 1436/1436 1435/1435
f 1435/1435 1436/1436 1438/1438 1437/1437
f 1437/1437 1438/1438 1440/1440 1439/1439
f 1441/1441 1442/1442 1444/1444 1443/1443
f 1443/1443 1444/1444 1446/1446 1445/1445
f 1445/1445 1446/1446 1448/1448 1447/1447
f 1447/1447 1448/1448 1450/1450 1449/1449
f 1449/1449 1450/1450 1452/1452 1451/1451
f 1451/1451 1452/1452 1454/1454 1453/1453
f 1453/1453 1454/1454 1456/1456 1455/1455
f 1455/1455 1456/1456 1458/1458 1457/1457
f 1457/1457 1458/1458 1460/1460 1459/1459
f 1459/1459 1460/1460 1462/1462 1461/1461
f 1461/1461 1462/1462 1464/1464 1463/1463
f 1463/1463 1464/1464 1466/1466 1465/1465
f 1465/1465 1466/1466 1468/1468 1467/1467
f 1467/1467 1468/1468 1470/1470 1469/1469
f 1469/1469 1470/1470 1472/1472 1471/1471
f 1473/1473 1474/1474 1476/1476 1475/1475
f 1475/1475 1476/1476 1478/1478 1477/1477
f 1477/1477 1478/1478 1480/1480 1479/1479
f 1479/1479 1480/1480 1482/1482 1481/1481
f 1481/1481 1482/1482 1484/1484 1483/1483
f 1483/1483 1484/1484 1486/1486 1485/1485
f 1485/1485 1486/1486 1488/1488 1487/1487
f 1487/1487 1488/1488 1490/1490 1489/1489
f 1489/1489 1490/1490 1492/1492 1491/1491
f 1491/1491 1492/1492 1494/1494 1493/1493
f 1493/1493 1494/1494 1496/1496 1495/1495
f 1495/1495 1496/1496 1498/1498 1497/1497
f 1497/1497 1498/1498 1500/1500 1499/1499
f 1499/1499 1500/1500 1502/1502 1501/1501
f 1501/1501 1502/1502 1504/1504 1503/1503
f 1505/1505 1506/1506 1508/1508 1507/1507
f 1507/1507 1508/1508 1510/1510 1509/1509
f 1509/1509 1510/1510 1512/1512 1511/1511
f 1511/1511 1512/1512 1514/1514 1513/1513
f 1513/1513 1514/1514 1516/1516 1515/1515
f 1515/1515 1516/1516 1518/1518 1517/1517
f 1517/1517 1518/1518 1520/1520 1519/1519
f 1519/1519 1520/1520 1522/1522 1521/1521
f 1521/1521 1522/1522 1524/1524 1523/1523
f 1523/1523 1524/1524 1526/1526 1525/1525
f 1525/1525 1526/1526 1528/1528 1527/1527
f 1527/1527 1528/1528 1530/1530 1529/1529
f 1529/1529 1530/1530 1532/1532 1531/1531
f 1531/1531 1532/1532 1534/1534 1533/1533
f 1533/1533 1534/1534 1536/1536 1535/1535
f 1537/1537 1538/1538 1540/1540 1539/1539
f 1539/1539 1540/1540 1542/1542 1541/1541
f 1541/1541 1542/1542 1544/1544 1543/1543
f 1543/1543 1544/1544 1546/1546 1545/1545
f 1545/1545 1546/1546 1548/1548 1547/1547
f 1547/1547 1548/1548 1550/1550 1549/1549
f 1549/1549 1550/1550 1552/1552 1551/1551
f 1551/1551 1552/1552 1554/1554 1553/1553
f 1553/1553 1554/1554 1556/1556 1555/1555
f 1555/1555 1556/1556 1558/1558 1557/1557
f 1557/1557 1558/1558 1560/1560 1559/1559
f 1559/1559 1560/1560 1562/1562 1561/1561
f 1561/1561 1562/1562 1564/1564 1563/1563
f 1563/1563 1564/1564 1566/1566 1565/1565
f 1565/1565 1566/1566 1568/1568 1567/1567
f 1569/1569 1570/1570 1572/1572 1571/1571
f 1571/1571 1572/1572 1574/1574 1573/1573
f 1573/1573 1574/1574 1576/1576 1575/1575
f 1575/1575 1576/1576 1578/1578 1577/1577
f 1577/1577 1578/1578 1580/1580 1579/1579
f 1579/1579 1580/1580 1582/1582 1581/1581
f 1581/1581 1582/1582 1584/1584 1583/1583
f 1583/1583 1584/1584 1586/1586 1585/1585
f 1585/1585 1586/1586 1588/1588 1587/1587
f 1587/1587 1588/1588 1590/1590 1589/1589
f 1589/1589 1590/1590 1592/1592 1591/1591
f 1591/1591 1592/1592 1594/1594 1593/1593
f 1593/1593 1594/1594 1596/1596 1595/1595
f 1595/1595 1596/1596 1598/1598 1597/1597
f 1597/1597 1598/1598 1600/1600 1599/1599
f 1601/1601 1602/1602 1604/1604 1603/1603
f 1603/1603 1604/1604 1606/1606 1605/1605
f 1605/1605 1606/1606 1608/1608 1607/1607
f 1607/1607 1608/1608 1610/1610 1609/1609
f 1609/1609 1610/1610 1612/1612 1611/1611
f 1611/1611 1612/1612 1614/1614 1613/1613
f 1613/1613 1614/1614 1616/1616 1615/1615
f 1615/1615 1616/1616 1618/1618 1617/1617
f 1617/1617 1618/1618 1620/1620 1619/1619
f 1619/1619 1620/1620 1622/1622 1621/1621
f 1621/1621 1622/1622 1624/1624 1623/1623
f 1623/1623 1624/1624 1626/1626 1625/1625
f 1625/1625 1626/1626 1628/1628 1627/1627
f 1627/1627 1628/1628 1630/1630 1629/1629
f 1629/1629 1630/1630 1632/1632 1631/1631
f 1633/1633 1634/1634 1636/1636 1635/1635
f 1635/1635 1636/1636 1638/1638 1637/1637
f 1637/1637 1638/1638 1640/1640 1639/1639
f 1639/1639 1640/1640 1642/1642 1641/1641
f 1641/1641 1642/1642 1644/1644 1643/1643
f 1643/1643 1644/1644 1646/1646 1645/1645
f 1645/1645 1646/1646 1648/1648 1647/1647
f 1647/1647 1648/1648 1650/1650 1649/1649
f 1649/1649 1650/1650 1652/1652 1651/1651
f 1651/1651 1652/1652 1654/1654 1653/1653
f 1653/1653 1654/1654 1656/1656 1655/1655
f 1655/1655 1656/1656 1658/1658 1657/1657
f 1657/1657 1658/1658 1660/1660 1659/1659
f 1659/1659 1660/1660 1662/1662 1661/1661
f 1661/1661 1662/1662 1664/1664 1663/1663
f 1665/1665 1666/1666 1668/1668 1667/1667
f 1667/1667 1668/1668 1670/1670 1669/1669
f 1669/1669 1670/1670 1672/1672 1671/1671
f 1671/1671 1672/1672 1674/1674 1673/1673
f 1673/1673 1674/1674 1676/1676 1675/1675
f 1675/1675 1676/1676 1678/1678 1677/1677
f 1677/1677 1678/1678 1680/1680 1679/1679
f 1679/1679 1680/1680 1682/1682 1681/1681
f 1681/1681 1682/1682 1684/1684 1683/1683
f 1683/1683 1684/1684 1686/1686 1685/1685
f 1685/1685 1686/1686 1688/1688 1687/1687
f 1687/1687 1688/1688 1690/1690 1689/1689
f 1689/1689 1690/1690 1692/1692 1691/1691
f 1691/1691 1692/1692 1694/1694 1693/1693
f 1693/1693 1694/1694 1696/1696 1695/1695
f 1697/1697 1698/1698 1700/1700 1699/1699
f 1699/1699 1700/1700 1702/1702 1701/1701
f 1701/1701 1702/1702 1704/1704 1703/1703
f 1703/1703 1704/1704 1706/1706 1705/1705
f 1705/1705 1706/1706 1708/1708 1707/1707
f 1707/1707 1708/1708 1710/1710 1709/1709
f 1709/1709 1710/1710 1712/1712 1711/1711
f 1711/1711 1712/1712 1714/1714 1713/1713
f 1713/1713 1714/1714 1716/1716 1715/1715
f 1715/1715 1716/1716 1718/1718 1717/1717
f 1717/1717 1718/1718 1720/1720 1719/1719
f 1719/1719 1720/1720 1722/1722 1721/1721
f 1721/1721 1722/1722 1724/1724 1723/1723
f 1723/1723 1724/1724 1726/1726 1725/1725
f 1725/1725 1726/1726 1728/1728 1727/1727
f 1729/1729 1730/1730 1732/1732 1731/1731
f 1731/1731 1732/1732 1734/1734 1733/1733
f 1733/1733 1734/1734 1736/1736 1735/1735
f 1735/1735 1736/1736 1738/1738 1737/1737
f 1737/1737 1738/1738 1740/1740 1739/1739
f 1739/1739 1740/1740 1742/1742 1741/1741
f 1741/1741 1742/1742 1744/1744 1743/1743
f 1743/1743 1744/1744 1746/1746 1745/1745
f 1745/1745 1746/1746 1748/1748 1747/1747
f 1747/1747 1748/1748 1750/1750 1749/1749
f 1749/1749 1750/1750 1752/1752 1751/1751
f 1751/1751 1752/1752 1754/1754 1753/1753
f 1753/1753 1754/1754 1756/1756 1755/1755
f 1755/1755 1756/1756 1758/1758 1757/1757
f 1757/1757 1758/1758 1760/1760 1759/1759
f 1761/1761 1762/1762 1764/1764 1763/1763
f 1763/1763 1764/1764 1766/1766 1765/1765
f 1765/1765 1766/1766 1768/1768 1767/1767
f 1767/1767 1768/1768 1770/1770 1769/1769
f 1769/1769 1770/1770 1772/1772 1771/1771
f 1771/1771 1772/1772 1774/1774 1773/1773
f 1773/1773 1774/1774 1776/1776 1775/1775
f 1775/1775 1776/1776 1778/1778 1777/1777
f 1777/1777 1778/1778 1780/1780 1779/1779
f 1779/1779 1780/1780 1782/1782 1781/1781
f 1781/1781 1782/1782 1784/1784 1783/1783
f 1783/1783 1784/1784 1786/1786 1785/1785
f 1785/1785 1786/1786 1788/1788 1787/1787
f 1787/1787 1788/1788 1790/1790 1789/1789
f 1789/1789 1790/1790 1792/1792 1791/1791
f 1793/1793 1794/1794 1796/1796 1795/1795
f 1795/1795 1796/1796 1798/1798 1797/1797
f 1797/1797 1798/1798 1800/1800 1799/1799
f 1799/1799 1800/1800 1802/1802 1801/1801
f 1801/1801 1802/1802 1804/1804 1803/1803
f 1803/1803 1804/1804 1806/1806 1805/1805
f 1805/1805 1806/1806 1808/1808 1807/1807
f 1807/1807 1808/1808 1810/1810 1809/1809
f 1809/1809 1810/1810 1812/1812 1811/1811
f 1811/1811 1812/1812 1814/1814 1813/1813
f 1813/1813 1814/1814 1816/1816 1815/1815
f 1815/1815 1816/1816 1818/1818 1817/1817
f 1817/1817 1818/1818 1820/1820 1819/1819
f 1819/1819 1820/1820 1822/1822 1821/1821
f 1821/1821 1822/1822 1824/1824 1823/1823
f 1825/1825 1826/1826 1828/1828 1827/1827
f 1827/1827 1828/1828 1830/1830 1829/1829
f 1829/1829 1830/1830 1832/1832 1831/1831
f 1831/1831 1832/1832 1834/1834 1833/1833
f 1833/1833 1834/1834 1836/1836 1835/1835
f 1835/1835 1836/1836 1838/1838 1837/1837
f 1837/1837 1838/1838 1840/1840 1839/1839
f 1839/1839 1840/1840 1842/1842 1841/1841
f 1841/1841 1842/1842 1844/1844 1843/1843
f 1843/1843 1844/1844 1846/1846 1845/1845
f 1845/1845 1846/1846 1848/1848 1847/1847
f 1847/1847 1848/1848 1850/1850 1849/1849
f 1849/1849 1850/1850 1852/1852 1851/1851
f 1851/1851 1852/1852 1854/1854 1853/1853
f 1853/1853 1854/1854 1856/1856 1855/1855
f 1857/1857 1858/1858 1860/1860 1859/1859
f 1859/1859 1860/1860 1862/1862 1861/1861
f 1861/1861 1862/1862 1864/1864 1863/1863
f 1863/1863 1864/1864 1866/1866 1865/1865
f 1865/1865 1866/1866 1868/1868 1867/1867
f 1867/1867 1868/1868 1870/1870 1869/1869
f 1869/1869 1870/1870 1872/1872 1871/1871
f 1871/1871 1872/1872 1874/1874 1873/1873
f 1873/1873 1874/1874 1876/1876 1875/1875
f 1875/1875 1876/1876 1878/1878 1877/1877
f 1877/1877 1878/1878 1880/1880 1879/1879
f 1879/1879 1880/1880 1882/1882 1881/1881
f 1881/1881 1882/1882 1884/1884 1883/1883
f 1883/1883 1884/1884 1886/1886 1885/1885
f 1885/1885 1886/1886 1888/1888 1887/1887
f 1889/1889 1890/1890 1892/1892 1891/1891
f 1891/1891 1892/1892 1894/1894 1893/1893
f 1893/1893 1894/1894 1896/1896 1895/1895
f 1895/1895 1896/1896 1898/1898 1897/1897
f 1897/1897 1898/1898 1900/1900 1899/1899
f 1899/1899 1900/1900 1902/1902 1901/1901
f 1901/1901 1902/1902 1904/1904 1903/1903
f 1903/1903 1904/1904 1906/1906 1905/1905
f 1905/1905 1906/1906 1908/1908 1907/1907
f 1907/1907 1908/1908 1910/1910 1909/1909
f 1909/1909 1910/1910 1912/1912 1911/1911
f 1911/1911 1912/1912 1914/1914 1913/1913
f 1913/1913 1914/1914 1916/1916 1915/1915
f 1915/1915 1916/1916 1918/1918 1917/1917
f 1917/1917 1918/1918 1920/1920 1919/1919
f 1921/1921 1922/1922 1924/1924 1923/1923
f 1923/1923 1924/1924 1926/1926 1925/1925
f 1925/1925 1926/1926 1928/1928 1927/1927
f 1927/1927 1928/1928 1930/1930 1929/1929
f 1929/1929 1930/1930 1932/1932 1931/1931
f 1931/1931 1932/1932 1934/1934 1933/1933
f 1933/1933 1934/1934 1936/1936 1935/1935
f 1935/1935 1936/1936 1938/1938 1937/1937
f 1937/1937 1938/1938 1940/1940 1939/1939
f 1939/1939 1940/1940 1942/1942 1941/1941
f 1941/1941 1942/1942 1944/1944 1943/1943
f 1943/1943 1944/1944 1946/1946 1945/1945
f 1945/1945 1946/1946 1948/1948 1947/1947
f 1947/1947 1948/1948 1950/1950 1949/1949
f 1949/1949 1950/1950 1952/1952 1951/1951
f 1953/1953 1954/1954 1956/1956 1955/1955
f 1955/1955 1956/1956 1958/1958 1957/1957
f 1957/1957 1958/1958 1960/1960 1959/1959
f 1959/1959 1960/1960 1962/1962 1961/1961
f 1961/1961 1962/1962 1964/1964 1963/1963
f 1963/1963 1964/1964 1966/1966 1965/1965
f 1965/1965 1966/1966 1968/1968 1967/1967
f 1967/1967 1968/1968 1970/1970 1969/1969
f 1969/1969 1970/1970 1972/1972 1971/1971
f 1971/1971 1972/1972 1974/1974 1973/1973
f 1973/1973 1974/1974 1976/1976 1975/1975
f 1975/1975 1976/1976 1978/1978 1977/1977
f 1977/1977 1978/1978 1980/1980 1979/1979
f 1979/1979 1980/1980 1982/1982 1981/1981
f 1981/1981 1982/1982 1984/1984 1983/1983
f 1985/1985 1986/1986 1988/1988 1987/1987
f 1987/1987 1988/1988 1990/1990 1989/1989
f 1989/1989 1990/1990 1992/1992 1991/1991
f 1991/1991 1992/1992 1994/1994 1993/1993
f 1993/1993 1994/1994 1996/1996 1995/1995
f 1995/1995 1996/1996 1998/1998 1997/1997
f 1997/1997 1998/1998 2000/2000 1999/1999
f 1999/1999 2000/2000 2002/2002 2001/2001
f 2001/2001 2002/2002 2004/2004 2003/2003
f 2003/2003 2004/2004 2006/2006 2005/2005
f 2005/2005 2006/2006 2008/2008 2007/2007
f 2007/2007 2008/2008 2010/2010 2009/2009
f 2009/2009 2010/2010 2012/2012 2011/2011
f 2011/2011 2012/2012 2014/2014 2013/2013
f 2013/2013 2014/2014 2016/2016 2015/2015
f 2017/2017 2018/2018 2020/2020 2019/2019
f 2019/2019 2020/2020 2022/2022 2021/2021
f 2021/2021 2022/2022 2024/2024 2023/2023
f 2023/2023 2024/2024 2026/2026 2025/2025
f 2025/2025 2026/2026 2028/2028 2027/2027
f 2027/2027 2028/2028 2030/2030 2029/2029
f 2029/2029 2030/2030 2032/2032 2031/2031
f 2031/2031 2032/2032 2034/2034 2033/2033
f 2033/2033 2034/2034 2036/2036 2035/2035
f 2035/2035 2036/2036 2038/2038 2037/2037
f 2037/2037 2038/2038 2040/2040 2039/2039
f 2039/2039 2040/2040 2042/2042 2041/2041
f 2041/2041 2042/2042 2044/2044 2043/2043
f 2043/2043 2044/2044 2046/2046 2045/2045
f 2045/2045 2046/2046 2048/2048 2047/2047
f 2049/2049 2050/2050 2052/2052 2051/2051
f 2051/2051 2052/2052 2054/2054 2053/2053
f 2053/2053 2054/2054 2056/2056 2055/2055
f 2055/2055 2056/2056 2058/2058 2057/2057
f 2057/2057 2058/2058 2060/2060 2059/2059
f 2059/2059 2060/2060 2062/2062 2061/2061
f 2061/2061 2062/2062 2064/2064 2063/2063
f 2063/2063 2064/2064 2066/2066 2065/2065
f 2065/2065 2066/2066 2068/2068 2067/2067
f 2067/2067 2068/2068 2070/2070 2069/2069
f 2069/2069 2070/2070 2072/2072 2071/2071
f 2071/2071 2072/2072 2074/2074 2073/2073
f 2073/2073 2074/2074 2076/2076 2075/2075
f 2075/2075 2076/2076 2078/2078 2077/2077
f 2077/2077 2078/2078 2080/2080 2079/2079
f 2081/2081 2082/2082 2084/2084 2083/2083
f 2083/2083 2084/2084 2086/2086 2085/2085
f 2085/2085 2086/2086 2088/2088 2087/2087
f 2087/2087 2088/2088 2090/2090 2089/2089
f 2089/2089 2090/2090 2092/2092 2091/2091
f 2091/2091 2092/2092 2094/2094 2093/2093
f 2093/2093 2094/2094 2096/2096 2095/2095
f 2095/2095 2096/2096 2098/2098 2097/2097
f 2097/2097 2098/2098 2100/2100 2099/2099
f 2099/2099 2100/2100 2102/2102 2101/2101
f 2101/2101 2102/2102 2104/2104 2103/2103
f 2103/2103 2104/2104 2106/2106 2105/2105
f 2105/2105 2106/2106 2108/2108 2107/2107
f 2107/2107 2108/2108 2110/2110 2109/2109
f 2109/2109 2110/2110 2112/2112 2111/2111
f 2113/2113 2114/2114 2116/2116 2115/2115
f 2115/2115 2116/2116 2118/2118 2117/2117
f 2117/2117 2118/2118 2120/2120 2119/2119
f 2119/2119 2120/2120 2122/2122 2121/2121
f 2121/2121 2122/2122 2124/2124 2123/2123
f 2123/2123 2124/2124 2126/2126 2125/2125
f 2125/2125 2126/2126 2128/2128 2127/2127
f 2127/2127 2128/2128 2130/2130 2129/2129
f 2129/2129 2130/2130 2132/2132 2131/2131
f 2131/2131 2132/2132 2134/2134 2133/2133
f 2133/2133 2134/2134 2136/2136 2135/2135
f 2135/2135 2136/2136 2138/2138 2137/2137
f 2137/2137 2138/2138 2140/2140 2139/2139
f 2139/2139 2140/2140 2142/2142 2141/2141
f 2141/2141 2142/2142 2144/2144 2143/2143
f 2145/2145 2146/2146 2148/2148 2147/2147
f 2147/2147 2148/2148 2150/2150 2149/2149
f 2149/2149 2150/2150 2152/2152 2151/2151
f 2151/2151 2152/2152 2154/2154 2153/2153
f 2153/2153 2154/2154 2156/2156 2155/2155
f 2155/2155 2156/2156 2158/2158 2157/2157
f 2157/2157 2158/2158 2160/2160 2159/2159
f 2159/2159 2160/2160 2162/2162 2161/2161
f 2161/2161 2162/2162 2164/2164 2163/2163
f 2163/2163 2164/2164 2166/2166 2165/2165
f 2165/2165 2166/2166 2168/2168 2167/2167
f 2167/2167 2168/2168 2170/2170 2169/2169
f 2169/2169 2170/2170 2172/2172 2171/2171
f 2171/2171 2172/2172 2174/2174 2173/2173
f 2173/2173 2174/2174 2176/2176 2175/2175
f 2177/2177 2178/2178 2180/2180 2179/2179
f 2179/2179 2180/2180 2182/2182 2181/2181
f 2181/2181 2182/2182 2184/2184 2183/2183
f 2183/2183 2184/2184 2186/2186 2185/2185
f 2185/2185 2186/2186 2188/2188 2187/2187
f 2187/2187 2188/2188 2190/2190 2189/2189
f 2189/2189 2190/2190 2192/2192 2191/2191
f 2191/2191 2192/2192 2194/2194 2193/2193
f 2193/2193 2194/2194 2196/2196 2195/2195
f 2195/2195 2196/2196 2198/2198 2197/2197
f 2197/2197 2198/2198 2200/2200 2199/2199
f 2199/2199 2200/2200 2202/2202 2201/2201
f 2201/2201 2202/2202 2204/2204 2203/2203
f 2203/2203 2204/2204 2206/2206 2205/2205
f 2205/2205 2206/2206 2208/2208 2207/2207
f 2209/2209 2210/2210 2212/2212 2211/2211
f 2211/2211 2212/2212 2214/2214 2213/2213
f 2213/2213 2214/2214 2216/2216 2215/2215
f 2215/2215 2216/2216 2218/2218 2217/2217
f 2217/2217 2218/2218 2220/2220 2219/2219
f 2219/2219 2220/2220 2222/2222 2221/2221
f 2221/2221 2222/2222 2224/2224 2223/2223
f 2223/2223 2224/2224 2226/2226 2225/2225
f 2225/2225 2226/2226 2228/2228 2227/2227
f 2227/2227 2228/2228 2230/2230 2229/2229
f 2229/2229 2230/2230 2232/2232 2231/2231
f 2231/2231 2232/2232 2234/2234 2233/2233
f 2233/2233 2234/2234 2236/2236 2235/2235
f 2235/2235 2236/2236 2238/2238 2237/2237
f 2237/2237 2238/2238 2240/2240 2239/2239
f 2241/2241 2242/2242 2244/2244 2243/2243
f 2243/2243 2244/2244 2246/2246 2245/2245
f 2245/2245 2246/2246 2248/2248 2247/2247
f 2247/2247 2248/2248 2250/2250 2249/2249
f 2249/2249 2250/2250 2252/2252 2251/2251
f 2251/2251 2252/2252 2254/2254 2253/2253
f 2253/2253 2254/2254 2256/2256 2255/2255
f 2255/2255 2256/2256 2258/2258 2257/2257
f 2257/2257 2258/2258 2260/2260 2259/2259
f 2259/2259 2260/2260 2262/2262 2261/2261
f 2261/2261 2262/2262 2264/2264 2263/2263
f 2263/2263 2264/2264 2266/2266 2265/2265
f 2265/2265 2266/2266 2268/2268 2267/2267
f 2267/2267 2268/2268 2270/2270 2269/2269
f 2269/2269 2270/2270 2272/2272 2271/2271
f 2273/2273 2274/2274 2276/2276 2275/2275
f 2275/2275 2276/2276 2278/2278 2277/2277
f 2277/2277 2278/2278 2280/2280 2279/2279
f 2279/2279 2280/2280 2282/2282 2281/2281
f 2281/2281 2282/2282 2284/2284 2283/2283
f 2283/2283 2284/2284 2286/2286 2285/2285
f 2285/2285 2286/2286 2288/2288 2287/2287
f 2287/2287 2288/2288 2290/2290 2289/2289
f 2289/2289 2290/2290 2292/2292 2291/2291
f 2291/2291 2292/2292 2294/2294 2293/2293
f 2293/2293 2294/2294 2296/2296 2295/2295
f 2295/2295 2296/2296 2298/2298 2297/2297
f 2297/2297 2298/2298 2300/2300 2299/2299
f 2299/2299 2300/2300 2302/2302 2301/2301
f 2301/2301 2302/2302 2304/2304 2303/2303
f 2305/2305 2306/2306 2308/2308 2307/2307
f 2307/2307 2308/2308 2310/2310 2309/2309
f 2309/2309 2310/2310 2312/2312 2311/2311
f 2311/2311 2312/2312 2314/2314 2313/2313
f 2313/2313 2314/2314 2316/2316 2315/2315
f 2315/2315 2316/2316 2318/2318 2317/2317
f 2317/2317 2318/2318 2320/2320 2319/2319
f 2319/2319 2320/2320 2322/2322 2321/2321
f 2321/2321 2322/2322 2324/2324 2323/2323
f 2323/2323 2324/2324 2326/2326 2325/2325
f 2325/2325 2326/2326 2328/2328 2327/2327
f 2327/2327 2328/2328 2330/2330 2329/2329
f 2329/2329 2330/2330 2332/2332 2331/2331
f 2331/2331 2332/2332 2334/2334 2333/2333
f 2333/2333 2334/2334 2336/2336 2335/2335
f 2337/2337 2338/2338 2340/2340 2339/2339
f 2339/2339 2340/2340 2342/2342 2341/2341
f 2341/2341 2342/2342 2344/2344 2343/2343
f 2343/2343 2344/2344 2346/2346 2345/2345
f 2345/2345 2346/2346 2348/2348 2347/2347
f 2347/2347 2348/2348 2350/2350 2349/2349
f 2349/2349 2350/2350 2352/2352 2351/2351
f 2351/2351 2352/2352 2354/2354 2353/2353
f 2353/2353 2354/2354 2356/2356 2355/2355
f 2355/2355 2356/2356 2358/2358 2357/2357
f 2357/2357 2358/2358 2360/2360 2359/2359
f 2359/2359 2360/2360 2362/2362 2361/2361
f 2361/2361 2362/2362 2364/2364 2363/2363
f 2363/2363 2364/2364 2366/2366 2365/2365
f 2365/2365 2366/2366 2368/2368 2367/2367
f 2369/2369 2370/2370 2372/2372 2371/2371
f 2371/2371 2372/2372 2374/2374 2373/2373
f 2373/2373 2374/2374 2376/2376 2375/2375
f 2375/2375 2376/2376 2378/2378 2377/2377
f 2377/2377 2378/2378 2380/2380 2379/2379
f 2379/2379 2380/2380 2382/2382 2381/2381
f 2381/2381 2382/2382 2384/2384 2383/2383
f 2383/2383 2384/2384 2386/2386 2385/2385
f 2385/2385 2386/2386 2388/2388 2387/2387
f 2387/2387 2388/2388 2390/2390 2389/2389
f 2389/2389 2390/2390 2392/2392 2391/2391
f 2391/2391 2392/2392 2394/2394 2393/2393
f 2393/2393 2394/2394 2396/2396 2395/2395
f 2395/2395 2396/2396 2398/2398 2397/2397
f 2397/2397 2398/2398 2400/2400 2399/2399
f 2401/2401 2402/2402 2404/2404 2403/2403
f 2403/2403 2404/2404 2406/2406 2405/2405
f 2405/2405 2406/2406 2408/2408 2407/2407
f 2407/2407 2408/2408 2410/2410 2409/2409
f 2409/2409 2410/2410 2412/2412 2411/2411
f 2411/2411 2412/2412 2414/2414 2413/2413
f 2413/2413 2414/2414 2416/2416 2415/2415
f 2415/2415 2416/2416 2418/2418 2417/2417
f 2417/2417 2418/2418 2420/2420 2419/2419
f 2419/2419 2420/2420 2422/2422 2421/2421
f 2421/2421 2422/2422 2424/2424 2423/2423
f 2423/2423 2424/2424 2426/2426 2425/2425
f 2425/2425 2426/2426 2428/2428 2427/2427
f 2427/2427 2428/2428 2430/2430 2429/2429
f 2429/2429 2430/2430 2432/2432 2431/2431
f 2433/2433 2434/2434 2436/2436 2435/2435
f 2435/2435 2436/2436 2438/2438 2437/2437
f 2437/2437 2438/2438 2440/2440 2439/2439
f 2439/2439 2440/2440 2442/2442 2441/2441
f 2441/2441 2442/2442 2444/2444 2443/2443
f 2443/2443 2444/2444 2446/2446 2445/2445
f 2445/2445 2446/2446 2448/2448 2447/2447
f 2447/2447 2448/2448 2450/2450 2449/2449
f 2449/2449 2450/2450 2452/2452 2451/2451
f 2451/2451 2452/2452 2454/2454 2453/2453
f 2453/2453 2454/2454 2456/2456 2455/2455
f 2455/2455 2456/2456 2458/2458 2457/2457
f 2457/2457 2458/2458 2460/2460 2459/2459
f 2459/2459 2460/2460 2462/2462 2461/2461
f 2461/2461 2462/2462 2464/2464 2463/2463
f 2465/2465 2466/2466 2468/2468 2467/2467
f 2467/2467 2468/2468 2470/2470 2469/2469
f 2469/2469 2470/2470 2472/2472 2471/2471
f 2471/2471 2472/2472 2474/2474 2473/2473
f 2473/2473 2474/2474 2476/2476 2475/2475
f 2475/2475 2476/2476 2478/2478 2477/2477
f 2477/2477 2478/2478 2480/2480 2479/2479
f 2479/2479 2480/2480 2482/2482 2481/2481
f 2481/2481 2482/2482 2484/2484 2483/2483
f 2483/2483 2484/2484 2486/2486 2485/2485
f 2485/2485 2486/2486 2488/2488 2487/2487
f 2487/2487 2488/2488 2490/2490 2489/2489
f 2489/2489 2490/2490 2492/2492 2491/2491
f 2491/2491 2492/2492 2494/2494 2493/2493
f 2493/2493 2494/2494 2496/2496 2495/2495
f 2497/2497 2498/2498 2500/2500 2499/2499
f 2499/2499 2500/2500 2502/2502 2501/2501
f 2501/2501 2502/2502 2504/2504 2503/2503
f 2503/2503 2504/2504 2506/2506 2505/2505
f 2505/2505 2506/2506 2508/2508 2507/2507
f 2507/2507 2508/2508 2510/2510 2509/2509
f 2509/2509 2510/2510 2512/2512 2511/2511
f 2511/2511 2512/2512 2514/2514 2513/2513
f 2513/2513 2514/2514 2516/2516 2515/2515
f 2515/2515 2516/2516 2518/2518 2517/2517
f 2517/2517 2518/2518 2520/2520 2519/2519
f 2519/2519 2520/2520 2522/2522 2521/2521
f 2521/2521 2522/2522 2524/2524 2523/2523
f 2523/2523 2524/2524 2526/2526 2525/2525
f 2525/2525 2526/2526 2528/2528 2527/2527
f 2529/2529 2530/2530 2532/2532 2531/2531
f 2531/2531 2532/2532 2534/2534 2533/2533
f 2533/2533 2534/2534 2536/2536 2535/2535
f 2535/2535 2536/2536 2538/2538 2537/2537
f 2537/2537 2538/2538 2540/2540 2539/2539
f 2539/2539 2540/2540 2542/2542 2541/2541
f 2541/2541 2542/2542 2544/2544 2543/2543
f 2543/2543 2544/2544 2546/2546 2545/2545
f 2545/2545 2546/2546 2548/2548 2547/2547
f 2547/2547 2548/2548 2550/2550 2549/2549
f 2549/2549 2550/2550 2552/2552 2551/2551
f 2551/2551 2552/2552 2554/2554 2553/2553
f 2553/2553 2554/2554 2556/2556 2555/2555
f 2555/2555 2556/2556 2558/2558 2557/2557
f 2557/2557 2558/2558 2560/2560 2559/2559
f 2561/2561 2562/2562 2564/2564 2563/2563
f 2563/2563 2564/2564 2566/2566 2565/2565
f 2565/2565 2566/2566 2568/2568 2567/2567
f 2567/2567 2568/2568 2570/2570 2569/2569
f 2569/2569 2570/2570 2572/2572 2571/2571
f 2571/2571 2572/2572 2574/2574 2573/2573
f 2573/2573 2574/2574 2576/2576 2575/2575
f 2575/2575 2576/2576 2578/2578 2577/2577
f 2577/2577 2578/2578 2580/2580 2579/2579
f 2579/2579 2580/2580 2582/2582 2581/2581
f 2581/2581 2582/2582 2584/2584 2583/2583
f 2583/2583 2584/2584 2586/2586 2585/2585
f 2585/2585 2586/2586 2588/2588 2587/2587
f 2587/2587 2588/2588 2590/2590 2589/2589
f 2589/2589 2590/2590 2592/2592 2591/2591
f 2593/2593 2594/2594 2596/2596 2595/2595
f 2595/2595 2596/2596 2598/2598 2597/2597
f 2597/2597 2598/2598 2600/2600 2599/2599
f 2599/2599 2600/2600 2602/2602 2601/2601
f 2601/2601 2602/2602 2604/2604 2603/2603
f 2603/2603 2604/2604 2606/2606 2605/2605
f 2605/2605 2606/2606 2608/2608 2607/2607
f 2607/2607 2608/2608 2610/2610 2609/2609
f 2609/2609 2610/2610 2612/2612 2611/2611
f 2611/2611 2612/2612 2614/2614 2613/2613
f 2613/2613 2614/2614 2616/2616 2615/2615
f 2615/2615 2616/2616 2618/2618 2617/2617
f 2617/2617 2618/2618 2620/2620 2619/2619
f 2619/2619 2620/2620 2622/2622 2621/2621
f 2621/2621 2622/2622 2624/2624 2623/2623
f 2625/2625 2626/2626 2628/2628 2627/2627
f 2627/2627 2628/2628 2630/2630 2629/2629
f 2629/2629 2630/2630 2632/2632 2631/2631
f 2631/2631 2632/2632 2634/2634 2633/2633
f 2633/2633 2634/2634 2636/2636 2635/2635
f 2635/2635 2636/2636 2638/2638 2637/2637
f 2637/2637 2638/2638 2640/2640 2639/2639
f 2639/2639 2640/2640 2642/2642 2641/2641
f 2641/2641 2642/2642 2644/2644 2643/2643
f 2643/2643 2644/2644 2646/2646 2645/2645
f 2645/2645 2646/2646 2648/2648 2647/2647
f 2647/2647 2648/2648 2650/2650 2649/2649
f 2649/2649 2650/2650 2652/2652 2651/2651
f 2651/2651 2652/2652 2654/2654 2653/2653
f 2653/2653 2654/2654 2656/2656 2655/2655
f 2657/2657 2658/2658 2660/2660 2659/2659
f 2659/2659 2660/2660 2662/2662 2661/2661
f 2661/2661 2662/2662 2664/2664 2663/2663
f 2663/2663 2664/2664 2666/2666 2665/2665
f 2665/2665 2666/2666 2668/2668 2667/2667
f 2667/2667 2668/2668 2670/2670 2669/2669
f 2669/2669 2670/2670 2672/2672 2671/2671
f 2671/2671 2672/2672 2674/2674 2673/2673
f 2673/2673 2674/2674 2676/2676 2675/2675
f 2675/2675 2676/2676 2678/2678 2677/2677
f 2677/2677 2678/2678 2680/2680 2679/2679
f 2679/2679 2680/2680 2682/2682 2681/2681
f 2681/2681 2682/2682 2684/2684 2683/2683
f 2683/2683 2684/2684 2686/2686 2685/2685
f 2685/2685 2686/2686 2688/2688 2687/2687
f 2689/2689 2690/2690 2692/2692 2691/2691
f 2691/2691 2692/2692 2694/2694 2693/2693
f 2693/2693 2694/2694 2696/2696 2695/2695
f 2695/2695 2696/2696 2698/2698 2697/2697
f 2697/2697 2698/2698 2700/2700 2699/2699
f 2699/2699 2700/2700 2702/2702 2701/2701
f 2701/2701 2702/2702 2704/2704 2703/2703
f 2703/2703 2704/2704 2706/2706 2705/2705
f 2705/2705 2706/2706 2708/2708 2707/2707
f 2707/2707 2708/2708 2710/2710 2709/2709
f 2709/2709 2710/2710 2712/2712 2711/2711
f 2711/2711 2712/2712 2714/2714 2713/2713
f 2713/2713 2714/2714 2716/2716 2715/2715
f 2715/2715 2716/2716 2718/2718 2717/2717
f 2717/2717 2718/2718 2720/2720 2719/2719
f 2721/2721 2722/2722 2724/2724 2723/2723
f 2723/2723 2724/2724 2726/2726 2725/2725
f 2725/2725 2726/2726 2728/2728 2727/2727
f 2727/2727 2728/2728 2730/2730 2729/2729
f 2729/2729 2730/2730 2732/2732 2731/2731
f 2731/2731 2732/2732 2734/2734 2733/2733
f 2733/2733 2734/2734 2736/2736 2735/2735
f 2735/2735 2736/2736 2738/2738 2737/2737
f 2737/2737 2738/2738 2740/2740 2739/2739
f 2739/2739 2740/2740 2742/2742 2741/2741
f 2741/2741 2742/2742 2744/2744 2743/2743
f 2743/2743 2744/2744 2746/2746 2745/2745
f 2745/2745 2746/2746 2748/2748 2747/2747
f 2747/2747 2748/2748 2750/2750 2749/2749
f 2749/2749 2750/2750 2752/2752 2751/2751
f 2753/2753 2754/2754 2756/2756 2755/2755
f 2755/2755 2756/2756 2758/2758 2757/2757
f 2757/2757 2758/2758 2760/2760 2759/2759
f 2759/2759 2760/2760 2762/2762 2761/2761
f 2761/2761 2762/2762 2764/2764 2763/2763
f 2763/2763 2764/2764 2766/2766 2765/2765
f 2765/2765 2766/2766 2768/2768 2767/2767
f 2767/2767 2768/2768 2770/2770 2769/2769
f 2769/2769 2770/2770 2772/2772 2771/2771
f 2771/2771 2772/2772 2774/2774 2773/2773
f 2773/2773 2774/2774 2776/2776 2775/2775
f 2775/2775 2776/2776 2778/2778 2777/2777
f 2777/2777 2778/2778 2780/2780 2779/2779
f 2779/2779 2780/2780 2782/2782 2781/2781
f 2781/2781 2782/2782 2784/2784 2783/2783
f 2785/2785 2786/2786 2788/2788 2787/2787
f 2787/2787 2788/2788 2790/2790 2789/2789
f 2789/2789 2790/2790 2792/2792 2791/2791
f 2791/2791 2792/2792 2794/2794 2793/2793
f 2793/2793 2794/2794 2796/2796 2795/2795
f 2795/2795 2796/2796 2798/2798 2797/2797
f 2797/2797 2798/2798 2800/2800 2799/2799
f 2799/2799 2800/2800 2802/2802 2801/2801
f 2801/2801 2802/2802 2804/2804 2803/2803
f 2803/2803 2804/2804 2806/2806 2805/2805
f 2805/2805 2806/2806 2808/2808 2807/2807
f 2807/2807 2808/2808 2810/2810 2809/2809
f 2809/2809 2810/2810 2812/2812 2811/2811
f 2811/2811 2812/2812 2814/2814 2813/2813
f 2813/2813 2814/2814 2816/2816 2815/2815
f 2817/2817 2818/2818 2820/2820 2819/2819
f 2819/2819 2820/2820 2822/2822 2821/2821
f 2821/2821 2822/2822 2824/2824 2823/2823
f 2823/2823 2824/2824 2826/2826 2825/2825
f 2825/2825 2826/2826 2828/2828 2827/2827
f 2827/2827 2828/2828 2830/2830 2829/2829
f 2829/2829 2830/2830 2832/2832 2831/2831
f 2831/2831 2832/2832 2834/2834 2833/2833
f 2833/2833 2834/2834 2836/2836 2835/2835
f 2835/2835 2836/2836 2838/2838 2837/2837
f 2837/2837 2838/2838 2840/2840 2839/2839
f 2839/2839 2840/2840 2842/2842 2841/2841
f 2841/2841 2842/2842 2844/2844 2843/2843
f 2843/2843 2844/2844 2846/2846 2845/2845
f 2845/2845 2846/2846 2848/2848 2847/2847
f 2849/2849 2850/2850 2852/2852 2851/2851
f 2851/2851 2852/2852 2854/2854 2853/2853
f 2853/2853 2854/2854 2856/2856 2855/2855
f 2855/2855 2856/2856 2858/2858 2857/2857
f 2857/2857 2858/2858 2860/2860 2859/2859
f 2859/2859 2860/2860 2862/2862 2861/2861
f 2861/2861 2862/2862 2864/2864 2863/2863
f 2863/2863 2864/2864 2866/2866 2865/2865
f 2865/2865 2866/2866 2868/2868 2867/2867
f 2867/2867 2868/2868 2870/2870 2869/2869
f 2869/2869 2870/2870 2872/2872 2871/2871
f 2871/2871 2872/2872 2874/2874 2873/2873
f 2873/2873 2874/2874 2876/2876 2875/2875
f 2875/2875 2876/2876 2878/2878 2877/2877
f 2877/2877 2878/2878 2880/2880 2879/2879
f 2881/2881 2882/2882 2884/2884 2883/2883
f 2883/2883 2884/2884 2886/2886 2885/2885
f 2885/2885 2886/2886 2888/2888 2887/2887
f 2887/2887 2888/2888 2890/2890 2889/2889
f 2889/2889 2890/2890 2892/2892 2891/2891
f 2891/2891 2892/2892 2894/2894 2893/2893
f 2893/2893 2894/2894 2896/2896 2895/2895
f 2895/2895 2896/2896 2898/2898 2897/2897
f 2897/2897 2898/2898 2900/2900 2899/2899
f 2899/2899 2900/2900 2902/2902 2901/2901
f 2901/2901 2902/2902 2904/2904 2903/2903
f 2903/2903 2904/2904 2906/2906 2905/2905
f 2905/2905 2906/2906 2908/2908 2907/2907
f 2907/2907 2908/2908 2910/2910 2909/2909
f 2909/2909 2910/2910 2912/2912 2911/2911
f 2913/2913 2914/2914 2916/2916 2915/2915
f 2915/2915 2916/2916 2918/2918 2917/2917
f 2917/2917 2918/2918 2920/2920 2919/2919
f 2919/2919 2920/2920 2922/2922 2921/2921
f 2921/2921 2922/2922 2924/2924 2923/2923
f 2923/2923 2924/2924 2926/2926 2925/2925
f 2925/2925 2926/2926 2928/2928 2927/2927
f 2927/2927 2928/2928 2930/2930 2929/2929
f 2929/2929 2930/2930 2932/2932 2931/2931
f 2931/2931 2932/2932 2934/2934 2933/2933
f 2933/2933 2934/2934 2936/2936 2935/2935
f 2935/2935 2936/2936 2938/2938 2937/2937
f 2937/2937 2938/2938 2940/2940 2939/2939
f 2939/2939 2940/2940 2942/2942 2941/2941
f 2941/2941 2942/2942 2944/2944 2943/2943
f 2945/2945 2946/2946 2948/2948 2947/2947
f 2947/2947 2948/2948 2950/2950 2949/2949
f 2949/2949 2950/2950 2952/2952 2951/2951
f 2951/2951 2952/2952 2954/2954 2953/2953
f 2953/2953 2954/2954 2956/2956 2955/2955
f 2955/2955 2956/2956 2958/2958 2957/2957
f 2957/2957 2958/2958 2960/2960 2959/2959
f 2959/2959 2960/2960 2962/2962 2961/2961
f 2961/2961 2962/2962 2964/2964 2963/2963
f 2963/2963 2964/2964 2966/2966 2965/2965
f 2965/2965 2966/2966 2968/2968 2967/2967
f 2967/2967 2968/2968 2970/2970 2969/2969
f 2969/2969 2970/2970 2972/2972 2971/2971
f 2971/2971 2972/2972 2974/2974 2973/2973
f 2973/2973 2974/2974 2976/2976 2975/2975
f 2977/2977 2978/2978 2980/2980 2979/2979
f 2979/2979 2980/2980 2982/2982 2981/2981
f 2981/2981 2982/2982 2984/2984 2983/2983
f 2983/2983 2984/2984 2986/2986 2985/2985
f 2985/2985 2986/2986 2988/2988 2987/2987
f 2987/2987 2988/2988 2990/2990 2989/2989
f 2989/2989 2990/2990 2992/2992 2991/2991
f 2991/2991 2992/2992 2994/2994 2993/2993
f 2993/2993 2994/2994 2996/2996 2995/2995
f 2995/2995 2996/2996 2998/2998 2997/2997
f 2997/2997 2998/2998 3000/3000 2999/2999
f 2999/2999 3000/3000 3002/3002 3001/3001
f 3001/3001 3002/3002 3004/3004 3003/3003
f 3003/3003 3004/3004 3006/3006 3005/3005
f 3005/3005 3006/3006 3008/3008 3007/3007
f 3009/3009 3010/3010 3012/3012 3011/3011
f 3011/3011 3012/3012 3014/3014 3013/3013
f 3013/3013 3014/3014 3016/3016 3015/3015
f 3015/3015 3016/3016 3018/3018 3017/3017
f 3017/3017 3018/3018 3020/3020 3019/3019
f 3019/3019 3020/3020 3022/3022 3021/3021
f 3021/3021 3022/3022 3024/3024 3023/3023
f 3023/3023 3024/3024 3026/3026 3025/3025
f 3025/3025 3026/3026 3028/3028 3027/3027
f 3027/3027 3028/3028 3030/3030 3029/3029
f 3029/3029 3030/3030 3032/3032 3031/3031
f 3031/3031 3032/3032 3034/3034 3033/3033
f 3033/3033 3034/3034 3036/3036 3035/3035
f 3035/3035 3036/3036 3038/3038 3037/3037
f 3037/3037 3038/3038 3040/3040 3039/3039
f 3041/3041 3042/3042 3044/3044 3043/3043
f 3043/3043 3044/3044 3046/3046 3045/3045
f 3045/3045 3046/3046 3048/3048 3047/3047
f 3047/3047 3048/3048 3050/3050 3049/3049
f 3049/3049 3050/3050 3052/3052 3051/3051
f 3051/3051 3052/3052 3054/3054 3053/3053
f 3053/3053 3054/3054 3056/3056 3055/3055
f 3055/3055 3056/3056 3058/3058 3057/3057
f 3057/3057 3058/3058 3060/3060 3059/3059
f 3059/3059 3060/3060 3062/3062 3061/3061
f 3061/3061 3062/3062 3064/3064 3063/3063
f 3063/3063 3064/3064 3066/3066 3065/3065
f 3065/3065 3066/3066 3068/3068 3067/3067
f 3067/3067 3068/3068 3070/3070 3069/3069
f 3069/3069 3070/3070 3072/3072 3071/3071
f 3073/3073 3074/3074 3076/3076 3075/3075
f 3075/3075 3076/3076 3078/3078 3077/3077
f 3077/3077 3078/3078 3080/3080 3079/3079
f 3079/3079 3080/3080 3082/3082 3081/3081
f 3081/3081 3082/3082 3084/3084 3083/3083
f 3083/3083 3084/3084 3086/3086 3085/3085
f 3085/3085 3086/3086 3088/3088 3087/3087
f 3087/3087 3088/3088 3090/3090 3089/3089
f 3089/3089 3090/3090 3092/3092 3091/3091
f 3091/3091 3092/3092 3094/3094 3093/3093
f 3093/3093 3094/3094 3096/3096 3095/3095
f 3095/3095 3096/3096 3098/3098 3097/3097
f 3097/3097 3098/3098 3100/3100 3099/3099
f 3099/3099 3100/3100 3102/3102 3101/3101
f 3101/3101 3102/3102 3104/3104 3103/3103
f 3105/3105 3106/3106 3108/3108 3107/3107
f 3107/3107 3108/3108 3110/3110 3109/3109
f 3109/3109 3110/3110 3112/3112 3111/3111
f 3111/3111 3112/3112 3114/3114 3113/3113
f 3113/3113 3114/3114 3116/3116 3115/3115
f 3115/3115 3116/3116 3118/3118 3117/3117
f 3117/3117 3118/3118 3120/3120 3119/3119
f 3119/3119 3120/3120 3122/3122 3121/3121
f 3121/3121 3122/3122 3124/3124 3123/3123
f 3123/3123 3124/3124 3126/3126 3125/3125
f 3125/3125 3126/3126 3128/3128 3127/3127
f 3127/3127 3128/3128 3130/3130 3129/3129
f 3129/3129 3130/3130 3132/3132 3131/3131
f 3131/3131 3132/3132 3134/3134 3133/3133
f 3133/3133 3134/3134 3136/3136 3135/3135
f 3137/3137 3138/3138 3140/3140 3139/3139
f 3139/3139 3140/3140 3142/3142 3141/3141
f 3141/3141 3142/3142 3144/3144 3143/3143
f 3143/3143 3144/3144 3146/3146 3145/3145
f 3145/3145 3146/3146 3148/3148 3147/3147
f 3147/3147 3148/3148 3150/3150 3149/3149
f 3149/3149 3150/3150 3152/3152 3151/3151
f 3151/3151 3152/3152 3154/3154 3153/3153
f 3153/3153 3154/3154 3156/3156 3155/3155
f 3155/3155 3156/3156 3158/3158 3157/3157
f 3157/3157 3158/3158 3160/3160 3159/3159
f 3159/3159 3160/3160 3162/3162 3161/3161
f 3161/3161 3162/3162 3164/3164 3163/3163
f 3163/3163 3164/3164 3166/3166 3165/3165
f 3165/3165 3166/3166 3168/3168 3167/3167
f 3169/3169 3170/3170 3172/3172 3171/3171
f 3171/3171 3172/3172 3174/3174 3173/3173
f 3173/3173 3174/3174 3176/3176 3175/3175
f 3175/3175 3176/3176 3178/3178 3177/3177
f 3177/3177 3178/3178 3180/3180 3179/3179
f 3179/3179 3180/3180 3182/3182 3181/3181
f 3181/3181 3182/3182 3184/3184 3183/3183
f 3183/3183 3184/3184 3186/3186 3185/3185
f 3185/3185 3186/3186 3188/3188 3187/3187
f 3187/3187 3188/3188 3190/3190 3189/3189
f 3189/3189 3190/3190 3192/3192 3191/3191
f 3191/3191 3192/3192 3194/3194 3193/3193
f 3193/3193 3194/3194 3196/3196 3195/3195
f 3195/3195 3196/3196 3198/3198 3197/3197
f 3197/3197 3198/3198 3200/3200 3199/3199
f 3201/3201 3202/3202 3204/3204 3203/3203
f 3203/3203 3204/3204 3206/3206 3205/3205
f 3205/3205 3206/3206 3208/3208 3207/3207
f 3207/3207 3208/3208 3210/3210 3209/3209
f 3209/3209 3210/3210 3212/3212 3211/3211
f 3211/3211 3212/3212 3214/3214 3213/3213
f 3213/3213 3214/3214 3216/3216 3215/3215
f 3215/3215 3216/3216 3218/3218 3217/3217
f 3217/3217 3218/3218 3220/3220 3219/3219
f 3219/3219 3220/3220 3222/3222 3221/3221
f 3221/3221 3222/3222 3224/3224 3223/3223
f 3223/3223 3224/3224 3226/3226 3225/3225
f 3225/3225 3226/3226 3228/3228 3227/3227
f 3227/3227 3228/3228 3230/3230 3229/3229
f 3229/3229 3230/3230 3232/3232 3231/3231
f 3233/3233 3234/3234 3236/3236 3235/3235
f 3235/3235 3236/3236 3238/3238 3237/3237
f 3237/3237 3238/3238 3240/3240 3239/3239
f 3239/3239 3240/3240 3242/3242 3241/3241
f 3241/3241 3242/3242 3244/3244 3243/3243
f 3243/3243 3244/3244 3246/3246 3245/3245
f 3245/3245 3246/3246 3248/3248 3247/3247
f 3247/3247 3248/3248 3250/3250 3249/3249
f 3249/3249 3250/3250 3252/3252 3251/3251
f 3251/3251 3252/3252 3254/3254 3253/3253
f 3253/3253 3254/3254 3256/3256 3255/3255
f 3255/3255 3256/3256 3258/3258 3257/3257
f 3257/3257 3258/3258 3260/3260 3259/3259
f 3259/3259 3260/3260 3262/3262 3261/3261
f 3261/3261 3262/3262 3264/3264 3263/3263
f 3265/3265 3266/3266 3268/3268 3267/3267
f 3267/3267 3268/3268 3270/3270 3269/3269
f 3269/3269 3270/3270 3272/3272 3271/3271
f 3271/3271 3272/3272 3274/3274 3273/3273
f 3273/3273 3274/3274 3276/3276 3275/3275
f 3275/3275 3276/3276 3278/3278 3277/3277
f 3277/3277 3278/3278 3280/3280 3279/3279
f 3279/3279 3280/3280 3282/3282 3281/3281
f 3281/3281 3282/3282 3284/3284 3283/3283
f 3283/3283 3284/3284 3286/3286 3285/3285
f 3285/3285 3286/3286 3288/3288 3287/3287
f 3287/3287 3288/3288 3290/3290 3289/3289
f 3289/3289 3290/3290 3292/3292 3291/3291
f 3291/3291 3292/3292 3294/3294 3293/3293
f 3293/3293 3294/3294 3296/3296 3295/3295
f 3297/3297 3298/3298 3300/3300 3299/3299
f 3299/3299 3300/3300 3302/3302 3301/3301
f 3301/3301 3302/3302 3304/3304 3303/3303
f 3303/3303 3304/3304 3306/3306 3305/3305
f 3305/3305 3306/3306 3308/3308 3307/3307
f 3307/3307 3308/3308 3310/3310 3309/3309
f 3309/3309 3310/3310 3312/3312 3311/3311
f 3311/3311 3312/3312 3314/3314 3313/3313
f 3313/3313 3314/3314 3316/3316 3315/3315
f 3315/3315 3316/3316 3318/3318 3317/3317
f 3317/3317 3318/3318 3320/3320 3319/3319
f 3319/3319 3320/3320 3322/3322 3321/3321
f 3321/3321 3322/3322 3324/3324 3323/3323
f 3323/3323 3324/3324 3326/3326 3325/3325
f 3325/3325 3326/3326 3328/3328 3327/3327
f 3329/3329 3330/3330 3332/3332 3331/3331
f 3331/3331 3332/3332 3334/3334 3333/3333
f 3333/3333 3334/3334 3336/3336 3335/3335
f 3335/3335 3336/3336 3338/3338 3337/3337
f 3337/3337 3338/3338 3340/3340 3339/3339
f 3339/3339 3340/3340 3342/3342 3341/3341
f 3341/3341 3342/3342 3344/3344 3343/3343
f 3343/3343 3344/3344 3346/3346 3345/3345
f 3345/3345 3346/3346 3348/3348 3347/3347
f 3347/3347 3348/3348 3350/3350 3349/3349
f 3349/3349 3350/3350 3352/3352 3351/3351
f 3351/3351 3352/3352 3354/3354 3353/3353
f 3353/3353 3354/3354 3356/3356 3355/3355
f 3355/3355 3356/3356 3358/3358 3357/3357
f 3357/3357 3358/3358 3360/3360 3359/3359
f 3361/3361 3362/3362 3364/3364 3363/3363
f 3363/3363 3364/3364 3366/3366 3365/3365
f 3365/3365 3366/3366 3368/3368 3367/3367
f 3367/3367 3368/3368 3370/3370 3369/3369
f 3369/3369 3370/3370 3372/3372 3371/3371
f 3371/3371 3372/3372 3374/3374 3373/3373
f 3373/3373 3374/3374 3376/3376 3375/3375
f 3375/3375 3376/3376 3378/3378 3377/3377
f 3377/3377 3378/3378 3380/3380 3379/3379
f 3379/3379 3380/3380 3382/3382 3381/3381
f 3381/3381 3382/3382 3384/3384 3383/3383
f 3383/3383 3384/3384 3386/3386 3385/3385
f 3385/3385 3386/3386 3388/3388 3387/3387
f 3387/3387 3388/3388 3390/3390 3389/3389
f 3389/3389 3390/3390 3392/3392 3391/3391
f 3393/3393 3394/3394 3396/3396 3395/3395
f 3395/3395 3396/3396 3398/3398 3397/3397
f 3397/3397 3398/3398 3400/3400 3399/3399
f 3399/3399 3400/3400 3402/3402 3401/3401
f 3401/3401 3402/3402 3404/3404 3403/3403
f 3403/3403 3404/3404 3406/3406 3405/3405
f 3405/3405 3406/3406 3408/3408 3407/3407
f 3407/3407 3408/3408 3410/3410 3409/3409
f 3409/3409 3410/3410 3412/3412 3411/3411
f 3411/3411 3412/3412 3414/3414 3413/3413
f 3413/3413 3414/3414 3416/3416 3415/3415
f 3415/3415 3416/3416 3418/3418 3417/3417
f 3417/3417 3418/3418 3420/3420 3419/3419
f 3419/3419 3420/3420 3422/3422 3421/3421
f 3421/3421 3422/3422 3424/3424 3423/3423
f 3425/3425 3426/3426 3428/3428 3427/3427
f 3427/3427 3428/3428 3430/3430 3429/3429
f 3429/3429 3430/3430 3432/3432 3431/3431
f 3431/3431 3432/3432 3434/3434 3433/3433
f 3433/3433 3434/3434 3436/3436 3435/3435
f 3435/3435 3436/3436 3438/3438 3437/3437
f 3437/3437 3438/3438 3440/3440 3439/3439
f 3439/3439 3440/3440 3442/3442 3441/3441
f 3441/3441 3442/3442 3444/3444 3443/3443
f 3443/3443 3444/3444 3446/3446 3445/3445
f 3445/3445 3446/3446 3448/3448 3447/3447
f 3447/3447 3448/3448 3450/3450 3449/3449
f 3449/3449 3450/3450 3452/3452 3451/3451
f 3451/3451 3452/3452 3454/3454 3453/3453
f 3453/3453 3454/3454 3456/3456 3455/3455
f 3457/3457 3458/3458 3460/3460 3459/3459
f 3459/3459 3460/3460 3462/3462 3461/3461
f 3461/3461 3462/3462 3464/3464 3463/3463
f 3463/3463 3464/3464 3466/3466 3465/3465
f 3465/3465 3466/3466 3468/3468 3467/3467
f 3467/3467 3468/3468 3470/3470 3469/3469
f 3469/3469 3470/3470 3472/3472 3471/3471
f 3471/3471 3472/3472 3474/3474 3473/3473
f 3473/3473 3474/3474 3476/3476 3475/3475
f 3475/3475 3476/3476 3478/3478 3477/3477
f 3477/3477 3478/3478 3480/3480 3479/3479
f 3479/3479 3480/3480 3482/3482 3481/3481
f 3481/3481 3482/3482 3484/3484 3483/3483
f 3483/3483 3484/3484 3486/3486 3485/3485
f 3485/3485 3486/3486 3488/3488 3487/3487
f 3489/3489 3490/3490 3492/3492 3491/3491
f 3491/3491 3492/3492 3494/3494 3493/3493
f 3493/3493 3494/3494 3496/3496 3495/3495
f 3495/3495 3496/3496 3498/3498 3497/3497
f 3497/3497 3498/3498 3500/3500 3499/3499
f 3499/3499 3500/3500 3502/3502 3501/3501
f 3501/3501 3502/3502 3504/3504 3503/3503
f 3503/3503 3504/3504 3506/3506 3505/3505
f 3505/3505 3506/3506 3508/3508 3507/3507
f 3507/3507 3508/3508 3510/3510 3509/3509
f 3509/3509 3510/3510 3512/3512 3511/3511
f 3511/3511 3512/3512 3514/3514 3513/3513
f 3513/3513 3514/3514 3516/3516 3515/3515
f 3515/3515 3516/3516 3518/3518 3517/3517
f 3517/3517 3518/3518 3520/3520 3519/3519
f 3521/3521 3522/3522 3524/3524 3523/3523
f 3523/3523 3524/3524 3526/3526 3525/3525
f 3525/3525 3526/3526 3528/3528 3527/3527
f 3527/3527 3528/3528 3530/3530 3529/3529
f 3529/3529 3530/3530 3532/3532 3531/3531
f 3531/3531 3532/3532 3534/3534 3533/3533
f 3533/3533 3534/3534 3536/3536 3535/3535
f 3535/3535 3536/3536 3538/3538 3537/3537
f 3537/3537 3538/3538 3540/3540 3539/3539
f 3539/3539 3540/3540 3542/3542 3541/3541
f 3541/3541 3542/3542 3544/3544 3543/3543
f 3543/3543 3544/3544 3546/3546 3545/3545
f 3545/3545 3546/3546 3548/3548 3547/3547
f 3547/3547 3548/3548 3550/3550 3549/3549
f 3549/3549 3550/3550 3552/3552 3551/3551
f 3553/3553 3554/3554 3556/3556 3555/3555
f 3555/3555 3556/3556 3558/3558 3557/3557
f 3557/3557 3558/3558 3560/3560 3559/3559
f 3559/3559 3560/3560 3562/3562 3561/3561
f 3561/3561 3562/3562 3564/3564 3563/3563
f 3563/3563 3564/3564 3566/3566 3565/3565
f 3565/3565 3566/3566 3568/3568 3567/3567
f 3567/3567 3568/3568 3570/3570 3569/3569
f 3569/3569 3570/3570 3572/3572 3571/3571
f 3571/3571 3572/3572 3574/3574 3573/3573
f 3573/3573 3574/3574 3576/3576 3575/3575
f 3575/3575 3576/3576 3578/3578 3577/3577
f 3577/3577 3578/3578 3580/3580 3579/3579
f 3579/3579 3580/3580 3582/3582 3581/3581
f 3581/3581 3582/3582 3584/3584 3583/3583
f 3585/3585 3586/3586 3588/3588 3587/3587
f 3587/3587 3588/3588 3590/3590 3589/3589
f 3589/3589 3590/3590 3592/3592 3591/3591
f 3591/3591 3592/3592 3594/3594 3593/3593
f 3593/3593 3594/3594 3596/3596 3595/3595
f 3595/3595 3596/3596 3598/3598 3597/3597
f 3597/3597 3598/3598 3600/3600 3599/3599
f 3599/3599 3600/3600 3602/3602 3601/3601
f 3601/3601 3602/3602 3604/3604 3603/3603
f 3603/3603 3604/3604 3606/3606 3605/3605
f 3605/3605 3606/3606 3608/3608 3607/3607
f 3607/3607 3608/3608 3610/3610 3609/3609
f 3609/3609 3610/3610 3612/3612 3611/3611
f 3611/3611 3612/3612 3614/3614 3613/3613
f 3613/3613 3614/3614 3616/3616 3615/3615
f 3617/3617 3618/3618 3620/3620 3619/3619
f 3619/3619 3620/3620 3622/3622 3621/3621
f 3621/3621 3622/3622 3624/3624 3623/3623
f 3623/3623 3624/3624 3626/3626 3625/3625
f 3625/3625 3626/3626 3628/3628 3627/3627
f 3627/3627 3628/3628 3630/3630 3629/3629
f 3629/3629 3630/3630 3632/3632 3631/3631
f 3631/3631 3632/3632 3634/3634 3633/3633
f 3633/3633 3634/3634 3636/3636 3635/3635
f 3635/3635 3636/3636 3638/3638 3637/3637
f 3637/3637 3638/3638 3640/3640 3639/3639
f 3639/3639 3640/3640 3642/3642 3641/3641
f 3641/3641 3642/3642 3644/3644 3643/3643
f 3643/3643 3644/3644 3646/3646 3645/3645
f 3645/3645 3646/3646 3648/3648 3647/3647
f 3649/3649 3650/3650 3652/3652 3651/3651
f 3651/3651 3652/3652 3654/3654 3653/3653
f 3653/3653 3654/3654 3656/3656 3655/3655
f 3655/3655 3656/3656 3658/3658 3657/3657
f 3657/3657 3658/3658 3660/3660 3659/3659
f 3659/3659 3660/3660 3662/3662 3661/3661
f 3661/3661 3662/3662 3664/3664 3663/3663
f 3663/3663 3664/3664 3666/3666 3665/3665
f 3665/3665 3666/3666 3668/3668 3667/3667
f 3667/3667 3668/3668 3670/3670 3669/3669
f 3669/3669 3670/3670 3672/3672 3671/3671
f 3671/3671 3672/3672 3674/3674 3673/3673
f 3673/3673 3674/3674 3676/3676 3675/3675
f 3675/3675 3676/3676 3678/3678 3677/3677
f 3677/3677 3678/3678 3680/3680 3679/3679
f 3681/3681 3682/3682 3684/3684 3683/3683
f 3683/3683 3684/3684 3686/3686 3685/3685
f 3685/3685 3686/3686 3688/3688 3687/3687
f 3687/3687 3688/3688 3690/3690 3689/3689
f 3689/3689 3690/3690 3692/3692 3691/3691
f 3691/3691 3692/3692 3694/3694 3693/3693
f 3693/3693 3694/3694 3696/3696 3695/3695
f 3695/3695 3696/3696 3698/3698 3697/3697
f 3697/3697 3698/3698 3700/3700 3699/3699
f 3699/3699 3700/3700 3702/3702 3701/3701
f 3701/3701 3702/3702 3704/3704 3703/3703
f 3703/3703 3704/3704 3706/3706 3705/3705
f 3705/3705 3706/3706 3708/3708 3707/3707
f 3707/3707 3708/3708 3710/3710 3709/3709
f 3709/3709 3710/3710 3712/3712 3711/3711
f 3713/3713 3714/3714 3716/3716 3715/3715
f 3715/3715 3716/3716 3718/3718 3717/3717
f 3717/3717 3718/3718 3720/3720 3719/3719
f 3719/3719 3720/3720 3722/3722 3721/3721
f 3721/3721 3722/3722 3724/3724 3723/3723
f 3723/3723 3724/3724 3726/3726 3725/3725
f 3725/3725 3726/3726 3728/3728 3727/3727
f 3727/3727 3728/3728 3730/3730 3729/3729
f 3729/3729 3730/3730 3732/3732 3731/3731
f 3731/3731 3732/3732 3734/3734 3733/3733
f 3733/3733 3734/3734 3736/3736 3735/3735
f 3735/3735 3736/3736 3738/3738 3737/3737
f 3737/3737 3738/3738 3740/3740 3739/3739
f 3739/3739 3740/3740 3742/3742 3741/3741
f 3741/3741 3742/3742 3744/3744 3743/3743
f 3745/3745 3746/3746 3748/3748 3747/3747
f 3747/3747 3748/3748 3750/3750 3749/3749
f 3749/3749 3750/3750 3752/3752 3751/3751
f 3751/3751 3752/3752 3754/3754 3753/3753
f 3753/3753 3754/3754 3756/3756 3755/3755
f 3755/3755 3756/3756 3758/3758 3757/3757
f 3757/3757 3758/3758 3760/3760 3759/3759
f 3759/3759 3760/3760 3762/3762 3761/3761
f 3761/3761 3762/3762 3764/3764 3763/3763
f 3763/3763 3764/3764 3766/3766 3765/3765
f 3765/3765 3766/3766 3768/3768 3767/3767
f 3767/3767 3768/3768 3770/3770 3769/3769
f 3769/3769 3770/3770 3772/3772 3771/3771
f 3771/3771 3772/3772 3774/3774 3773/3773
f 3773/3773 3774/3774 3776/3776 3775/3775
f 3777/3777 3778/3778 3780/3780 3779/3779
f 3779/3779 3780/3780 3782/3782 3781/3781
f 3781/3781 3782/3782 3784/3784 3783/3783
f 3783/3783 3784/3784 3786/3786 3785/3785
f 3785/3785 3786/3786 3788/3788 3787/3787
f 3787/3787 3788/3788 3790/3790 3789/3789
f 3789/3789 3790/3790 3792/3792 3791/3791
f 3791/3791 3792/3792 3794/3794 3793/3793
f 3793/3793 3794/3794 3796/3796 3795/3795
f 3795/3795 3796/3796 3798/3798 3797/3797
f 3797/3797 3798/3798 3800/3800 3799/3799
f 3799/3799 3800/3800 3802/3802 3801/3801
f 3801/3801 3802/3802 3804/3804 3803/3803
f 3803/3803 3804/3804 3806/3806 3805/3805
f 3805/3805 3806/3806 3808/3808 3807/3807
f 3809/3809 3810/3810 3812/3812 3811/3811
f 3811/3811 3812/3812 3814/3814 3813/3813
f 3813/3813 3814/3814 3816/3816 3815/3815
f 3815/3815 3816/3816 3818/3818 3817/3817
f 3817/3817 3818/3818 3820/3820 3819/3819
f 3819/3819 3820/3820 3822/3822 3821/3821
f 3821/3821 3822/3822 3824/3824 3823/3823
f 3823/3823 3824/3824 3826/3826 3825/3825
f 3825/3825 3826/3826 3828/3828 3827/3827
f 3827/3827 3828/3828 3830/3830 3829/3829
f 3829/3829 3830/3830 3832/3832 3831/3831
f 3831/3831 3832/3832 3834/3834 3833/3833
f 3833/3833 3834/3834 3836/3836 3835/3835
f 3835/3835 3836/3836 3838/3838 3837/3837
f 3837/3837 3838/3838 3840/3840 3839/3839
f 3841/3841 3842/3842 3844/3844 3843/3843
f 3843/3843 3844/3844 3846/3846 3845/3845
f 3845/3845 3846/3846 3848/3848 3847/3847
f 3847/3847 3848/3848 3850/3850 3849/3849
f 3849/3849 3850/3850 3852/3852 3851/3851
f 3851/3851 3852/3852 3854/3854 3853/3853
f 3853/3853 3854/3854 3856/3856 3855/3855
f 3855/3855 3856/3856 3858/3858 3857/3857
f 3857/3857 3858/3858 3860/3860 3859/3859
f 3859/3859 3860/3860 3862/3862 3861/3861
f 3861/3861 3862/3862 3864/3864 3863/3863
f 3863/3863 3864/3864 3866/3866 3865/3865
f 3865/3865 3866/3866 3868/3868 3867/3867
f 3867/3867 3868/3868 3870/3870 3869/3869
f 3869/3869 3870/3870 3872/3872 3871/3871
f 3873/3873 3874/3874 3876/3876 3875/3875
f 3875/3875 3876/3876 3878/3878 3877/3877
f 3877/3877 3878/3878 3880/3880 3879/3879
f 3879/3879 3880/3880 3882/3882 3881/3881
f 3881/3881 3882/3882 3884/3884 3883/3883
f 3883/3883 3884/3884 3886/3886 3885/3885
f 3885/3885 3886/3886 3888/3888 3887/3887
f 3887/3887 3888/3888 3890/3890 3889/3889
f 3889/3889 3890/3890 3892/3892 3891/3891
f 3891/3891 3892/3892 3894/3894 3893/3893
f 3893/3893 3894/3894 3896/3896 3895/3895
f 3895/3895 3896/3896 3898/3898 3897/3897
f 3897/3897 3898/3898 3900/3900 3899/3899
f 3899/3899 3900/3900 3902/3902 3901/3901
f 3901/3901 3902/3902 3904/3904 3903/3903
f 3905/3905 3906/3906 3908/3908 3907/3907
f 3907/3907 3908/3908 3910/3910 3909/3909
f 3909/3909 3910/3910 3912/3912 3911/3911
f 3911/3911 3912/3912 3914/3914 3913/3913
f 3913/3913 3914/3914 3916/3916 3915/3915
f 3915/3915 3916/3916 3918/3918 3917/3917
f 3917/3917 3918/3918 3920/3920 3919/3919
f 3919/3919 3920/3920 3922/3922 3921/3921
f 3921/3921 3922/3922 3924/3924 3923/3923
f 3923/3923 3924/3924 3926/3926 3925/3925
f 3925/3925 3926/3926 3928/3928 3927/3927
f 3927/3927 3928/3928 3930/3930 3929/3929
f 3929/3929 3930/3930 3932/3932 3931/3931
f 3931/3931 3932/3932 3934/3934 3933/3933
f 3933/3933 3934/3934 3936/3936 3935/3935
f 3937/3937 3938/3938 3940/3940 3939/3939
f 3939/3939 3940/3940 3942/3942 3941/3941
f 3941/3941 3942/3942 3944/3944 3943/3943
f 3943/3943 3944/3944 3946/3946 3945/3945
f 3945/3945 3946/3946 3948/3948 3947/3947
f 3947/3947 3948/3948 3950/3950 3949/3949
f 3949/3949 3950/3950 3952/3952 3951/3951
f 3951/3951 3952/3952 3954/3954 3953/3953
f 3953/3953 3954/3954 3956/3956 3955/3955
f 3955/3955 3956/3956 3958/3958 3957/3957
f 3957/3957 3958/3958 3960/3960 3959/3959
f 3959/3959 3960/3960 3962/3962 3961/3961
f 3961/3961 3962/3962 3964/3964 3963/3963
f 3963/3963 3964/3964 3966/3966 3965/3965
f 3965/3965 3966/3966 3968/3968 3967/3967
f 3969/3969 3970/3970 3972/3972 3971/3971
f 3971/3971 3972/3972 3974/3974 3973/3973
f 3973/3973 3974/3974 3976/3976 3975/3975
f 3975/3975 3976/3976 3978/3978 3977/3977
f 3977/3977 3978/3978 3980/3980 3979/3979
f 3979/3979 3980/3980 3982/3982 3981/3981
f 3981/3981 3982/3982 3984/3984 3983/3983
f 3983/3983 3984/3984 3986/3986 3985/3985
f 3985/3985 3986/3986 3988/3988 3987/3987
f 3987/3987 3988/3988 3990/3990 3989/3989
f 3989/3989 3990/3990 3992/3992 3991/3991
f 3991/3991 3992/3992 3994/3994 3993/3993
f 3993/3993 3994/3994 3996/3996 3995/3995
f 3995/3995 3996/3996 3998/3998 3997/3997
f 3997/3997 3998/3998 4000/4000 3999/3999
f 4001/4001 4002/4002 4004/4004 4003/4003
f 4003/4003 4004/4004 4006/4006 4005/4005
f 4005/4005 4006/4006 4008/4008 4007/4007
f 4007/4007 4008/4008 4010/4010 4009/4009
f 4009/4009 4010/4010 4012/4012 4011/4011
f 4011/4011 4012/4012 4014/4014 4013/4013
f 4013/4013 4014/4014 4016/4016 4015/4015
f 4015/4015 4016/4016 4018/4018 4017/4017
f 4017/4017 4018/4018 4020/4020 4019/4019
f 4019/4019 4020/4020 4022/4022 4021/4021
f 4021/4021 4022/4022 4024/4024 4023/4023
f 4023/4023 4024/4024 4026/4026 4025/4025
f 4025/4025 4026/4026 4028/4028 4027/4027
f 4027/4027 4028/4028 4030/4030 4029/4029
f 4029/4029 4030/4030 4032/4032 4031/4031
f 4033/4033 4034/4034 4036/4036 4035/4035
f 4035/4035 4036/4036 4038/4038 4037/4037
f 4037/4037 4038/4038 4040/4040 4039/4039
f 4039/4039 4040/4040 4042/4042 4041/4041
f 4041/4041 4042/4042 4044/4044 4043/4043
f 4043/4043 4044/4044 4046/4046 4045/4045
f 4045/4045 4046/4046 4048/4048 4047/4047
f 4047/4047 4048/4048 4050/4050 4049/4049
f 4049/4049 4050/4050 4052/4052 4051/4051
f 4051/4051 4052/4052 4054/4054 4053/4053
f 4053/4053 4054/4054 4056/4056 4055/4055
f 4055/4055 4056/4056 4058/4058 4057/4057
f 4057/4057 4058/4058 4060/4060 4059/4059
f 4059/4059 4060/4060 4062/4062 4061/4061
f 4061/4061 4062/4062 4064/4064 4063/4063
f 4065/4065 4066/4066 4068/4068 4067/4067
f 4067/4067 4068/4068 4070/4070 4069/4069
f 4069/4069 4070/4070 4072/4072 4071/4071
f 4071/4071 4072/4072 4074/4074 4073/4073
f 4073/4073 4074/4074 4076/4076 4075/4075
f 4075/4075 4076/4076 4078/4078 4077/4077
f 4077/4077 4078/4078 4080/4080 4079/4079
f 4079/4079 4080/4080 4082/4082 4081/4081
f 4081/4081 4082/4082 4084/4084 4083/4083
f 4083/4083 4084/4084 4086/4086 4085/4085
f 4085/4085 4086/4086 4088/4088 4087/4087
f 4087/4087 4088/4088 4090/4090 4089/4089
f 4089/4089 4090/4090 4092/4092 4091/4091
f 4091/4091 4092/4092 4094/4094 4093/4093
f 4093/4093 4094/4094 4096/4096 4095/4095
f 4097/4097 4098/4098 4100/4100 4099/4099
f 4099/4099 4100/4100 4102/4102 4101/4101
f 4101/4101 4102/4102 4104/4104 4103/4103
f 4103/4103 4104/4104 4106/4106 4105/4105
f 4105/4105 4106/4106 4108/4108 4107/4107
f 4107/4107 4108/4108 4110/4110 4109/4109
f 4109/4109 4110/4110 4112/4112 4111/4111
f 4111/4111 4112/4112 4114/4114 4113/4113
f 4113/4113 4114/4114 4116/4116 4115/4115
f 4115/4115 4116/4116 4118/4118 4117/4117
f 4117/4117 4118/4118 4120/4120 4119/4119
f 4119/4119 4120/4120 4122/4122 4121/4121
f 4121/4121 4122/4122 4124/4124 4123/4123
f 4123/4123 4124/4124 4126/4126 4125/4125
f 4125/4125 4126/4126 4128/4128 4127/4127
f 4129/4129 4130/4130 4132/4132 4131/4131
f 4131/4131 4132/4132 4134/4134 4133/4133
f 4133/4133 4134/4134 4136/4136 4135/4135
f 4135/4135 4136/4136 4138/4138 4137/4137
f 4137/4137 4138/4138 4140/4140 4139/4139
f 4139/4139 4140/4140 4142/4142 4141/4141
f 4141/4141 4142/4142 4144/4144 4143/4143
f 4143/4143 4144/4144 4146/4146 4145/4145
f 4145/4145 4146/4146 4148/4148 4147/4147
f 4147/4147 4148/4148 4150/4150 4149/4149
f 4149/4149 4150/4150 4152/4152 4151/4151
f 4151/4151 4152/4152 4154/4154 4153/4153
f 4153/4153 4154/4154 4156/4156 4155/4155
f 4155/4155 4156/4156 4158/4158 4157/4157
f 4157/4157 4158/4158 4160/4160 4159/4159
f 4161/4161 4162/4162 4164/4164 4163/4163
f 4163/4163 4164/4164 4166/4166 4165/4165
f 4165/4165 4166/4166 4168/4168 4167/4167
f 4167/4167 4168/4168 4170/4170 4169/4169
f 4169/4169 4170/4170 4172/4172 4171/4171
f 4171/4171 4172/4172 4174/4174 4173/4173
f 4173/4173 4174/4174 4176/4176 4175/4175
f 4175/4175 4176/4176 4178/4178 4177/4177
f 4177/4177 4178/4178 4180/4180 4179/4179
f 4179/4179 4180/4180 4182/4182 4181/4181
f 4181/4181 4182/4182 4184/4184 4183/4183
f 4183/4183 4184/4184 4186/4186 4185/4185
f 4185/4185 4186/4186 4188/4188 4187/4187
f 4187/4187 4188/4188 4190/4190 4189/4189
f 4189/4189 4190/4190 4192/4192 4191/4191
f 4193/4193 4194/4194 4196/4196 4195/4195
f 4195/4195 4196/4196 4198/4198 4197/4197
f 4197/4197 4198/4198 4200/4200 4199/4199
f 4199/4199 4200/4200 4202/4202 4201/4201
f 4201/4201 4202/4202 4204/4204 4203/4203
f 4203/4203 4204/4204 4206/4206 4205/4205
f 4205/4205 4206/4206 4208/4208 4207/4207
f 4207/4207 4208/4208 4210/4210 4209/4209
f 4209/4209 4210/4210 4212/4212 4211/4211
f 4211/4211 4212/4212 4214/4214 4213/4213
f 4213/4213 4214/4214 4216/4216 4215/4215
f 4215/4215 4216/4216 4218/4218 4217/4217
f 4217/4217 4218/4218 4220/4220 4219/4219
f 4219/4219 4220/4220 4222/4222 4221/4221
f 4221/4221 4222/4222 4224/4224 4223/4223
f 4225/4225 4226/4226 4228/4228 4227/4227
f 4227/4227 4228/4228 4230/4230 4229/4229
f 4229/4229 4230/4230 4232/4232 4231/4231
f 4231/4231 4232/4232 4234/4234 4233/4233
f 4233/4233 4234/4234 4236/4236 4235/4235
f 4235/4235 4236/4236 4238/4238 4237/4237
f 4237/4237 4238/4238 4240/4240 4239/4239
f 4239/4239 4240/4240 4242/4242 4241/4241
f 4241/4241 4242/4242 4244/4244 4243/4243
f 4243/4243 4244/4244 4246/4246 4245/4245
f 4245/4245 4246/4246 4248/4248 4247/4247
f 4247/4247 4248/4248 4250/4250 4249/4249
f 4249/4249 4250/4250 4252/4252 4251/4251
f 4251/4251 4252/4252 4254/4254 4253/4253
f 4253/4253 4254/4254 4256/4256 4255/4255
f 4257/4257 4258/4258 4260/4260 4259/4259
f 4259/4259 4260/4260 4262/4262 4261/4261
f 4261/4261 4262/4262 4264/4264 4263/4263
f 4263/4263 4264/4264 4266/4266 4265/4265
f 4265/4265 4266/4266 4268/4268 4267/4267
f 4267/4267 4268/4268 4270/4270 4269/4269
f 4269/4269 4270/4270 4272/4272 4271/4271
f 4271/4271 4272/4272 4274/4274 4273/4273
f 4273/4273 4274/4274 4276/4276 4275/4275
f 4275/4275 4276/4276 4278/4278 4277/4277
f 4277/4277 4278/4278 4280/4280 4279/4279
f 4279/4279 4280/4280 4282/4282 4281/4281
f 4281/4281 4282/4282 4284/4284 4283/4283
f 4283/4283 4284/4284 4286/4286 4285/4285
f 4285/4285 4286/4286 4288/4288 4287/4287
f 4289/4289 4290/4290 4292/4292 4291/4291
f 4291/4291 4292/4292 4294/4294 4293/4293
f 4293/4293 4294/4294 4296/4296 4295/4295
f 4295/4295 4296/4296 4298/4298 4297/4297
f 4297/4297 4298/4298 4300/4300 4299/4299
f 4299/4299 4300/4300 4302/4302 4301/4301
f 4301/4301 4302/4302 4304/4304 4303/4303
f 4303/4303 4304/4304 4306/4306 4305/4305
f 4305/4305 4306/4306 4308/4308 4307/4307
f 4307/4307 4308/4308 4310/4310 4309/4309
f 4309/4309 4310/4310 4312/4312 4311/4311
f 4311/4311 4312/4312 4314/4314 4313/4313
f 4313/4313 4314/4314 4316/4316 4315/4315
f 4315/4315 4316/4316 4318/4318 4317/4317
f 4317/4317 4318/4318 4320/4320 4319/4319
f 4321/4321 4322/4322 4324/4324 4323/4323
f 4323/4323 4324/4324 4326/4326 4325/4325
f 4325/4325 4326/4326 4328/4328 4327/4327
f 4327/4327 4328/4328 4330/4330 4329/4329
f 4329/4329 4330/4330 4332/4332 4331/4331
f 4331/4331 4332/4332 4334/4334 4333/4333
f 4333/4333 4334/4334 4336/4336 4335/4335
f 4335/4335 4336/4336 4338/4338 4337/4337
f 4337/4337 4338/4338 4340/4340 4339/4339
f 4339/4339 4340/4340 4342/4342 4341/4341
f 4341/4341 4342/4342 4344/4344 4343/4343
f 4343/4343 4344/4344 4346/4346 4345/4345
f 4345/4345 4346/4346 4348/4348 4347/4347
f 4347/4347 4348/4348 4350/4350 4349/4349
f 4349/4349 4350/4350 4352/4352 4351/4351
f 4353/4353 4354/4354 4356/4356 4355/4355
f 4355/4355 4356/4356 4358/4358 4357/4357
f 4357/4357 4358/4358 4360/4360 4359/4359
f 4359/4359 4360/4360 4362/4362 4361/4361
f 4361/4361 4362/4362 4364/4364 4363/4363
f 4363/4363 4364/4364 4366/4366 4365/4365
f 4365/4365 4366/4366 4368/4368 4367/4367
f 4367/4367 4368/4368 4370/4370 4369/4369
f 4369/4369 4370/4370 4372/4372 4371/4371
f 4371/4371 4372/4372 4374/4374 4373/4373
f 4373/4373 4374/4374 4376/4376 4375/4375
f 4375/4375 4376/4376 4378/4378 4377/4377
f 4377/4377 4378/4378 4380/4380 4379/4379
f 4379/4379 4380/4380 4382/4382 4381/4381
f 4381/4381 4382/4382 4384/4384 4383/4383
f 4385/4385 4386/4386 4388/4388 4387/4387
f 4387/4387 4388/4388 4390/4390 4389/4389
f 4389/4389 4390/4390 4392/4392 4391/4391
f 4391/4391 4392/4392 4394/4394 4393/4393
f 4393/4393 4394/4394 4396/4396 4395/4395
f 4395/4395 4396/4396 4398/4398 4397/4397
f 4397/4397 4398/4398 4400/4400 4399/4399
f 4399/4399 4400/4400 4402/4402 4401/4401
f 4401/4401 4402/4402 4404/4404 4403/4403
f 4403/4403 4404/4404 4406/4406 4405/4405
f 4405/4405 4406/4406 4408/4408 4407/4407
f 4407/4407 4408/4408 4410/4410 4409/4409
f 4409/4409 4410/4410 4412/4412 4411/4411
f 4411/4411 4412/4412 4414/4414 4413/4413
f 4413/4413 4414/4414 4416/4416 4415/4415
f 4417/4417 4418/4418 4420/4420 4419/4419
f 4419/4419 4420/4420 4422/4422 4421/4421
f 4421/4421 4422/4422 4424/4424 4423/4423
f 4423/4423 4424/4424 4426/4426 4425/4425
f 4425/4425 4426/4426 4428/4428 4427/4427
f 4427/4427 4428/4428 4430/4430 4429/4429
f 4429/4429 4430/4430 4432/4432 4431/4431
f 4431/4431 4432/4432 4434/4434 4433/4433
f 4433/4433 4434/4434 4436/4436 4435/4435
f 4435/4435 4436/4436 4438/4438 4437/4437
f 4437/4437 4438/4438 4440/4440 4439/4439
f 4439/4439 4440/4440 4442/4442 4441/4441
f 4441/4441 4442/4442 4444/4444 4443/4443
f 4443/4443 4444/4444 4446/4446 4445/4445
f 4445/4445 4446/4446 4448/4448 4447/4447
f 4449/4449 4450/4450 4452/4452 4451/4451
f 4451/4451 4452/4452 4454/4454 4453/4453
f 4453/4453 4454/4454 4456/4456 4455/4455
f 4455/4455 4456/4456 4458/4458 4457/4457
f 4457/4457 4458/4458 4460/4460 4459/4459
f 4459/4459 4460/4460 4462/4462 4461/4461
f 4461/4461 4462/4462 4464/4464 4463/4463
f 4463/4463 4464/4464 4466/4466 4465/4465
f 4465/4465 4466/4466 4468/4468 4467/4467
f 4467/4467 4468/4468 4470/4470 4469/4469
f 4469/4469 4470/4470 4472/4472 4471/4471
f 4471/4471 4472/4472 4474/4474 4473/4473
f 4473/4473 4474/4474 4476/4476 4475/4475
f 4475/4475 4476/4476 4478/4478 4477/4477
f 4477/4477 4478/4478 4480/4480 4479/4479
f 4481/4481 4482/4482 4484/4484 4483/4483
f 4483/4483 4484/4484 4486/4486 4485/4485
f 4485/4485 4486/4486 4488/4488 4487/4487
f 4487/4487 4488/4488 4490/4490 4489/4489
f 4489/4489 4490/4490 4492/4492 4491/4491
f 4491/4491 4492/4492 4494/4494 4493/4493
f 4493/4493 4494/4494 4496/4496 4495/4495
f 4495/4495 4496/4496 4498/4498 4497/4497
f 4497/4497 4498/4498 4500/4500 4499/4499
f 4499/4499 4500/4500 4502/4502 4501/4501
f 4501/4501 4502/4502 4504/4504 4503/4503
f 4503/4503 4504/4504 4506/4506 4505/4505
f 4505/4505 4506/4506 4508/4508 4507/4507
f 4507/4507 4508/4508 4510/4510 4509/4509
f 4509/4509 4510/4510 4512/4512 4511/4511
f 4513/4513 4514/4514 4516/4516 4515/4515
f 4515/4515 4516/4516 4518/4518 4517/4517
f 4517/4517 4518/4518 4520/4520 4519/4519
f 4519/4519 4520/4520 4522/4522 4521/4521
f 4521/4521 4522/4522 4524/4524 4523/4523
f 4523/4523 4524/4524 4526/4526 4525/4525
f 4525/4525 4526/4526 4528/4528 4527/4527
f 4527/4527 4528/4528 4530/4530 4529/4529
f 4529/4529 4530/4530 4532/4532 4531/4531
f 4531/4531 4532/4532 4534/4534 4533/4533
f 4533/4533 4534/4534 4536/4536 4535/4535
f 4535/4535 4536/4536 4538/4538 4537/4537
f 4537/4537 4538/4538 4540/4540 4539/4539
f 4539/4539 4540/4540 4542/4542 4541/4541
f 4541/4541 4542/4542 4544/4544 4543/4543
f 4545/4545 4546/4546 4548/4548 4547/4547
f 4547/4547 4548/4548 4550/4550 4549/4549
f 4549/4549 4550/4550 4552/4552 4551/4551
f 4551/4551 4552/4552 4554/4554 4553/4553
f 4553/4553 4554/4554 4556/4556 4555/4555
f 4555/4555 4556/4556 4558/4558 4557/4557
f 4557/4557 4558/4558 4560/4560 4559/4559
f 4559/4559 4560/4560 4562/4562 4561/4561
f 4561/4561 4562/4562 4564/4564 4563/4563
f 4563/4563 4564/4564 4566/4566 4565/4565
f 4565/4565 4566/4566 4568/4568 4567/4567
f 4567/4567 4568/4568 4570/4570 4569/4569
f 4569/4569 4570/4570 4572/4572 4571/4571
f 4571/4571 4572/4572 4574/4574 4573/4573
f 4573/4573 4574/4574 4576/4576 4575/4575
f 4577/4577 4578/4578 4580/4580 4579/4579
f 4579/4579 4580/4580 4582/4582 4581/4581
f 4581/4581 4582/4582 4584/4584 4583/4583
f 4583/4583 4584/4584 4586/4586 4585/4585
f 4585/4585 4586/4586 4588/4588 4587/4587
f 4587/4587 4588/4588 4590/4590 4589/4589
f 4589/4589 4590/4590 4592/4592 4591/4591
f 4591/4591 4592/4592 4594/4594 4593/4593
f 4593/4593 4594/4594 4596/4596 4595/4595
f 4595/4595 4596/4596 4598/4598 4597/4597
f 4597/4597 4598/4598 4600/4600 4599/4599
f 4599/4599 4600/4600 4602/4602 4601/4601
f 4601/4601 4602/4602 4604/4604 4603/4603
f 4603/4603 4604/4604 4606/4606 4605/4605
f 4605/4605 4606/4606 4608/4608 4607/4607
f 4609/4609 4610/4610 4612/4612 4611/4611
f 4611/4611 4612/4612 4614/4614 4613/4613
f 4613/4613 4614/4614 4616/4616 4615/4615
f 4615/4615 4616/4616 4618/4618 4617/4617
f 4617/4617 4618/4618 4620/4620 4619/4619
f 4619/4619 4620/4620 4622/4622 4621/4621
f 4621/4621 4622/4622 4624/4624 4623/4623
f 4623/4623 4624/4624 4626/4626 4625/4625
f 4625/4625 4626/4626 4628/4628 4627/4627
f 4627/4627 4628/4628 4630/4630 4629/4629
f 4629/4629 4630/4630 4632/4632 4631/4631
f 4631/4631 4632/4632 4634/4634 4633/4633
f 4633/4633 4634/4634 4636/4636 4635/4635
f 4635/4635 4636/4636 4638/4638 4637/4637
f 4637/4637 4638/4638 4640/4640 4639/4639
f 4641/4641 4642/4642 4644/4644 4643/4643
f 4643/4643 4644/4644 4646/4646 4645/4645
f 4645/4645 4646/4646 4648/4648 4647/4647
f 4647/4647 4648/4648 4650/4650 4649/4649
f 4649/4649 4650/4650 4652/4652 4651/4651
f 4651/4651 4652/4652 4654/4654 4653/4653
f 4653/4653 4654/4654 4656/4656 4655/4655
f 4655/4655 4656/4656 4658/4658 4657/4657
f 4657/4657 4658/4658 4660/4660 4659/4659
f 4659/4659 4660/4660 4662/4662 4661/4661
f 4661/4661 4662/4662 4664/4664 4663/4663
f 4663/4663 4664/4664 4666/4666 4665/4665
f 4665/4665 4666/4666 4668/4668 4667/4667
f 4667/4667 4668/4668 4670/4670 4669/4669
f 4669/4669 4670/4670 4672/4672 4671/4671
f 4673/4673 4674/4674 4676/4676 4675/4675
f 4675/4675 4676/4676 4678/4678 4677/4677
f 4677/4677 4678/4678 4680/4680 4679/4679
f 4679/4679 4680/4680 4682/4682 4681/4681
f 4681/4681 4682/4682 4684/4684 4683/4683
f 4683/4683 4684/4684 4686/4686 4685/4685
f 4685/4685 4686/4686 4688/4688 4687/4687
f 4687/4687 4688/4688 4690/4690 4689/4689
f 4689/4689 4690/4690 4692/4692 4691/4691
f 4691/4691 4692/4692 4694/4694 4693/4693
f 4693/4693 4694/4694 4696/4696 4695/4695
f 4695/4695 4696/4696 4698/4698 4697/4697
f 4697/4697 4698/4698 4700/4700 4699/4699
f 4699/4699 4700/4700 4702/4702 4701/4701
f 4701/4701 4702/4702 4704/4704 4703/4703
f 4705/4705 4706/4706 4708/4708 4707/4707
f 4707/4707 4708/4708 4710/4710 4709/4709
f 4709/4709 4710/4710 4712/4712 4711/4711
f 4711/4711 4712/4712 4714/4714 4713/4713
f 4713/4713 4714/4714 4716/4716 4715/4715
f 4715/4715 4716/4716 4718/4718 4717/4717
f 4717/4717 4718/4718 4720/4720 4719/4719
f 4719/4719 4720/4720 4722/4722 4721/4721
f 4721/4721 4722/4722 4724/4724 4723/4723
f 4723/4723 4724/4724 4726/4726 4725/4725
f 4725/4725 4726/4726 4728/4728 4727/4727
f 4727/4727 4728/4728 4730/4730 4729/4729
f 4729/4729 4730/4730 4732/4732 4731/4731
f 4731/4731 4732/4732 4734/4734 4733/4733
f 4733/4733 4734/4734 4736/4736 4735/4735
f 4737/4737 4738/4738 4740/4740 4739/4739
f 4739/4739 4740/4740 4742/4742 4741/4741
f 4741/4741 4742/4742 4744/4744 4743/4743
f 4743/4743 4744/4744 4746/4746 4745/4745
f 4745/4745 4746/4746 4748/4748 4747/4747
f 4747/4747 4748/4748 4750/4750 4749/4749
f 4749/4749 4750/4750 4752/4752 4751/4751
f 4751/4751 4752/4752 4754/4754 4753/4753
f 4753/4753 4754/4754 4756/4756 4755/4755
f 4755/4755 4756/4756 4758/4758 4757/4757
f 4757/4757 4758/4758 4760/4760 4759/4759
f 4759/4759 4760/4760 4762/4762 4761/4761
f 4761/4761 4762/4762 4764/4764 4763/4763
f 4763/4763 4764/4764 4766/4766 4765/4765
f 4765/4765 4766/4766 4768/4768 4767/4767
f 4769/4769 4770/4770 4772/4772 4771/4771
f 4771/4771 4772/4772 4774/4774 4773/4773
f 4773/4773 4774/4774 4776/4776 4775/4775
f 4775/4775 4776/4776 4778/4778 4777/4777
f 4777/4777 4778/4778 4780/4780 4779/4779
f 4779/4779 4780/4780 4782/4782 4781/4781
f 4781/4781 4782/4782 4784/4784 4783/4783
f 4783/4783 4784/4784 4786/4786 4785/4785
f 4785/4785 4786/4786 4788/4788 4787/4787
f 4787/4787 4788/4788 4790/4790 4789/4789
f 4789/4789 4790/4790 4792/4792 4791/4791
f 4791/4791 4792/4792 4794/4794 4793/4793
f 4793/4793 4794/4794 4796/4796 4795/4795
f 4795/4795 4796/4796 4798/4798 4797/4797
f 4797/4797 4798/4798 4800/4800 4799/4799
f 4801/4801 4802/4802 4804/4804 4803/4803
f 4803/4803 4804/4804 4806/4806 4805/4805
f 4805/4805 4806/4806 4808/4808 4807/4807
f 4807/4807 4808/4808 4810/4810 4809/4809
f 4809/4809 4810/4810 4812/4812 4811/4811
f 4811/4811 4812/4812 4814/4814 4813/4813
f 4813/4813 4814/4814 4816/4816 4815/4815
f 4815/4815 4816/4816 4818/4818 4817/4817
f 4817/4817 4818/4818 4820/4820 4819/4819
f 4819/4819 4820/4820 4822/4822 4821/4821
f 4821/4821 4822/4822 4824/4824 4823/4823
f 4823/4823 4824/4824 4826/4826 4825/4825
f 4825/4825 4826/4826 4828/4828 4827/4827
f 4827/4827 4828/4828 4830/4830 4829/4829
f 4829/4829 4830/4830 4832/4832 4831/4831
f 4833/4833 4834/4834 4836/4836 4835/4835
f 4835/4835 4836/4836 4838/4838 4837/4837
f 4837/4837 4838/4838 4840/4840 4839/4839
f 4839/4839 4840/4840 4842/4842 4841/4841
f 4841/4841 4842/4842 4844/4844 4843/4843
f 4843/4843 4844/4844 4846/4846 4845/4845
f 4845/4845 4846/4846 4848/4848 4847/4847
f 4847/4847 4848/4848 4850/4850 4849/4849
f 4849/4849 4850/4850 4852/4852 4851/4851
f 4851/4851 4852/4852 4854/4854 4853/4853
f 4853/4853 4854/4854 4856/4856 4855/4855
f 4855/4855 4856/4856 4858/4858 4857/4857
f 4857/4857 4858/4858 4860/4860 4859/4859
f 4859/4859 4860/4860 4862/4862 4861/4861
f 4861/4861 4862/4862 4864/4864 4863/4863
f 4865/4865 4866/4866 4868/4868 4867/4867
f 4867/4867 4868/4868 4870/4870 4869/4869
f 4869/4869 4870/4870 4872/4872 4871/4871
f 4871/4871 4872/4872 4874/4874 4873/4873
f 4873/4873 4874/4874 4876/4876 4875/4875
f 4875/4875 4876/4876 4878/4878 4877/4877
f 4877/4877 4878/4878 4880/4880 4879/4879
f 4879/4879 4880/4880 4882/4882 4881/4881
f 4881/4881 4882/4882 4884/4884 4883/4883
f 4883/4883 4884/4884 4886/4886 4885/4885
f 4885/4885 4886/4886 4888/4888 4887/4887
f 4887/4887 4888/4888 4890/4890 4889/4889
f 4889/4889 4890/4890 4892/4892 4891/4891
f 4891/4891 4892/4892 4894/4894 4893/4893
f 4893/4893 4894/4894 4896/4896 4895/4895
f 4897/4897 4898/4898 4900/4900 4899/4899
f 4899/4899 4900/4900 4902/4902 4901/4901
f 4901/4901 4902/4902 4904/4904 4903/4903
f 4903/4903 4904/4904 4906/4906 4905/4905
f 4905/4905 4906/4906 4908/4908 4907/4907
f 4907/4907 4908/4908 4910/4910 4909/4909
f 4909/4909 4910/4910 4912/4912 4911/4911
f 4911/4911 4912/4912 4914/4914 4913/4913
f 4913/4913 4914/4914 4916/4916 4915/4915
f 4915/4915 4916/4916 4918/4918 4917/4917
f 4917/4917 4918/4918 4920/4920 4919/4919
f 4919/4919 4920/4920 4922/4922 4921/4921
f 4921/4921 4922/4922 4924/4924 4923/4923
f 4923/4923 4924/4924 4926/4926 4925/4925
f 4925/4925 4926/4926 4928/4928 4927/4927
f 4929/4929 4930/4930 4932/4932 4931/4931
f 4931/4931 4932/4932 4934/4934 4933/4933
f 4933/4933 4934/4934 4936/4936 4935/4935
f 4935/4935 4936/4936 4938/4938 4937/4937
f 4937/4937 4938/4938 4940/4940 4939/4939
f 4939/4939 4940/4940 4942/4942 4941/4941
f 4941/4941 4942/4942 4944/4944 4943/4943
f 4943/4943 4944/4944 4946/4946 4945/4945
f 4945/4945 4946/4946 4948/4948 4947/4947
f 4947/4947 4948/4948 4950/4950 4949/4949
f 4949/4949 4950/4950 4952/4952 4951/4951
f 4951/4951 4952/4952 4954/4954 4953/4953
f 4953/4953 4954/4954 4956/4956 4955/4955
f 4955/4955 4956/4956 4958/4958 4957/4957
f 4957/4957 4958/4958 4960/4960 4959/4959
f 4961/4961 4962/4962 4964/4964 4963/4963
f 4963/4963 4964/4964 4966/4966 4965/4965
f 4965/4965 4966/4966 4968/4968 4967/4967
f 4967/4967 4968/4968 4970/4970 4969/4969
f 4969/4969 4970/4970 4972/4972 4971/4971
f 4971/4971 4972/4972 4974/4974 4973/4973
f 4973/4973 4974/4974 4976/4976 4975/4975
f 4975/4975 4976/4976 4978/4978 4977/4977
f 4977/4977 4978/4978 4980/4980 4979/4979
f 4979/4979 4980/4980 4982/4982 4981/4981
f 4981/4981 4982/4982 4984/4984 4983/4983
f 4983/4983 4984/4984 4986/4986 4985/4985
f 4985/4985 4986/4986 4988/4988 4987/4987
f 4987/4987 4988/4988 4990/4990 4989/4989
f 4989/4989 4990/4990 4992/4992 4991/4991
f 4993/4993 4994/4994 4996/4996 4995/4995
f 4995/4995 4996/4996 4998/4998 4997/4997
f 4997/4997 4998/4998 5000/5000 4999/4999
f 4999/4999 5000/5000 5002/5002 5001/5001
f 5001/5001 5002/5002 5004/5004 5003/5003
f 5003/5003 5004/5004 5006/5006 5005/5005
f 5005/5005 5006/5006 5008/5008 5007/5007
f 5007/5007 5008/5008 5010/5010 5009/5009
f 5009/5009 5010/5010 5012/5012 5011/5011
f 5011/5011 5012/5012 5014/5014 5013/5013
f 5013/5013 5014/5014 5016/5016 5015/5015
f 5015/5015 5016/5016 5018/5018 5017/5017
f 5017/5017 5018/5018 5020/5020 5019/5019
f 5019/5019 5020/5020 5022/5022 5021/5021
f 5021/5021 5022/5022 5024/5024 5023/5023
f 5025/5025 5026/5026 5028/5028 5027/5027
f 5027/5027 5028/5028 5030/5030 5029/5029
f 5029/5029 5030/5030 5032/5032 5031/5031
f 5031/5031 5032/5032 5034/5034 5033/5033
f 5033/5033 5034/5034 5036/5036 5035/5035
f 5035/5035 5036/5036 5038/5038 5037/5037
f 5037/5037 5038/5038 5040/5040 5039/5039
f 5039/5039 5040/5040 5042/5042 5041/5041
f 5041/5041 5042/5042 5044/5044 5043/5043
f 5043/5043 5044/5044 5046/5046 5045/5045
f 5045/5045 5046/5046 5048/5048 5047/5047
f 5047/5047 5048/5048 5050/5050 5049/5049
f 5049/5049 5050/5050 5052/5052 5051/5051
f 5051/5051 5052/5052 5054/5054 5053/5053
f 5053/5053 5054/5054 5056/5056 5055/5055
f 5057/5057 5058/5058 5060/5060 5059/5059
f 5059/5059 5060/5060 5062/5062 5061/5061
f 5061/5061 5062/5062 5064/5064 5063/5063
f 5063/5063 5064/5064 5066/5066 5065/5065
f 5065/5065 5066/5066 5068/5068 5067/5067
f 5067/5067 5068/5068 5070/5070 5069/5069
f 5069/5069 5070/5070 5072/5072 5071/5071
f 5071/5071 5072/5072 5074/5074 5073/5073
f 5073/5073 5074/5074 5076/5076 5075/5075
f 5075/5075 5076/5076 5078/5078 5077/5077
f 5077/5077 5078/5078 5080/5080 5079/5079
f 5079/5079 5080/5080 5082/5082 5081/5081
f 5081/5081 5082/5082 5084/5084 5083/5083
f 5083/5083 5084/5084 5086/5086 5085/5085
f 5085/5085 5086/5086 5088/5088 5087/5087
f 5089/5089 5090/5090 5092/5092 5091/5091
f 5091/5091 5092/5092 5094/5094 5093/5093
f 5093/5093 5094/5094 5096/5096 5095/5095
f 5095/5095 5096/5096 5098/5098 5097/5097
f 5097/5097 5098/5098 5100/5100 5099/5099
f 5099/5099 5100/5100 5102/5102 5101/5101
f 5101/5101 5102/5102 5104/5104 5103/5103
f 5103/5103 5104/5104 5106/5106 5105/5105
f 5105/5105 5106/5106 5108/5108 5107/5107
f 5107/5107 5108/5108 5110/5110 5109/5109
f 5109/5109 5110/5110 5112/5112 5111/5111
f 5111/5111 5112/5112 5114/5114 5113/5113
f 5113/5113 5114/5114 5116/5116 5115/5115
f 5115/5115 5116/5116 5118/5118 5117/5117
f 5117/5117 5118/5118 5120/5120 5119/5119
f 5121/5121 5122/5122 5124/5124 5123/5123
f 5123/5123 5124/5124 5126/5126 5125/5125
f 5125/5125 5126/5126 5128/5128 5127/5127
f 5127/5127 5128/5128 5130/5130 5129/5129
f 5129/5129 5130/5130 5132/5132 5131/5131
f 5131/5131 5132/5132 5134/5134 5133/5133
f 5133/5133 5134/5134 5136/5136 5135/5135
f 5135/5135 5136/5136 5138/5138 5137/5137
f 5137/5137 5138/5138 5140/5140 5139/5139
f 5139/5139 5140/5140 5142/5142 5141/5141
f 5141/5141 5142/5142 5144/5144 5143/5143
f 5143/5143 5144/5144 5146/5146 5145/5145
f 5145/5145 5146/5146 5148/5148 5147/5147
f 5147/5147 5148/5148 5150/5150 5149/5149
f 5149/5149 5150/5150 5152/5152 5151/5151
f 5153/5153 5154/5154 5156/5156 5155/5155
f 5155/5155 5156/5156 5158/5158 5157/5157
f 5157/5157 5158/5158 5160/5160 5159/5159
f 5159/5159 5160/5160 5162/5162 5161/5161
f 5161/5161 5162/5162 5164/5164 5163/5163
f 5163/5163 5164/5164 5166/5166 5165/5165
f 5165/5165 5166/5166 5168/5168 5167/5167
f 5167/5167 5168/5168 5170/5170 5169/5169
f 5169/5169 5170/5170 5172/5172 5171/5171
f 5171/5171 5172/5172 5174/5174 5173/5173
f 5173/5173 5174/5174 5176/5176 5175/5175
f 5175/5175 5176/5176 5178/5178 5177/5177
f 5177/5177 5178/5178 5180/5180 5179/5179
f 5179/5179 5180/5180 5182/5182 5181/5181
f 5181/5181 5182/5182 5184/5184 5183/5183
f 5185/5185 5186/5186 5188/5188 5187/5187
f 5187/5187 5188/5188 5190/5190 5189/5189
f 5189/5189 5190/5190 5192/5192 5191/5191
f 5191/5191 5192/5192 5194/5194 5193/5193
f 5193/5193 5194/5194 5196/5196 5195/5195
f 5195/5195 5196/5196 5198/5198 5197/5197
f 5197/5197 5198/5198 5200/5200 5199/5199
f 5199/5199 5200/5200 5202/5202 5201/5201
f 5201/5201 5202/5202 5204/5204 5203/5203
f 5203/5203 5204/5204 5206/5206 5205/5205
f 5205/5205 5206/5206 5208/5208 5207/5207
f 5207/5207 5208/5208 5210/5210 5209/5209
f 5209/5209 5210/5210 5212/5212 5211/5211
f 5211/5211 5212/5212 5214/5214 5213/5213
f 5213/5213 5214/5214 5216/5216 5215/5215
f 5217/5217 5218/5218 5220/5220 5219/5219
f 5219/5219 5220/5220 5222/5222 5221/5221
f 5221/5221 5222/5222 5224/5224 5223/5223
f 5223/5223 5224/5224 5226/5226 5225/5225
f 5225/5225 5226/5226 5228/5228 5227/5227
f 5227/5227 5228/5228 5230/5230 5229/5229
f 5229/5229 5230/5230 5232/5232 5231/5231
f 5231/5231 5232/5232 5234/5234 5233/5233
f 5233/5233 5234/5234 5236/5236 5235/5235
f 5235/5235 5236/5236 5238/5238 5237/5237
f 5237/5237 5238/5238 5240/5240 5239/5239
f 5239/5239 5240/5240 5242/5242 5241/5241
f 5241/5241 5242/5242 5244/5244 5243/5243
f 5243/5243 5244/5244 5246/5246 5245/5245
f 5245/5245 5246/5246 5248/5248 5247/5247
f 5249/5249 5250/5250 5252/5252 5251/5251
f 5251/5251 5252/5252 5254/5254 5253/5253
f 5253/5253 5254/5254 5256/5256 5255/5255
f 5255/5255 5256/5256 5258/5258 5257/5257
f 5257/5257 5258/5258 5260/5260 5259/5259
f 5259/5259 5260/5260 5262/5262 5261/5261
f 5261/5261 5262/5262 5264/5264 5263/5263
f 5263/5263 5264/5264 5266/5266 5265/5265
f 5265/5265 5266/5266 5268/5268 5267/5267
f 5267/5267 5268/5268 5270/5270 5269/5269
f 5269/5269 5270/5270 5272/5272 5271/5271
f 5271/5271 5272/5272 5274/5274 5273/5273
f 5273/5273 5274/5274 5276/5276 5275/5275
f 5275/5275 5276/5276 5278/5278 5277/5277
f 5277/5277 5278/5278 5280/5280 5279/5279
f 5281/5281 5282/5282 5284/5284 5283/5283
f 5283/5283 5284/5284 5286/5286 5285/5285
f 5285/5285 5286/5286 5288/5288 5287/5287
f 5287/5287 5288/5288 5290/5290 5289/5289
f 5289/5289 5290/5290 5292/5292 5291/5291
f 5291/5291 5292/5292 5294/5294 5293/5293
f 5293/5293 5294/5294 5296/5296 5295/5295
f 5295/5295 5296/5296 5298/5298 5297/5297
f 5297/5297 5298/5298 5300/5300 5299/5299
f 5299/5299 5300/5300 5302/5302 5301/5301
f 5301/5301 5302/5302 5304/5304 5303/5303
f 5303/5303 5304/5304 5306/5306 5305/5305
f 5305/5305 5306/5306 5308/5308 5307/5307
f 5307/5307 5308/5308 5310/5310 5309/5309
f 5309/5309 5310/5310 5312/5312 5311/5311
f 5313/5313 5314/5314 5316/5316 5315/5315
f 5315/5315 5316/5316 5318/5318 5317/5317
f 5317/5317 5318/5318 5320/5320 5319/5319
f 5319/5319 5320/5320 5322/5322 5321/5321
f 5321/5321 5322/5322 5324/5324 5323/5323
f 5323/5323 5324/5324 5326/5326 5325/5325
f 5325/5325 5326/5326 5328/5328 5327/5327
f 5327/5327 5328/5328 5330/5330 5329/5329
f 5329/5329 5330/5330 5332/5332 5331/5331
f 5331/5331 5332/5332 5334/5334 5333/5333
f 5333/5333 5334/5334 5336/5336 5335/5335
f 5335/5335 5336/5336 5338/5338 5337/5337
f 5337/5337 5338/5338 5340/5340 5339/5339
f 5339/5339 5340/5340 5342/5342 5341/5341
f 5341/5341 5342/5342 5344/5344 5343/5343
f 5345/5345 5346/5346 5348/5348 5347/5347
f 5347/5347 5348/5348 5350/5350 5349/5349
f 5349/5349 5350/5350 5352/5352 5351/5351
f 5351/5351 5352/5352 5354/5354 5353/5353
f 5353/5353 5354/5354 5356/5356 5355/5355
f 5355/5355 5356/5356 5358/5358 5357/5357
f 5357/5357 5358/5358 5360/5360 5359/5359
f 5359/5359 5360/5360 5362/5362 5361/5361
f 5361/5361 5362/5362 5364/5364 5363/5363
f 5363/5363 5364/5364 5366/5366 5365/5365
f 5365/5365 5366/5366 5368/5368 5367/5367
f 5367/5367 5368/5368 5370/5370 5369/5369
f 5369/5369 5370/5370 5372/5372 5371/5371
f 5371/5371 5372/5372 5374/5374 5373/5373
f 5373/5373 5374/5374 5376/5376 5375/5375
f 5377/5377 5378/5378 5380/5380 5379/5379
f 5379/5379 5380/5380 5382/5382 5381/5381
f 5381/5381 5382/5382 5384/5384 5383/5383
f 5383/5383 5384/5384 5386/5386 5385/5385
f 5385/5385 5386/5386 5388/5388 5387/5387
f 5387/5387 5388/5388 5390/5390 5389/5389
f 5389/5389 5390/5390 5392/5392 5391/5391
f 5391/5391 5392/5392 5394/5394 5393/5393
f 5393/5393 5394/5394 5396/5396 5395/5395
f 5395/5395 5396/5396 5398/5398 5397/5397
f 5397/5397 5398/5398 5400/5400 5399/5399
f 5399/5399 5400/5400 5402/5402 5401/5401
f 5401/5401 5402/5402 5404/5404 5403/5403
f 5403/5403 5404/5404 5406/5406 5405/5405
f 5405/5405 5406/5406 5408/5408 5407/5407
f 5409/5409 5410/5410 5412/5412 5411/5411
f 5411/5411 5412/5412 5414/5414 5413/5413
f 5413/5413 5414/5414 5416/5416 5415/5415
f 5415/5415 5416/5416 5418/5418 5417/5417
f 5417/5417 5418/5418 5420/5420 5419/5419
f 5419/5419 5420/5420 5422/5422 5421/5421
f 5421/5421 5422/5422 5424/5424 5423/5423
f 5423/5423 5424/5424 5426/5426 5425/5425
f 5425/5425 5426/5426 5428/5428 5427/5427
f 5427/5427 5428/5428 5430/5430 5429/5429
f 5429/5429 5430/5430 5432/5432 5431/5431
f 5431/5431 5432/5432 5434/5434 5433/5433
f 5433/5433 5434/5434 5436/5436 5435/5435
f 5435/5435 5436/5436 5438/5438 5437/5437
f 5437/5437 5438/5438 5440/5440 5439/5439
f 5441/5441 5442/5442 5444/5444 5443/5443
f 5443/5443 5444/5444 5446/5446 5445/5445
f 5445/5445 5446/5446 5448/5448 5447/5447
f 5447/5447 5448/5448 5450/5450 5449/5449
f 5449/5449 5450/5450 5452/5452 5451/5451
f 5451/5451 5452/5452 5454/5454 5453/5453
f 5453/5453 5454/5454 5456/5456 5455/5455
f 5455/5455 5456/5456 5458/5458 5457/5457
f 5457/5457 5458/5458 5460/5460 5459/5459
f 5459/5459 5460/5460 5462/5462 5461/5461
f 5461/5461 5462/5462 5464/5464 5463/5463
f 5463/5463 5464/5464 5466/5466 5465/5465
f 5465/5465 5466/5466 5468/5468 5467/5467
f 5467/5467 5468/5468 5470/5470 5469/5469
f 5469/5469 5470/5470 5472/5472 5471/5471
f 5473/5473 5474/5474 5476/5476 5475/5475
f 5475/5475 5476/5476 5478/5478 5477/5477
f 5477/5477 5478/5478 5480/5480 5479/5479
f 5479/5479 5480/5480 5482/5482 5481/5481
f 5481/5481 5482/5482 5484/5484 5483/5483
f 5483/5483 5484/5484 5486/5486 5485/5485
f 5485/5485 5486/5486 5488/5488 5487/5487
f 5487/5487 5488/5488 5490/5490 5489/5489
f 5489/5489 5490/5490 5492/5492 5491/5491
f 5491/5491 5492/5492 5494/5494 5493/5493
f 5493/5493 5494/5494 5496/5496 5495/5495
f 5495/5495 5496/5496 5498/5498 5497/5497
f 5497/5497 5498/5498 5500/5500 5499/5499
f 5499/5499 5500/5500 5502/5502 5501/5501
f 5501/5501 5502/5502 5504/5504 5503/5503
f 5505/5505 5506/5506 5508/5508 5507/5507
f 5507/5507 5508/5508 5510/5510 5509/5509
f 5509/5509 5510/5510 5512/5512 5511/5511
f 5511/5511 5512/5512 5514/5514 5513/5513
f 5513/5513 5514/5514 5516/5516 5515/5515
f 5515/5515 5516/5516 5518/5518 5517/5517
f 5517/5517 5518/5518 5520/5520 5519/5519
f 5519/5519 5520/5520 5522/5522 5521/5521
f 5521/5521 5522/5522 5524/5524 5523/5523
f 5523/5523 5524/5524 5526/5526 5525/5525
f 5525/5525 5526/5526 5528/5528 5527/5527
f 5527/5527 5528/5528 5530/5530 5529/5529
f 5529/5529 5530/5530 5532/5532 5531/5531
f 5531/5531 5532/5532 5534/5534 5533/5533
f 5533/5533 5534/5534 5536/5536 5535/5535
f 5537/5537 5538/5538 5540/5540 5539/5539
f 5539/5539 5540/5540 5542/5542 5541/5541
f 5541/5541 5542/5542 5544/5544 5543/5543
f 5543/5543 5544/5544 5546/5546 5545/5545
f 5545/5545 5546/5546 5548/5548 5547/5547
f 5547/5547 5548/5548 5550/5550 5549/5549
f 5549/5549 5550/5550 5552/5552 5551/5551
f 5551/5551 5552/5552 5554/5554 5553/5553
f 5553/5553 5554/5554 5556/5556 5555/5555
f 5555/5555 5556/5556 5558/5558 5557/5557
f 5557/5557 5558/5558 5560/5560 5559/5559
f 5559/5559 5560/5560 5562/5562 5561/5561
f 5561/5561 5562/5562 5564/5564 5563/5563
f 5563/5563 5564/5564 5566/5566 5565/5565
f 5565/5565 5566/5566 5568/5568 5567/5567
f 5569/5569 5570/5570 5572/5572 5571/5571
f 5571/5571 5572/5572 5574/5574 5573/5573
f 5573/5573 5574/5574 5576/5576 5575/5575
f 5575/5575 5576/5576 5578/5578 5577/5577
f 5577/5577 5578/5578 5580/5580 5579/5579
f 5579/5579 5580/5580 5582/5582 5581/5581
f 5581/5581 5582/5582 5584/5584 5583/5583
f 5583/5583 5584/5584 5586/5586 5585/5585
f 5585/5585 5586/5586 5588/5588 5587/5587
f 5587/5587 5588/5588 5590/5590 5589/5589
f 5589/5589 5590/5590 5592/5592 5591/5591
f 5591/5591 5592/5592 5594/5594 5593/5593
f 5593/5593 5594/5594 5596/5596 5595/5595
f 5595/5595 5596/5596 5598/5598 5597/5597
f 5597/5597 5598/5598 5600/5600 5599/5599
f 5601/5601 5602/5602 5604/5604 5603/5603
f 5603/5603 5604/5604 5606/5606 5605/5605
f 5605/5605 5606/5606 5608/5608 5607/5607
f 5607/5607 5608/5608 5610/5610 5609/5609
f 5609/5609 5610/5610 5612/5612 5611/5611
f 5611/5611 5612/5612 5614/5614 5613/5613
f 5613/5613 5614/5614 5616/5616 5615/5615
f 5615/5615 5616/5616 5618/5618 5617/5617
f 5617/5617 5618/5618 5620/5620 5619/5619
f 5619/5619 5620/5620 5622/5622 5621/5621
f 5621/5621 5622/5622 5624/5624 5623/5623
f 5623/5623 5624/5624 5626/5626 5625/5625
f 5625/5625 5626/5626 5628/5628 5627/5627
f 5627/5627 5628/5628 5630/5630 5629/5629
f 5629/5629 5630/5630 5632/5632 5631/5631
f 5633/5633 5634/5634 5636/5636 5635/5635
f 5635/5635 5636/5636 5638/5638 5637/5637
f 5637/5637 5638/5638 5640/5640 5639/5639
f 5639/5639 5640/5640 5642/5642 5641/5641
f 5641/5641 5642/5642 5644/5644 5643/5643
f 5643/5643 5644/5644 5646/5646 5645/5645
f 5645/5645 5646/5646 5648/5648 5647/5647
f 5647/5647 5648/5648 5650/5650 5649/5649
f 5649/5649 5650/5650 5652/5652 5651/5651
f 5651/5651 5652/5652 5654/5654 5653/5653
f 5653/5653 5654/5654 5656/5656 5655/5655
f 5655/5655 5656/5656 5658/5658 5657/5657
f 5657/5657 5658/5658 5660/5660 5659/5659
f 5659/5659 5660/5660 5662/5662 5661/5661
f 5661/5661 5662/5662 5664/5664 5663/5663
f 5665/5665 5666/5666 5668/5668 5667/5667
f 5667/5667 5668/5668 5670/5670 5669/5669
f 5669/5669 5670/5670 5672/5672 5671/5671
f 5671/5671 5672/5672 5674/5674 5673/5673
f 5673/5673 5674/5674 5676/5676 5675/5675
f 5675/5675 5676/5676 5678/5678 5677/5677
f 5677/5677 5678/5678 5680/5680 5679/5679
f 5679/5679 5680/5680 5682/5682 5681/5681
f 5681/5681 5682/5682 5684/5684 5683/5683
f 5683/5683 5684/5684 5686/5686 5685/5685
f 5685/5685 5686/5686 5688/5688 5687/5687
f 5687/5687 5688/5688 5690/5690 5689/5689
f 5689/5689 5690/5690 5692/5692 5691/5691
f 5691/5691 5692/5692 5694/5694 5693/5693
f 5693/5693 5694/5694 5696/5696 5695/5695
f 5697/5697 5698/5698 5700/5700 5699/5699
f 5699/5699 5700/5700 5702/5702 5701/5701
f 5701/5701 5702/5702 5704/5704 5703/5703
f 5703/5703 5704/5704 5706/5706 5705/5705
f 5705/5705 5706/5706 5708/5708 5707/5707
f 5707/5707 5708/5708 5710/5710 5709/5709
f 5709/5709 5710/5710 5712/5712 5711/5711
f 5711/5711 5712/5712 5714/5714 5713/5713
f 5713/5713 5714/5714 5716/5716 5715/5715
f 5715/5715 5716/5716 5718/5718 5717/5717
f 5717/5717 5718/5718 5720/5720 5719/5719
f 5719/5719 5720/5720 5722/5722 5721/5721
f 5721/5721 5722/5722 5724/5724 5723/5723
f 5723/5723 5724/5724 5726/5726 5725/5725
f 5725/5725 5726/5726 5728/5728 5727/5727
f 5729/5729 5730/5730 5732/5732 5731/5731
f 5731/5731 5732/5732 5734/5734 5733/5733
f 5733/5733 5734/5734 5736/5736 5735/5735
f 5735/5735 5736/5736 5738/5738 5737/5737
f 5737/5737 5738/5738 5740/5740 5739/5739
f 5739/5739 5740/5740 5742/5742 5741/5741
f 5741/5741 5742/5742 5744/5744 5743/5743
f 5743/5743 5744/5744 5746/5746 5745/5745
f 5745/5745 5746/5746 5748/5748 5747/5747
f 5747/5747 5748/5748 5750/5750 5749/5749
f 5749/5749 5750/5750 5752/5752 5751/5751
f 5751/5751 5752/5752 5754/5754 5753/5753
f 5753/5753 5754/5754 5756/5756 5755/5755
f 5755/5755 5756/5756 5758/5758 5757/5757
f 5757/5757 5758/5758 5760/5760 5759/5759
f 5761/5761 5762/5762 5764/5764 5763/5763
f 5763/5763 5764/5764 5766/5766 5765/5765
f 5765/5765 5766/5766 5768/5768 5767/5767
f 5767/5767 5768/5768 5770/5770 5769/5769
f 5769/5769 5770/5770 5772/5772 5771/5771
f 5771/5771 5772/5772 5774/5774 5773/5773
f 5773/5773 5774/5774 5776/5776 5775/5775
f 5775/5775 5776/5776 5778/5778 5777/5777
f 5777/5777 5778/5778 5780/5780 5779/5779
f 5779/5779 5780/5780 5782/5782 5781/5781
f 5781/5781 5782/5782 5784/5784 5783/5783
f 5783/5783 5784/5784 5786/5786 5785/5785
f 5785/5785 5786/5786 5788/5788 5787/5787
f 5787/5787 5788/5788 5790/5790 5789/5789
f 5789/5789 5790/5790 5792/5792 5791/5791
f 5793/5793 5794/5794 5796/5796 5795/5795
f 5795/5795 5796/5796 5798/5798 5797/5797
f 5797/5797 5798/5798 5800/5800 5799/5799
f 5799/5799 5800/5800 5802/5802 5801/5801
f 5801/5801 5802/5802 5804/5804 5803/5803
f 5803/5803 5804/5804 5806/5806 5805/5805
f 5805/5805 5806/5806 5808/5808 5807/5807
f 5807/5807 5808/5808 5810/5810 5809/5809
f 5809/5809 5810/5810 5812/5812 5811/5811
f 5811/5811 5812/5812 5814/5814 5813/5813
f 5813/5813 5814/5814 5816/5816 5815/5815
f 5815/5815 5816/5816 5818/5818 5817/5817
f 5817/5817 5818/5818 5820/5820 5819/5819
f 5819/5819 5820/5820 5822/5822 5821/5821
f 5821/5821 5822/5822 5824/5824 5823/5823
f 5825/5825 5826/5826 5828/5828 5827/5827
f 5827/5827 5828/5828 5830/5830 5829/5829
f 5829/5829 5830/5830 5832/5832 5831/5831
f 5831/5831 5832/5832 5834/5834 5833/5833
f 5833/5833 5834/5834 5836/5836 5835/5835
f 5835/5835 5836/5836 5838/5838 5837/5837
f 5837/5837 5838/5838 5840/5840 5839/5839
f 5839/5839 5840/5840 5842/5842 5841/5841
f 5841/5841 5842/5842 5844/5844 5843/5843
f 5843/5843 5844/5844 5846/5846 5845/5845
f 5845/5845 5846/5846 5848/5848 5847/5847
f 5847/5847 5848/5848 5850/5850 5849/5849
f 5849/5849 5850/5850 5852/5852 5851/5851
f 5851/5851 5852/5852 5854/5854 5853/5853
f 5853/5853 5854/5854 5856/5856 5855/5855
f 5857/5857 5858/5858 5860/5860 5859/5859
f 5859/5859 5860/5860 5862/5862 5861/5861
f 5861/5861 5862/5862 5864/5864 5863/5863
f 5863/5863 5864/5864 5866/5866 5865/5865
f 5865/5865 5866/5866 5868/5868 5867/5867
f 5867/5867 5868/5868 5870/5870 5869/5869
f 5869/5869 5870/5870 5872/5872 5871/5871
f 5871/5871 5872/5872 5874/5874 5873/5873
f 5873/5873 5874/5874 5876/5876 5875/5875
f 5875/5875 5876/5876 5878/5878 5877/5877
f 5877/5877 5878/5878 5880/5880 5879/5879
f 5879/5879 5880/5880 5882/5882 5881/5881
f 5881/5881 5882/5882 5884/5884 5883/5883
f 5883/5883 5884/5884 5886/5886 5885/5885
f 5885/5885 5886/5886 5888/5888 5887/5887
f 5889/5889 5890/5890 5892/5892 5891/5891
f 5891/5891 5892/5892 5894/5894 5893/5893
f 5893/5893 5894/5894 5896/5896 5895/5895
f 5895/5895 5896/5896 5898/5898 5897/5897
f 5897/5897 5898/5898 5900/5900 5899/5899
f 5899/5899 5900/5900 5902/5902 5901/5901
f 5901/5901 5902/5902 5904/5904 5903/5903
f 5903/5903 5904/5904 5906/5906 5905/5905
f 5905/5905 5906/5906 5908/5908 5907/5907
f 5907/5907 5908/5908 5910/5910 5909/5909
f 5909/5909 5910/5910 5912/5912 5911/5911
f 5911/5911 5912/5912 5914/5914 5913/5913
f 5913/5913 5914/5914 5916/5916 5915/5915
f 5915/5915 5916/5916 5918/5918 5917/5917
f 5917/5917 5918/5918 5920/5920 5919/5919
f 5921/5921 5922/5922 5924/5924 5923/5923
f 5923/5923 5924/5924 5926/5926 5925/5925
f 5925/5925 5926/5926 5928/5928 5927/5927
f 5927/5927 5928/5928 5930/5930 5929/5929
f 5929/5929 5930/5930 5932/5932 5931/5931
f 5931/5931 5932/5932 5934/5934 5933/5933
f 5933/5933 5934/5934 5936/5936 5935/5935
f 5935/5935 5936/5936 5938/5938 5937/5937
f 5937/5937 5938/5938 5940/5940 5939/5939
f 5939/5939 5940/5940 5942/5942 5941/5941
f 5941/5941 5942/5942 5944/5944 5943/5943
f 5943/5943 5944/5944 5946/5946 5945/5945
f 5945/5945 5946/5946 5948/5948 5947/5947
f 5947/5947 5948/5948 5950/5950 5949/5949
f 5949/5949 5950/5950 5952/5952 5951/5951
f 5953/5953 5954/5954 5956/5956 5955/5955
f 5955/5955 5956/5956 5958/5958 5957/5957
f 5957/5957 5958/5958 5960/5960 5959/5959
f 5959/5959 5960/5960 5962/5962 5961/5961
f 5961/5961 5962/5962 5964/5964 5963/5963
f 5963/5963 5964/5964 5966/5966 5965/5965
f 5965/5965 5966/5966 5968/5968 5967/5967
f 5967/5967 5968/5968 5970/5970 5969/5969
f 5969/5969 5970/5970 5972/5972 5971/5971
f 5971/5971 5972/5972 5974/5974 5973/5973
f 5973/5973 5974/5974 5976/5976 5975/5975
f 5975/5975 5976/5976 5978/5978 5977/5977
f 5977/5977 5978/5978 5980/5980 5979/5979
f 5979/5979 5980/5980 5982/5982 5981/5981
f 5981/5981 5982/5982 5984/5984 5983/5983
f 5985/5985 5986/5986 5988/5988 5987/5987
f 5987/5987 5988/5988 5990/5990 5989/5989
f 5989/5989 5990/5990 5992/5992 5991/5991
f 5991/5991 5992/5992 5994/5994 5993/5993
f 5993/5993 5994/5994 5996/5996 5995/5995
f 5995/5995 5996/5996 5998/5998 5997/5997
f 5997/5997 5998/5998 6000/6000 5999/5999
f 5999/5999 6000/6000 6002/6002 6001/6001
f 6001/6001 6002/6002 6004/6004 6003/6003
f 6003/6003 6004/6004 6006/6006 6005/6005
f 6005/6005 6006/6006 6008/6008 6007/6007
f 6007/6007 6008/6008 6010/6010 6009/6009
f 6009/6009 6010/6010 6012/6012 6011/6011
f 6011/6011 6012/6012 6014/6014 6013/6013
f 6013/6013 6014/6014 6016/6016 6015/6015
f 6017/6017 6018/6018 6020/6020 6019/6019
f 6019/6019 6020/6020 6022/6022 6021/6021
f 6021/6021 6022/6022 6024/6024 6023/6023
f 6023/6023 6024/6024 6026/6026 6025/6025
f 6025/6025 6026/6026 6028/6028 6027/6027
f 6027/6027 6028/6028 6030/6030 6029/6029
f 6029/6029 6030/6030 6032/6032 6031/6031
f 6031/6031 6032/6032 6034/6034 6033/6033
f 6033/6033 6034/6034 6036/6036 6035/6035
f 6035/6035 6036/6036 6038/6038 6037/6037
f 6037/6037 6038/6038 6040/6040 6039/6039
f 6039/6039 6040/6040 6042/6042 6041/6041
f 6041/6041 6042/6042 6044/6044 6043/6043
f 6043/6043 6044/6044 6046/6046 6045/6045
f 6045/6045 6046/6046 6048/6048 6047/6047
f 6049/6049 6050/6050 6052/6052 6051/6051
f 6051/6051 6052/6052 6054/6054 6053/6053
f 6053/6053 6054/6054 6056/6056 6055/6055
f 6055/6055 6056/6056 6058/6058 6057/6057
f 6057/6057 6058/6058 6060/6060 6059/6059
f 6059/6059 6060/6060 6062/6062 6061/6061
f 6061/6061 6062/6062 6064/6064 6063/6063
f 6063/6063 6064/6064 6066/6066 6065/6065
f 6065/6065 6066/6066 6068/6068 6067/6067
f 6067/6067 6068/6068 6070/6070 6069/6069
f 6069/6069 6070/6070 6072/6072 6071/6071
f 6071/6071 6072/6072 6074/6074 6073/6073
f 6073/6073 6074/6074 6076/6076 6075/6075
f 6075/6075 6076/6076 6078/6078 6077/6077
f 6077/6077 6078/6078 6080/6080 6079/6079
f 6081/6081 6082/6082 6084/6084 6083/6083
f 6083/6083 6084/6084 6086/6086 6085/6085
f 6085/6085 6086/6086 6088/6088 6087/6087
f 6087/6087 6088/6088 6090/6090 6089/6089
f 6089/6089 6090/6090 6092/6092 6091/6091
f 6091/6091 6092/6092 6094/6094 6093/6093
f 6093/6093 6094/6094 6096/6096 6095/6095
f 6095/6095 6096/6096 6098/6098 6097/6097
f 6097/6097 6098/6098 6100/6100 6099/6099
f 6099/6099 6100/6100 6102/6102 6101/6101
f 6101/6101 6102/6102 6104/6104 6103/6103
f 6103/6103 6104/6104 6106/6106 6105/6105
f 6105/6105 6106/6106 6108/6108 6107/6107
f 6107/6107 6108/6108 6110/6110 6109/6109
f 6109/6109 6110/6110 6112/6112 6111/6111
f 6113/6113 6114/6114 6116/6116 6115/6115
f 6115/6115 6116/6116 6118/6118 6117/6117
f 6117/6117 6118/6118 6120/6120 6119/6119
f 6119/6119 6120/6120 6122/6122 6121/6121
f 6121/6121 6122/6122 6124/6124 6123/6123
f 6123/6123 6124/6124 6126/6126 6125/6125
f 6125/6125 6126/6126 6128/6128 6127/6127
f 6127/6127 6128/6128 6130/6130 6129/6129
f 6129/6129 6130/6130 6132/6132 6131/6131
f 6131/6131 6132/6132 6134/6134 6133/6133
f 6133/6133 6134/6134 6136/6136 6135/6135
f 6135/6135 6136/6136 6138/6138 6137/6137
f 6137/6137 6138/6138 6140/6140 6139/6139
f 6139/6139 6140/6140 6142/6142 6141/6141
f 6141/6141 6142/6142 6144/6144 6143/6143
f 6145/6145 6146/6146 6148/6148 6147/6147
f 6147/6147 6148/6148 6150/6150 6149/6149
f 6149/6149 6150/6150 6152/6152 6151/6151
f 6151/6151 6152/6152 6154/6154 6153/6153
f 6153/6153 6154/6154 6156/6156 6155/6155
f 6155/6155 6156/6156 6158/6158 6157/6157
f 6157/6157 6158/6158 6160/6160 6159/6159
f 6159/6159 6160/6160 6162/6162 6161/6161
f 6161/6161 6162/6162 6164/6164 6163/6163
f 6163/6163 6164/6164 6166/6166 6165/6165
f 6165/6165 6166/6166 6168/6168 6167/6167
f 6167/6167 6168/6168 6170/6170 6169/6169
f 6169/6169 6170/6170 6172/6172 6171/6171
f 6171/6171 6172/6172 6174/6174 6173/6173
f 6173/6173 6174/6174 6176/6176 6175/6175
f 6177/6177 6178/6178 6180/6180 6179/6179
f 6179/6179 6180/6180 6182/6182 6181/6181
f 6181/6181 6182/6182 6184/6184 6183/6183
f 6183/6183 6184/6184 6186/6186 6185/6185
f 6185/6185 6186/6186 6188/6188 6187/6187
f 6187/6187 6188/6188 6190/6190 6189/6189
f 6189/6189 6190/6190 6192/6192 6191/6191
f 6191/6191 6192/6192 6194/6194 6193/6193
f 6193/6193 6194/6194 6196/6196 6195/6195
f 6195/6195 6196/6196 6198/6198 6197/6197
f 6197/6197 6198/6198 6200/6200 6199/6199
f 6199/6199 6200/6200 6202/6202 6201/6201
f 6201/6201 6202/6202 6204/6204 6203/6203
f 6203/6203 6204/6204 6206/6206 6205/6205
f 6205/6205 6206/6206 6208/6208 6207/6207
f 6209/6209 6210/6210 6212/6212 6211/6211
f 6211/6211 6212/6212 6214/6214 6213/6213
f 6213/6213 6214/6214 6216/6216 6215/6215
f 6215/6215 6216/6216 6218/6218 6217/6217
f 6217/6217 6218/6218 6220/6220 6219/6219
f 6219/6219 6220/6220 6222/6222 6221/6221
f 6221/6221 6222/6222 6224/6224 6223/6223
f 6223/6223 6224/6224 6226/6226 6225/6225
f 6225/6225 6226/6226 6228/6228 6227/6227
f 6227/6227 6228/6228 6230/6230 6229/6229
f 6229/6229 6230/6230 6232/6232 6231/6231
f 6231/6231 6232/6232 6234/6234 6233/6233
f 6233/6233 6234/6234 6236/6236 6235/6235
f 6235/6235 6236/6236 6238/6238 6237/6237
f 6237/6237 6238/6238 6240/6240 6239/6239
f 6241/6241 6242/6242 6244/6244 6243/6243
f 6243/6243 6244/6244 6246/6246 6245/6245
f 6245/6245 6246/6246 6248/6248 6247/6247
f 6247/6247 6248/6248 6250/6250 6249/6249
f 6249/6249 6250/6250 6252/6252 6251/6251
f 6251/6251 6252/6252 6254/6254 6253/6253
f 6253/6253 6254/6254 6256/6256 6255/6255
f 6255/6255 6256/6256 6258/6258 6257/6257
f 6257/6257 6258/6258 6260/6260 6259/6259
f 6259/6259 6260/6260 6262/6262 6261/6261
f 6261/6261 6262/6262 6264/6264 6263/6263
f 6263/6263 6264/6264 6266/6266 6265/6265
f 6265/6265 6266/6266 6268/6268 6267/6267
f 6267/6267 6268/6268 6270/6270 6269/6269
f 6269/6269 6270/6270 6272/6272 6271/6271
f 6273/6273 6274/6274 6276/6276 6275/6275
f 6275/6275 6276/6276 6278/6278 6277/6277
f 6277/6277 6278/6278 6280/6280 6279/6279
f 6279/6279 6280/6280 6282/6282 6281/6281
f 6281/6281 6282/6282 6284/6284 6283/6283
f 6283/6283 6284/6284 6286/6286 6285/6285
f 6285/6285 6286/6286 6288/6288 6287/6287
f 6287/6287 6288/6288 6290/6290 6289/6289
f 6289/6289 6290/6290 6292/6292 6291/6291
f 6291/6291 6292/6292 6294/6294 6293/6293
f 6293/6293 6294/6294 6296/6296 6295/6295
f 6295/6295 6296/6296 6298/6298 6297/6297
f 6297/6297 6298/6298 6300/6300 6299/6299
f 6299/6299 6300/6300 6302/6302 6301/6301
f 6301/6301 6302/6302 6304/6304 6303/6303
f 6305/6305 6306/6306 6308/6308 6307/6307
f 6307/6307 6308/6308 6310/6310 6309/6309
f 6309/6309 6310/6310 6312/6312 6311/6311
f 6311/6311 6312/6312 6314/6314 6313/6313
f 6313/6313 6314/6314 6316/6316 6315/6315
f 6315/6315 6316/6316 6318/6318 6317/6317
f 6317/6317 6318/6318 6320/6320 6319/6319
f 6319/6319 6320/6320 6322/6322 6321/6321
f 6321/6321 6322/6322 6324/6324 6323/6323
f 6323/6323 6324/6324 6326/6326 6325/6325
f 6325/6325 6326/6326 6328/6328 6327/6327
f 6327/6327 6328/6328 6330/6330 6329/6329
f 6329/6329 6330/6330 6332/6332 6331/6331
f 6331/6331 6332/6332 6334/6334 6333/6333
f 6333/6333 6334/6334 6336/6336 6335/6335
f 6337/6337 6338/6338 6340/6340 6339/6339
f 6339/6339 6340/6340 6342/6342 6341/6341
f 6341/6341 6342/6342 6344/6344 6343/6343
f 6343/6343 6344/6344 6346/6346 6345/6345
f 6345/6345 6346/6346 6348/6348 6347/6347
f 6347/6347 6348/6348 6350/6350 6349/6349
f 6349/6349 6350/6350 6352/6352 6351/6351
f 6351/6351 6352/6352 6354/6354 6353/6353
f 6353/6353 6354/6354 6356/6356 6355/6355
f 6355/6355 6356/6356 6358/6358 6357/6357
f 6357/6357 6358/6358 6360/6360 6359/6359
f 6359/6359 6360/6360 6362/6362 6361/6361
f 6361/6361 6362/6362 6364/6364 6363/6363
f 6363/6363 6364/6364 6366/6366 6365/6365
f 6365/6365 6366/6366 6368/6368 6367/6367
f 6369/6369 6370/6370 6372/6372 6371/6371
f 6371/6371 6372/6372 6374/6374 6373/6373
f 6373/6373 6374/6374 6376/6376 6375/6375
f 6375/6375 6376/6376 6378/6378 6377/6377
f 6377/6377 6378/6378 6380/6380 6379/6379
f 6379/6379 6380/6380 6382/6382 6381/6381
f 6381/6381 6382/6382 6384/6384 6383/6383
f 6383/6383 6384/6384 6386/6386 6385/6385
f 6385/6385 6386/6386 6388/6388 6387/6387
f 6387/6387 6388/6388 6390/6390 6389/6389
f 6389/6389 6390/6390 6392/6392 6391/6391
f 6391/6391 6392/6392 6394/6394 6393/6393
f 6393/6393 6394/6394 6396/6396 6395/6395
f 6395/6395 6396/6396 6398/6398 6397/6397
f 6397/6397 6398/6398 6400/6400 6399/6399
f 6401/6401 6402/6402 6404/6404 6403/6403
f 6403/6403 6404/6404 6406/6406 6405/6405
f 6405/6405 6406/6406 6408/6408 6407/6407
f 6407/6407 6408/6408 6410/6410 6409/6409
f 6409/6409 6410/6410 6412/6412 6411/6411
f 6411/6411 6412/6412 6414/6414 6413/6413
f 6413/6413 6414/6414 6416/6416 6415/6415
f 6415/6415 6416/6416 6418/6418 6417/6417
f 6417/6417 6418/6418 6420/6420 6419/6419
f 6419/6419 6420/6420 6422/6422 6421/6421
f 6421/6421 6422/6422 6424/6424 6423/6423
f 6423/6423 6424/6424 6426/6426 6425/6425
f 6425/6425 6426/6426 6428/6428 6427/6427
f 6427/6427 6428/6428 6430/6430 6429/6429
f 6429/6429 6430/6430 6432/6432 6431/6431
f 6433/6433 6434/6434 6436/6436 6435/6435
f 6435/6435 6436/6436 6438/6438 6437/6437
f 6437/6437 6438/6438 6440/6440 6439/6439
f 6439/6439 6440/6440 6442/6442 6441/6441
f 6441/6441 6442/6442 6444/6444 6443/6443
f 6443/6443 6444/6444 6446/6446 6445/6445
f 6445/6445 6446/6446 6448/6448 6447/6447
f 6447/6447 6448/6448 6450/6450 6449/6449
f 6449/6449 6450/6450 6452/6452 6451/6451
f 6451/6451 6452/6452 6454/6454 6453/6453
f 6453/6453 6454/6454 6456/6456 6455/6455
f 6455/6455 6456/6456 6458/6458 6457/6457
f 6457/6457 6458/6458 6460/6460 6459/6459
f 6459/6459 6460/6460 6462/6462 6461/6461
f 6461/6461 6462/6462 6464/6464 6463/6463
f 6465/6465 6466/6466 6468/6468 6467/6467
f 6467/6467 6468/6468 6470/6470 6469/6469
f 6469/6469 6470/6470 6472/6472 6471/6471
f 6471/6471 6472/6472 6474/6474 6473/6473
f 6473/6473 6474/6474 6476/6476 6475/6475
f 6475/6475 6476/6476 6478/6478 6477/6477
f 6477/6477 6478/6478 6480/6480 6479/6479
f 6479/6479 6480/6480 6482/6482 6481/6481
f 6481/6481 6482/6482 6484/6484 6483/6483
f 6483/6483 6484/6484 6486/6486 6485/6485
f 6485/6485 6486/6486 6488/6488 6487/6487
f 6487/6487 6488/6488 6490/6490 6489/6489
f 6489/6489 6490/6490 6492/6492 6491/6491
f 6491/6491 6492/6492 6494/6494 6493/6493
f 6493/6493 6494/6494 6496/6496 6495/6495
f 6497/6497 6498/6498 6500/6500 6499/6499
f 6499/6499 6500/6500 6502/6502 6501/6501
f 6501/6501 6502/6502 6504/6504 6503/6503
f 6503/6503 6504/6504 6506/6506 6505/6505
f 6505/6505 6506/6506 6508/6508 6507/6507
f 6507/6507 6508/6508 6510/6510 6509/6509
f 6509/6509 6510/6510 6512/6512 6511/6511
f 6511/6511 6512/6512 6514/6514 6513/6513
f 6513/6513 6514/6514 6516/6516 6515/6515
f 6515/6515 6516/6516 6518/6518 6517/6517
f 6517/6517 6518/6518 6520/6520 6519/6519
f 6519/6519 6520/6520 6522/6522 6521/6521
f 6521/6521 6522/6522 6524/6524 6523/6523
f 6523/6523 6524/6524 6526/6526 6525/6525
f 6525/6525 6526/6526 6528/6528 6527/6527
f 6529/6529 6530/6530 6532/6532 6531/6531
f 6531/6531 6532/6532 6534/6534 6533/6533
f 6533/6533 6534/6534 6536/6536 6535/6535
f 6535/6535 6536/6536 6538/6538 6537/6537
f 6537/6537 6538/6538 6540/6540 6539/6539
f 6539/6539 6540/6540 6542/6542 6541/6541
f 6541/6541 6542/6542 6544/6544 6543/6543
f 6543/6543 6544/6544 6546/6546 6545/6545
f 6545/6545 6546/6546 6548/6548 6547/6547
f 6547/6547 6548/6548 6550/6550 6549/6549
f 6549/6549 6550/6550 6552/6552 6551/6551
f 6551/6551 6552/6552 6554/6554 6553/6553
f 6553/6553 6554/6554 6556/6556 6555/6555
f 6555/6555 6556/6556 6558/6558 6557/6557
f 6557/6557 6558/6558 6560/6560 6559/6559
f 6561/6561 6562/6562 6564/6564 6563/6563
f 6563/6563 6564/6564 6566/6566 6565/6565
f 6565/6565 6566/6566 6568/6568 6567/6567
f 6567/6567 6568/6568 6570/6570 6569/6569
f 6569/6569 6570/6570 6572/6572 6571/6571
f 6571/6571 6572/6572 6574/6574 6573/6573
f 6573/6573 6574/6574 6576/6576 6575/6575
f 6575/6575 6576/6576 6578/6578 6577/6577
f 6577/6577 6578/6578 6580/6580 6579/6579
f 6579/6579 6580/6580 6582/6582 6581/6581
f 6581/6581 6582/6582 6584/6584 6583/6583
f 6583/6583 6584/6584 6586/6586 6585/6585
f 6585/6585 6586/6586 6588/6588 6587/6587
f 6587/6587 6588/6588 6590/6590 6589/6589
f 6589/6589 6590/6590 6592/6592 6591/6591
f 6593/6593 6594/6594 6596/6596 6595/6595
f 6595/6595 6596/6596 6598/6598 6597/6597
f 6597/6597 6598/6598 6600/6600 6599/6599
f 6599/6599 6600/6600 6602/6602 6601/6601
f 6601/6601 6602/6602 6604/6604 6603/6603
f 6603/6603 6604/6604 6606/6606 6605/6605
f 6605/6605 6606/6606 6608/6608 6607/6607
f 6607/6607 6608/6608 6610/6610 6609/6609
f 6609/6609 6610/6610 6612/6612 6611/6611
f 6611/6611 6612/6612 6614/6614 6613/6613
f 6613/6613 6614/6614 6616/6616 6615/6615
f 6615/6615 6616/6616 6618/6618 6617/6617
f 6617/6617 6618/6618 6620/6620 6619/6619
f 6619/6619 6620/6620 6622/6622 6621/6621
f 6621/6621 6622/6622 6624/6624 6623/6623
f 6625/6625 6626/6626 6628/6628 6627/6627
f 6627/6627 6628/6628 6630/6630 6629/6629
f 6629/6629 6630/6630 6632/6632 6631/6631
f 6631/6631 6632/6632 6634/6634 6633/6633
f 6633/6633 6634/6634 6636/6636 6635/6635
f 6635/6635 6636/6636 6638/6638 6637/6637
f 6637/6637 6638/6638 6640/6640 6639/6639
f 6639/6639 6640/6640 6642/6642 6641/6641
f 6641/6641 6642/6642 6644/6644 6643/6643
f 6643/6643 6644/6644 6646/6646 6645/6645
f 6645/6645 6646/6646 6648/6648 6647/6647
f 6647/6647 6648/6648 6650/6650 6649/6649
f 6649/6649 6650/6650 6652/6652 6651/6651
f 6651/6651 6652/6652 6654/6654 6653/6653
f 6653/6653 6654/6654 6656/6656 6655/6655
f 6657/6657 6658/6658 6660/6660 6659/6659
f 6659/6659 6660/6660 6662/6662 6661/6661
f 6661/6661 6662/6662 6664/6664 6663/6663
f 6663/6663 6664/6664 6666/6666 6665/6665
f 6665/6665 6666/6666 6668/6668 6667/6667
f 6667/6667 6668/6668 6670/6670 6669/6669
f 6669/6669 6670/6670 6672/6672 6671/6671
f 6671/6671 6672/6672 6674/6674 6673/6673
f 6673/6673 6674/6674 6676/6676 6675/6675
f 6675/6675 6676/6676 6678/6678 6677/6677
f 6677/6677 6678/6678 6680/6680 6679/6679
f 6679/6679 6680/6680 6682/6682 6681/6681
f 6681/6681 6682/6682 6684/6684 6683/6683
f 6683/6683 6684/6684 6686/6686 6685/6685
f 6685/6685 6686/6686 6688/6688 6687/6687
f 6689/6689 6690/6690 6692/6692 6691/6691
f 6691/6691 6692/6692 6694/6694 6693/6693
f 6693/6693 6694/6694 6696/6696 6695/6695
f 6695/6695 6696/6696 6698/6698 6697/6697
f 6697/6697 6698/6698 6700/6700 6699/6699
f 6699/6699 6700/6700 6702/6702 6701/6701
f 6701/6701 6702/6702 6704/6704 6703/6703
f 6703/6703 6704/6704 6706/6706 6705/6705
f 6705/6705 6706/6706 6708/6708 6707/6707
f 6707/6707 6708/6708 6710/6710 6709/6709
f 6709/6709 6710/6710 6712/6712 6711/6711
f 6711/6711 6712/6712 6714/6714 6713/6713
f 6713/6713 6714/6714 6716/6716 6715/6715
f 6715/6715 6716/6716 6718/6718 6717/6717
f 6717/6717 6718/6718 6720/6720 6719/6719
f 6721/6721 6722/6722 6724/6724 6723/6723
f 6723/6723 6724/6724 6726/6726 6725/6725
f 6725/6725 6726/6726 6728/6728 6727/6727
f 6727/6727 6728/6728 6730/6730 6729/6729
f 6729/6729 6730/6730 6732/6732 6731/6731
f 6731/6731 6732/6732 6734/6734 6733/6733
f 6733/6733 6734/6734 6736/6736 6735/6735
f 6735/6735 6736/6736 6738/6738 6737/6737
f 6737/6737 6738/6738 6740/6740 6739/6739
f 6739/6739 6740/6740 6742/6742 6741/6741
f 6741/6741 6742/6742 6744/6744 6743/6743
f 6743/6743 6744/6744 6746/6746 6745/6745
f 6745/6745 6746/6746 6748/6748 6747/6747
f 6747/6747 6748/6748 6750/6750 6749/6749
f 6749/6749 6750/6750 6752/6752 6751/6751
f 6753/6753 6754/6754 6756/6756 6755/6755
f 6755/6755 6756/6756 6758/6758 6757/6757
f 6757/6757 6758/6758 6760/6760 6759/6759
f 6759/6759 6760/6760 6762/6762 6761/6761
f 6761/6761 6762/6762 6764/6764 6763/6763
f 6763/6763 6764/6764 6766/6766 6765/6765
f 6765/6765 6766/6766 6768/6768 6767/6767
f 6767/6767 6768/6768 6770/6770 6769/6769
f 6769/6769 6770/6770 6772/6772 6771/6771
f 6771/6771 6772/6772 6774/6774 6773/6773
f 6773/6773 6774/6774 6776/6776 6775/6775
f 6775/6775 6776/6776 6778/6778 6777/6777
f 6777/6777 6778/6778 6780/6780 6779/6779
f 6779/6779 6780/6780 6782/6782 6781/6781
f 6781/6781 6782/6782 6784/6784 6783/6783
f 6785/6785 6786/6786 6788/6788 6787/6787
f 6787/6787 6788/6788 6790/6790 6789/6789
f 6789/6789 6790/6790 6792/6792 6791/6791
f 6791/6791 6792/6792 6794/6794 6793/6793
f 6793/6793 6794/6794 6796/6796 6795/6795
f 6795/6795 6796/6796 6798/6798 6797/6797
f 6797/6797 6798/6798 6800/6800 6799/6799
f 6799/6799 6800/6800 6802/6802 6801/6801
f 6801/6801 6802/6802 6804/6804 6803/6803
f 6803/6803 6804/6804 6806/6806 6805/6805
f 6805/6805 6806/6806 6808/6808 6807/6807
f 6807/6807 6808/6808 6810/6810 6809/6809
f 6809/6809 6810/6810 6812/6812 6811/6811
f 6811/6811 6812/6812 6814/6814 6813/6813
f 6813/6813 6814/6814 6816/6816 6815/6815
f 6817/6817 6818/6818 6820/6820 6819/6819
f 6819/6819 6820/6820 6822/6822 6821/6821
f 6821/6821 6822/6822 6824/6824 6823/6823
f 6823/6823 6824/6824 6826/6826 6825/6825
f 6825/6825 6826/6826 6828/6828 6827/6827
f 6827/6827 6828/6828 6830/6830 6829/6829
f 6829/6829 6830/6830 6832/6832 6831/6831
f 6831/6831 6832/6832 6834/6834 6833/6833
f 6833/6833 6834/6834 6836/6836 6835/6835
f 6835/6835 6836/6836 6838/6838 6837/6837
f 6837/6837 6838/6838 6840/6840 6839/6839
f 6839/6839 6840/6840 6842/6842 6841/6841
f 6841/6841 6842/6842 6844/6844 6843/6843
f 6843/6843 6844/6844 6846/6846 6845/6845
f 6845/6845 6846/6846 6848/6848 6847/6847
f 6849/6849 6850/6850 6852/6852 6851/6851
f 6851/6851 6852/6852 6854/6854 6853/6853
f 6853/6853 6854/6854 6856/6856 6855/6855
f 6855/6855 6856/6856 6858/6858 6857/6857
f 6857/6857 6858/6858 6860/6860 6859/6859
f 6859/6859 6860/6860 6862/6862 6861/6861
f 6861/6861 6862/6862 6864/6864 6863/6863
f 6863/6863 6864/6864 6866/6866 6865/6865
f 6865/6865 6866/6866 6868/6868 6867/6867
f 6867/6867 6868/6868 6870/6870 6869/6869
f 6869/6869 6870/6870 6872/6872 6871/6871
f 6871/6871 6872/6872 6874/6874 6873/6873
f 6873/6873 6874/6874 6876/6876 6875/6875
f 6875/6875 6876/6876 6878/6878 6877/6877
f 6877/6877 6878/6878 6880/6880 6879/6879
f 6881/6881 6882/6882 6884/6884 6883/6883
f 6883/6883 6884/6884 6886/6886 6885/6885
f 6885/6885 6886/6886 6888/6888 6887/6887
f 6887/6887 6888/6888 6890/6890 6889/6889
f 6889/6889 6890/6890 6892/6892 6891/6891
f 6891/6891 6892/6892 6894/6894 6893/6893
f 6893/6893 6894/6894 6896/6896 6895/6895
f 6895/6895 6896/6896 6898/6898 6897/6897
f 6897/6897 6898/6898 6900/6900 6899/6899
f 6899/6899 6900/6900 6902/6902 6901/6901
f 6901/6901 6902/6902 6904/6904 6903/6903
f 6903/6903 6904/6904 6906/6906 6905/6905
f 6905/6905 6906/6906 6908/6908 6907/6907
f 6907/6907 6908/6908 6910/6910 6909/6909
f 6909/6909 6910/6910 6912/6912 6911/6911
f 6913/6913 6914/6914 6916/6916 6915/6915
f 6915/6915 6916/6916 6918/6918 6917/6917
f 6917/6917 6918/6918 6920/6920 6919/6919
f 6919/6919 6920/6920 6922/6922 6921/6921
f 6921/6921 6922/6922 6924/6924 6923/6923
f 6923/6923 6924/6924 6926/6926 6925/6925
f 6925/6925 6926/6926 6928/6928 6927/6927
f 6927/6927 6928/6928 6930/6930 6929/6929
f 6929/6929 6930/6930 6932/6932 6931/6931
f 6931/6931 6932/6932 6934/6934 6933/6933
f 6933/6933 6934/6934 6936/6936 6935/6935
f 6935/6935 6936/6936 6938/6938 6937/6937
f 6937/6937 6938/6938 6940/6940 6939/6939
f 6939/6939 6940/6940 6942/6942 6941/6941
f 6941/6941 6942/6942 6944/6944 6943/6943
f 6945/6945 6946/6946 6948/6948 6947/6947
f 6947/6947 6948/6948 6950/6950 6949/6949
f 6949/6949 6950/6950 6952/6952 6951/6951
f 6951/6951 6952/6952 6954/6954 6953/6953
f 6953/6953 6954/6954 6956/6956 6955/6955
f 6955/6955 6956/6956 6958/6958 6957/6957
f 6957/6957 6958/6958 6960/6960 6959/6959
f 6959/6959 6960/6960 6962/6962 6961/6961
f 6961/6961 6962/6962 6964/6964 6963/6963
f 6963/6963 6964/6964 6966/6966 6965/6965
f 6965/6965 6966/6966 6968/6968 6967/6967
f 6967/6967 6968/6968 6970/6970 6969/6969
f 6969/6969 6970/6970 6972/6972 6971/6971
f 6971/6971 6972/6972 6974/6974 6973/6973
f 6973/6973 6974/6974 6976/6976 6975/6975
f 6977/6977 6978/6978 6980/6980 6979/6979
f 6979/6979 6980/6980 6982/6982 6981/6981
f 6981/6981 6982/6982 6984/6984 6983/6983
f 6983/6983 6984/6984 6986/6986 6985/6985
f 6985/6985 6986/6986 6988/6988 6987/6987
f 6987/6987 6988/6988 6990/6990 6989/6989
f 6989/6989 6990/6990 6992/6992 6991/6991
f 6991/6991 6992/6992 6994/6994 6993/6993
f 6993/6993 6994/6994 6996/6996 6995/6995
f 6995/6995 6996/6996 6998/6998 6997/6997
f 6997/6997 6998/6998 7000/7000 6999/6999
f 6999/6999 7000/7000 7002/7002 7001/7001
f 7001/7001 7002/7002 7004/7004 7003/7003
f 7003/7003 7004/7004 7006/7006 7005/7005
f 7005/7005 7006/7006 7008/7008 7007/7007
f 7009/7009 7010/7010 7012/7012 7011/7011
f 7011/7011 7012/7012 7014/7014 7013/7013
f 7013/7013 7014/7014 7016/7016 7015/7015
f 7015/7015 7016/7016 7018/7018 7017/7017
f 7017/7017 7018/7018 7020/7020 7019/7019
f 7019/7019 7020/7020 7022/7022 7021/7021
f 7021/7021 7022/7022 7024/7024 7023/7023
f 7023/7023 7024/7024 7026/7026 7025/7025
f 7025/7025 7026/7026 7028/7028 7027/7027
f 7027/7027 7028/7028 7030/7030 7029/7029
f 7029/7029 7030/7030 7032/7032 7031/7031
f 7031/7031 7032/7032 7034/7034 7033/7033
f 7033/7033 7034/7034 7036/7036 7035/7035
f 7035/7035 7036/7036 7038/7038 7037/7037
f 7037/7037 7038/7038 7040/7040 7039/7039
f 7041/7041 7042/7042 7044/7044 7043/7043
f 7043/7043 7044/7044 7046/7046 7045/7045
f 7045/7045 7046/7046 7048/7048 7047/7047
f 7047/7047 7048/7048 7050/7050 7049/7049
f 7049/7049 7050/7050 7052/7052 7051/7051
f 7051/7051 7052/7052 7054/7054 7053/7053
f 7053/7053 7054/7054 7056/7056 7055/7055
f 7055/7055 7056/7056 7058/7058 7057/7057
f 7057/7057 7058/7058 7060/7060 7059/7059
f 7059/7059 7060/7060 7062/7062 7061/7061
f 7061/7061 7062/7062 7064/7064 7063/7063
f 7063/7063 7064/7064 7066/7066 7065/7065
f 7065/7065 7066/7066 7068/7068 7067/7067
f 7067/7067 7068/7068 7070/7070 7069/7069
f 7069/7069 7070/7070 7072/7072 7071/7071
f 7073/7073 7074/7074 7076/7076 7075/7075
f 7075/7075 7076/7076 7078/7078 7077/7077
f 7077/7077 7078/7078 7080/7080 7079/7079
f 7079/7079 7080/7080 7082/7082 7081/7081
f 7081/7081 7082/7082 7084/7084 7083/7083
f 7083/7083 7084/7084 7086/7086 7085/7085
f 7085/7085 7086/7086 7088/7088 7087/7087
f 7087/7087 7088/7088 7090/7090 7089/7089
f 7089/7089 7090/7090 7092/7092 7091/7091
f 7091/7091 7092/7092 7094/7094 7093/7093
f 7093/7093 7094/7094 7096/7096 7095/7095
f 7095/7095 7096/7096 7098/7098 7097/7097
f 7097/7097 7098/7098 7100/7100 7099/7099
f 7099/7099 7100/7100 7102/7102 7101/7101
f 7101/7101 7102/7102 7104/7104 7103/7103
f 7105/7105 7106/7106 7108/7108 7107/7107
f 7107/7107 7108/7108 7110/7110 7109/7109
f 7109/7109 7110/7110 7112/7112 7111/7111
f 7111/7111 7112/7112 7114/7114 7113/7113
f 7113/7113 7114/7114 7116/7116 7115/7115
f 7115/7115 7116/7116 7118/7118 7117/7117
f 7117/7117 7118/7118 7120/7120 7119/7119
f 7119/7119 7120/7120 7122/7122 7121/7121
f 7121/7121 7122/7122 7124/7124 7123/7123
f 7123/7123 7124/7124 7126/7126 7125/7125
f 7125/7125 7126/7126 7128/7128 7127/7127
f 7127/7127 7128/7128 7130/7130 7129/7129
f 7129/7129 7130/7130 7132/7132 7131/7131
f 7131/7131 7132/7132 7134/7134 7133/7133
f 7133/7133 7134/7134 7136/7136 7135/7135
f 7137/7137 7138/7138 7140/7140 7139/7139
f 7139/7139 7140/7140 7142/7142 7141/7141
f 7141/7141 7142/7142 7144/7144 7143/7143
f 7143/7143 7144/7144 7146/7146 7145/7145
f 7145/7145 7146/7146 7148/7148 7147/7147
f 7147/7147 7148/7148 7150/7150 7149/7149
f 7149/7149 7150/7150 7152/7152 7151/7151
f 7151/7151 7152/7152 7154/7154 7153/7153
f 7153/7153 7154/7154 7156/7156 7155/7155
f 7155/7155 7156/7156 7158/7158 7157/7157
f 7157/7157 7158/7158 7160/7160 7159/7159
f 7159/7159 7160/7160 7162/7162 7161/7161
f 7161/7161 7162/7162 7164/7164 7163/7163
f 7163/7163 7164/7164 7166/7166 7165/7165
f 7165/7165 7166/7166 7168/7168 7167/7167
f 7169/7169 7170/7170 7172/7172 7171/7171
f 7171/7171 7172/7172 7174/7174 7173/7173
f 7173/7173 7174/7174 7176/7176 7175/7175
f 7175/7175 7176/7176 7178/7178 7177/7177
f 7177/7177 7178/7178 7180/7180 7179/7179
f 7179/7179 7180/7180 7182/7182 7181/7181
f 7181/7181 7182/7182 7184/7184 7183/7183
f 7183/7183 7184/7184 7186/7186 7185/7185
f 7185/7185 7186/7186 7188/7188 7187/7187
f 7187/7187 7188/7188 7190/7190 7189/7189
f 7189/7189 7190/7190 7192/7192 7191/7191
f 7191/7191 7192/7192 7194/7194 7193/7193
f 7193/7193 7194/7194 7196/7196 7195/7195
f 7195/7195 7196/7196 7198/7198 7197/7197
f 7197/7197 7198/7198 7200/7200 7199/7199
f 7201/7201 7202/7202 7204/7204 7203/7203
f 7203/7203 7204/7204 7206/7206 7205/7205
f 7205/7205 7206/7206 7208/7208 7207/7207
f 7207/7207 7208/7208 7210/7210 7209/7209
f 7209/7209 7210/7210 7212/7212 7211/7211
f 7211/7211 7212/7212 7214/7214 7213/7213
f 7213/7213 7214/7214 7216/7216 7215/7215
f 7215/7215 7216/7216 7218/7218 7217/7217
f 7217/7217 7218/7218 7220/7220 7219/7219
f 7219/7219 7220/7220 7222/7222 7221/7221
f 7221/7221 7222/7222 7224/7224 7223/7223
f 7223/7223 7224/7224 7226/7226 7225/7225
f 7225/7225 7226/7226 7228/7228 7227/7227
f 7227/7227 7228/7228 7230/7230 7229/7229
f 7229/7229 7230/7230 7232/7232 7231/7231
f 7233/7233 7234/7234 7236/7236 7235/7235
f 7235/7235 7236/7236 7238/7238 7237/7237
f 7237/7237 7238/7238 7240/7240 7239/7239
f 7239/7239 7240/7240 7242/7242 7241/7241
f 7241/7241 7242/7242 7244/7244 7243/7243
f 7243/7243 7244/7244 7246/7246 7245/7245
f 7245/7245 7246/7246 7248/7248 7247/7247
f 7247/7247 7248/7248 7250/7250 7249/7249
f 7249/7249 7250/7250 7252/7252 7251/7251
f 7251/7251 7252/7252 7254/7254 7253/7253
f 7253/7253 7254/7254 7256/7256 7255/7255
f 7255/7255 7256/7256 7258/7258 7257/7257
f 7257/7257 7258/7258 7260/7260 7259/7259
f 7259/7259 7260/7260 7262/7262 7261/7261
f 7261/7261 7262/7262 7264/7264 7263/7263
f 7265/7265 7266/7266 7268/7268 7267/7267
f 7267/7267 7268/7268 7270/7270 7269/7269
f 7269/7269 7270/7270 7272/7272 7271/7271
f 7271/7271 7272/7272 7274/7274 7273/7273
f 7273/7273 7274/7274 7276/7276 7275/7275
f 7275/7275 7276/7276 7278/7278 7277/7277
f 7277/7277 7278/7278 7280/7280 7279/7279
f 7279/7279 7280/7280 7282/7282 7281/7281
f 7281/7281 7282/7282 7284/7284 7283/7283
f 7283/7283 7284/7284 7286/7286 7285/7285
f 7285/7285 7286/7286 7288/7288 7287/7287
f 7287/7287 7288/7288 7290/7290 7289/7289
f 7289/7289 7290/7290 7292/7292 7291/7291
f 7291/7291 7292/7292 7294/7294 7293/7293
f 7293/7293 7294/7294 7296/7296 7295/7295
f 7297/7297 7298/7298 7300/7300 7299/7299
f 7299/7299 7300/7300 7302/7302 7301/7301
f 7301/7301 7302/7302 7304/7304 7303/7303
f 7303/7303 7304/7304 7306/7306 7305/7305
f 7305/7305 7306/7306 7308/7308 7307/7307
f 7307/7307 7308/7308 7310/7310 7309/7309
f 7309/7309 7310/7310 7312/7312 7311/7311
f 7311/7311 7312/7312 7314/7314 7313/7313
f 7313/7313 7314/7314 7316/7316 7315/7315
f 7315/7315 7316/7316 7318/7318 7317/7317
f 7317/7317 7318/7318 7320/7320 7319/7319
f 7319/7319 7320/7320 7322/7322 7321/7321
f 7321/7321 7322/7322 7324/7324 7323/7323
f 7323/7323 7324/7324 7326/7326 7325/7325
f 7325/7325 7326/7326 7328/7328 7327/7327
f 7329/7329 7330/7330 7332/7332 7331/7331
f 7331/7331 7332/7332 7334/7334 7333/7333
f 7333/7333 7334/7334 7336/7336 7335/7335
f 7335/7335 7336/7336 7338/7338 7337/7337
f 7337/7337 7338/7338 7340/7340 7339/7339
f 7339/7339 7340/7340 7342/7342 7341/7341
f 7341/7341 7342/7342 7344/7344 7343/7343
f 7343/7343 7344/7344 7346/7346 7345/7345
f 7345/7345 7346/7346 7348/7348 7347/7347
f 7347/7347 7348/7348 7350/7350 7349/7349
f 7349/7349 7350/7350 7352/7352 7351/7351
f 7351/7351 7352/7352 7354/7354 7353/7353
f 7353/7353 7354/7354 7356/7356 7355/7355
f 7355/7355 7356/7356 7358/7358 7357/7357
f 7357/7357 7358/7358 7360/7360 7359/7359
f 7361/7361 7362/7362 7364/7364 7363/7363
f 7363/7363 7364/7364 7366/7366 7365/7365
f 7365/7365 7366/7366 7368/7368 7367/7367
f 7367/7367 7368/7368 7370/7370 7369/7369
f 7369/7369 7370/7370 7372/7372 7371/7371
f 7371/7371 7372/7372 7374/7374 7373/7373
f 7373/7373 7374/7374 7376/7376 7375/7375
f 7375/7375 7376/7376 7378/7378 7377/7377
f 7377/7377 7378/7378 7380/7380 7379/7379
f 7379/7379 7380/7380 7382/7382 7381/7381
f 7381/7381 7382/7382 7384/7384 7383/7383
f 7383/7383 7384/7384 7386/7386 7385/7385
f 7385/7385 7386/7386 7388/7388 7387/7387
f 7387/7387 7388/7388 7390/7390 7389/7389
f 7389/7389 7390/7390 7392/7392 7391/7391
f 7393/7393 7394/7394 7396/7396 7395/7395
f 7395/7395 7396/7396 7398/7398 7397/7397
f 7397/7397 7398/7398 7400/7400 7399/7399
f 7399/7399 7400/7400 7402/7402 7401/7401
f 7401/7401 7402/7402 7404/7404 7403/7403
f 7403/7403 7404/7404 7406/7406 7405/7405
f 7405/7405 7406/7406 7408/7408 7407/7407
f 7407/7407 7408/7408 7410/7410 7409/7409
f 7409/7409 7410/7410 7412/7412 7411/7411
f 7411/7411 7412/7412 7414/7414 7413/7413
f 7413/7413 7414/7414 7416/7416 7415/7415
f 7415/7415 7416/7416 7418/7418 7417/7417
f 7417/7417 7418/7418 7420/7420 7419/7419
f 7419/7419 7420/7420 7422/7422 7421/7421
f 7421/7421 7422/7422 7424/7424 7423/7423
f 7425/7425 7426/7426 7428/7428 7427/7427
f 7427/7427 7428/7428 7430/7430 7429/7429
f 7429/7429 7430/7430 7432/7432 7431/7431
f 7431/7431 7432/7432 7434/7434 7433/7433
f 7433/7433 7434/7434 7436/7436 7435/7435
f 7435/7435 7436/7436 7438/7438 7437/7437
f 7437/7437 7438/7438 7440/7440 7439/7439
f 7439/7439 7440/7440 7442/7442 7441/7441
f 7441/7441 7442/7442 7444/7444 7443/7443
f 7443/7443 7444/7444 7446/7446 7445/7445
f 7445/7445 7446/7446 7448/7448 7447/7447
f 7447/7447 7448/7448 7450/7450 7449/7449
f 7449/7449 7450/7450 7452/7452 7451/7451
f 7451/7451 7452/7452 7454/7454 7453/7453
f 7453/7453 7454/7454 7456/7456 7455/7455
f 7457/7457 7458/7458 7460/7460 7459/7459
f 7459/7459 7460/7460 7462/7462 7461/7461
f 7461/7461 7462/7462 7464/7464 7463/7463
f 7463/7463 7464/7464 7466/7466 7465/7465
f 7465/7465 7466/7466 7468/7468 7467/7467
f 7467/7467 7468/7468 7470/7470 7469/7469
f 7469/7469 7470/7470 7472/7472 7471/7471
f 7471/7471 7472/7472 7474/7474 7473/7473
f 7473/7473 7474/7474 7476/7476 7475/7475
f 7475/7475 7476/7476 7478/7478 7477/7477
f 7477/7477 7478/7478 7480/7480 7479/7479
f 7479/7479 7480/7480 7482/7482 7481/7481
f 7481/7481 7482/7482 7484/7484 7483/7483
f 7483/7483 7484/7484 7486/7486 7485/7485
f 7485/7485 7486/7486 7488/7488 7487/7487
f 7489/7489 7490/7490 7492/7492 7491/7491
f 7491/7491 7492/7492 7494/7494 7493/7493
f 7493/7493 7494/7494 7496/7496 7495/7495
f 7495/7495 7496/7496 7498/7498 7497/7497
f 7497/7497 7498/7498 7500/7500 7499/7499
f 7499/7499 7500/7500 7502/7502 7501/7501
f 7501/7501 7502/7502 7504/7504 7503/7503
f 7503/7503 7504/7504 7506/7506 7505/7505
f 7505/7505 7506/7506 7508/7508 7507/7507
f 7507/7507 7508/7508 7510/7510 7509/7509
f 7509/7509 7510/7510 7512/7512 7511/7511
f 7511/7511 7512/7512 7514/7514 7513/7513
f 7513/7513 7514/7514 7516/7516 7515/7515
f 7515/7515 7516/7516 7518/7518 7517/7517
f 7517/7517 7518/7518 7520/7520 7519/7519
f 7521/7521 7522/7522 7524/7524 7523/7523
f 7523/7523 7524/7524 7526/7526 7525/7525
f 7525/7525 7526/7526 7528/7528 7527/7527
f 7527/7527 7528/7528 7530/7530 7529/7529
f 7529/7529 7530/7530 7532/7532 7531/7531
f 7531/7531 7532/7532 7534/7534 7533/7533
f 7533/7533 7534/7534 7536/7536 7535/7535
f 7535/7535 7536/7536 7538/7538 7537/7537
f 7537/7537 7538/7538 7540/7540 7539/7539
f 7539/7539 7540/7540 7542/7542 7541/7541
f 7541/7541 7542/7542 7544/7544 7543/7543
f 7543/7543 7544/7544 7546/7546 7545/7545
f 7545/7545 7546/7546 7548/7548 7547/7547
f 7547/7547 7548/7548 7550/7550 7549/7549
f 7549/7549 7550/7550 7552/7552 7551/7551
f 7553/7553 7554/7554 7556/7556 7555/7555
f 7555/7555 7556/7556 7558/7558 7557/7557
f 7557/7557 7558/7558 7560/7560 7559/7559
f 7559/7559 7560/7560 7562/7562 7561/7561
f 7561/7561 7562/7562 7564/7564 7563/7563
f 7563/7563 7564/7564 7566/7566 7565/7565
f 7565/7565 7566/7566 7568/7568 7567/7567
f 7567/7567 7568/7568 7570/7570 7569/7569
f 7569/7569 7570/7570 7572/7572 7571/7571
f 7571/7571 7572/7572 7574/7574 7573/7573
f 7573/7573 7574/7574 7576/7576 7575/7575
f 7575/7575 7576/7576 7578/7578 7577/7577
f 7577/7577 7578/7578 7580/7580 7579/7579
f 7579/7579 7580/7580 7582/7582 7581/7581
f 7581/7581 7582/7582 7584/7584 7583/7583
f 7585/7585 7586/7586 7588/7588 7587/7587
f 7587/7587 7588/7588 7590/7590 7589/7589
f 7589/7589 7590/7590 7592/7592 7591/7591
f 7591/7591 7592/7592 7594/7594 7593/7593
f 7593/7593 7594/7594 7596/7596 7595/7595
f 7595/7595 7596/7596 7598/7598 7597/7597
f 7597/7597 7598/7598 7600/7600 7599/7599
f 7599/7599 7600/7600 7602/7602 7601/7601
f 7601/7601 7602/7602 7604/7604 7603/7603
f 7603/7603 7604/7604 7606/7606 7605/7605
f 7605/7605 7606/7606 7608/7608 7607/7607
f 7607/7607 7608/7608 7610/7610 7609/7609
f 7609/7609 7610/7610 7612/7612 7611/7611
f 7611/7611 7612/7612 7614/7614 7613/7613
f 7613/7613 7614/7614 7616/7616 7615/7615
f 7617/7617 7618/7618 7620/7620 7619/7619
f 7619/7619 7620/7620 7622/7622 7621/7621
f 7621/7621 7622/7622 7624/7624 7623/7623
f 7623/7623 7624/7624 7626/7626 7625/7625
f 7625/7625 7626/7626 7628/7628 7627/7627
f 7627/7627 7628/7628 7630/7630 7629/7629
f 7629/7629 7630/7630 7632/7632 7631/7631
f 7631/7631 7632/7632 7634/7634 7633/7633
f 7633/7633 7634/7634 7636/7636 7635/7635
f 7635/7635 7636/7636 7638/7638 7637/7637
f 7637/7637 7638/7638 7640/7640 7639/7639
f 7639/7639 7640/7640 7642/7642 7641/7641
f 7641/7641 7642/7642 7644/7644 7643/7643
f 7643/7643 7644/7644 7646/7646 7645/7645
f 7645/7645 7646/7646 7648/7648 7647/7647
f 7649/7649 7650/7650 7652/7652 7651/7651
f 7651/7651 7652/7652 7654/7654 7653/7653
f 7653/7653 7654/7654 7656/7656 7655/7655
f 7655/7655 7656/7656 7658/7658 7657/7657
f 7657/7657 7658/7658 7660/7660 7659/7659
f 7659/7659 7660/7660 7662/7662 7661/7661
f 7661/7661 7662/7662 7664/7664 7663/7663
f 7663/7663 7664/7664 7666/7666 7665/7665
f 7665/7665 7666/7666 7668/7668 7667/7667
f 7667/7667 7668/7668 7670/7670 7669/7669
f 7669/7669 7670/7670 7672/7672 7671/7671
f 7671/7671 7672/7672 7674/7674 7673/7673
f 7673/7673 7674/7674 7676/7676 7675/7675
f 7675/7675 7676/7676 7678/7678 7677/7677
f 7677/7677 7678/7678 7680/7680 7679/7679
f 7681/7681 7682/7682 7684/7684 7683/7683
f 7683/7683 7684/7684 7686/7686 7685/7685
f 7685/7685 7686/7686 7688/7688 7687/7687
f 7687/7687 7688/7688 7690/7690 7689/7689
f 7689/7689 7690/7690 7692/7692 7691/7691
f 7691/7691 7692/7692 7694/7694 7693/7693
f 7693/7693 7694/7694 7696/7696 7695/7695
f 7695/7695 7696/7696 7698/7698 7697/7697
f 7697/7697 7698/7698 7700/7700 7699/7699
f 7699/7699 7700/7700 7702/7702 7701/7701
f 7701/7701 7702/7702 7704/7704 7703/7703
f 7703/7703 7704/7704 7706/7706 7705/7705
f 7705/7705 7706/7706 7708/7708 7707/7707
f 7707/7707 7708/7708 7710/7710 7709/7709
f 7709/7709 7710/7710 7712/7712 7711/7711
f 7713/7713 7714/7714 7716/7716 7715/7715
f 7715/7715 7716/7716 7718/7718 7717/7717
f 7717/7717 7718/7718 7720/7720 7719/7719
f 7719/7719 7720/7720 7722/7722 7721/7721
f 7721/7721 7722/7722 7724/7724 7723/7723
f 7723/7723 7724/7724 7726/7726 7725/7725
f 7725/7725 7726/7726 7728/7728 7727/7727
f 7727/7727 7728/7728 7730/7730 7729/7729
f 7729/7729 7730/7730 7732/7732 7731/7731
f 7731/7731 7732/7732 7734/7734 7733/7733
f 7733/7733 7734/7734 7736/7736 7735/7735
f 7735/7735 7736/7736 7738/7738 7737/7737
f 7737/7737 7738/7738 7740/7740 7739/7739
f 7739/7739 7740/7740 7742/7742 7741/7741
f 7741/7741 7742/7742 7744/7744 7743/7743
f 7745/7745 7746/7746 7748/7748 7747/7747
f 7747/7747 7748/7748 7750/7750 7749/7749
f 7749/7749 7750/7750 7752/7752 7751/7751
f 7751/7751 7752/7752 7754/7754 7753/7753
f 7753/7753 7754/7754 7756/7756 7755/7755
f 7755/7755 7756/7756 7758/7758 7757/7757
f 7757/7757 7758/7758 7760/7760 7759/7759
f 7759/7759 7760/7760 7762/7762 7761/7761
f 7761/7761 7762/7762 7764/7764 7763/7763
f 7763/7763 7764/7764 7766/7766 7765/7765
f 7765/7765 7766/7766 7768/7768 7767/7767
f 7767/7767 7768/7768 7770/7770 7769/7769
f 7769/7769 7770/7770 7772/7772 7771/7771
f 7771/7771 7772/7772 7774/7774 7773/7773
f 7773/7773 7774/7774 7776/7776 7775/7775
f 7777/7777 7778/7778 7780/7780 7779/7779
f 7779/7779 7780/7780 7782/7782 7781/7781
f 7781/7781 7782/7782 7784/7784 7783/7783
f 7783/7783 7784/7784 7786/7786 7785/7785
f 7785/7785 7786/7786 7788/7788 7787/7787
f 7787/7787 7788/7788 7790/7790 7789/7789
f 7789/7789 7790/7790 7792/7792 7791/7791
f 7791/7791 7792/7792 7794/7794 7793/7793
f 7793/7793 7794/7794 7796/7796 7795/7795
f 7795/7795 7796/7796 7798/7798 7797/7797
f 7797/7797 7798/7798 7800/7800 7799/7799
f 7799/7799 7800/7800 7802/7802 7801/7801
f 7801/7801 7802/7802 7804/7804 7803/7803
f 7803/7803 7804/7804 7806/7806 7805/7805
f 7805/7805 7806/7806 7808/7808 7807/7807
f 7809/7809 7810/7810 7812/7812 7811/7811
f 7811/7811 7812/7812 7814/7814 7813/7813
f 7813/7813 7814/7814 7816/7816 7815/7815
f 7815/7815 7816/7816 7818/7818 7817/7817
f 7817/7817 7818/7818 7820/7820 7819/7819
f 7819/7819 7820/7820 7822/7822 7821/7821
f 7821/7821 7822/7822 7824/7824 7823/7823
f 7823/7823 7824/7824 7826/7826 7825/7825
f 7825/7825 7826/7826 7828/7828 7827/7827
f 7827/7827 7828/7828 7830/7830 7829/7829
f 7829/7829 7830/7830 7832/7832 7831/7831
f 7831/7831 7832/7832 7834/7834 7833/7833
f 7833/7833 7834/7834 7836/7836 7835/7835
f 7835/7835 7836/7836 7838/7838 7837/7837
f 7837/7837 7838/7838 7840/7840 7839/7839
f 7841/7841 7842/7842 7844/7844 7843/7843
f 7843/7843 7844/7844 7846/7846 7845/7845
f 7845/7845 7846/7846 7848/7848 7847/7847
f 7847/7847 7848/7848 7850/7850 7849/7849
f 7849/7849 7850/7850 7852/7852 7851/7851
f 7851/7851 7852/7852 7854/7854 7853/7853
f 7853/7853 7854/7854 7856/7856 7855/7855
f 7855/7855 7856/7856 7858/7858 7857/7857
f 7857/7857 7858/7858 7860/7860 7859/7859
f 7859/7859 7860/7860 7862/7862 7861/7861
f 7861/7861 7862/7862 7864/7864 7863/7863
f 7863/7863 7864/7864 7866/7866 7865/7865
f 7865/7865 7866/7866 7868/7868 7867/7867
f 7867/7867 7868/7868 7870/7870 7869/7869
f 7869/7869 7870/7870 7872/7872 7871/7871
f 7873/7873 7874/7874 7876/7876 7875/7875
f 7875/7875 7876/7876 7878/7878 7877/7877
f 7877/7877 7878/7878 7880/7880 7879/7879
f 7879/7879 7880/7880 7882/7882 7881/7881
f 7881/7881 7882/7882 7884/7884 7883/7883
f 7883/7883 7884/7884 7886/7886 7885/7885
f 7885/7885 7886/7886 7888/7888 7887/7887
f 7887/7887 7888/7888 7890/7890 7889/7889
f 7889/7889 7890/7890 7892/7892 7891/7891
f 7891/7891 7892/7892 7894/7894 7893/7893
f 7893/7893 7894/7894 7896/7896 7895/7895
f 7895/7895 7896/7896 7898/7898 7897/7897
f 7897/7897 7898/7898 7900/7900 7899/7899
f 7899/7899 7900/7900 7902/7902 7901/7901
f 7901/7901 7902/7902 7904/7904 7903/7903
f 7905/7905 7906/7906 7908/7908 7907/7907
f 7907/7907 7908/7908 7910/7910 7909/7909
f 7909/7909 7910/7910 7912/7912 7911/7911
f 7911/7911 7912/7912 7914/7914 7913/7913
f 7913/7913 7914/7914 7916/7916 7915/7915
f 7915/7915 7916/7916 7918/7918 7917/7917
f 7917/7917 7918/7918 7920/7920 7919/7919
f 7919/7919 7920/7920 7922/7922 7921/7921
f 7921/7921 7922/7922 7924/7924 7923/7923
f 7923/7923 7924/7924 7926/7926 7925/7925
f 7925/7925 7926/7926 7928/7928 7927/7927
f 7927/7927 7928/7928 7930/7930 7929/7929
f 7929/7929 7930/7930 7932/7932 7931/7931
f 7931/7931 7932/7932 7934/7934 7933/7933
f 7933/7933 7934/7934 7936/7936 7935/7935
f 7937/7937 7938/7938 7940/7940 7939/7939
f 7939/7939 7940/7940 7942/7942 7941/7941
f 7941/7941 7942/7942 7944/7944 7943/7943
f 7943/7943 7944/7944 7946/7946 7945/7945
f 7945/7945 7946/7946 7948/7948 7947/7947
f 7947/7947 7948/7948 7950/7950 7949/7949
f 7949/7949 7950/7950 7952/7952 7951/7951
f 7951/7951 7952/7952 7954/7954 7953/7953
f 7953/7953 7954/7954 7956/7956 7955/7955
f 7955/7955 7956/7956 7958/7958 7957/7957
f 7957/7957 7958/7958 7960/7960 7959/7959
f 7959/7959 7960/7960 7962/7962 7961/7961
f 7961/7961 7962/7962 7964/7964 7963/7963
f 7963/7963 7964/7964 7966/7966 7965/7965
f 7965/7965 7966/7966 7968/7968 7967/7967
f 7969/7969 7970/7970 7972/7972 7971/7971
f 7971/7971 7972/7972 7974/7974 7973/7973
f 7973/7973 7974/7974 7976/7976 7975/7975
f 7975/7975 7976/7976 7978/7978 7977/7977
f 7977/7977 7978/7978 7980/7980 7979/7979
f 7979/7979 7980/7980 7982/7982 7981/7981
f 7981/7981 7982/7982 7984/7984 7983/7983
f 7983/7983 7984/7984 7986/7986 7985/7985
f 7985/7985 7986/7986 7988/7988 7987/7987
f 7987/7987 7988/7988 7990/7990 7989/7989
f 7989/7989 7990/7990 7992/7992 7991/7991
f 7991/7991 7992/7992 7994/7994 7993/7993
f 7993/7993 7994/7994 7996/7996 7995/7995
f 7995/7995 7996/7996 7998/7998 7997/7997
f 7997/7997 7998/7998 8000/8000 7999/7999
f 8001/8001 8002/8002 8004/8004 8003/8003
f 8003/8003 8004/8004 8006/8006 8005/8005
f 8005/8005 8006/8006 8008/8008 8007/8007
f 8007/8007 8008/8008 8010/8010 8009/8009
f 8009/8009 8010/8010 8012/8012 8011/8011
f 8011/8011 8012/8012 8014/8014 8013/8013
f 8013/8013 8014/8014 8016/8016 8015/8015
f 8015/8015 8016/8016 8018/8018 8017/8017
f 8017/8017 8018/8018 8020/8020 8019/8019
f 8019/8019 8020/8020 8022/8022 8021/8021
f 8021/8021 8022/8022 8024/8024 8023/8023
f 8023/8023 8024/8024 8026/8026 8025/8025
f 8025/8025 8026/8026 8028/8028 8027/8027
f 8027/8027 8028/8028 8030/8030 8029/8029
f 8029/8029 8030/8030 8032/8032 8031/8031
f 8033/8033 8034/8034 8036/8036 8035/8035
f 8035/8035 8036/8036 8038/8038 8037/8037
f 8037/8037 8038/8038 8040/8040 8039/8039
f 8039/8039 8040/8040 8042/8042 8041/8041
f 8041/8041 8042/8042 8044/8044 8043/8043
f 8043/8043 8044/8044 8046/8046 8045/8045
f 8045/8045 8046/8046 8048/8048 8047/8047
f 8047/8047 8048/8048 8050/8050 8049/8049
f 8049/8049 8050/8050 8052/8052 8051/8051
f 8051/8051 8052/8052 8054/8054 8053/8053
f 8053/8053 8054/8054 8056/8056 8055/8055
f 8055/8055 8056/8056 8058/8058 8057/8057
f 8057/8057 8058/8058 8060/8060 8059/8059
f 8059/8059 8060/8060 8062/8062 8061/8061
f 8061/8061 8062/8062 8064/8064 8063/8063
f 8065/8065 8066/8066 8068/8068 8067/8067
f 8067/8067 8068/8068 8070/8070 8069/8069
f 8069/8069 8070/8070 8072/8072 8071/8071
f 8071/8071 8072/8072 8074/8074 8073/8073
f 8073/8073 8074/8074 8076/8076 8075/8075
f 8075/8075 8076/8076 8078/8078 8077/8077
f 8077/8077 8078/8078 8080/8080 8079/8079
f 8079/8079 8080/8080 8082/8082 8081/8081
f 8081/8081 8082/8082 8084/8084 8083/8083
f 8083/8083 8084/8084 8086/8086 8085/8085
f 8085/8085 8086/8086 8088/8088 8087/8087
f 8087/8087 8088/8088 8090/8090 8089/8089
f 8089/8089 8090/8090 8092/8092 8091/8091
f 8091/8091 8092/8092 8094/8094 8093/8093
f 8093/8093 8094/8094 8096/8096 8095/8095
f 8097/8097 8098/8098 8100/8100 8099/8099
f 8099/8099 8100/8100 8102/8102 8101/8101
f 8101/8101 8102/8102 8104/8104 8103/8103
f 8103/8103 8104/8104 8106/8106 8105/8105
f 8105/8105 8106/8106 8108/8108 8107/8107
f 8107/8107 8108/8108 8110/8110 8109/8109
f 8109/8109 8110/8110 8112/8112 8111/8111
f 8111/8111 8112/8112 8114/8114 8113/8113
f 8113/8113 8114/8114 8116/8116 8115/8115
f 8115/8115 8116/8116 8118/8118 8117/8117
f 8117/8117 8118/8118 8120/8120 8119/8119
f 8119/8119 8120/8120 8122/8122 8121/8121
f 8121/8121 8122/8122 8124/8124 8123/8123
f 8123/8123 8124/8124 8126/8126 8125/8125
f 8125/8125 8126/8126 8128/8128 8127/8127
f 8129/8129 8130/8130 8132/8132 8131/8131
f 8131/8131 8132/8132 8134/8134 8133/8133
f 8133/8133 8134/8134 8136/8136 8135/8135
f 8135/8135 8136/8136 8138/8138 8137/8137
f 8137/8137 8138/8138 8140/8140 8139/8139
f 8139/8139 8140/8140 8142/8142 8141/8141
f 8141/8141 8142/8142 8144/8144 8143/8143
f 8143/8143 8144/8144 8146/8146 8145/8145
f 8145/8145 8146/8146 8148/8148 8147/8147
f 8147/8147 8148/8148 8150/8150 8149/8149
f 8149/8149 8150/8150 8152/8152 8151/8151
f 8151/8151 8152/8152 8154/8154 8153/8153
f 8153/8153 8154/8154 8156/8156 8155/8155
f 8155/8155 8156/8156 8158/8158 8157/8157
f 8157/8157 8158/8158 8160/8160 8159/8159
f 8161/8161 8162/8162 8164/8164 8163/8163
f 8163/8163 8164/8164 8166/8166 8165/8165
f 8165/8165 8166/8166 8168/8168 8167/8167
f 8167/8167 8168/8168 8170/8170 8169/8169
f 8169/8169 8170/8170 8172/8172 8171/8171
f 8171/8171 8172/8172 8174/8174 8173/8173
f 8173/8173 8174/8174 8176/8176 8175/8175
f 8175/8175 8176/8176 8178/8178 8177/8177
f 8177/8177 8178/8178 8180/8180 8179/8179
f 8179/8179 8180/8180 8182/8182 8181/8181
f 8181/8181 8182/8182 8184/8184 8183/8183
f 8183/8183 8184/8184 8186/8186 8185/8185
f 8185/8185 8186/8186 8188/8188 8187/8187
f 8187/8187 8188/8188 8190/8190 8189/8189
f 8189/8189 8190/8190 8192/8192 8191/8191
f 8193/8193 8194/8194 8196/8196 8195/8195
f 8195/8195 8196/8196 8198/8198 8197/8197
f 8197/8197 8198/8198 8200/8200 8199/8199
f 8199/8199 8200/8200 8202/8202 8201/8201
f 8201/8201 8202/8202 8204/8204 8203/8203
f 8203/8203 8204/8204 8206/8206 8205/8205
f 8205/8205 8206/8206 8208/8208 8207/8207
f 8207/8207 8208/8208 8210/8210 8209/8209
f 8209/8209 8210/8210 8212/8212 8211/8211
f 8211/8211 8212/8212 8214/8214 8213/8213
f 8213/8213 8214/8214 8216/8216 8215/8215
f 8215/8215 8216/8216 8218/8218 8217/8217
f 8217/8217 8218/8218 8220/8220 8219/8219
f 8219/8219 8220/8220 8222/8222 8221/8221
f 8221/8221 8222/8222 8224/8224 8223/8223
f 8225/8225 8226/8226 8228/8228 8227/8227
f 8227/8227 8228/8228 8230/8230 8229/8229
f 8229/8229 8230/8230 8232/8232 8231/8231
f 8231/8231 8232/8232 8234/8234 8233/8233
f 8233/8233 8234/8234 8236/8236 8235/8235
f 8235/8235 8236/8236 8238/8238 8237/8237
f 8237/8237 8238/8238 8240/8240 8239/8239
f 8239/8239 8240/8240 8242/8242 8241/8241
f 8241/8241 8242/8242 8244/8244 8243/8243
f 8243/8243 8244/8244 8246/8246 8245/8245
f 8245/8245 8246/8246 8248/8248 8247/8247
f 8247/8247 8248/8248 8250/8250 8249/8249
f 8249/8249 8250/8250 8252/8252 8251/8251
f 8251/8251 8252/8252 8254/8254 8253/8253
f 8253/8253 8254/8254 8256/8256 8255/8255
f 8257/8257 8258/8258 8260/8260 8259/8259
f 8259/8259 8260/8260 8262/8262 8261/8261
f 8261/8261 8262/8262 8264/8264 8263/8263
f 8263/8263 8264/8264 8266/8266 8265/8265
f 8265/8265 8266/8266 8268/8268 8267/8267
f 8267/8267 8268/8268 8270/8270 8269/8269
f 8269/8269 8270/8270 8272/8272 8271/8271
f 8271/8271 8272/8272 8274/8274 8273/8273
f 8273/8273 8274/8274 8276/8276 8275/8275
f 8275/8275 8276/8276 8278/8278 8277/8277
f 8277/8277 8278/8278 8280/8280 8279/8279
f 8279/8279 8280/8280 8282/8282 8281/8281
f 8281/8281 8282/8282 8284/8284 8283/8283
f 8283/8283 8284/8284 8286/8286 8285/8285
f 8285/8285 8286/8286 8288/8288 8287/8287
f 8289/8289 8290/8290 8292/8292 8291/8291
f 8291/8291 8292/8292 8294/8294 8293/8293
f 8293/8293 8294/8294 8296/8296 8295/8295
f 8295/8295 8296/8296 8298/8298 8297/8297
f 8297/8297 8298/8298 8300/8300 8299/8299
f 8299/8299 8300/8300 8302/8302 8301/8301
f 8301/8301 8302/8302 8304/8304 8303/8303
f 8303/8303 8304/8304 8306/8306 8305/8305
f 8305/8305 8306/8306 8308/8308 8307/8307
f 8307/8307 8308/8308 8310/8310 8309/8309
f 8309/8309 8310/8310 8312/8312 8311/8311
f 8311/8311 8312/8312 8314/8314 8313/8313
f 8313/8313 8314/8314 8316/8316 8315/8315
f 8315/8315 8316/8316 8318/8318 8317/8317
f 8317/8317 8318/8318 8320/8320 8319/8319
f 8321/8321 8322/8322 8324/8324 8323/8323
f 8323/8323 8324/8324 8326/8326 8325/8325
f 8325/8325 8326/8326 8328/8328 8327/8327
f 8327/8327 8328/8328 8330/8330 8329/8329
f 8329/8329 8330/8330 8332/8332 8331/8331
f 8331/8331 8332/8332 8334/8334 8333/8333
f 8333/8333 8334/8334 8336/8336 8335/8335
f 8335/8335 8336/8336 8338/8338 8337/8337
f 8337/8337 8338/8338 8340/8340 8339/8339
f 8339/8339 8340/8340 8342/8342 8341/8341
f 8341/8341 8342/8342 8344/8344 8343/8343
f 8343/8343 8344/8344 8346/8346 8345/8345
f 8345/8345 8346/8346 8348/8348 8347/8347
f 8347/8347 8348/8348 8350/8350 8349/8349
f 8349/8349 8350/8350 8352/8352 8351/8351
f 8353/8353 8354/8354 8356/8356 8355/8355
f 8355/8355 8356/8356 8358/8358 8357/8357
f 8357/8357 8358/8358 8360/8360 8359/8359
f 8359/8359 8360/8360 8362/8362 8361/8361
f 8361/8361 8362/8362 8364/8364 8363/8363
f 8363/8363 8364/8364 8366/8366 8365/8365
f 8365/8365 8366/8366 8368/8368 8367/8367
f 8367/8367 8368/8368 8370/8370 8369/8369
f 8369/8369 8370/8370 8372/8372 8371/8371
f 8371/8371 8372/8372 8374/8374 8373/8373
f 8373/8373 8374/8374 8376/8376 8375/8375
f 8375/8375 8376/8376 8378/8378 8377/8377
f 8377/8377 8378/8378 8380/8380 8379/8379
f 8379/8379 8380/8380 8382/8382 8381/8381
f 8381/8381 8382/8382 8384/8384 8383/8383
f 8385/8385 8386/8386 8388/8388 8387/8387
f 8387/8387 8388/8388 8390/8390 8389/8389
f 8389/8389 8390/8390 8392/8392 8391/8391
f 8391/8391 8392/8392 8394/8394 8393/8393
f 8393/8393 8394/8394 8396/8396 8395/8395
f 8395/8395 8396/8396 8398/8398 8397/8397
f 8397/8397 8398/8398 8400/8400 8399/8399
f 8399/8399 8400/8400 8402/8402 8401/8401
f 8401/8401 8402/8402 8404/8404 8403/8403
f 8403/8403 8404/8404 8406/8406 8405/8405
f 8405/8405 8406/8406 8408/8408 8407/8407
f 8407/8407 8408/8408 8410/8410 8409/8409
f 8409/8409 8410/8410 8412/8412 8411/8411
f 8411/8411 8412/8412 8414/8414 8413/8413
f 8413/8413 8414/8414 8416/8416 8415/8415
f 8417/8417 8418/8418 8420/8420 8419/8419
f 8419/8419 8420/8420 8422/8422 8421/8421
f 8421/8421 8422/8422 8424/8424 8423/8423
f 8423/8423 8424/8424 8426/8426 8425/8425
f 8425/8425 8426/8426 8428/8428 8427/8427
f 8427/8427 8428/8428 8430/8430 8429/8429
f 8429/8429 8430/8430 8432/8432 8431/8431
f 8431/8431 8432/8432 8434/8434 8433/8433
f 8433/8433 8434/8434 8436/8436 8435/8435
f 8435/8435 8436/8436 8438/8438 8437/8437
f 8437/8437 8438/8438 8440/8440 8439/8439
f 8439/8439 8440/8440 8442/8442 8441/8441
f 8441/8441 8442/8442 8444/8444 8443/8443
f 8443/8443 8444/8444 8446/8446 8445/8445
f 8445/8445 8446/8446 8448/8448 8447/8447
f 8449/8449 8450/8450 8452/8452 8451/8451
f 8451/8451 8452/8452 8454/8454 8453/8453
f 8453/8453 8454/8454 8456/8456 8455/8455
f 8455/8455 8456/8456 8458/8458 8457/8457
f 8457/8457 8458/8458 8460/8460 8459/8459
f 8459/8459 8460/8460 8462/8462 8461/8461
f 8461/8461 8462/8462 8464/8464 8463/8463
f 8463/8463 8464/8464 8466/8466 8465/8465
f 8465/8465 8466/8466 8468/8468 8467/8467
f 8467/8467 8468/8468 8470/8470 8469/8469
f 8469/8469 8470/8470 8472/8472 8471/8471
f 8471/8471 8472/8472 8474/8474 8473/8473
f 8473/8473 8474/8474 8476/8476 8475/8475
f 8475/8475 8476/8476 8478/8478 8477/8477
f 8477/8477 8478/8478 8480/8480 8479/8479
f 8481/8481 8482/8482 8484/8484 8483/8483
f 8483/8483 8484/8484 8486/8486 8485/8485
f 8485/8485 8486/8486 8488/8488 8487/8487
f 8487/8487 8488/8488 8490/8490 8489/8489
f 8489/8489 8490/8490 8492/8492 8491/8491
f 8491/8491 8492/8492 8494/8494 8493/8493
f 8493/8493 8494/8494 8496/8496 8495/8495
f 8495/8495 8496/8496 8498/8498 8497/8497
f 8497/8497 8498/8498 8500/8500 8499/8499
f 8499/8499 8500/8500 8502/8502 8501/8501
f 8501/8501 8502/8502 8504/8504 8503/8503
f 8503/8503 8504/8504 8506/8506 8505/8505
f 8505/8505 8506/8506 8508/8508 8507/8507
f 8507/8507 8508/8508 8510/8510 8509/8509
f 8509/8509 8510/8510 8512/8512 8511/8511
f 8513/8513 8514/8514 8516/8516 8515/8515
f 8515/8515 8516/8516 8518/8518 8517/8517
f 8517/8517 8518/8518 8520/8520 8519/8519
f 8519/8519 8520/8520 8522/8522 8521/8521
f 8521/8521 8522/8522 8524/8524 8523/8523
f 8523/8523 8524/8524 8526/8526 8525/8525
f 8525/8525 8526/8526 8528/8528 8527/8527
f 8527/8527 8528/8528 8530/8530 8529/8529
f 8529/8529 8530/8530 8532/8532 8531/8531
f 8531/8531 8532/8532 8534/8534 8533/8533
f 8533/8533 8534/8534 8536/8536 8535/8535
f 8535/8535 8536/8536 8538/8538 8537/8537
f 8537/8537 8538/8538 8540/8540 8539/8539
f 8539/8539 8540/8540 8542/8542 8541/8541
f 8541/8541 8542/8542 8544/8544 8543/8543
f 8545/8545 8546/8546 8548/8548 8547/8547
f 8547/8547 8548/8548 8550/8550 8549/8549
f 8549/8549 8550/8550 8552/8552 8551/8551
f 8551/8551 8552/8552 8554/8554 8553/8553
f 8553/8553 8554/8554 8556/8556 8555/8555
f 8555/8555 8556/8556 8558/8558 8557/8557
f 8557/8557 8558/8558 8560/8560 8559/8559
f 8559/8559 8560/8560 8562/8562 8561/8561
f 8561/8561 8562/8562 8564/8564 8563/8563
f 8563/8563 8564/8564 8566/8566 8565/8565
f 8565/8565 8566/8566 8568/8568 8567/8567
f 8567/8567 8568/8568 8570/8570 8569/8569
f 8569/8569 8570/8570 8572/8572 8571/8571
f 8571/8571 8572/8572 8574/8574 8573/8573
f 8573/8573 8574/8574 8576/8576 8575/8575
f 8577/8577 8578/8578 8580/8580 8579/8579
f 8579/8579 8580/8580 8582/8582 8581/8581
f 8581/8581 8582/8582 8584/8584 8583/8583
f 8583/8583 8584/8584 8586/8586 8585/8585
f 8585/8585 8586/8586 8588/8588 8587/8587
f 8587/8587 8588/8588 8590/8590 8589/8589
f 8589/8589 8590/8590 8592/8592 8591/8591
f 8591/8591 8592/8592 8594/8594 8593/8593
f 8593/8593 8594/8594 8596/8596 8595/8595
f 8595/8595 8596/8596 8598/8598 8597/8597
f 8597/8597 8598/8598 8600/8600 8599/8599
f 8599/8599 8600/8600 8602/8602 8601/8601
f 8601/8601 8602/8602 8604/8604 8603/8603
f 8603/8603 8604/8604 8606/8606 8605/8605
f 8605/8605 8606/8606 8608/8608 8607/8607
f 8609/8609 8610/8610 8612/8612 8611/8611
f 8611/8611 8612/8612 8614/8614 8613/8613
f 8613/8613 8614/8614 8616/8616 8615/8615
f 8615/8615 8616/8616 8618/8618 8617/8617
f 8617/8617 8618/8618 8620/8620 8619/8619
f 8619/8619 8620/8620 8622/8622 8621/8621
f 8621/8621 8622/8622 8624/8624 8623/8623
f 8623/8623 8624/8624 8626/8626 8625/8625
f 8625/8625 8626/8626 8628/8628 8627/8627
f 8627/8627 8628/8628 8630/8630 8629/8629
f 8629/8629 8630/8630 8632/8632 8631/8631
f 8631/8631 8632/8632 8634/8634 8633/8633
f 8633/8633 8634/8634 8636/8636 8635/8635
f 8635/8635 8636/8636 8638/8638 8637/8637
f 8637/8637 8638/8638 8640/8640 8639/8639
f 8641/8641 8642/8642 8644/8644 8643/8643
f 8643/8643 8644/8644 8646/8646 8645/8645
f 8645/8645 8646/8646 8648/8648 8647/8647
f 8647/8647 8648/8648 8650/8650 8649/8649
f 8649/8649 8650/8650 8652/8652 8651/8651
f 8651/8651 8652/8652 8654/8654 8653/8653
f 8653/8653 8654/8654 8656/8656 8655/8655
f 8655/8655 8656/8656 8658/8658 8657/8657
f 8657/8657 8658/8658 8660/8660 8659/8659
f 8659/8659 8660/8660 8662/8662 8661/8661
f 8661/8661 8662/8662 8664/8664 8663/8663
f 8663/8663 8664/8664 8666/8666 8665/8665
f 8665/8665 8666/8666 8668/8668 8667/8667
f 8667/8667 8668/8668 8670/8670 8669/8669
f 8669/8669 8670/8670 8672/8672 8671/8671
f 8673/8673 8674/8674 8676/8676 8675/8675
f 8675/8675 8676/8676 8678/8678 8677/8677
f 8677/8677 8678/8678 8680/8680 8679/8679
f 8679/8679 8680/8680 8682/8682 8681/8681
f 8681/8681 8682/8682 8684/8684 8683/8683
f 8683/8683 8684/8684 8686/8686 8685/8685
f 8685/8685 8686/8686 8688/8688 8687/8687
f 8687/8687 8688/8688 8690/8690 8689/8689
f 8689/8689 8690/8690 8692/8692 8691/8691
f 8691/8691 8692/8692 8694/8694 8693/8693
f 8693/8693 8694/8694 8696/8696 8695/8695
f 8695/8695 8696/8696 8698/8698 8697/8697
f 8697/8697 8698/8698 8700/8700 8699/8699
f 8699/8699 8700/8700 8702/8702 8701/8701
f 8701/8701 8702/8702 8704/8704 8703/8703
f 8705/8705 8706/8706 8708/8708 8707/8707
f 8707/8707 8708/8708 8710/8710 8709/8709
f 8709/8709 8710/8710 8712/8712 8711/8711
f 8711/8711 8712/8712 8714/8714 8713/8713
f 8713/8713 8714/8714 8716/8716 8715/8715
f 8715/8715 8716/8716 8718/8718 8717/8717
f 8717/8717 8718/8718 8720/8720 8719/8719
f 8719/8719 8720/8720 8722/8722 8721/8721
f 8721/8721 8722/8722 8724/8724 8723/8723
f 8723/8723 8724/8724 8726/8726 8725/8725
f 8725/8725 8726/8726 8728/8728 8727/8727
f 8727/8727 8728/8728 8730/8730 8729/8729
f 8729/8729 8730/8730 8732/8732 8731/8731
f 8731/8731 8732/8732 8734/8734 8733/8733
f 8733/8733 8734/8734 8736/8736 8735/8735
f 8737/8737 8738/8738 8740/8740 8739/8739
f 8739/8739 8740/8740 8742/8742 8741/8741
f 8741/8741 8742/8742 8744/8744 8743/8743
f 8743/8743 8744/8744 8746/8746 8745/8745
f 8745/8745 8746/8746 8748/8748 8747/8747
f 8747/8747 8748/8748 8750/8750 8749/8749
f 8749/8749 8750/8750 8752/8752 8751/8751
f 8751/8751 8752/8752 8754/8754 8753/8753
f 8753/8753 8754/8754 8756/8756 8755/8755
f 8755/8755 8756/8756 8758/8758 8757/8757
f 8757/8757 8758/8758 8760/8760 8759/8759
f 8759/8759 8760/8760 8762/8762 8761/8761
f 8761/8761 8762/8762 8764/8764 8763/8763
f 8763/8763 8764/8764 8766/8766 8765/8765
f 8765/8765 8766/8766 8768/8768 8767/8767
f 8769/8769 8770/8770 8772/8772 8771/8771
f 8771/8771 8772/8772 8774/8774 8773/8773
f 8773/8773 8774/8774 8776/8776 8775/8775
f 8775/8775 8776/8776 8778/8778 8777/8777
f 8777/8777 8778/8778 8780/8780 8779/8779
f 8779/8779 8780/8780 8782/8782 8781/8781
f 8781/8781 8782/8782 8784/8784 8783/8783
f 8783/8783 8784/8784 8786/8786 8785/8785
f 8785/8785 8786/8786 8788/8788 8787/8787
f 8787/8787 8788/8788 8790/8790 8789/8789
f 8789/8789 8790/8790 8792/8792 8791/8791
f 8791/8791 8792/8792 8794/8794 8793/8793
f 8793/8793 8794/8794 8796/8796 8795/8795
f 8795/8795 8796/8796 8798/8798 8797/8797
f 8797/8797 8798/8798 8800/8800 8799/8799
f 8801/8801 8802/8802 8804/8804 8803/8803
f 8803/8803 8804/8804 8806/8806 8805/8805
f 8805/8805 8806/8806 8808/8808 8807/8807
f 8807/8807 8808/8808 8810/8810 8809/8809
f 8809/8809 8810/8810 8812/8812 8811/8811
f 8811/8811 8812/8812 8814/8814 8813/8813
f 8813/8813 8814/8814 8816/8816 8815/8815
f 8815/8815 8816/8816 8818/8818 8817/8817
f 8817/8817 8818/8818 8820/8820 8819/8819
f 8819/8819 8820/8820 8822/8822 8821/8821
f 8821/8821 8822/8822 8824/8824 8823/8823
f 8823/8823 8824/8824 8826/8826 8825/8825
f 8825/8825 8826/8826 8828/8828 8827/8827
f 8827/8827 8828/8828 8830/8830 8829/8829
f 8829/8829 8830/8830 8832/8832 8831/8831
f 8833/8833 8834/8834 8836/8836 8835/8835
f 8835/8835 8836/8836 8838/8838 8837/8837
f 8837/8837 8838/8838 8840/8840 8839/8839
f 8839/8839 8840/8840 8842/8842 8841/8841
f 8841/8841 8842/8842 8844/8844 8843/8843
f 8843/8843 8844/8844 8846/8846 8845/8845
f 8845/8845 8846/8846 8848/8848 8847/8847
f 8847/8847 8848/8848 8850/8850 8849/8849
f 8849/8849 8850/8850 8852/8852 8851/8851
f 8851/8851 8852/8852 8854/8854 8853/8853
f 8853/8853 8854/8854 8856/8856 8855/8855
f 8855/8855 8856/8856 8858/8858 8857/8857
f 8857/8857 8858/8858 8860/8860 8859/8859
f 8859/8859 8860/8860 8862/8862 8861/8861
f 8861/8861 8862/8862 8864/8864 8863/8863
f 8865/8865 8866/8866 8868/8868 8867/8867
f 8867/8867 8868/8868 8870/8870 8869/8869
f 8869/8869 8870/8870 8872/8872 8871/8871
f 8871/8871 8872/8872 8874/8874 8873/8873
f 8873/8873 8874/8874 8876/8876 8875/8875
f 8875/8875 8876/8876 8878/8878 8877/8877
f 8877/8877 8878/8878 8880/8880 8879/8879
f 8879/8879 8880/8880 8882/8882 8881/8881
f 8881/8881 8882/8882 8884/8884 8883/8883
f 8883/8883 8884/8884 8886/8886 8885/8885
f 8885/8885 8886/8886 8888/8888 8887/8887
f 8887/8887 8888/8888 8890/8890 8889/8889
f 8889/8889 8890/8890 8892/8892 8891/8891
f 8891/8891 8892/8892 8894/8894 8893/8893
f 8893/8893 8894/8894 8896/8896 8895/8895
f 8897/8897 8898/8898 8900/8900 8899/8899
f 8899/8899 8900/8900 8902/8902 8901/8901
f 8901/8901 8902/8902 8904/8904 8903/8903
f 8903/8903 8904/8904 8906/8906 8905/8905
f 8905/8905 8906/8906 8908/8908 8907/8907
f 8907/8907 8908/8908 8910/8910 8909/8909
f 8909/8909 8910/8910 8912/8912 8911/8911
f 8911/8911 8912/8912 8914/8914 8913/8913
f 8913/8913 8914/8914 8916/8916 8915/8915
f 8915/8915 8916/8916 8918/8918 8917/8917
f 8917/8917 8918/8918 8920/8920 8919/8919
f 8919/8919 8920/8920 8922/8922 8921/8921
f 8921/8921 8922/8922 8924/8924 8923/8923
f 8923/8923 8924/8924 8926/8926 8925/8925
f 8925/8925 8926/8926 8928/8928 8927/8927
f 8929/8929 8930/8930 8932/8932 8931/8931
f 8931/8931 8932/8932 8934/8934 8933/8933
f 8933/8933 8934/8934 8936/8936 8935/8935
f 8935/8935 8936/8936 8938/8938 8937/8937
f 8937/8937 8938/8938 8940/8940 8939/8939
f 8939/8939 8940/8940 8942/8942 8941/8941
f 8941/8941 8942/8942 8944/8944 8943/8943
f 8943/8943 8944/8944 8946/8946 8945/8945
f 8945/8945 8946/8946 8948/8948 8947/8947
f 8947/8947 8948/8948 8950/8950 8949/8949
f 8949/8949 8950/8950 8952/8952 8951/8951
f 8951/8951 8952/8952 8954/8954 8953/8953
f 8953/8953 8954/8954 8956/8956 8955/8955
f 8955/8955 8956/8956 8958/8958 8957/8957
f 8957/8957 8958/8958 8960/8960 8959/8959
f 8961/8961 8962/8962 8964/8964 8963/8963
f 8963/8963 8964/8964 8966/8966 8965/8965
f 8965/8965 8966/8966 8968/8968 8967/8967
f 8967/8967 8968/8968 8970/8970 8969/8969
f 8969/8969 8970/8970 8972/8972 8971/8971
f 8971/8971 8972/8972 8974/8974 8973/8973
f 8973/8973 8974/8974 8976/8976 8975/8975
f 8975/8975 8976/8976 8978/8978 8977/8977
f 8977/8977 8978/8978 8980/8980 8979/8979
f 8979/8979 8980/8980 8982/8982 8981/8981
f 8981/8981 8982/8982 8984/8984 8983/8983
f 8983/8983 8984/8984 8986/8986 8985/8985
f 8985/8985 8986/8986 8988/8988 8987/8987
f 8987/8987 8988/8988 8990/8990 8989/8989
f 8989/8989 8990/8990 8992/8992 8991/8991
f 8993/8993 8994/8994 8996/8996 8995/8995
f 8995/8995 8996/8996 8998/8998 8997/8997
f 8997/8997 8998/8998 9000/9000 8999/8999
f 8999/8999 9000/9000 9002/9002 9001/9001
f 9001/9001 9002/9002 9004/9004 9003/9003
f 9003/9003 9004/9004 9006/9006 9005/9005
f 9005/9005 9006/9006 9008/9008 9007/9007
f 9007/9007 9008/9008 9010/9010 9009/9009
f 9009/9009 9010/9010 9012/9012 9011/9011
f 9011/9011 9012/9012 9014/9014 9013/9013
f 9013/9013 9014/9014 9016/9016 9015/9015
f 9015/9015 9016/9016 9018/9018 9017/9017
f 9017/9017 9018/9018 9020/9020 9019/9019
f 9019/9019 9020/9020 9022/9022 9021/9021
f 9021/9021 9022/9022 9024/9024 9023/9023
f 9025/9025 9026/9026 9028/9028 9027/9027
f 9027/9027 9028/9028 9030/9030 9029/9029
f 9029/9029 9030/9030 9032/9032 9031/9031
f 9031/9031 9032/9032 9034/9034 9033/9033
f 9033/9033 9034/9034 9036/9036 9035/9035
f 9035/9035 9036/9036 9038/9038 9037/9037
f 9037/9037 9038/9038 9040/9040 9039/9039
f 9039/9039 9040/9040 9042/9042 9041/9041
f 9041/9041 9042/9042 9044/9044 9043/9043
f 9043/9043 9044/9044 9046/9046 9045/9045
f 9045/9045 9046/9046 9048/9048 9047/9047
f 9047/9047 9048/9048 9050/9050 9049/9049
f 9049/9049 9050/9050 9052/9052 9051/9051
f 9051/9051 9052/9052 9054/9054 9053/9053
f 9053/9053 9054/9054 9056/9056 9055/9055
f 9057/9057 9058/9058 9060/9060 9059/9059
f 9059/9059 9060/9060 9062/9062 9061/9061
f 9061/9061 9062/9062 9064/9064 9063/9063
f 9063/9063 9064/9064 9066/9066 9065/9065
f 9065/9065 9066/9066 9068/9068 9067/9067
f 9067/9067 9068/9068 9070/9070 9069/9069
f 9069/9069 9070/9070 9072/9072 9071/9071
f 9071/9071 9072/9072 9074/9074 9073/9073
f 9073/9073 9074/9074 9076/9076 9075/9075
f 9075/9075 9076/9076 9078/9078 9077/9077
f 9077/9077 9078/9078 9080/9080 9079/9079
f 9079/9079 9080/9080 9082/9082 9081/9081
f 9081/9081 9082/9082 9084/9084 9083/9083
f 9083/9083 9084/9084 9086/9086 9085/9085
f 9085/9085 9086/9086 9088/9088 9087/9087
f 9089/9089 9090/9090 9092/9092 9091/9091
f 9091/9091 9092/9092 9094/9094 9093/9093
f 9093/9093 9094/9094 9096/9096 9095/9095
f 9095/9095 9096/9096 9098/9098 9097/9097
f 9097/9097 9098/9098 9100/9100 9099/9099
f 9099/9099 9100/9100 9102/9102 9101/9101
f 9101/9101 9102/9102 9104/9104 9103/9103
f 9103/9103 9104/9104 9106/9106 9105/9105
f 9105/9105 9106/9106 9108/9108 9107/9107
f 9107/9107 9108/9108 9110/9110 9109/9109
f 9109/9109 9110/9110 9112/9112 9111/9111
f 9111/9111 9112/9112 9114/9114 9113/9113
f 9113/9113 9114/9114 9116/9116 9115/9115
f 9115/9115 9116/9116 9118/9118 9117/9117
f 9117/9117 9118/9118 9120/9120 9119/9119
f 9121/9121 9122/9122 9124/9124 9123/9123
f 9123/9123 9124/9124 9126/9126 9125/9125
f 9125/9125 9126/9126 9128/9128 9127/9127
f 9127/9127 9128/9128 9130/9130 9129/9129
f 9129/9129 9130/9130 9132/9132 9131/9131
f 9131/9131 9132/9132 9134/9134 9133/9133
f 9133/9133 9134/9134 9136/9136 9135/9135
f 9135/9135 9136/9136 9138/9138 9137/9137
f 9137/9137 9138/9138 9140/9140 9139/9139
f 9139/9139 9140/9140 9142/9142 9141/9141
f 9141/9141 9142/9142 9144/9144 9143/9143
f 9143/9143 9144/9144 9146/9146 9145/9145
f 9145/9145 9146/9146 9148/9148 9147/9147
f 9147/9147 9148/9148 9150/9150 9149/9149
f 9149/9149 9150/9150 9152/9152 9151/9151
f 9153/9153 9154/9154 9156/9156 9155/9155
f 9155/9155 9156/9156 9158/9158 9157/9157
f 9157/9157 9158/9158 9160/9160 9159/9159
f 9159/9159 9160/9160 9162/9162 9161/9161
f 9161/9161 9162/9162 9164/9164 9163/9163
f 9163/9163 9164/9164 9166/9166 9165/9165
f 9165/9165 9166/9166 9168/9168 9167/9167
f 9167/9167 9168/9168 9170/9170 9169/9169
f 9169/9169 9170/9170 9172/9172 9171/9171
f 9171/9171 9172/9172 9174/9174 9173/9173
f 9173/9173 9174/9174 9176/9176 9175/9175
f 9175/9175 9176/9176 9178/9178 9177/9177
f 9177/9177 9178/9178 9180/9180 9179/9179
f 9179/9179 9180/9180 9182/9182 9181/9181
f 9181/9181 9182/9182 9184/9184 9183/9183
f 9185/9185 9186/9186 9188/9188 9187/9187
f 9187/9187 9188/9188 9190/9190 9189/9189
f 9189/9189 9190/9190 9192/9192 9191/9191
f 9191/9191 9192/9192 9194/9194 9193/9193
f 9193/9193 9194/9194 9196/9196 9195/9195
f 9195/9195 9196/9196 9198/9198 9197/9197
f 9197/9197 9198/9198 9200/9200 9199/9199
f 9199/9199 9200/9200 9202/9202 9201/9201
f 9201/9201 9202/9202 9204/9204 9203/9203
f 9203/9203 9204/9204 9206/9206 9205/9205
f 9205/9205 9206/9206 9208/9208 9207/9207
f 9207/9207 9208/9208 9210/9210 9209/9209
f 9209/9209 9210/9210 9212/9212 9211/9211
f 9211/9211 9212/9212 9214/9214 9213/9213
f 9213/9213 9214/9214 9216/9216 9215/9215
f 9217/9217 9218/9218 9220/9220 9219/9219
f 9219/9219 9220/9220 9222/9222 9221/9221
f 9221/9221 9222/9222 9224/9224 9223/9223
f 9223/9223 9224/9224 9226/9226 9225/9225
f 9225/9225 9226/9226 9228/9228 9227/9227
f 9227/9227 9228/9228 9230/9230 9229/9229
f 9229/9229 9230/9230 9232/9232 9231/9231
f 9231/9231 9232/9232 9234/9234 9233/9233
f 9233/9233 9234/9234 9236/9236 9235/9235
f 9235/9235 9236/9236 9238/9238 9237/9237
f 9237/9237 9238/9238 9240/9240 9239/9239
f 9239/9239 9240/9240 9242/9242 9241/9241
f 9241/9241 9242/9242 9244/9244 9243/9243
f 9243/9243 9244/9244 9246/9246 9245/9245
f 9245/9245 9246/9246 9248/9248 9247/9247
f 9249/9249 9250/9250 9252/9252 9251/9251
f 9251/9251 9252/9252 9254/9254 9253/9253
f 9253/9253 9254/9254 9256/9256 9255/9255
f 9255/9255 9256/9256 9258/9258 9257/9257
f 9257/9257 9258/9258 9260/9260 9259/9259
f 9259/9259 9260/9260 9262/9262 9261/9261
f 9261/9261 9262/9262 9264/9264 9263/9263
f 9263/9263 9264/9264 9266/9266 9265/9265
f 9265/9265 9266/9266 9268/9268 9267/9267
f 9267/9267 9268/9268 9270/9270 9269/9269
f 9269/9269 9270/9270 9272/9272 9271/9271
f 9271/9271 9272/9272 9274/9274 9273/9273
f 9273/9273 9274/9274 9276/9276 9275/9275
f 9275/9275 9276/9276 9278/9278 9277/9277
f 9277/9277 9278/9278 9280/9280 9279/9279
f 9281/9281 9282/9282 9284/9284 9283/9283
f 9283/9283 9284/9284 9286/9286 9285/9285
f 9285/9285 9286/9286 9288/9288 9287/9287
f 9287/9287 9288/9288 9290/9290 9289/9289
f 9289/9289 9290/9290 9292/9292 9291/9291
f 9291/9291 9292/9292 9294/9294 9293/9293
f 9293/9293 9294/9294 9296/9296 9295/9295
f 9295/9295 9296/9296 9298/9298 9297/9297
f 9297/9297 9298/9298 9300/9300 9299/9299
f 9299/9299 9300/9300 9302/9302 9301/9301
f 9301/9301 9302/9302 9304/9304 9303/9303
f 9303/9303 9304/9304 9306/9306 9305/9305
f 9305/9305 9306/9306 9308/9308 9307/9307
f 9307/9307 9308/9308 9310/9310 9309/9309
f 9309/9309 9310/9310 9312/9312 9311/9311
f 9313/9313 9314/9314 9316/9316 9315/9315
f 9315/9315 9316/9316 9318/9318 9317/9317
f 9317/9317 9318/9318 9320/9320 9319/9319
f 9319/9319 9320/9320 9322/9322 9321/9321
f 9321/9321 9322/9322 9324/9324 9323/9323
f 9323/9323 9324/9324 9326/9326 9325/9325
f 9325/9325 9326/9326 9328/9328 9327/9327
f 9327/9327 9328/9328 9330/9330 9329/9329
f 9329/9329 9330/9330 9332/9332 9331/9331
f 9331/9331 9332/9332 9334/9334 9333/9333
f 9333/9333 9334/9334 9336/9336 9335/9335
f 9335/9335 9336/9336 9338/9338 9337/9337
f 9337/9337 9338/9338 9340/9340 9339/9339
f 9339/9339 9340/9340 9342/9342 9341/9341
f 9341/9341 9342/9342 9344/9344 9343/9343
f 9345/9345 9346/9346 9348/9348 9347/9347
f 9347/9347 9348/9348 9350/9350 9349/9349
f 9349/9349 9350/9350 9352/9352 9351/9351
f 9351/9351 9352/9352 9354/9354 9353/9353
f 9353/9353 9354/9354 9356/9356 9355/9355
f 9355/9355 9356/9356 9358/9358 9357/9357
f 9357/9357 9358/9358 9360/9360 9359/9359
f 9359/9359 9360/9360 9362/9362 9361/9361
f 9361/9361 9362/9362 9364/9364 9363/9363
f 9363/9363 9364/9364 9366/9366 9365/9365
f 9365/9365 9366/9366 9368/9368 9367/9367
f 9367/9367 9368/9368 9370/9370 9369/9369
f 9369/9369 9370/9370 9372/9372 9371/9371
f 9371/9371 9372/9372 9374/9374 9373/9373
f 9373/9373 9374/9374 9376/9376 9375/9375
f 9377/9377 9378/9378 9380/9380 9379/9379
f 9379/9379 9380/9380 9382/9382 9381/9381
f 9381/9381 9382/9382 9384/9384 9383/9383
f 9383/9383 9384/9384 9386/9386 9385/9385
f 9385/9385 9386/9386 9388/9388 9387/9387
f 9387/9387 9388/9388 9390/9390 9389/9389
f 9389/9389 9390/9390 9392/9392 9391/9391
f 9391/9391 9392/9392 9394/9394 9393/9393
f 9393/9393 9394/9394 9396/9396 9395/9395
f 9395/9395 9396/9396 9398/9398 9397/9397
f 9397/9397 9398/9398 9400/9400 9399/9399
f 9399/9399 9400/9400 9402/9402 9401/9401
f 9401/9401 9402/9402 9404/9404 9403/9403
f 9403/9403 9404/9404 9406/9406 9405/9405
f 9405/9405 9406/9406 9408/9408 9407/9407
f 9409/9409 9410/9410 9412/9412 9411/9411
f 9411/9411 9412/9412 9414/9414 9413/9413
f 9413/9413 9414/9414 9416/9416 9415/9415
f 9415/9415 9416/9416 9418/9418 9417/9417
f 9417/9417 9418/9418 9420/9420 9419/9419
f 9419/9419 9420/9420 9422/9422 9421/9421
f 9421/9421 9422/9422 9424/9424 9423/9423
f 9423/9423 9424/9424 9426/9426 9425/9425
f 9425/9425 9426/9426 9428/9428 9427/9427
f 9427/9427 9428/9428 9430/9430 9429/9429
f 9429/9429 9430/9430 9432/9432 9431/9431
f 9431/9431 9432/9432 9434/9434 9433/9433
f 9433/9433 9434/9434 9436/9436 9435/9435
f 9435/9435 9436/9436 9438/9438 9437/9437
f 9437/9437 9438/9438 9440/9440 9439/9439
f 9441/9441 9442/9442 9444/9444 9443/9443
f 9443/9443 9444/9444 9446/9446 9445/9445
f 9445/9445 9446/9446 9448/9448 9447/9447
f 9447/9447 9448/9448 9450/9450 9449/9449
f 9449/9449 9450/9450 9452/9452 9451/9451
f 9451/9451 9452/9452 9454/9454 9453/9453
f 9453/9453 9454/9454 9456/9456 9455/9455
f 9455/9455 9456/9456 9458/9458 9457/9457
f 9457/9457 9458/9458 9460/9460 9459/9459
f 9459/9459 9460/9460 9462/9462 9461/9461
f 9461/9461 9462/9462 9464/9464 9463/9463
f 9463/9463 9464/9464 9466/9466 9465/9465
f 9465/9465 9466/9466 9468/9468 9467/9467
f 9467/9467 9468/9468 9470/9470 9469/9469
f 9469/9469 9470/9470 9472/9472 9471/9471
f 9473/9473 9474/9474 9476/9476 9475/9475
f 9475/9475 9476/9476 9478/9478 9477/9477
f 9477/9477 9478/9478 9480/9480 9479/9479
f 9479/9479 9480/9480 9482/9482 9481/9481
f 9481/9481 9482/9482 9484/9484 9483/9483
f 9483/9483 9484/9484 9486/9486 9485/9485
f 9485/9485 9486/9486 9488/9488 9487/9487
f 9487/9487 9488/9488 9490/9490 9489/9489
f 9489/9489 9490/9490 9492/9492 9491/9491
f 9491/9491 9492/9492 9494/9494 9493/9493
f 9493/9493 9494/9494 9496/9496 9495/9495
f 9495/9495 9496/9496 9498/9498 9497/9497
f 9497/9497 9498/9498 9500/9500 9499/9499
f 9499/9499 9500/9500 9502/9502 9501/9501
f 9501/9501 9502/9502 9504/9504 9503/9503
f 9505/9505 9506/9506 9508/9508 9507/9507
f 9507/9507 9508/9508 9510/9510 9509/9509
f 9509/9509 9510/9510 9512/9512 9511/9511
f 9511/9511 9512/9512 9514/9514 9513/9513
f 9513/9513 9514/9514 9516/9516 9515/9515
f 9515/9515 9516/9516 9518/9518 9517/9517
f 9517/9517 9518/9518 9520/9520 9519/9519
f 9519/9519 9520/9520 9522/9522 9521/9521
f 9521/9521 9522/9522 9524/9524 9523/9523
f 9523/9523 9524/9524 9526/9526 9525/9525
f 9525/9525 9526/9526 9528/9528 9527/9527
f 9527/9527 9528/9528 9530/9530 9529/9529
f 9529/9529 9530/9530 9532/9532 9531/9531
f 9531/9531 9532/9532 9534/9534 9533/9533
f 9533/9533 9534/9534 9536/9536 9535/9535
f 9537/9537 9538/9538 9540/9540 9539/9539
f 9539/9539 9540/9540 9542/9542 9541/9541
f 9541/9541 9542/9542 9544/9544 9543/9543
f 9543/9543 9544/9544 9546/9546 9545/9545
f 9545/9545 9546/9546 9548/9548 9547/9547
f 9547/9547 9548/9548 9550/9550 9549/9549
f 9549/9549 9550/9550 9552/9552 9551/9551
f 9551/9551 9552/9552 9554/9554 9553/9553
f 9553/9553 9554/9554 9556/9556 9555/9555
f 9555/9555 9556/9556 9558/9558 9557/9557
f 9557/9557 9558/9558 9560/9560 9559/9559
f 9559/9559 9560/9560 9562/9562 9561/9561
f 9561/9561 9562/9562 9564/9564 9563/9563
f 9563/9563 9564/9564 9566/9566 9565/9565
f 9565/9565 9566/9566 9568/9568 9567/9567
f 9569/9569 9570/9570 9572/9572 9571/9571
f 9571/9571 9572/9572 9574/9574 9573/9573
f 9573/9573 9574/9574 9576/9576 9575/9575
f 9575/9575 9576/9576 9578/9578 9577/9577
f 9577/9577 9578/9578 9580/9580 9579/9579
f 9579/9579 9580/9580 9582/9582 9581/9581
f 9581/9581 9582/9582 9584/9584 9583/9583
f 9583/9583 9584/9584 9586/9586 9585/9585
f 9585/9585 9586/9586 9588/9588 9587/9587
f 9587/9587 9588/9588 9590/9590 9589/9589
f 9589/9589 9590/9590 9592/9592 9591/9591
f 9591/9591 9592/9592 9594/9594 9593/9593
f 9593/9593 9594/9594 9596/9596 9595/9595
f 9595/9595 9596/9596 9598/9598 9597/9597
f 9597/9597 9598/9598 9600/9600 9599/9599
f 9601/9601 9602/9602 9604/9604 9603/9603
f 9603/9603 9604/9604 9606/9606 9605/9605
f 9605/9605 9606/9606 9608/9608 9607/9607
f 9607/9607 9608/9608 9610/9610 9609/9609
f 9609/9609 9610/9610 9612/9612 9611/9611
f 9611/9611 9612/9612 9614/9614 9613/9613
f 9613/9613 9614/9614 9616/9616 9615/9615
f 9615/9615 9616/9616 9618/9618 9617/9617
f 9617/9617 9618/9618 9620/9620 9619/9619
f 9619/9619 9620/9620 9622/9622 9621/9621
f 9621/9621 9622/9622 9624/9624 9623/9623
f 9623/9623 9624/9624 9626/9626 9625/9625
f 9625/9625 9626/9626 9628/9628 9627/9627
f 9627/9627 9628/9628 9630/9630 9629/9629
f 9629/9629 9630/9630 9632/9632 9631/9631
f 9633/9633 9634/9634 9636/9636 9635/9635
f 9635/9635 9636/9636 9638/9638 9637/9637
f 9637/9637 9638/9638 9640/9640 9639/9639
f 9639/9639 9640/9640 9642/9642 9641/9641
f 9641/9641 9642/9642 9644/9644 9643/9643
f 9643/9643 9644/9644 9646/9646 9645/9645
f 9645/9645 9646/9646 9648/9648 9647/9647
f 9647/9647 9648/9648 9650/9650 9649/9649
f 9649/9649 9650/9650 9652/9652 9651/9651
f 9651/9651 9652/9652 9654/9654 9653/9653
f 9653/9653 9654/9654 9656/9656 9655/9655
f 9655/9655 9656/9656 9658/9658 9657/9657
f 9657/9657 9658/9658 9660/9660 9659/9659
f 9659/9659 9660/9660 9662/9662 9661/9661
f 9661/9661 9662/9662 9664/9664 9663/9663
f 9665/9665 9666/9666 9668/9668 9667/9667
f 9667/9667 9668/9668 9670/9670 9669/9669
f 9669/9669 9670/9670 9672/9672 9671/9671
f 9671/9671 9672/9672 9674/9674 9673/9673
f 9673/9673 9674/9674 9676/9676 9675/9675
f 9675/9675 9676/9676 9678/9678 9677/9677
f 9677/9677 9678/9678 9680/9680 9679/9679
f 9679/9679 9680/9680 9682/9682 9681/9681
f 9681/9681 9682/9682 9684/9684 9683/9683
f 9683/9683 9684/9684 9686/9686 9685/9685
f 9685/9685 9686/9686 9688/9688 9687/9687
f 9687/9687 9688/9688 9690/9690 9689/9689
f 9689/9689 9690/9690 9692/9692 9691/9691
f 9691/9691 9692/9692 9694/9694 9693/9693
f 9693/9693 9694/9694 9696/9696 9695/9695
f 9697/9697 9698/9698 9700/9700 9699/9699
f 9699/9699 9700/9700 9702/9702 9701/9701
f 9701/9701 9702/9702 9704/9704 9703/9703
f 9703/9703 9704/9704 9706/9706 9705/9705
f 9705/9705 9706/9706 9708/9708 9707/9707
f 9707/9707 9708/9708 9710/9710 9709/9709
f 9709/9709 9710/9710 9712/9712 9711/9711
f 9711/9711 9712/9712 9714/9714 9713/9713
f 9713/9713 9714/9714 9716/9716 9715/9715
f 9715/9715 9716/9716 9718/9718 9717/9717
f 9717/9717 9718/9718 9720/9720 9719/9719
f 9719/9719 9720/9720 9722/9722 9721/9721
f 9721/9721 9722/9722 9724/9724 9723/9723
f 9723/9723 9724/9724 9726/9726 9725/9725
f 9725/9725 9726/9726 9728/9728 9727/9727
f 9729/9729 9730/9730 9732/9732 9731/9731
f 9731/9731 9732/9732 9734/9734 9733/9733
f 9733/9733 9734/9734 9736/9736 9735/9735
f 9735/9735 9736/9736 9738/9738 9737/9737
f 9737/9737 9738/9738 9740/9740 9739/9739
f 9739/9739 9740/9740 9742/9742 9741/9741
f 9741/9741 9742/9742 9744/9744 9743/9743
f 9743/9743 9744/9744 9746/9746 9745/9745
f 9745/9745 9746/9746 9748/9748 9747/9747
f 9747/9747 9748/9748 9750/9750 9749/9749
f 9749/9749 9750/9750 9752/9752 9751/9751
f 9751/9751 9752/9752 9754/9754 9753/9753
f 9753/9753 9754/9754 9756/9756 9755/9755
f 9755/9755 9756/9756 9758/9758 9757/9757
f 9757/9757 9758/9758 9760/9760 9759/9759
f 9761/9761 9762/9762 9764/9764 9763/9763
f 9763/9763 9764/9764 9766/9766 9765/9765
f 9765/9765 9766/9766 9768/9768 9767/9767
f 9767/9767 9768/9768 9770/9770 9769/9769
f 9769/9769 9770/9770 9772/9772 9771/9771
f 9771/9771 9772/9772 9774/9774 9773/9773
f 9773/9773 9774/9774 9776/9776 9775/9775
f 9775/9775 9776/9776 9778/9778 9777/9777
f 9777/9777 9778/9778 9780/9780 9779/9779
f 9779/9779 9780/9780 9782/9782 9781/9781
f 9781/9781 9782/9782 9784/9784 9783/9783
f 9783/9783 9784/9784 9786/9786 9785/9785
f 9785/9785 9786/9786 9788/9788 9787/9787
f 9787/9787 9788/9788 9790/9790 9789/9789
f 9789/9789 9790/9790 9792/9792 9791/9791
f 9793/9793 9794/9794 9796/9796 9795/9795
f 9795/9795 9796/9796 9798/9798 9797/9797
f 9797/9797 9798/9798 9800/9800 9799/9799
f 9799/9799 9800/9800 9802/9802 9801/9801
f 9801/9801 9802/9802 9804/9804 9803/9803
f 9803/9803 9804/9804 9806/9806 9805/9805
f 9805/9805 9806/9806 9808/9808 9807/9807
f 9807/9807 9808/9808 9810/9810 9809/9809
f 9809/9809 9810/9810 9812/9812 9811/9811
f 9811/9811 9812/9812 9814/9814 9813/9813
f 9813/9813 9814/9814 9816/9816 9815/9815
f 9815/9815 9816/9816 9818/9818 9817/9817
f 9817/9817 9818/9818 9820/9820 9819/9819
f 9819/9819 9820/9820 9822/9822 9821/9821
f 9821/9821 9822/9822 9824/9824 9823/9823
f 9825/9825 9826/9826 9828/9828 9827/9827
f 9827/9827 9828/9828 9830/9830 9829/9829
f 9829/9829 9830/9830 9832/9832 9831/9831
f 9831/9831 9832/9832 9834/9834 9833/9833
f 9833/9833 9834/9834 9836/9836 9835/9835
f 9835/9835 9836/9836 9838/9838 9837/9837
f 9837/9837 9838/9838 9840/9840 9839/9839
f 9839/9839 9840/9840 9842/9842 9841/9841
f 9841/9841 9842/9842 9844/9844 9843/9843
f 9843/9843 9844/9844 9846/9846 9845/9845
f 9845/9845 9846/9846 9848/9848 9847/9847
f 9847/9847 9848/9848 9850/9850 9849/9849
f 9849/9849 9850/9850 9852/9852 9851/9851
f 9851/9851 9852/9852 9854/9854 9853/9853
f 9853/9853 9854/9854 9856/9856 9855/9855
f 9857/9857 9858/9858 9860/9860 9859/9859
f 9859/9859 9860/9860 9862/9862 9861/9861
f 9861/9861 9862/9862 9864/9864 9863/9863
f 9863/9863 9864/9864 9866/9866 9865/9865
f 9865/9865 9866/9866 9868/9868 9867/9867
f 9867/9867 9868/9868 9870/9870 9869/9869
f 9869/9869 9870/9870 9872/9872 9871/9871
f 9871/9871 9872/9872 9874/9874 9873/9873
f 9873/9873 9874/9874 9876/9876 9875/9875
f 9875/9875 9876/9876 9878/9878 9877/9877
f 9877/9877 9878/9878 9880/9880 9879/9879
f 9879/9879 9880/9880 9882/9882 9881/9881
f 9881/9881 9882/9882 9884/9884 9883/9883
f 9883/9883 9884/9884 9886/9886 9885/9885
f 9885/9885 9886/9886 9888/9888 9887/9887
f 9889/9889 9890/9890 9892/9892 9891/9891
f 9891/9891 9892/9892 9894/9894 9893/9893
f 9893/9893 9894/9894 9896/9896 9895/9895
f 9895/9895 9896/9896 9898/9898 9897/9897
f 9897/9897 9898/9898 9900/9900 9899/9899
f 9899/9899 9900/9900 9902/9902 9901/9901
f 9901/9901 9902/9902 9904/9904 9903/9903
f 9903/9903 9904/9904 9906/9906 9905/9905
f 9905/9905 9906/9906 9908/9908 9907/9907
f 9907/9907 9908/9908 9910/9910 9909/9909
f 9909/9909 9910/9910 9912/9912 9911/9911
f 9911/9911 9912/9912 9914/9914 9913/9913
f 9913/9913 9914/9914 9916/9916 9915/9915
f 9915/9915 9916/9916 9918/9918 9917/9917
f 9917/9917 9918/9918 9920/9920 9919/9919
f 9921/9921 9922/9922 9924/9924 9923/9923
f 9923/9923 9924/9924 9926/9926 9925/9925
f 9925/9925 9926/9926 9928/9928 9927/9927
f 9927/9927 9928/9928 9930/9930 9929/9929
f 9929/9929 9930/9930 9932/9932 9931/9931
f 9931/9931 9932/9932 9934/9934 9933/9933
f 9933/9933 9934/9934 9936/9936 9935/9935
f 9935/9935 9936/9936 9938/9938 9937/9937
f 9937/9937 9938/9938 9940/9940 9939/9939
f 9939/9939 9940/9940 9942/9942 9941/9941
f 9941/9941 9942/9942 9944/9944 9943/9943
f 9943/9943 9944/9944 9946/9946 9945/9945
f 9945/9945 9946/9946 9948/9948 9947/9947
f 9947/9947 9948/9948 9950/9950 9949/9949
f 9949/9949 9950/9950 9952/9952 9951/9951
f 9953/9953 9954/9954 9956/9956 9955/9955
f 9955/9955 9956/9956 9958/9958 9957/9957
f 9957/9957 9958/9958 9960/9960 9959/9959
f 9959/9959 9960/9960 9962/9962 9961/9961
f 9961/9961 9962/9962 9964/9964 9963/9963
f 9963/9963 9964/9964 9966/9966 9965/9965
f 9965/9965 9966/9966 9968/9968 9967/9967
f 9967/9967 9968/9968 9970/9970 9969/9969
f 9969/9969 9970/9970 9972/9972 9971/9971
f 9971/9971 9972/9972 9974/9974 9973/9973
f 9973/9973 9974/9974 9976/9976 9975/9975
f 9975/9975 9976/9976 9978/9978 9977/9977
f 9977/9977 9978/9978 9980/9980 9979/9979
f 9979/9979 9980/9980 9982/9982 9981/9981
f 9981/9981 9982/9982 9984/9984 9983/9983
f 9985/9985 9986/9986 9988/9988 9987/9987
f 9987/9987 9988/9988 9990/9990 9989/9989
f 9989/9989 9990/9990 9992/9992 9991/9991
f 9991/9991 9992/9992 9994/9994 9993/9993
f 9993/9993 9994/9994 9996/9996 9995/9995
f 9995/9995 9996/9996 9998/9998 9997/9997
f 9997/9997 9998/9998 10000/10000 9999/9999
f 9999/9999 10000/10000 10002/10002 10001/10001
f 10001/10001 10002/10002 10004/10004 10003/10003
f 10003/10003 10004/10004 10006/10006 10005/10005
f 10005/10005 10006/10006 10008/10008 10007/10007
f 10007/10007 10008/10008 10010/10010 10009/10009
f 10009/10009 10010/10010 10012/10012 10011/10011
f 10011/10011 10012/10012 10014/10014 10013/10013
f 10013/10013 10014/10014 10016/10016 10015/10015
f 10017/10017 10018/10018 10020/10020 10019/10019
f 10019/10019 10020/10020 10022/10022 10021/10021
f 10021/10021 10022/10022 10024/10024 10023/10023
f 10023/10023 10024/10024 10026/10026 10025/10025
f 10025/10025 10026/10026 10028/10028 10027/10027
f 10027/10027 10028/10028 10030/10030 10029/10029
f 10029/10029 10030/10030 10032/10032 10031/10031
f 10031/10031 10032/10032 10034/10034 10033/10033
f 10033/10033 10034/10034 10036/10036 10035/10035
f 10035/10035 10036/10036 10038/10038 10037/10037
f 10037/10037 10038/10038 10040/10040 10039/10039
f 10039/10039 10040/10040 10042/10042 10041/10041
f 10041/10041 10042/10042 10044/10044 10043/10043
f 10043/10043 10044/10044 10046/10046 10045/10045
f 10045/10045 10046/10046 10048/10048 10047/10047
f 10049/10049 10050/10050 10052/10052 10051/10051
f 10051/10051 10052/10052 10054/10054 10053/10053
f 10053/10053 10054/10054 10056/10056 10055/10055
f 10055/10055 10056/10056 10058/10058 10057/10057
f 10057/10057 10058/10058 10060/10060 10059/10059
f 10059/10059 10060/10060 10062/10062 10061/10061
f 10061/10061 10062/10062 10064/10064 10063/10063
f 10063/10063 10064/10064 10066/10066 10065/10065
f 10065/10065 10066/10066 10068/10068 10067/10067
f 10067/10067 10068/10068 10070/10070 10069/10069
f 10069/10069 10070/10070 10072/10072 10071/10071
f 10071/10071 10072/10072 10074/10074 10073/10073
f 10073/10073 10074/10074 10076/10076 10075/10075
f 10075/10075 10076/10076 10078/10078 10077/10077
f 10077/10077 10078/10078 10080/10080 10079/10079
f 10081/10081 10082/10082 10084/10084 10083/10083
f 10083/10083 10084/10084 10086/10086 10085/10085
f 10085/10085 10086/10086 10088/10088 10087/10087
f 10087/10087 10088/10088 10090/10090 10089/10089
f 10089/10089 10090/10090 10092/10092 10091/10091
f 10091/10091 10092/10092 10094/10094 10093/10093
f 10093/10093 10094/10094 10096/10096 10095/10095
f 10095/10095 10096/10096 10098/10098 10097/10097
f 10097/10097 10098/10098 10100/10100 10099/10099
f 10099/10099 10100/10100 10102/10102 10101/10101
f 10101/10101 10102/10102 10104/10104 10103/10103
f 10103/10103 10104/10104 10106/10106 10105/10105
f 10105/10105 10106/10106 10108/10108 10107/10107
f 10107/10107 10108/10108 10110/10110 10109/10109
f 10109/10109 10110/10110 10112/10112 10111/10111
f 10113/10113 10114/10114 10116/10116 10115/10115
f 10115/10115 10116/10116 10118/10118 10117/10117
f 10117/10117 10118/10118 10120/10120 10119/10119
f 10119/10119 10120/10120 10122/10122 10121/10121
f 10121/10121 10122/10122 10124/10124 10123/10123
f 10123/10123 10124/10124 10126/10126 10125/10125
f 10125/10125 10126/10126 10128/10128 10127/10127
f 10127/10127 10128/10128 10130/10130 10129/10129
f 10129/10129 10130/10130 10132/10132 10131/10131
f 10131/10131 10132/10132 10134/10134 10133/10133
f 10133/10133 10134/10134 10136/10136 10135/10135
f 10135/10135 10136/10136 10138/10138 10137/10137
f 10137/10137 10138/10138 10140/10140 10139/10139
f 10139/10139 10140/10140 10142/10142 10141/10141
f 10141/10141 10142/10142 10144/10144 10143/10143
f 10145/10145 10146/10146 10148/10148 10147/10147
f 10147/10147 10148/10148 10150/10150 10149/10149
f 10149/10149 10150/10150 10152/10152 10151/10151
f 10151/10151 10152/10152 10154/10154 10153/10153
f 10153/10153 10154/10154 10156/10156 10155/10155
f 10155/10155 10156/10156 10158/10158 10157/10157
f 10157/10157 10158/10158 10160/10160 10159/10159
f 10159/10159 10160/10160 10162/10162 10161/10161
f 10161/10161 10162/10162 10164/10164 10163/10163
f 10163/10163 10164/10164 10166/10166 10165/10165
f 10165/10165 10166/10166 10168/10168 10167/10167
f 10167/10167 10168/10168 10170/10170 10169/10169
f 10169/10169 10170/10170 10172/10172 10171/10171
f 10171/10171 10172/10172 10174/10174 10173/10173
f 10173/10173 10174/10174 10176/10176 10175/10175
f 10177/10177 10178/10178 10180/10180 10179/10179
f 10179/10179 10180/10180 10182/10182 10181/10181
f 10181/10181 10182/10182 10184/10184 10183/10183
f 10183/10183 10184/10184 10186/10186 10185/10185
f 10185/10185 10186/10186 10188/10188 10187/10187
f 10187/10187 10188/10188 10190/10190 10189/10189
f 10189/10189 10190/10190 10192/10192 10191/10191
f 10191/10191 10192/10192 10194/10194 10193/10193
f 10193/10193 10194/10194 10196/10196 10195/10195
f 10195/10195 10196/10196 10198/10198 10197/10197
f 10197/10197 10198/10198 10200/10200 10199/10199
f 10199/10199 10200/10200 10202/10202 10201/10201
f 10201/10201 10202/10202 10204/10204 10203/10203
f 10203/10203 10204/10204 10206/10206 10205/10205
f 10205/10205 10206/10206 10208/10208 10207/10207
f 10209/10209 10210/10210 10212/10212 10211/10211
f 10211/10211 10212/10212 10214/10214 10213/10213
f 10213/10213 10214/10214 10216/10216 10215/10215
f 10215/10215 10216/10216 10218/10218 10217/10217
f 10217/10217 10218/10218 10220/10220 10219/10219
f 10219/10219 10220/10220 10222/10222 10221/10221
f 10221/10221 10222/10222 10224/10224 10223/10223
f 10223/10223 10224/10224 10226/10226 10225/10225
f 10225/10225 10226/10226 10228/10228 10227/10227
f 10227/10227 10228/10228 10230/10230 10229/10229
f 10229/10229 10230/10230 10232/10232 10231/10231
f 10231/10231 10232/10232 10234/10234 10233/10233
f 10233/10233 10234/10234 10236/10236 10235/10235
f 10235/10235 10236/10236 10238/10238 10237/10237
f 10237/10237 10238/10238 10240/10240 10239/10239
f 10241/10241 10242/10242 10244/10244 10243/10243
f 10243/10243 10244/10244 10246/10246 10245/10245
f 10245/10245 10246/10246 10248/10248 10247/10247
f 10247/10247 10248/10248 10250/10250 10249/10249
f 10249/10249 10250/10250 10252/10252 10251/10251
f 10251/10251 10252/10252 10254/10254 10253/10253
f 10253/10253 10254/10254 10256/10256 10255/10255
f 10255/10255 10256/10256 10258/10258 10257/10257
f 10257/10257 10258/10258 10260/10260 10259/10259
f 10259/10259 10260/10260 10262/10262 10261/10261
f 10261/10261 10262/10262 10264/10264 10263/10263
f 10263/10263 10264/10264 10266/10266 10265/10265
f 10265/10265 10266/10266 10268/10268 10267/10267
f 10267/10267 10268/10268 10270/10270 10269/10269
f 10269/10269 10270/10270 10272/10272 10271/10271
f 10273/10273 10274/10274 10276/10276 10275/10275
f 10275/10275 10276/10276 10278/10278 10277/10277
f 10277/10277 10278/10278 10280/10280 10279/10279
f 10279/10279 10280/10280 10282/10282 10281/10281
f 10281/10281 10282/10282 10284/10284 10283/10283
f 10283/10283 10284/10284 10286/10286 10285/10285
f 10285/10285 10286/10286 10288/10288 10287/10287
f 10287/10287 10288/10288 10290/10290 10289/10289
f 10289/10289 10290/10290 10292/10292 10291/10291
f 10291/10291 10292/10292 10294/10294 10293/10293
f 10293/10293 10294/10294 10296/10296 10295/10295
f 10295/10295 10296/10296 10298/10298 10297/10297
f 10297/10297 10298/10298 10300/10300 10299/10299
f 10299/10299 10300/10300 10302/10302 10301/10301
f 10301/10301 10302/10302 10304/10304 10303/10303
f 10305/10305 10306/10306 10308/10308 10307/10307
f 10307/10307 10308/10308 10310/10310 10309/10309
f 10309/10309 10310/10310 10312/10312 10311/10311
f 10311/10311 10312/10312 10314/10314 10313/10313
f 10313/10313 10314/10314 10316/10316 10315/10315
f 10315/10315 10316/10316 10318/10318 10317/10317
f 10317/10317 10318/10318 10320/10320 10319/10319
f 10319/10319 10320/10320 10322/10322 10321/10321
f 10321/10321 10322/10322 10324/10324 10323/10323
f 10323/10323 10324/10324 10326/10326 10325/10325
f 10325/10325 10326/10326 10328/10328 10327/10327
f 10327/10327 10328/10328 10330/10330 10329/10329
f 10329/10329 10330/10330 10332/10332 10331/10331
f 10331/10331 10332/10332 10334/10334 10333/10333
f 10333/10333 10334/10334 10336/10336 10335/10335
f 10337/10337 10338/10338 10340/10340 10339/10339
f 10339/10339 10340/10340 10342/10342 10341/10341
f 10341/10341 10342/10342 10344/10344 10343/10343
f 10343/10343 10344/10344 10346/10346 10345/10345
f 10345/10345 10346/10346 10348/10348 10347/10347
f 10347/10347 10348/10348 10350/10350 10349/10349
f 10349/10349 10350/10350 10352/10352 10351/10351
f 10351/10351 10352/10352 10354/10354 10353/10353
f 10353/10353 10354/10354 10356/10356 10355/10355
f 10355/10355 10356/10356 10358/10358 10357/10357
f 10357/10357 10358/10358 10360/10360 10359/10359
f 10359/10359 10360/10360 10362/10362 10361/10361
f 10361/10361 10362/10362 10364/10364 10363/10363
f 10363/10363 10364/10364 10366/10366 10365/10365
f 10365/10365 10366/10366 10368/10368 10367/10367
f 10369/10369 10370/10370 10372/10372 10371/10371
f 10371/10371 10372/10372 10374/10374 10373/10373
f 10373/10373 10374/10374 10376/10376 10375/10375
f 10375/10375 10376/10376 10378/10378 10377/10377
f 10377/10377 10378/10378 10380/10380 10379/10379
f 10379/10379 10380/10380 10382/10382 10381/10381
f 10381/10381 10382/10382 10384/10384 10383/10383
f 10383/10383 10384/10384 10386/10386 10385/10385
f 10385/10385 10386/10386 10388/10388 10387/10387
f 10387/10387 10388/10388 10390/10390 10389/10389
f 10389/10389 10390/10390 10392/10392 10391/10391
f 10391/10391 10392/10392 10394/10394 10393/10393
f 10393/10393 10394/10394 10396/10396 10395/10395
f 10395/10395 10396/10396 10398/10398 10397/10397
f 10397/10397 10398/10398 10400/10400 10399/10399
f 10401/10401 10402/10402 10404/10404 10403/10403
f 10403/10403 10404/10404 10406/10406 10405/10405
f 10405/10405 10406/10406 10408/10408 10407/10407
f 10407/10407 10408/10408 10410/10410 10409/10409
f 10409/10409 10410/10410 10412/10412 10411/10411
f 10411/10411 10412/10412 10414/10414 10413/10413
f 10413/10413 10414/10414 10416/10416 10415/10415
f 10415/10415 10416/10416 10418/10418 10417/10417
f 10417/10417 10418/10418 10420/10420 10419/10419
f 10419/10419 10420/10420 10422/10422 10421/10421
f 10421/10421 10422/10422 10424/10424 10423/10423
f 10423/10423 10424/10424 10426/10426 10425/10425
f 10425/10425 10426/10426 10428/10428 10427/10427
f 10427/10427 10428/10428 10430/10430 10429/10429
f 10429/10429 10430/10430 10432/10432 10431/10431
f 10433/10433 10434/10434 10436/10436 10435/10435
f 10435/10435 10436/10436 10438/10438 10437/10437
f 10437/10437 10438/10438 10440/10440 10439/10439
f 10439/10439 10440/10440 10442/10442 10441/10441
f 10441/10441 10442/10442 10444/10444 10443/10443
f 10443/10443 10444/10444 10446/10446 10445/10445
f 10445/10445 10446/10446 10448/10448 10447/10447
f 10447/10447 10448/10448 10450/10450 10449/10449
f 10449/10449 10450/10450 10452/10452 10451/10451
f 10451/10451 10452/10452 10454/10454 10453/10453
f 10453/10453 10454/10454 10456/10456 10455/10455
f 10455/10455 10456/10456 10458/10458 10457/10457
f 10457/10457 10458/10458 10460/10460 10459/10459
f 10459/10459 10460/10460 10462/10462 10461/10461
f 10461/10461 10462/10462 10464/10464 10463/10463
f 10465/10465 10466/10466 10468/10468 10467/10467
f 10467/10467 10468/10468 10470/10470 10469/10469
f 10469/10469 10470/10470 10472/10472 10471/10471
f 10471/10471 10472/10472 10474/10474 10473/10473
f 10473/10473 10474/10474 10476/10476 10475/10475
f 10475/10475 10476/10476 10478/10478 10477/10477
f 10477/10477 10478/10478 10480/10480 10479/10479
f 10479/10479 10480/10480 10482/10482 10481/10481
f 10481/10481 10482/10482 10484/10484 10483/10483
f 10483/10483 10484/10484 10486/10486 10485/10485
f 10485/10485 10486/10486 10488/10488 10487/10487
f 10487/10487 10488/10488 10490/10490 10489/10489
f 10489/10489 10490/10490 10492/10492 10491/10491
f 10491/10491 10492/10492 10494/10494 10493/10493
f 10493/10493 10494/10494 10496/10496 10495/10495
f 10497/10497 10498/10498 10500/10500 10499/10499
f 10499/10499 10500/10500 10502/10502 10501/10501
f 10501/10501 10502/10502 10504/10504 10503/10503
f 10503/10503 10504/10504 10506/10506 10505/10505
f 10505/10505 10506/10506 10508/10508 10507/10507
f 10507/10507 10508/10508 10510/10510 10509/10509
f 10509/10509 10510/10510 10512/10512 10511/10511
f 10511/10511 10512/10512 10514/10514 10513/10513
f 10513/10513 10514/10514 10516/10516 10515/10515
f 10515/10515 10516/10516 10518/10518 10517/10517
f 10517/10517 10518/10518 10520/10520 10519/10519
f 10519/10519 10520/10520 10522/10522 10521/10521
f 10521/10521 10522/10522 10524/10524 10523/10523
f 10523/10523 10524/10524 10526/10526 10525/10525
f 10525/10525 10526/10526 10528/10528 10527/10527
f 10529/10529 10530/10530 10532/10532 10531/10531
f 10531/10531 10532/10532 10534/10534 10533/10533
f 10533/10533 10534/10534 10536/10536 10535/10535
f 10535/10535 10536/10536 10538/10538 10537/10537
f 10537/10537 10538/10538 10540/10540 10539/10539
f 10539/10539 10540/10540 10542/10542 10541/10541
f 10541/10541 10542/10542 10544/10544 10543/10543
f 10543/10543 10544/10544 10546/10546 10545/10545
f 10545/10545 10546/10546 10548/10548 10547/10547
f 10547/10547 10548/10548 10550/10550 10549/10549
f 10549/10549 10550/10550 10552/10552 10551/10551
f 10551/10551 10552/10552 10554/10554 10553/10553
f 10553/10553 10554/10554 10556/10556 10555/10555
f 10555/10555 10556/10556 10558/10558 10557/10557
f 10557/10557 10558/10558 10560/10560 10559/10559
f 10561/10561 10562/10562 10564/10564 10563/10563
f 10563/10563 10564/10564 10566/10566 10565/10565
f 10565/10565 10566/10566 10568/10568 10567/10567
f 10567/10567 10568/10568 10570/10570 10569/10569
f 10569/10569 10570/10570 10572/10572 10571/10571
f 10571/10571 10572/10572 10574/10574 10573/10573
f 10573/10573 10574/10574 10576/10576 10575/10575
f 10575/10575 10576/10576 10578/10578 10577/10577
f 10577/10577 10578/10578 10580/10580 10579/10579
f 10579/10579 10580/10580 10582/10582 10581/10581
f 10581/10581 10582/10582 10584/10584 10583/10583
f 10583/10583 10584/10584 10586/10586 10585/10585
f 10585/10585 10586/10586 10588/10588 10587/10587
f 10587/10587 10588/10588 10590/10590 10589/10589
f 10589/10589 10590/10590 10592/10592 10591/10591
f 10593/10593 10594/10594 10596/10596 10595/10595
f 10595/10595 10596/10596 10598/10598 10597/10597
f 10597/10597 10598/10598 10600/10600 10599/10599
f 10599/10599 10600/10600 10602/10602 10601/10601
f 10601/10601 10602/10602 10604/10604 10603/10603
f 10603/10603 10604/10604 10606/10606 10605/10605
f 10605/10605 10606/10606 10608/10608 10607/10607
f 10607/10607 10608/10608 10610/10610 10609/10609
f 10609/10609 10610/10610 10612/10612 10611/10611
f 10611/10611 10612/10612 10614/10614 10613/10613
f 10613/10613 10614/10614 10616/10616 10615/10615
f 10615/10615 10616/10616 10618/10618 10617/10617
f 10617/10617 10618/10618 10620/10620 10619/10619
f 10619/10619 10620/10620 10622/10622 10621/10621
f 10621/10621 10622/10622 10624/10624 10623/10623
f 10625/10625 10626/10626 10628/10628 10627/10627
f 10627/10627 10628/10628 10630/10630 10629/10629
f 10629/10629 10630/10630 10632/10632 10631/10631
f 10631/10631 10632/10632 10634/10634 10633/10633
f 10633/10633 10634/10634 10636/10636 10635/10635
f 10635/10635 10636/10636 10638/10638 10637/10637
f 10637/10637 10638/10638 10640/10640 10639/10639
f 10639/10639 10640/10640 10642/10642 10641/10641
f 10641/10641 10642/10642 10644/10644 10643/10643
f 10643/10643 10644/10644 10646/10646 10645/10645
f 10645/10645 10646/10646 10648/10648 10647/10647
f 10647/10647 10648/10648 10650/10650 10649/10649
f 10649/10649 10650/10650 10652/10652 10651/10651
f 10651/10651 10652/10652 10654/10654 10653/10653
f 10653/10653 10654/10654 10656/10656 10655/10655
f 10657/10657 10658/10658 10660/10660 10659/10659
f 10659/10659 10660/10660 10662/10662 10661/10661
f 10661/10661 10662/10662 10664/10664 10663/10663
f 10663/10663 10664/10664 10666/10666 10665/10665
f 10665/10665 10666/10666 10668/10668 10667/10667
f 10667/10667 10668/10668 10670/10670 10669/10669
f 10669/10669 10670/10670 10672/10672 10671/10671
f 10671/10671 10672/10672 10674/10674 10673/10673
f 10673/10673 10674/10674 10676/10676 10675/10675
f 10675/10675 10676/10676 10678/10678 10677/10677
f 10677/10677 10678/10678 10680/10680 10679/10679
f 10679/10679 10680/10680 10682/10682 10681/10681
f 10681/10681 10682/10682 10684/10684 10683/10683
f 10683/10683 10684/10684 10686/10686 10685/10685
f 10685/10685 10686/10686 10688/10688 10687/10687
f 10689/10689 10690/10690 10692/10692 10691/10691
f 10691/10691 10692/10692 10694/10694 10693/10693
f 10693/10693 10694/10694 10696/10696 10695/10695
f 10695/10695 10696/10696 10698/10698 10697/10697
f 10697/10697 10698/10698 10700/10700 10699/10699
f 10699/10699 10700/10700 10702/10702 10701/10701
f 10701/10701 10702/10702 10704/10704 10703/10703
f 10703/10703 10704/10704 10706/10706 10705/10705
f 10705/10705 10706/10706 10708/10708 10707/10707
f 10707/10707 10708/10708 10710/10710 10709/10709
f 10709/10709 10710/10710 10712/10712 10711/10711
f 10711/10711 10712/10712 10714/10714 10713/10713
f 10713/10713 10714/10714 10716/10716 10715/10715
f 10715/10715 10716/10716 10718/10718 10717/10717
f 10717/10717 10718/10718 10720/10720 10719/10719
f 10721/10721 10722/10722 10724/10724 10723/10723
f 10723/10723 10724/10724 10726/10726 10725/10725
f 10725/10725 10726/10726 10728/10728 10727/10727
f 10727/10727 10728/10728 10730/10730 10729/10729
f 10729/10729 10730/10730 10732/10732 10731/10731
f 10731/10731 10732/10732 10734/10734 10733/10733
f 10733/10733 10734/10734 10736/10736 10735/10735
f 10735/10735 10736/10736 10738/10738 10737/10737
f 10737/10737 10738/10738 10740/10740 10739/10739
f 10739/10739 10740/10740 10742/10742 10741/10741
f 10741/10741 10742/10742 10744/10744 10743/10743
f 10743/10743 10744/10744 10746/10746 10745/10745
f 10745/10745 10746/10746 10748/10748 10747/10747
f 10747/10747 10748/10748 10750/10750 10749/10749
f 10749/10749 10750/10750 10752/10752 10751/10751
f 10753/10753 10754/10754 10756/10756 10755/10755
f 10755/10755 10756/10756 10758/10758 10757/10757
f 10757/10757 10758/10758 10760/10760 10759/10759
f 10759/10759 10760/10760 10762/10762 10761/10761
f 10761/10761 10762/10762 10764/10764 10763/10763
f 10763/10763 10764/10764 10766/10766 10765/10765
f 10765/10765 10766/10766 10768/10768 10767/10767
f 10767/10767 10768/10768 10770/10770 10769/10769
f 10769/10769 10770/10770 10772/10772 10771/10771
f 10771/10771 10772/10772 10774/10774 10773/10773
f 10773/10773 10774/10774 10776/10776 10775/10775
f 10775/10775 10776/10776 10778/10778 10777/10777
f 10777/10777 10778/10778 10780/10780 10779/10779
f 10779/10779 10780/10780 10782/10782 10781/10781
f 10781/10781 10782/10782 10784/10784 10783/10783
f 10785/10785 10786/10786 10788/10788 10787/10787
f 10787/10787 10788/10788 10790/10790 10789/10789
f 10789/10789 10790/10790 10792/10792 10791/10791
f 10791/10791 10792/10792 10794/10794 10793/10793
f 10793/10793 10794/10794 10796/10796 10795/10795
f 10795/10795 10796/10796 10798/10798 10797/10797
f 10797/10797 10798/10798 10800/10800 10799/10799
f 10799/10799 10800/10800 10802/10802 10801/10801
f 10801/10801 10802/10802 10804/10804 10803/10803
f 10803/10803 10804/10804 10806/10806 10805/10805
f 10805/10805 10806/10806 10808/10808 10807/10807
f 10807/10807 10808/10808 10810/10810 10809/10809
f 10809/10809 10810/10810 10812/10812 10811/10811
f 10811/10811 10812/10812 10814/10814 10813/10813
f 10813/10813 10814/10814 10816/10816 10815/10815
f 10817/10817 10818/10818 10820/10820 10819/10819
f 10819/10819 10820/10820 10822/10822 10821/10821
f 10821/10821 10822/10822 10824/10824 10823/10823
f 10823/10823 10824/10824 10826/10826 10825/10825
f 10825/10825 10826/10826 10828/10828 10827/10827
f 10827/10827 10828/10828 10830/10830 10829/10829
f 10829/10829 10830/10830 10832/10832 10831/10831
f 10831/10831 10832/10832 10834/10834 10833/10833
f 10833/10833 10834/10834 10836/10836 10835/10835
f 10835/10835 10836/10836 10838/10838 10837/10837
f 10837/10837 10838/10838 10840/10840 10839/10839
f 10839/10839 10840/10840 10842/10842 10841/10841
f 10841/10841 10842/10842 10844/10844 10843/10843
f 10843/10843 10844/10844 10846/10846 10845/10845
f 10845/10845 10846/10846 10848/10848 10847/10847
f 10849/10849 10850/10850 10852/10852 10851/10851
f 10851/10851 10852/10852 10854/10854 10853/10853
f 10853/10853 10854/10854 10856/10856 10855/10855
f 10855/10855 10856/10856 10858/10858 10857/10857
f 10857/10857 10858/10858 10860/10860 10859/10859
f 10859/10859 10860/10860 10862/10862 10861/10861
f 10861/10861 10862/10862 10864/10864 10863/10863
f 10863/10863 10864/10864 10866/10866 10865/10865
f 10865/10865 10866/10866 10868/10868 10867/10867
f 10867/10867 10868/10868 10870/10870 10869/10869
f 10869/10869 10870/10870 10872/10872 10871/10871
f 10871/10871 10872/10872 10874/10874 10873/10873
f 10873/10873 10874/10874 10876/10876 10875/10875
f 10875/10875 10876/10876 10878/10878 10877/10877
f 10877/10877 10878/10878 10880/10880 10879/10879
f 10881/10881 10882/10882 10884/10884 10883/10883
f 10883/10883 10884/10884 10886/10886 10885/10885
f 10885/10885 10886/10886 10888/10888 10887/10887
f 10887/10887 10888/10888 10890/10890 10889/10889
f 10889/10889 10890/10890 10892/10892 10891/10891
f 10891/10891 10892/10892 10894/10894 10893/10893
f 10893/10893 10894/10894 10896/10896 10895/10895
f 10895/10895 10896/10896 10898/10898 10897/10897
f 10897/10897 10898/10898 10900/10900 10899/10899
f 10899/10899 10900/10900 10902/10902 10901/10901
f 10901/10901 10902/10902 10904/10904 10903/10903
f 10903/10903 10904/10904 10906/10906 10905/10905
f 10905/10905 10906/10906 10908/10908 10907/10907
f 10907/10907 10908/10908 10910/10910 10909/10909
f 10909/10909 10910/10910 10912/10912 10911/10911
f 10913/10913 10914/10914 10916/10916 10915/10915
f 10915/10915 10916/10916 10918/10918 10917/10917
f 10917/10917 10918/10918 10920/10920 10919/10919
f 10919/10919 10920/10920 10922/10922 10921/10921
f 10921/10921 10922/10922 10924/10924 10923/10923
f 10923/10923 10924/10924 10926/10926 10925/10925
f 10925/10925 10926/10926 10928/10928 10927/10927
f 10927/10927 10928/10928 10930/10930 10929/10929
f 10929/10929 10930/10930 10932/10932 10931/10931
f 10931/10931 10932/10932 10934/10934 10933/10933
f 10933/10933 10934/10934 10936/10936 10935/10935
f 10935/10935 10936/10936 10938/10938 10937/10937
f 10937/10937 10938/10938 10940/10940 10939/10939
f 10939/10939 10940/10940 10942/10942 10941/10941
f 10941/10941 10942/10942 10944/10944 10943/10943
f 10945/10945 10946/10946 10948/10948 10947/10947
f 10947/10947 10948/10948 10950/10950 10949/10949
f 10949/10949 10950/10950 10952/10952 10951/10951
f 10951/10951 10952/10952 10954/10954 10953/10953
f 10953/10953 10954/10954 10956/10956 10955/10955
f 10955/10955 10956/10956 10958/10958 10957/10957
f 10957/10957 10958/10958 10960/10960 10959/10959
f 10959/10959 10960/10960 10962/10962 10961/10961
f 10961/10961 10962/10962 10964/10964 10963/10963
f 10963/10963 10964/10964 10966/10966 10965/10965
f 10965/10965 10966/10966 10968/10968 10967/10967
f 10967/10967 10968/10968 10970/10970 10969/10969
f 10969/10969 10970/10970 10972/10972 10971/10971
f 10971/10971 10972/10972 10974/10974 10973/10973
f 10973/10973 10974/10974 10976/10976 10975/10975
f 10977/10977 10978/10978 10980/10980 10979/10979
f 10979/10979 10980/10980 10982/10982 10981/10981
f 10981/10981 10982/10982 10984/10984 10983/10983
f 10983/10983 10984/10984 10986/10986 10985/10985
f 10985/10985 10986/10986 10988/10988 10987/10987
f 10987/10987 10988/10988 10990/10990 10989/10989
f 10989/10989 10990/10990 10992/10992 10991/10991
f 10991/10991 10992/10992 10994/10994 10993/10993
f 10993/10993 10994/10994 10996/10996 10995/10995
f 10995/10995 10996/10996 10998/10998 10997/10997
f 10997/10997 10998/10998 11000/11000 10999/10999
f 10999/10999 11000/11000 11002/11002 11001/11001
f 11001/11001 11002/11002 11004/11004 11003/11003
f 11003/11003 11004/11004 11006/11006 11005/11005
f 11005/11005 11006/11006 11008/11008 11007/11007
f 11009/11009 11010/11010 11012/11012 11011/11011
f 11011/11011 11012/11012 11014/11014 11013/11013
f 11013/11013 11014/11014 11016/11016 11015/11015
f 11015/11015 11016/11016 11018/11018 11017/11017
f 11017/11017 11018/11018 11020/11020 11019/11019
f 11019/11019 11020/11020 11022/11022 11021/11021
f 11021/11021 11022/11022 11024/11024 11023/11023
f 11023/11023 11024/11024 11026/11026 11025/11025
f 11025/11025 11026/11026 11028/11028 11027/11027
f 11027/11027 11028/11028 11030/11030 11029/11029
f 11029/11029 11030/11030 11032/11032 11031/11031
f 11031/11031 11032/11032 11034/11034 11033/11033
f 11033/11033 11034/11034 11036/11036 11035/11035
f 11035/11035 11036/11036 11038/11038 11037/11037
f 11037/11037 11038/11038 11040/11040 11039/11039
f 11041/11041 11042/11042 11044/11044 11043/11043
f 11043/11043 11044/11044 11046/11046 11045/11045
f 11045/11045 11046/11046 11048/11048 11047/11047
f 11047/11047 11048/11048 11050/11050 11049/11049
f 11049/11049 11050/11050 11052/11052 11051/11051
f 11051/11051 11052/11052 11054/11054 11053/11053
f 11053/11053 11054/11054 11056/11056 11055/11055
f 11055/11055 11056/11056 11058/11058 11057/11057
f 11057/11057 11058/11058 11060/11060 11059/11059
f 11059/11059 11060/11060 11062/11062 11061/11061
f 11061/11061 11062/11062 11064/11064 11063/11063
f 11063/11063 11064/11064 11066/11066 11065/11065
f 11065/11065 11066/11066 11068/11068 11067/11067
f 11067/11067 11068/11068 11070/11070 11069/11069
f 11069/11069 11070/11070 11072/11072 11071/11071
f 11073/11073 11074/11074 11076/11076 11075/11075
f 11075/11075 11076/11076 11078/11078 11077/11077
f 11077/11077 11078/11078 11080/11080 11079/11079
f 11079/11079 11080/11080 11082/11082 11081/11081
f 11081/11081 11082/11082 11084/11084 11083/11083
f 11083/11083 11084/11084 11086/11086 11085/11085
f 11085/11085 11086/11086 11088/11088 11087/11087
f 11087/11087 11088/11088 11090/11090 11089/11089
f 11089/11089 11090/11090 11092/11092 11091/11091
f 11091/11091 11092/11092 11094/11094 11093/11093
f 11093/11093 11094/11094 11096/11096 11095/11095
f 11095/11095 11096/11096 11098/11098 11097/11097
f 11097/11097 11098/11098 11100/11100 11099/11099
f 11099/11099 11100/11100 11102/11102 11101/11101
f 11101/11101 11102/11102 11104/11104 11103/11103
f 11105/11105 11106/11106 11108/11108 11107/11107
f 11107/11107 11108/11108 11110/11110 11109/11109
f 11109/11109 11110/11110 11112/11112 11111/11111
f 11111/11111 11112/11112 11114/11114 11113/11113
f 11113/11113 11114/11114 11116/11116 11115/11115
f 11115/11115 11116/11116 11118/11118 11117/11117
f 11117/11117 11118/11118 11120/11120 11119/11119
f 11119/11119 11120/11120 11122/11122 11121/11121
f 11121/11121 11122/11122 11124/11124 11123/11123
f 11123/11123 11124/11124 11126/11126 11125/11125
f 11125/11125 11126/11126 11128/11128 11127/11127
f 11127/11127 11128/11128 11130/11130 11129/11129
f 11129/11129 11130/11130 11132/11132 11131/11131
f 11131/11131 11132/11132 11134/11134 11133/11133
f 11133/11133 11134/11134 11136/11136 11135/11135
f 11137/11137 11138/11138 11140/11140 11139/11139
f 11139/11139 11140/11140 11142/11142 11141/11141
f 11141/11141 11142/11142 11144/11144 11143/11143
f 11143/11143 11144/11144 11146/11146 11145/11145
f 11145/11145 11146/11146 11148/11148 11147/11147
f 11147/11147 11148/11148 11150/11150 11149/11149
f 11149/11149 11150/11150 11152/11152 11151/11151
f 11151/11151 11152/11152 11154/11154 11153/11153
f 11153/11153 11154/11154 11156/11156 11155/11155
f 11155/11155 11156/11156 11158/11158 11157/11157
f 11157/11157 11158/11158 11160/11160 11159/11159
f 11159/11159 11160/11160 11162/11162 11161/11161
f 11161/11161 11162/11162 11164/11164 11163/11163
f 11163/11163 11164/11164 11166/11166 11165/11165
f 11165/11165 11166/11166 11168/11168 11167/11167
f 11169/11169 11170/11170 11172/11172 11171/11171
f 11171/11171 11172/11172 11174/11174 11173/11173
f 11173/11173 11174/11174 11176/11176 11175/11175
f 11175/11175 11176/11176 11178/11178 11177/11177
f 11177/11177 11178/11178 11180/11180 11179/11179
f 11179/11179 11180/11180 11182/11182 11181/11181
f 11181/11181 11182/11182 11184/11184 11183/11183
f 11183/11183 11184/11184 11186/11186 11185/11185
f 11185/11185 11186/11186 11188/11188 11187/11187
f 11187/11187 11188/11188 11190/11190 11189/11189
f 11189/11189 11190/11190 11192/11192 11191/11191
f 11191/11191 11192/11192 11194/11194 11193/11193
f 11193/11193 11194/11194 11196/11196 11195/11195
f 11195/11195 11196/11196 11198/11198 11197/11197
f 11197/11197 11198/11198 11200/11200 11199/11199
f 11201/11201 11202/11202 11204/11204 11203/11203
f 11203/11203 11204/11204 11206/11206 11205/11205
f 11205/11205 11206/11206 11208/11208 11207/11207
f 11207/11207 11208/11208 11210/11210 11209/11209
f 11209/11209 11210/11210 11212/11212 11211/11211
f 11211/11211 11212/11212 11214/11214 11213/11213
f 11213/11213 11214/11214 11216/11216 11215/11215
f 11215/11215 11216/11216 11218/11218 11217/11217
f 11217/11217 11218/11218 11220/11220 11219/11219
f 11219/11219 11220/11220 11222/11222 11221/11221
f 11221/11221 11222/11222 11224/11224 11223/11223
f 11223/11223 11224/11224 11226/11226 11225/11225
f 11225/11225 11226/11226 11228/11228 11227/11227
f 11227/11227 11228/11228 11230/11230 11229/11229
f 11229/11229 11230/11230 11232/11232 11231/11231
f 11233/11233 11234/11234 11236/11236 11235/11235
f 11235/11235 11236/11236 11238/11238 11237/11237
f 11237/11237 11238/11238 11240/11240 11239/11239
f 11239/11239 11240/11240 11242/11242 11241/11241
f 11241/11241 11242/11242 11244/11244 11243/11243
f 11243/11243 11244/11244 11246/11246 11245/11245
f 11245/11245 11246/11246 11248/11248 11247/11247
f 11247/11247 11248/11248 11250/11250 11249/11249
f 11249/11249 11250/11250 11252/11252 11251/11251
f 11251/11251 11252/11252 11254/11254 11253/11253
f 11253/11253 11254/11254 11256/11256 11255/11255
f 11255/11255 11256/11256 11258/11258 11257/11257
f 11257/11257 11258/11258 11260/11260 11259/11259
f 11259/11259 11260/11260 11262/11262 11261/11261
f 11261/11261 11262/11262 11264/11264 11263/11263
f 11265/11265 11266/11266 11268/11268 11267/11267
f 11267/11267 11268/11268 11270/11270 11269/11269
f 11269/11269 11270/11270 11272/11272 11271/11271
f 11271/11271 11272/11272 11274/11274 11273/11273
f 11273/11273 11274/11274 11276/11276 11275/11275
f 11275/11275 11276/11276 11278/11278 11277/11277
f 11277/11277 11278/11278 11280/11280 11279/11279
f 11279/11279 11280/11280 11282/11282 11281/11281
f 11281/11281 11282/11282 11284/11284 11283/11283
f 11283/11283 11284/11284 11286/11286 11285/11285
f 11285/11285 11286/11286 11288/11288 11287/11287
f 11287/11287 11288/11288 11290/11290 11289/11289
f 11289/11289 11290/11290 11292/11292 11291/11291
f 11291/11291 11292/11292 11294/11294 11293/11293
f 11293/11293 11294/11294 11296/11296 11295/11295
f 11297/11297 11298/11298 11300/11300 11299/11299
f 11299/11299 11300/11300 11302/11302 11301/11301
f 11301/11301 11302/11302 11304/11304 11303/11303
f 11303/11303 11304/11304 11306/11306 11305/11305
f 11305/11305 11306/11306 11308/11308 11307/11307
f 11307/11307 11308/11308 11310/11310 11309/11309
f 11309/11309 11310/11310 11312/11312 11311/11311
f 11311/11311 11312/11312 11314/11314 11313/11313
f 11313/11313 11314/11314 11316/11316 11315/11315
f 11315/11315 11316/11316 11318/11318 11317/11317
f 11317/11317 11318/11318 11320/11320 11319/11319
f 11319/11319 11320/11320 11322/11322 11321/11321
f 11321/11321 11322/11322 11324/11324 11323/11323
f 11323/11323 11324/11324 11326/11326 11325/11325
f 11325/11325 11326/11326 11328/11328 11327/11327
f 11329/11329 11330/11330 11332/11332 11331/11331
f 11331/11331 11332/11332 11334/11334 11333/11333
f 11333/11333 11334/11334 11336/11336 11335/11335
f 11335/11335 11336/11336 11338/11338 11337/11337
f 11337/11337 11338/11338 11340/11340 11339/11339
f 11339/11339 11340/11340 11342/11342 11341/11341
f 11341/11341 11342/11342 11344/11344 11343/11343
f 11343/11343 11344/11344 11346/11346 11345/11345
f 11345/11345 11346/11346 11348/11348 11347/11347
f 11347/11347 11348/11348 11350/11350 11349/11349
f 11349/11349 11350/11350 11352/11352 11351/11351
f 11351/11351 11352/11352 11354/11354 11353/11353
f 11353/11353 11354/11354 11356/11356 11355/11355
f 11355/11355 11356/11356 11358/11358 11357/11357
f 11357/11357 11358/11358 11360/11360 11359/11359
f 11361/11361 11362/11362 11364/11364 11363/11363
f 11363/11363 11364/11364 11366/11366 11365/11365
f 11365/11365 11366/11366 11368/11368 11367/11367
f 11367/11367 11368/11368 11370/11370 11369/11369
f 11369/11369 11370/11370 11372/11372 11371/11371
f 11371/11371 11372/11372 11374/11374 11373/11373
f 11373/11373 11374/11374 11376/11376 11375/11375
f 11375/11375 11376/11376 11378/11378 11377/11377
f 11377/11377 11378/11378 11380/11380 11379/11379
f 11379/11379 11380/11380 11382/11382 11381/11381
f 11381/11381 11382/11382 11384/11384 11383/11383
f 11383/11383 11384/11384 11386/11386 11385/11385
f 11385/11385 11386/11386 11388/11388 11387/11387
f 11387/11387 11388/11388 11390/11390 11389/11389
f 11389/11389 11390/11390 11392/11392 11391/11391
f 11393/11393 11394/11394 11396/11396 11395/11395
f 11395/11395 11396/11396 11398/11398 11397/11397
f 11397/11397 11398/11398 11400/11400 11399/11399
f 11399/11399 11400/11400 11402/11402 11401/11401
f 11401/11401 11402/11402 11404/11404 11403/11403
f 11403/11403 11404/11404 11406/11406 11405/11405
f 11405/11405 11406/11406 11408/11408 11407/11407
f 11407/11407 11408/11408 11410/11410 11409/11409
f 11409/11409 11410/11410 11412/11412 11411/11411
f 11411/11411 11412/11412 11414/11414 11413/11413
f 11413/11413 11414/11414 11416/11416 11415/11415
f 11415/11415 11416/11416 11418/11418 11417/11417
f 11417/11417 11418/11418 11420/11420 11419/11419
f 11419/11419 11420/11420 11422/11422 11421/11421
f 11421/11421 11422/11422 11424/11424 11423/11423
f 11425/11425 11426/11426 11428/11428 11427/11427
f 11427/11427 11428/11428 11430/11430 11429/11429
f 11429/11429 11430/11430 11432/11432 11431/11431
f 11431/11431 11432/11432 11434/11434 11433/11433
f 11433/11433 11434/11434 11436/11436 11435/11435
f 11435/11435 11436/11436 11438/11438 11437/11437
f 11437/11437 11438/11438 11440/11440 11439/11439
f 11439/11439 11440/11440 11442/11442 11441/11441
f 11441/11441 11442/11442 11444/11444 11443/11443
f 11443/11443 11444/11444 11446/11446 11445/11445
f 11445/11445 11446/11446 11448/11448 11447/11447
f 11447/11447 11448/11448 11450/11450 11449/11449
f 11449/11449 11450/11450 11452/11452 11451/11451
f 11451/11451 11452/11452 11454/11454 11453/11453
f 11453/11453 11454/11454 11456/11456 11455/11455
f 11457/11457 11458/11458 11460/11460 11459/11459
f 11459/11459 11460/11460 11462/11462 11461/11461
f 11461/11461 11462/11462 11464/11464 11463/11463
f 11463/11463 11464/11464 11466/11466 11465/11465
f 11465/11465 11466/11466 11468/11468 11467/11467
f 11467/11467 11468/11468 11470/11470 11469/11469
f 11469/11469 11470/11470 11472/11472 11471/11471
f 11471/11471 11472/11472 11474/11474 11473/11473
f 11473/11473 11474/11474 11476/11476 11475/11475
f 11475/11475 11476/11476 11478/11478 11477/11477
f 11477/11477 11478/11478 11480/11480 11479/11479
f 11479/11479 11480/11480 11482/11482 11481/11481
f 11481/11481 11482/11482 11484/11484 11483/11483
f 11483/11483 11484/11484 11486/11486 11485/11485
f 11485/11485 11486/11486 11488/11488 11487/11487
f 11489/11489 11490/11490 11492/11492 11491/11491
f 11491/11491 11492/11492 11494/11494 11493/11493
f 11493/11493 11494/11494 11496/11496 11495/11495
f 11495/11495 11496/11496 11498/11498 11497/11497
f 11497/11497 11498/11498 11500/11500 11499/11499
f 11499/11499 11500/11500 11502/11502 11501/11501
f 11501/11501 11502/11502 11504/11504 11503/11503
f 11503/11503 11504/11504 11506/11506 11505/11505
f 11505/11505 11506/11506 11508/11508 11507/11507
f 11507/11507 11508/11508 11510/11510 11509/11509
f 11509/11509 11510/11510 11512/11512 11511/11511
f 11511/11511 11512/11512 11514/11514 11513/11513
f 11513/11513 11514/11514 11516/11516 11515/11515
f 11515/11515 11516/11516 11518/11518 11517/11517
f 11517/11517 11518/11518 11520/11520 11519/11519
f 11521/11521 11522/11522 11524/11524 11523/11523
f 11523/11523 11524/11524 11526/11526 11525/11525
f 11525/11525 11526/11526 11528/11528 11527/11527
f 11527/11527 11528/11528 11530/11530 11529/11529
f 11529/11529 11530/11530 11532/11532 11531/11531
f 11531/11531 11532/11532 11534/11534 11533/11533
f 11533/11533 11534/11534 11536/11536 11535/11535
f 11535/11535 11536/11536 11538/11538 11537/11537
f 11537/11537 11538/11538 11540/11540 11539/11539
f 11539/11539 11540/11540 11542/11542 11541/11541
f 11541/11541 11542/11542 11544/11544 11543/11543
f 11543/11543 11544/11544 11546/11546 11545/11545
f 11545/11545 11546/11546 11548/11548 11547/11547
f 11547/11547 11548/11548 11550/11550 11549/11549
f 11549/11549 11550/11550 11552/11552 11551/11551
f 11553/11553 11554/11554 11556/11556 11555/11555
f 11555/11555 11556/11556 11558/11558 11557/11557
f 11557/11557 11558/11558 11560/11560 11559/11559
f 11559/11559 11560/11560 11562/11562 11561/11561
f 11561/11561 11562/11562 11564/11564 11563/11563
f 11563/11563 11564/11564 11566/11566 11565/11565
f 11565/11565 11566/11566 11568/11568 11567/11567
f 11567/11567 11568/11568 11570/11570 11569/11569
f 11569/11569 11570/11570 11572/11572 11571/11571
f 11571/11571 11572/11572 11574/11574 11573/11573
f 11573/11573 11574/11574 11576/11576 11575/11575
f 11575/11575 11576/11576 11578/11578 11577/11577
f 11577/11577 11578/11578 11580/11580 11579/11579
f 11579/11579 11580/11580 11582/11582 11581/11581
f 11581/11581 11582/11582 11584/11584 11583/11583
f 11585/11585 11586/11586 11588/11588 11587/11587
f 11587/11587 11588/11588 11590/11590 11589/11589
f 11589/11589 11590/11590 11592/11592 11591/11591
f 11591/11591 11592/11592 11594/11594 11593/11593
f 11593/11593 11594/11594 11596/11596 11595/11595
f 11595/11595 11596/11596 11598/11598 11597/11597
f 11597/11597 11598/11598 11600/11600 11599/11599
f 11599/11599 11600/11600 11602/11602 11601/11601
f 11601/11601 11602/11602 11604/11604 11603/11603
f 11603/11603 11604/11604 11606/11606 11605/11605
f 11605/11605 11606/11606 11608/11608 11607/11607
f 11607/11607 11608/11608 11610/11610 11609/11609
f 11609/11609 11610/11610 11612/11612 11611/11611
f 11611/11611 11612/11612 11614/11614 11613/11613
f 11613/11613 11614/11614 11616/11616 11615/11615
f 11617/11617 11618/11618 11620/11620 11619/11619
f 11619/11619 11620/11620 11622/11622 11621/11621
f 11621/11621 11622/11622 11624/11624 11623/11623
f 11623/11623 11624/11624 11626/11626 11625/11625
f 11625/11625 11626/11626 11628/11628 11627/11627
f 11627/11627 11628/11628 11630/11630 11629/11629
f 11629/11629 11630/11630 11632/11632 11631/11631
f 11631/11631 11632/11632 11634/11634 11633/11633
f 11633/11633 11634/11634 11636/11636 11635/11635
f 11635/11635 11636/11636 11638/11638 11637/11637
f 11637/11637 11638/11638 11640/11640 11639/11639
f 11639/11639 11640/11640 11642/11642 11641/11641
f 11641/11641 11642/11642 11644/11644 11643/11643
f 11643/11643 11644/11644 11646/11646 11645/11645
f 11645/11645 11646/11646 11648/11648 11647/11647
f 11649/11649 11650/11650 11652/11652 11651/11651
f 11651/11651 11652/11652 11654/11654 11653/11653
f 11653/11653 11654/11654 11656/11656 11655/11655
f 11655/11655 11656/11656 11658/11658 11657/11657
f 11657/11657 11658/11658 11660/11660 11659/11659
f 11659/11659 11660/11660 11662/11662 11661/11661
f 11661/11661 11662/11662 11664/11664 11663/11663
f 11663/11663 11664/11664 11666/11666 11665/11665
f 11665/11665 11666/11666 11668/11668 11667/11667
f 11667/11667 11668/11668 11670/11670 11669/11669
f 11669/11669 11670/11670 11672/11672 11671/11671
f 11671/11671 11672/11672 11674/11674 11673/11673
f 11673/11673 11674/11674 11676/11676 11675/11675
f 11675/11675 11676/11676 11678/11678 11677/11677
f 11677/11677 11678/11678 11680/11680 11679/11679
f 11681/11681 11682/11682 11684/11684 11683/11683
f 11683/11683 11684/11684 11686/11686 11685/11685
f 11685/11685 11686/11686 11688/11688 11687/11687
f 11687/11687 11688/11688 11690/11690 11689/11689
f 11689/11689 11690/11690 11692/11692 11691/11691
f 11691/11691 11692/11692 11694/11694 11693/11693
f 11693/11693 11694/11694 11696/11696 11695/11695
f 11695/11695 11696/11696 11698/11698 11697/11697
f 11697/11697 11698/11698 11700/11700 11699/11699
f 11699/11699 11700/11700 11702/11702 11701/11701
f 11701/11701 11702/11702 11704/11704 11703/11703
f 11703/11703 11704/11704 11706/11706 11705/11705
f 11705/11705 11706/11706 11708/11708 11707/11707
f 11707/11707 11708/11708 11710/11710 11709/11709
f 11709/11709 11710/11710 11712/11712 11711/11711
f 11713/11713 11714/11714 11716/11716 11715/11715
f 11715/11715 11716/11716 11718/11718 11717/11717
f 11717/11717 11718/11718 11720/11720 11719/11719
f 11719/11719 11720/11720 11722/11722 11721/11721
f 11721/11721 11722/11722 11724/11724 11723/11723
f 11723/11723 11724/11724 11726/11726 11725/11725
f 11725/11725 11726/11726 11728/11728 11727/11727
f 11727/11727 11728/11728 11730/11730 11729/11729
f 11729/11729 11730/11730 11732/11732 11731/11731
f 11731/11731 11732/11732 11734/11734 11733/11733
f 11733/11733 11734/11734 11736/11736 11735/11735
f 11735/11735 11736/11736 11738/11738 11737/11737
f 11737/11737 11738/11738 11740/11740 11739/11739
f 11739/11739 11740/11740 11742/11742 11741/11741
f 11741/11741 11742/11742 11744/11744 11743/11743
f 11745/11745 11746/11746 11748/11748 11747/11747
f 11747/11747 11748/11748 11750/11750 11749/11749
f 11749/11749 11750/11750 11752/11752 11751/11751
f 11751/11751 11752/11752 11754/11754 11753/11753
f 11753/11753 11754/11754 11756/11756 11755/11755
f 11755/11755 11756/11756 11758/11758 11757/11757
f 11757/11757 11758/11758 11760/11760 11759/11759
f 11759/11759 11760/11760 11762/11762 11761/11761
f 11761/11761 11762/11762 11764/11764 11763/11763
f 11763/11763 11764/11764 11766/11766 11765/11765
f 11765/11765 11766/11766 11768/11768 11767/11767
f 11767/11767 11768/11768 11770/11770 11769/11769
f 11769/11769 11770/11770 11772/11772 11771/11771
f 11771/11771 11772/11772 11774/11774 11773/11773
f 11773/11773 11774/11774 11776/11776 11775/11775
f 11777/11777 11778/11778 11780/11780 11779/11779
f 11779/11779 11780/11780 11782/11782 11781/11781
f 11781/11781 11782/11782 11784/11784 11783/11783
f 11783/11783 11784/11784 11786/11786 11785/11785
f 11785/11785 11786/11786 11788/11788 11787/11787
f 11787/11787 11788/11788 11790/11790 11789/11789
f 11789/11789 11790/11790 11792/11792 11791/11791
f 11791/11791 11792/11792 11794/11794 11793/11793
f 11793/11793 11794/11794 11796/11796 11795/11795
f 11795/11795 11796/11796 11798/11798 11797/11797
f 11797/11797 11798/11798 11800/11800 11799/11799
f 11799/11799 11800/11800 11802/11802 11801/11801
f 11801/11801 11802/11802 11804/11804 11803/11803
f 11803/11803 11804/11804 11806/11806 11805/11805
f 11805/11805 11806/11806 11808/11808 11807/11807
f 11809/11809 11810/11810 11812/11812 11811/11811
f 11811/11811 11812/11812 11814/11814 11813/11813
f 11813/11813 11814/11814 11816/11816 11815/11815
f 11815/11815 11816/11816 11818/11818 11817/11817
f 11817/11817 11818/11818 11820/11820 11819/11819
f 11819/11819 11820/11820 11822/11822 11821/11821
f 11821/11821 11822/11822 11824/11824 11823/11823
f 11823/11823 11824/11824 11826/11826 11825/11825
f 11825/11825 11826/11826 11828/11828 11827/11827
f 11827/11827 11828/11828 11830/11830 11829/11829
f 11829/11829 11830/11830 11832/11832 11831/11831
f 11831/11831 11832/11832 11834/11834 11833/11833
f 11833/11833 11834/11834 11836/11836 11835/11835
f 11835/11835 11836/11836 11838/11838 11837/11837
f 11837/11837 11838/11838 11840/11840 11839/11839
f 11841/11841 11842/11842 11844/11844 11843/11843
f 11843/11843 11844/11844 11846/11846 11845/11845
f 11845/11845 11846/11846 11848/11848 11847/11847
f 11847/11847 11848/11848 11850/11850 11849/11849
f 11849/11849 11850/11850 11852/11852 11851/11851
f 11851/11851 11852/11852 11854/11854 11853/11853
f 11853/11853 11854/11854 11856/11856 11855/11855
f 11855/11855 11856/11856 11858/11858 11857/11857
f 11857/11857 11858/11858 11860/11860 11859/11859
f 11859/11859 11860/11860 11862/11862 11861/11861
f 11861/11861 11862/11862 11864/11864 11863/11863
f 11863/11863 11864/11864 11866/11866 11865/11865
f 11865/11865 11866/11866 11868/11868 11867/11867
f 11867/11867 11868/11868 11870/11870 11869/11869
f 11869/11869 11870/11870 11872/11872 11871/11871
f 11873/11873 11874/11874 11876/11876 11875/11875
f 11875/11875 11876/11876 11878/11878 11877/11877
f 11877/11877 11878/11878 11880/11880 11879/11879
f 11879/11879 11880/11880 11882/11882 11881/11881
f 11881/11881 11882/11882 11884/11884 11883/11883
f 11883/11883 11884/11884 11886/11886 11885/11885
f 11885/11885 11886/11886 11888/11888 11887/11887
f 11887/11887 11888/11888 11890/11890 11889/11889
f 11889/11889 11890/11890 11892/11892 11891/11891
f 11891/11891 11892/11892 11894/11894 11893/11893
f 11893/11893 11894/11894 11896/11896 11895/11895
f 11895/11895 11896/11896 11898/11898 11897/11897
f 11897/11897 11898/11898 11900/11900 11899/11899
f 11899/11899 11900/11900 11902/11902 11901/11901
f 11901/11901 11902/11902 11904/11904 11903/11903
f 11905/11905 11906/11906 11908/11908 11907/11907
f 11907/11907 11908/11908 11910/11910 11909/11909
f 11909/11909 11910/11910 11912/11912 11911/11911
f 11911/11911 11912/11912 11914/11914 11913/11913
f 11913/11913 11914/11914 11916/11916 11915/11915
f 11915/11915 11916/11916 11918/11918 11917/11917
f 11917/11917 11918/11918 11920/11920 11919/11919
f 11919/11919 11920/11920 11922/11922 11921/11921
f 11921/11921 11922/11922 11924/11924 11923/11923
f 11923/11923 11924/11924 11926/11926 11925/11925
f 11925/11925 11926/11926 11928/11928 11927/11927
f 11927/11927 11928/11928 11930/11930 11929/11929
f 11929/11929 11930/11930 11932/11932 11931/11931
f 11931/11931 11932/11932 11934/11934 11933/11933
f 11933/11933 11934/11934 11936/11936 11935/11935
f 11937/11937 11938/11938 11940/11940 11939/11939
f 11939/11939 11940/11940 11942/11942 11941/11941
f 11941/11941 11942/11942 11944/11944 11943/11943
f 11943/11943 11944/11944 11946/11946 11945/11945
f 11945/11945 11946/11946 11948/11948 11947/11947
f 11947/11947 11948/11948 11950/11950 11949/11949
f 11949/11949 11950/11950 11952/11952 11951/11951
f 11951/11951 11952/11952 11954/11954 11953/11953
f 11953/11953 11954/11954 11956/11956 11955/11955
f 11955/11955 11956/11956 11958/11958 11957/11957
f 11957/11957 11958/11958 11960/11960 11959/11959
f 11959/11959 11960/11960 11962/11962 11961/11961
f 11961/11961 11962/11962 11964/11964 11963/11963
f 11963/11963 11964/11964 11966/11966 11965/11965
f 11965/11965 11966/11966 11968/11968 11967/11967
f 11969/11969 11970/11970 11972/11972 11971/11971
f 11971/11971 11972/11972 11974/11974 11973/11973
f 11973/11973 11974/11974 11976/11976 11975/11975
f 11975/11975 11976/11976 11978/11978 11977/11977
f 11977/11977 11978/11978 11980/11980 11979/11979
f 11979/11979 11980/11980 11982/11982 11981/11981
f 11981/11981 11982/11982 11984/11984 11983/11983
f 11983/11983 11984/11984 11986/11986 11985/11985
f 11985/11985 11986/11986 11988/11988 11987/11987
f 11987/11987 11988/11988 11990/11990 11989/11989
f 11989/11989 11990/11990 11992/11992 11991/11991
f 11991/11991 11992/11992 11994/11994 11993/11993
f 11993/11993 11994/11994 11996/11996 11995/11995
f 11995/11995 11996/11996 11998/11998 11997/11997
f 11997/11997 11998/11998 12000/12000 11999/11999
f 12001/12001 12002/12002 12004/12004 12003/12003
f 12003/12003 12004/12004 12006/12006 12005/12005
f 12005/12005 12006/12006 12008/12008 12007/12007
f 12007/12007 12008/12008 12010/12010 12009/12009
f 12009/12009 12010/12010 12012/12012 12011/12011
f 12011/12011 12012/12012 12014/12014 12013/12013
f 12013/12013 12014/12014 12016/12016 12015/12015
f 12015/12015 12016/12016 12018/12018 12017/12017
f 12017/12017 12018/12018 12020/12020 12019/12019
f 12019/12019 12020/12020 12022/12022 12021/12021
f 12021/12021 12022/12022 12024/12024 12023/12023
f 12023/12023 12024/12024 12026/12026 12025/12025
f 12025/12025 12026/12026 12028/12028 12027/12027
f 12027/12027 12028/12028 12030/12030 12029/12029
f 12029/12029 12030/12030 12032/12032 12031/12031
f 12033/12033 12034/12034 12036/12036 12035/12035
f 12035/12035 12036/12036 12038/12038 12037/12037
f 12037/12037 12038/12038 12040/12040 12039/12039
f 12039/12039 12040/12040 12042/12042 12041/12041
f 12041/12041 12042/12042 12044/12044 12043/12043
f 12043/12043 12044/12044 12046/12046 12045/12045
f 12045/12045 12046/12046 12048/12048 12047/12047
f 12047/12047 12048/12048 12050/12050 12049/12049
f 12049/12049 12050/12050 12052/12052 12051/12051
f 12051/12051 12052/12052 12054/12054 12053/12053
f 12053/12053 12054/12054 12056/12056 12055/12055
f 12055/12055 12056/12056 12058/12058 12057/12057
f 12057/12057 12058/12058 12060/12060 12059/12059
f 12059/12059 12060/12060 12062/12062 12061/12061
f 12061/12061 12062/12062 12064/12064 12063/12063
f 12065/12065 12066/12066 12068/12068 12067/12067
f 12067/12067 12068/12068 12070/12070 12069/12069
f 12069/12069 12070/12070 12072/12072 12071/12071
f 12071/12071 12072/12072 12074/12074 12073/12073
f 12073/12073 12074/12074 12076/12076 12075/12075
f 12075/12075 12076/12076 12078/12078 12077/12077
f 12077/12077 12078/12078 12080/12080 12079/12079
f 12079/12079 12080/12080 12082/12082 12081/12081
f 12081/12081 12082/12082 12084/12084 12083/12083
f 12083/12083 12084/12084 12086/12086 12085/12085
f 12085/12085 12086/12086 12088/12088 12087/12087
f 12087/12087 12088/12088 12090/12090 12089/12089
f 12089/12089 12090/12090 12092/12092 12091/12091
f 12091/12091 12092/12092 12094/12094 12093/12093
f 12093/12093 12094/12094 12096/12096 12095/12095
f 12097/12097 12098/12098 12100/12100 12099/12099
f 12099/12099 12100/12100 12102/12102 12101/12101
f 12101/12101 12102/12102 12104/12104 12103/12103
f 12103/12103 12104/12104 12106/12106 12105/12105
f 12105/12105 12106/12106 12108/12108 12107/12107
f 12107/12107 12108/12108 12110/12110 12109/12109
f 12109/12109 12110/12110 12112/12112 12111/12111
f 12111/12111 12112/12112 12114/12114 12113/12113
f 12113/12113 12114/12114 12116/12116 12115/12115
f 12115/12115 12116/12116 12118/12118 12117/12117
f 12117/12117 12118/12118 12120/12120 12119/12119
f 12119/12119 12120/12120 12122/12122 12121/12121
f 12121/12121 12122/12122 12124/12124 12123/12123
f 12123/12123 12124/12124 12126/12126 12125/12125
f 12125/12125 12126/12126 12128/12128 12127/12127
f 12129/12129 12130/12130 12132/12132 12131/12131
f 12131/12131 12132/12132 12134/12134 12133/12133
f 12133/12133 12134/12134 12136/12136 12135/12135
f 12135/12135 12136/12136 12138/12138 12137/12137
f 12137/12137 12138/12138 12140/12140 12139/12139
f 12139/12139 12140/12140 12142/12142 12141/12141
f 12141/12141 12142/12142 12144/12144 12143/12143
f 12143/12143 12144/12144 12146/12146 12145/12145
f 12145/12145 12146/12146 12148/12148 12147/12147
f 12147/12147 12148/12148 12150/12150 12149/12149
f 12149/12149 12150/12150 12152/12152 12151/12151
f 12151/12151 12152/12152 12154/12154 12153/12153
f 12153/12153 12154/12154 12156/12156 12155/12155
f 12155/12155 12156/12156 12158/12158 12157/12157
f 12157/12157 12158/12158 12160/12160 12159/12159
f 12161/12161 12162/12162 12164/12164 12163/12163
f 12163/12163 12164/12164 12166/12166 12165/12165
f 12165/12165 12166/12166 12168/12168 12167/12167
f 12167/12167 12168/12168 12170/12170 12169/12169
f 12169/12169 12170/12170 12172/12172 12171/12171
f 12171/12171 12172/12172 12174/12174 12173/12173
f 12173/12173 12174/12174 12176/12176 12175/12175
f 12175/12175 12176/12176 12178/12178 12177/12177
f 12177/12177 12178/12178 12180/12180 12179/12179
f 12179/12179 12180/12180 12182/12182 12181/12181
f 12181/12181 12182/12182 12184/12184 12183/12183
f 12183/12183 12184/12184 12186/12186 12185/12185
f 12185/12185 12186/12186 12188/12188 12187/12187
f 12187/12187 12188/12188 12190/12190 12189/12189
f 12189/12189 12190/12190 12192/12192 12191/12191
f 12193/12193 12194/12194 12196/12196 12195/12195
f 12195/12195 12196/12196 12198/12198 12197/12197
f 12197/12197 12198/12198 12200/12200 12199/12199
f 12199/12199 12200/12200 12202/12202 12201/12201
f 12201/12201 12202/12202 12204/12204 12203/12203
f 12203/12203 12204/12204 12206/12206 12205/12205
f 12205/12205 12206/12206 12208/12208 12207/12207
f 12207/12207 12208/12208 12210/12210 12209/12209
f 12209/12209 12210/12210 12212/12212 12211/12211
f 12211/12211 12212/12212 12214/12214 12213/12213
f 12213/12213 12214/12214 12216/12216 12215/12215
f 12215/12215 12216/12216 12218/12218 12217/12217
f 12217/12217 12218/12218 12220/12220 12219/12219
f 12219/12219 12220/12220 12222/12222 12221/12221
f 12221/12221 12222/12222 12224/12224 12223/12223
f 12225/12225 12226/12226 12228/12228 12227/12227
f 12227/12227 12228/12228 12230/12230 12229/12229
f 12229/12229 12230/12230 12232/12232 12231/12231
f 12231/12231 12232/12232 12234/12234 12233/12233
f 12233/12233 12234/12234 12236/12236 12235/12235
f 12235/12235 12236/12236 12238/12238 12237/12237
f 12237/12237 12238/12238 12240/12240 12239/12239
f 12239/12239 12240/12240 12242/12242 12241/12241
f 12241/12241 12242/12242 12244/12244 12243/12243
f 12243/12243 12244/12244 12246/12246 12245/12245
f 12245/12245 12246/12246 12248/12248 12247/12247
f 12247/12247 12248/12248 12250/12250 12249/12249
f 12249/12249 12250/12250 12252/12252 12251/12251
f 12251/12251 12252/12252 12254/12254 12253/12253
f 12253/12253 12254/12254 12256/12256 12255/12255
f 12257/12257 12258/12258 12260/12260 12259/12259
f 12259/12259 12260/12260 12262/12262 12261/12261
f 12261/12261 12262/12262 12264/12264 12263/12263
f 12263/12263 12264/12264 12266/12266 12265/12265
f 12265/12265 12266/12266 12268/12268 12267/12267
f 12267/12267 12268/12268 12270/12270 12269/12269
f 12269/12269 12270/12270 12272/12272 12271/12271
f 12271/12271 12272/12272 12274/12274 12273/12273
f 12273/12273 12274/12274 12276/12276 12275/12275
f 12275/12275 12276/12276 12278/12278 12277/12277
f 12277/12277 12278/12278 12280/12280 12279/12279
f 12279/12279 12280/12280 12282/12282 12281/12281
f 12281/12281 12282/12282 12284/12284 12283/12283
f 12283/12283 12284/12284 12286/12286 12285/12285
f 12285/12285 12286/12286 12288/12288 12287/12287
f 12289/12289 12290/12290 12292/12292 12291/12291
f 12291/12291 12292/12292 12294/12294 12293/12293
f 12293/12293 12294/12294 12296/12296 12295/12295
f 12295/12295 12296/12296 12298/12298 12297/12297
f 12297/12297 12298/12298 12300/12300 12299/12299
f 12299/12299 12300/12300 12302/12302 12301/12301
f 12301/12301 12302/12302 12304/12304 12303/12303
f 12303/12303 12304/12304 12306/12306 12305/12305
f 12305/12305 12306/12306 12308/12308 12307/12307
f 12307/12307 12308/12308 12310/12310 12309/12309
f 12309/12309 12310/12310 12312/12312 12311/12311
f 12311/12311 12312/12312 12314/12314 12313/12313
f 12313/12313 12314/12314 12316/12316 12315/12315
f 12315/12315 12316/12316 12318/12318 12317/12317
f 12317/12317 12318/12318 12320/12320 12319/12319
f 12321/12321 12322/12322 12324/12324 12323/12323
f 12323/12323 12324/12324 12326/12326 12325/12325
f 12325/12325 12326/12326 12328/12328 12327/12327
f 12327/12327 12328/12328 12330/12330 12329/12329
f 12329/12329 12330/12330 12332/12332 12331/12331
f 12331/12331 12332/12332 12334/12334 12333/12333
f 12333/12333 12334/12334 12336/12336 12335/12335
f 12335/12335 12336/12336 12338/12338 12337/12337
f 12337/12337 12338/12338 12340/12340 12339/12339
f 12339/12339 12340/12340 12342/12342 12341/12341
f 12341/12341 12342/12342 12344/12344 12343/12343
f 12343/12343 12344/12344 12346/12346 12345/12345
f 12345/12345 12346/12346 12348/12348 12347/12347
f 12347/12347 12348/12348 12350/12350 12349/12349
f 12349/12349 12350/12350 12352/12352 12351/12351
f 12353/12353 12354/12354 12356/12356 12355/12355
f 12355/12355 12356/12356 12358/12358 12357/12357
f 12357/12357 12358/12358 12360/12360 12359/12359
f 12359/12359 12360/12360 12362/12362 12361/12361
f 12361/12361 12362/12362 12364/12364 12363/12363
f 12363/12363 12364/12364 12366/12366 12365/12365
f 12365/12365 12366/12366 12368/12368 12367/12367
f 12367/12367 12368/12368 12370/12370 12369/12369
f 12369/12369 12370/12370 12372/12372 12371/12371
f 12371/12371 12372/12372 12374/12374 12373/12373
f 12373/12373 12374/12374 12376/12376 12375/12375
f 12375/12375 12376/12376 12378/12378 12377/12377
f 12377/12377 12378/12378 12380/12380 12379/12379
f 12379/12379 12380/12380 12382/12382 12381/12381
f 12381/12381 12382/12382 12384/12384 12383/12383
f 12385/12385 12386/12386 12388/12388 12387/12387
f 12387/12387 12388/12388 12390/12390 12389/12389
f 12389/12389 12390/12390 12392/12392 12391/12391
f 12391/12391 12392/12392 12394/12394 12393/12393
f 12393/12393 12394/12394 12396/12396 12395/12395
f 12395/12395 12396/12396 12398/12398 12397/12397
f 12397/12397 12398/12398 12400/12400 12399/12399
f 12399/12399 12400/12400 12402/12402 12401/12401
f 12401/12401 12402/12402 12404/12404 12403/12403
f 12403/12403 12404/12404 12406/12406 12405/12405
f 12405/12405 12406/12406 12408/12408 12407/12407
f 12407/12407 12408/12408 12410/12410 12409/12409
f 12409/12409 12410/12410 12412/12412 12411/12411
f 12411/12411 12412/12412 12414/12414 12413/12413
f 12413/12413 12414/12414 12416/12416 12415/12415
f 12417/12417 12418/12418 12420/12420 12419/12419
f 12419/12419 12420/12420 12422/12422 12421/12421
f 12421/12421 12422/12422 12424/12424 12423/12423
f 12423/12423 12424/12424 12426/12426 12425/12425
f 12425/12425 12426/12426 12428/12428 12427/12427
f 12427/12427 12428/12428 12430/12430 12429/12429
f 12429/12429 12430/12430 12432/12432 12431/12431
f 12431/12431 12432/12432 12434/12434 12433/12433
f 12433/12433 12434/12434 12436/12436 12435/12435
f 12435/12435 12436/12436 12438/12438 12437/12437
f 12437/12437 12438/12438 12440/12440 12439/12439
f 12439/12439 12440/12440 12442/12442 12441/12441
f 12441/12441 12442/12442 12444/12444 12443/12443
f 12443/12443 12444/12444 12446/12446 12445/12445
f 12445/12445 12446/12446 12448/12448 12447/12447
f 12449/12449 12450/12450 12452/12452 12451/12451
f 12451/12451 12452/12452 12454/12454 12453/12453
f 12453/12453 12454/12454 12456/12456 12455/12455
f 12455/12455 12456/12456 12458/12458 12457/12457
f 12457/12457 12458/12458 12460/12460 12459/12459
f 12459/12459 12460/12460 12462/12462 12461/12461
f 12461/12461 12462/12462 12464/12464 12463/12463
f 12463/12463 12464/12464 12466/12466 12465/12465
f 12465/12465 12466/12466 12468/12468 12467/12467
f 12467/12467 12468/12468 12470/12470 12469/12469
f 12469/12469 12470/12470 12472/12472 12471/12471
f 12471/12471 12472/12472 12474/12474 12473/12473
f 12473/12473 12474/12474 12476/12476 12475/12475
f 12475/12475 12476/12476 12478/12478 12477/12477
f 12477/12477 12478/12478 12480/12480 12479/12479
f 12481/12481 12482/12482 12484/12484 12483/12483
f 12483/12483 12484/12484 12486/12486 12485/12485
f 12485/12485 12486/12486 12488/12488 12487/12487
f 12487/12487 12488/12488 12490/12490 12489/12489
f 12489/12489 12490/12490 12492/12492 12491/12491
f 12491/12491 12492/12492 12494/12494 12493/12493
f 12493/12493 12494/12494 12496/12496 12495/12495
f 12495/12495 12496/12496 12498/12498 12497/12497
f 12497/12497 12498/12498 12500/12500 12499/12499
f 12499/12499 12500/12500 12502/12502 12501/12501
f 12501/12501 12502/12502 12504/12504 12503/12503
f 12503/12503 12504/12504 12506/12506 12505/12505
f 12505/12505 12506/12506 12508/12508 12507/12507
f 12507/12507 12508/12508 12510/12510 12509/12509
f 12509/12509 12510/12510 12512/12512 12511/12511
f 12513/12513 12514/12514 12516/12516 12515/12515
f 12515/12515 12516/12516 12518/12518 12517/12517
f 12517/12517 12518/12518 12520/12520 12519/12519
f 12519/12519 12520/12520 12522/12522 12521/12521
f 12521/12521 12522/12522 12524/12524 12523/12523
f 12523/12523 12524/12524 12526/12526 12525/12525
f 12525/12525 12526/12526 12528/12528 12527/12527
f 12527/12527 12528/12528 12530/12530 12529/12529
f 12529/12529 12530/12530 12532/12532 12531/12531
f 12531/12531 12532/12532 12534/12534 12533/12533
f 12533/12533 12534/12534 12536/12536 12535/12535
f 12535/12535 12536/12536 12538/12538 12537/12537
f 12537/12537 12538/12538 12540/12540 12539/12539
f 12539/12539 12540/12540 12542/12542 12541/12541
f 12541/12541 12542/12542 12544/12544 12543/12543
f 12545/12545 12546/12546 12548/12548 12547/12547
f 12547/12547 12548/12548 12550/12550 12549/12549
f 12549/12549 12550/12550 12552/12552 12551/12551
f 12551/12551 12552/12552 12554/12554 12553/12553
f 12553/12553 12554/12554 12556/12556 12555/12555
f 12555/12555 12556/12556 12558/12558 12557/12557
f 12557/12557 12558/12558 12560/12560 12559/12559
f 12559/12559 12560/12560 12562/12562 12561/12561
f 12561/12561 12562/12562 12564/12564 12563/12563
f 12563/12563 12564/12564 12566/12566 12565/12565
f 12565/12565 12566/12566 12568/12568 12567/12567
f 12567/12567 12568/12568 12570/12570 12569/12569
f 12569/12569 12570/12570 12572/12572 12571/12571
f 12571/12571 12572/12572 12574/12574 12573/12573
f 12573/12573 12574/12574 12576/12576 12575/12575
f 12577/12577 12578/12578 12580/12580 12579/12579
f 12579/12579 12580/12580 12582/12582 12581/12581
f 12581/12581 12582/12582 12584/12584 12583/12583
f 12583/12583 12584/12584 12586/12586 12585/12585
f 12585/12585 12586/12586 12588/12588 12587/12587
f 12587/12587 12588/12588 12590/12590 12589/12589
f 12589/12589 12590/12590 12592/12592 12591/12591
f 12591/12591 12592/12592 12594/12594 12593/12593
f 12593/12593 12594/12594 12596/12596 12595/12595
f 12595/12595 12596/12596 12598/12598 12597/12597
f 12597/12597 12598/12598 12600/12600 12599/12599
f 12599/12599 12600/12600 12602/12602 12601/12601
f 12601/12601 12602/12602 12604/12604 12603/12603
f 12603/12603 12604/12604 12606/12606 12605/12605
f 12605/12605 12606/12606 12608/12608 12607/12607
f 12609/12609 12610/12610 12612/12612 12611/12611
f 12611/12611 12612/12612 12614/12614 12613/12613
f 12613/12613 12614/12614 12616/12616 12615/12615
f 12615/12615 12616/12616 12618/12618 12617/12617
f 12617/12617 12618/12618 12620/12620 12619/12619
f 12619/12619 12620/12620 12622/12622 12621/12621
f 12621/12621 12622/12622 12624/12624 12623/12623
f 12623/12623 12624/12624 12626/12626 12625/12625
f 12625/12625 12626/12626 12628/12628 12627/12627
f 12627/12627 12628/12628 12630/12630 12629/12629
f 12629/12629 12630/12630 12632/12632 12631/12631
f 12631/12631 12632/12632 12634/12634 12633/12633
f 12633/12633 12634/12634 12636/12636 12635/12635
f 12635/12635 12636/12636 12638/12638 12637/12637
f 12637/12637 12638/12638 12640/12640 12639/12639
f 12641/12641 12642/12642 12644/12644 12643/12643
f 12643/12643 12644/12644 12646/12646 12645/12645
f 12645/12645 12646/12646 12648/12648 12647/12647
f 12647/12647 12648/12648 12650/12650 12649/12649
f 12649/12649 12650/12650 12652/12652 12651/12651
f 12651/12651 12652/12652 12654/12654 12653/12653
f 12653/12653 12654/12654 12656/12656 12655/12655
f 12655/12655 12656/12656 12658/12658 12657/12657
f 12657/12657 12658/12658 12660/12660 12659/12659
f 12659/12659 12660/12660 12662/12662 12661/12661
f 12661/12661 12662/12662 12664/12664 12663/12663
f 12663/12663 12664/12664 12666/12666 12665/12665
f 12665/12665 12666/12666 12668/12668 12667/12667
f 12667/12667 12668/12668 12670/12670 12669/12669
f 12669/12669 12670/12670 12672/12672 12671/12671
f 12673/12673 12674/12674 12676/12676 12675/12675
f 12675/12675 12676/12676 12678/12678 12677/12677
f 12677/12677 12678/12678 12680/12680 12679/12679
f 12679/12679 12680/12680 12682/12682 12681/12681
f 12681/12681 12682/12682 12684/12684 12683/12683
f 12683/12683 12684/12684 12686/12686 12685/12685
f 12685/12685 12686/12686 12688/12688 12687/12687
f 12687/12687 12688/12688 12690/12690 12689/12689
f 12689/12689 12690/12690 12692/12692 12691/12691
f 12691/12691 12692/12692 12694/12694 12693/12693
f 12693/12693 12694/12694 12696/12696 12695/12695
f 12695/12695 12696/12696 12698/12698 12697/12697
f 12697/12697 12698/12698 12700/12700 12699/12699
f 12699/12699 12700/12700 12702/12702 12701/12701
f 12701/12701 12702/12702 12704/12704 12703/12703
f 12705/12705 12706/12706 12708/12708 12707/12707
f 12707/12707 12708/12708 12710/12710 12709/12709
f 12709/12709 12710/12710 12712/12712 12711/12711
f 12711/12711 12712/12712 12714/12714 12713/12713
f 12713/12713 12714/12714 12716/12716 12715/12715
f 12715/12715 12716/12716 12718/12718 12717/12717
f 12717/12717 12718/12718 12720/12720 12719/12719
f 12719/12719 12720/12720 12722/12722 12721/12721
f 12721/12721 12722/12722 12724/12724 12723/12723
f 12723/12723 12724/12724 12726/12726 12725/12725
f 12725/12725 12726/12726 12728/12728 12727/12727
f 12727/12727 12728/12728 12730/12730 12729/12729
f 12729/12729 12730/12730 12732/12732 12731/12731
f 12731/12731 12732/12732 12734/12734 12733/12733
f 12733/12733 12734/12734 12736/12736 12735/12735
f 12737/12737 12738/12738 12740/12740 12739/12739
f 12739/12739 12740/12740 12742/12742 12741/12741
f 12741/12741 12742/12742 12744/12744 12743/12743
f 12743/12743 12744/12744 12746/12746 12745/12745
f 12745/12745 12746/12746 12748/12748 12747/12747
f 12747/12747 12748/12748 12750/12750 12749/12749
f 12749/12749 12750/12750 12752/12752 12751/12751
f 12751/12751 12752/12752 12754/12754 12753/12753
f 12753/12753 12754/12754 12756/12756 12755/12755
f 12755/12755 12756/12756 12758/12758 12757/12757
f 12757/12757 12758/12758 12760/12760 12759/12759
f 12759/12759 12760/12760 12762/12762 12761/12761
f 12761/12761 12762/12762 12764/12764 12763/12763
f 12763/12763 12764/12764 12766/12766 12765/12765
f 12765/12765 12766/12766 12768/12768 12767/12767
f 12769/12769 12770/12770 12772/12772 12771/12771
f 12771/12771 12772/12772 12774/12774 12773/12773
f 12773/12773 12774/12774 12776/12776 12775/12775
f 12775/12775 12776/12776 12778/12778 12777/12777
f 12777/12777 12778/12778 12780/12780 12779/12779
f 12779/12779 12780/12780 12782/12782 12781/12781
f 12781/12781 12782/12782 12784/12784 12783/12783
f 12783/12783 12784/12784 12786/12786 12785/12785
f 12785/12785 12786/12786 12788/12788 12787/12787
f 12787/12787 12788/12788 12790/12790 12789/12789
f 12789/12789 12790/12790 12792/12792 12791/12791
f 12791/12791 12792/12792 12794/12794 12793/12793
f 12793/12793 12794/12794 12796/12796 12795/12795
f 12795/12795 12796/12796 12798/12798 12797/12797
f 12797/12797 12798/12798 12800/12800 12799/12799
f 12801/12801 12802/12802 12804/12804 12803/12803
f 12803/12803 12804/12804 12806/12806 12805/12805
f 12805/12805 12806/12806 12808/12808 12807/12807
f 12807/12807 12808/12808 12810/12810 12809/12809
f 12809/12809 12810/12810 12812/12812 12811/12811
f 12811/12811 12812/12812 12814/12814 12813/12813
f 12813/12813 12814/12814 12816/12816 12815/12815
f 12815/12815 12816/12816 12818/12818 12817/12817
f 12817/12817 12818/12818 12820/12820 12819/12819
f 12819/12819 12820/12820 12822/12822 12821/12821
f 12821/12821 12822/12822 12824/12824 12823/12823
f 12823/12823 12824/12824 12826/12826 12825/12825
f 12825/12825 12826/12826 12828/12828 12827/12827
f 12827/12827 12828/12828 12830/12830 12829/12829
f 12829/12829 12830/12830 12832/12832 12831/12831
f 12833/12833 12834/12834 12836/12836 12835/12835
f 12835/12835 12836/12836 12838/12838 12837/12837
f 12837/12837 12838/12838 12840/12840 12839/12839
f 12839/12839 12840/12840 12842/12842 12841/12841
f 12841/12841 12842/12842 12844/12844 12843/12843
f 12843/12843 12844/12844 12846/12846 12845/12845
f 12845/12845 12846/12846 12848/12848 12847/12847
f 12847/12847 12848/12848 12850/12850 12849/12849
f 12849/12849 12850/12850 12852/12852 12851/12851
f 12851/12851 12852/12852 12854/12854 12853/12853
f 12853/12853 12854/12854 12856/12856 12855/12855
f 12855/12855 12856/12856 12858/12858 12857/12857
f 12857/12857 12858/12858 12860/12860 12859/12859
f 12859/12859 12860/12860 12862/12862 12861/12861
f 12861/12861 12862/12862 12864/12864 12863/12863
f 12865/12865 12866/12866 12868/12868 12867/12867
f 12867/12867 12868/12868 12870/12870 12869/12869
f 12869/12869 12870/12870 12872/12872 12871/12871
f 12871/12871 12872/12872 12874/12874 12873/12873
f 12873/12873 12874/12874 12876/12876 12875/12875
f 12875/12875 12876/12876 12878/12878 12877/12877
f 12877/12877 12878/12878 12880/12880 12879/12879
f 12879/12879 12880/12880 12882/12882 12881/12881
f 12881/12881 12882/12882 12884/12884 12883/12883
f 12883/12883 12884/12884 12886/12886 12885/12885
f 12885/12885 12886/12886 12888/12888 12887/12887
f 12887/12887 12888/12888 12890/12890 12889/12889
f 12889/12889 12890/12890 12892/12892 12891/12891
f 12891/12891 12892/12892 12894/12894 12893/12893
f 12893/12893 12894/12894 12896/12896 12895/12895
f 12897/12897 12898/12898 12900/12900 12899/12899
f 12899/12899 12900/12900 12902/12902 12901/12901
f 12901/12901 12902/12902 12904/12904 12903/12903
f 12903/12903 12904/12904 12906/12906 12905/12905
f 12905/12905 12906/12906 12908/12908 12907/12907
f 12907/12907 12908/12908 12910/12910 12909/12909
f 12909/12909 12910/12910 12912/12912 12911/12911
f 12911/12911 12912/12912 12914/12914 12913/12913
f 12913/12913 12914/12914 12916/12916 12915/12915
f 12915/12915 12916/12916 12918/12918 12917/12917
f 12917/12917 12918/12918 12920/12920 12919/12919
f 12919/12919 12920/12920 12922/12922 12921/12921
f 12921/12921 12922/12922 12924/12924 12923/12923
f 12923/12923 12924/12924 12926/12926 12925/12925
f 12925/12925 12926/12926 12928/12928 12927/12927
f 12929/12929 12930/12930 12932/12932 12931/12931
f 12931/12931 12932/12932 12934/12934 12933/12933
f 12933/12933 12934/12934 12936/12936 12935/12935
f 12935/12935 12936/12936 12938/12938 12937/12937
f 12937/12937 12938/12938 12940/12940 12939/12939
f 12939/12939 12940/12940 12942/12942 12941/12941
f 12941/12941 12942/12942 12944/12944 12943/12943
f 12943/12943 12944/12944 12946/12946 12945/12945
f 12945/12945 12946/12946 12948/12948 12947/12947
f 12947/12947 12948/12948 12950/12950 12949/12949
f 12949/12949 12950/12950 12952/12952 12951/12951
f 12951/12951 12952/12952 12954/12954 12953/12953
f 12953/12953 12954/12954 12956/12956 12955/12955
f 12955/12955 12956/12956 12958/12958 12957/12957
f 12957/12957 12958/12958 12960/12960 12959/12959
f 12961/12961 12962/12962 12964/12964 12963/12963
f 12963/12963 12964/12964 12966/12966 12965/12965
f 12965/12965 12966/12966 12968/12968 12967/12967
f 12967/12967 12968/12968 12970/12970 12969/12969
f 12969/12969 12970/12970 12972/12972 12971/12971
f 12971/12971 12972/12972 12974/12974 12973/12973
f 12973/12973 12974/12974 12976/12976 12975/12975
f 12975/12975 12976/12976 12978/12978 12977/12977
f 12977/12977 12978/12978 12980/12980 12979/12979
f 12979/12979 12980/12980 12982/12982 12981/12981
f 12981/12981 12982/12982 12984/12984 12983/12983
f 12983/12983 12984/12984 12986/12986 12985/12985
f 12985/12985 12986/12986 12988/12988 12987/12987
f 12987/12987 12988/12988 12990/12990 12989/12989
f 12989/12989 12990/12990 12992/12992 12991/12991
f 12993/12993 12994/12994 12996/12996 12995/12995
f 12995/12995 12996/12996 12998/12998 12997/12997
f 12997/12997 12998/12998 13000/13000 12999/12999
f 12999/12999 13000/13000 13002/13002 13001/13001
f 13001/13001 13002/13002 13004/13004 13003/13003
f 13003/13003 13004/13004 13006/13006 13005/13005
f 13005/13005 13006/13006 13008/13008 13007/13007
f 13007/13007 13008/13008 13010/13010 13009/13009
f 13009/13009 13010/13010 13012/13012 13011/13011
f 13011/13011 13012/13012 13014/13014 13013/13013
f 13013/13013 13014/13014 13016/13016 13015/13015
f 13015/13015 13016/13016 13018/13018 13017/13017
f 13017/13017 13018/13018 13020/13020 13019/13019
f 13019/13019 13020/13020 13022/13022 13021/13021
f 13021/13021 13022/13022 13024/13024 13023/13023
f 13025/13025 13026/13026 13028/13028 13027/13027
f 13027/13027 13028/13028 13030/13030 13029/13029
f 13029/13029 13030/13030 13032/13032 13031/13031
f 13031/13031 13032/13032 13034/13034 13033/13033
f 13033/13033 13034/13034 13036/13036 13035/13035
f 13035/13035 13036/13036 13038/13038 13037/13037
f 13037/13037 13038/13038 13040/13040 13039/13039
f 13039/13039 13040/13040 13042/13042 13041/13041
f 13041/13041 13042/13042 13044/13044 13043/13043
f 13043/13043 13044/13044 13046/13046 13045/13045
f 13045/13045 13046/13046 13048/13048 13047/13047
f 13047/13047 13048/13048 13050/13050 13049/13049
f 13049/13049 13050/13050 13052/13052 13051/13051
f 13051/13051 13052/13052 13054/13054 13053/13053
f 13053/13053 13054/13054 13056/13056 13055/13055
f 13057/13057 13058/13058 13060/13060 13059/13059
f 13059/13059 13060/13060 13062/13062 13061/13061
f 13061/13061 13062/13062 13064/13064 13063/13063
f 13063/13063 13064/13064 13066/13066 13065/13065
f 13065/13065 13066/13066 13068/13068 13067/13067
f 13067/13067 13068/13068 13070/13070 13069/13069
f 13069/13069 13070/13070 13072/13072 13071/13071
f 13071/13071 13072/13072 13074/13074 13073/13073
f 13073/13073 13074/13074 13076/13076 13075/13075
f 13075/13075 13076/13076 13078/13078 13077/13077
f 13077/13077 13078/13078 13080/13080 13079/13079
f 13079/13079 13080/13080 13082/13082 13081/13081
f 13081/13081 13082/13082 13084/13084 13083/13083
f 13083/13083 13084/13084 13086/13086 13085/13085
f 13085/13085 13086/13086 13088/13088 13087/13087
f 13089/13089 13090/13090 13092/13092 13091/13091
f 13091/13091 13092/13092 13094/13094 13093/13093
f 13093/13093 13094/13094 13096/13096 13095/13095
f 13095/13095 13096/13096 13098/13098 13097/13097
f 13097/13097 13098/13098 13100/13100 13099/13099
f 13099/13099 13100/13100 13102/13102 13101/13101
f 13101/13101 13102/13102 13104/13104 13103/13103
f 13103/13103 13104/13104 13106/13106 13105/13105
f 13105/13105 13106/13106 13108/13108 13107/13107
f 13107/13107 13108/13108 13110/13110 13109/13109
f 13109/13109 13110/13110 13112/13112 13111/13111
f 13111/13111 13112/13112 13114/13114 13113/13113
f 13113/13113 13114/13114 13116/13116 13115/13115
f 13115/13115 13116/13116 13118/13118 13117/13117
f 13117/13117 13118/13118 13120/13120 13119/13119
f 13121/13121 13122/13122 13124/13124 13123/13123
f 13123/13123 13124/13124 13126/13126 13125/13125
f 13125/13125 13126/13126 13128/13128 13127/13127
f 13127/13127 13128/13128 13130/13130 13129/13129
f 13129/13129 13130/13130 13132/13132 13131/13131
f 13131/13131 13132/13132 13134/13134 13133/13133
f 13133/13133 13134/13134 13136/13136 13135/13135
f 13135/13135 13136/13136 13138/13138 13137/13137
f 13137/13137 13138/13138 13140/13140 13139/13139
f 13139/13139 13140/13140 13142/13142 13141/13141
f 13141/13141 13142/13142 13144/13144 13143/13143
f 13143/13143 13144/13144 13146/13146 13145/13145
f 13145/13145 13146/13146 13148/13148 13147/13147
f 13147/13147 13148/13148 13150/13150 13149/13149
f 13149/13149 13150/13150 13152/13152 13151/13151
f 13153/13153 13154/13154 13156/13156 13155/13155
f 13155/13155 13156/13156 13158/13158 13157/13157
f 13157/13157 13158/13158 13160/13160 13159/13159
f 13159/13159 13160/13160 13162/13162 13161/13161
f 13161/13161 13162/13162 13164/13164 13163/13163
f 13163/13163 13164/13164 13166/13166 13165/13165
f 13165/13165 13166/13166 13168/13168 13167/13167
f 13167/13167 13168/13168 13170/13170 13169/13169
f 13169/13169 13170/13170 13172/13172 13171/13171
f 13171/13171 13172/13172 13174/13174 13173/13173
f 13173/13173 13174/13174 13176/13176 13175/13175
f 13175/13175 13176/13176 13178/13178 13177/13177
f 13177/13177 13178/13178 13180/13180 13179/13179
f 13179/13179 13180/13180 13182/13182 13181/13181
f 13181/13181 13182/13182 13184/13184 13183/13183
f 13185/13185 13186/13186 13188/13188 13187/13187
f 13187/13187 13188/13188 13190/13190 13189/13189
f 13189/13189 13190/13190 13192/13192 13191/13191
f 13191/13191 13192/13192 13194/13194 13193/13193
f 13193/13193 13194/13194 13196/13196 13195/13195
f 13195/13195 13196/13196 13198/13198 13197/13197
f 13197/13197 13198/13198 13200/13200 13199/13199
f 13199/13199 13200/13200 13202/13202 13201/13201
f 13201/13201 13202/13202 13204/13204 13203/13203
f 13203/13203 13204/13204 13206/13206 13205/13205
f 13205/13205 13206/13206 13208/13208 13207/13207
f 13207/13207 13208/13208 13210/13210 13209/13209
f 13209/13209 13210/13210 13212/13212 13211/13211
f 13211/13211 13212/13212 13214/13214 13213/13213
f 13213/13213 13214/13214 13216/13216 13215/13215
f 13217/13217 13218/13218 13220/13220 13219/13219
f 13219/13219 13220/13220 13222/13222 13221/13221
f 13221/13221 13222/13222 13224/13224 13223/13223
f 13223/13223 13224/13224 13226/13226 13225/13225
f 13225/13225 13226/13226 13228/13228 13227/13227
f 13227/13227 13228/13228 13230/13230 13229/13229
f 13229/13229 13230/13230 13232/13232 13231/13231
f 13231/13231 13232/13232 13234/13234 13233/13233
f 13233/13233 13234/13234 13236/13236 13235/13235
f 13235/13235 13236/13236 13238/13238 13237/13237
f 13237/13237 13238/13238 13240/13240 13239/13239
f 13239/13239 13240/13240 13242/13242 13241/13241
f 13241/13241 13242/13242 13244/13244 13243/13243
f 13243/13243 13244/13244 13246/13246 13245/13245
f 13245/13245 13246/13246 13248/13248 13247/13247
f 13249/13249 13250/13250 13252/13252 13251/13251
f 13251/13251 13252/13252 13254/13254 13253/13253
f 13253/13253 13254/13254 13256/13256 13255/13255
f 13255/13255 13256/13256 13258/13258 13257/13257
f 13257/13257 13258/13258 13260/13260 13259/13259
f 13259/13259 13260/13260 13262/13262 13261/13261
f 13261/13261 13262/13262 13264/13264 13263/13263
f 13263/13263 13264/13264 13266/13266 13265/13265
f 13265/13265 13266/13266 13268/13268 13267/13267
f 13267/13267 13268/13268 13270/13270 13269/13269
f 13269/13269 13270/13270 13272/13272 13271/13271
f 13271/13271 13272/13272 13274/13274 13273/13273
f 13273/13273 13274/13274 13276/13276 13275/13275
f 13275/13275 13276/13276 13278/13278 13277/13277
f 13277/13277 13278/13278 13280/13280 13279/13279
f 13281/13281 13282/13282 13284/13284 13283/13283
f 13283/13283 13284/13284 13286/13286 13285/13285
f 13285/13285 13286/13286 13288/13288 13287/13287
f 13287/13287 13288/13288 13290/13290 13289/13289
f 13289/13289 13290/13290 13292/13292 13291/13291
f 13291/13291 13292/13292 13294/13294 13293/13293
f 13293/13293 13294/13294 13296/13296 13295/13295
f 13295/13295 13296/13296 13298/13298 13297/13297
f 13297/13297 13298/13298 13300/13300 13299/13299
f 13299/13299 13300/13300 13302/13302 13301/13301
f 13301/13301 13302/13302 13304/13304 13303/13303
f 13303/13303 13304/13304 13306/13306 13305/13305
f 13305/13305 13306/13306 13308/13308 13307/13307
f 13307/13307 13308/13308 13310/13310 13309/13309
f 13309/13309 13310/13310 13312/13312 13311/13311
f 13313/13313 13314/13314 13316/13316 13315/13315
f 13315/13315 13316/13316 13318/13318 13317/13317
f 13317/13317 13318/13318 13320/13320 13319/13319
f 13319/13319 13320/13320 13322/13322 13321/13321
f 13321/13321 13322/13322 13324/13324 13323/13323
f 13323/13323 13324/13324 13326/13326 13325/13325
f 13325/13325 13326/13326 13328/13328 13327/13327
f 13327/13327 13328/13328 13330/13330 13329/13329
f 13329/13329 13330/13330 13332/13332 13331/13331
f 13331/13331 13332/13332 13334/13334 13333/13333
f 13333/13333 13334/13334 13336/13336 13335/13335
f 13335/13335 13336/13336 13338/13338 13337/13337
f 13337/13337 13338/13338 13340/13340 13339/13339
f 13339/13339 13340/13340 13342/13342 13341/13341
f 13341/13341 13342/13342 13344/13344 13343/13343
f 13345/13345 13346/13346 13348/13348 13347/13347
f 13347/13347 13348/13348 13350/13350 13349/13349
f 13349/13349 13350/13350 13352/13352 13351/13351
f 13351/13351 13352/13352 13354/13354 13353/13353
f 13353/13353 13354/13354 13356/13356 13355/13355
f 13355/13355 13356/13356 13358/13358 13357/13357
f 13357/13357 13358/13358 13360/13360 13359/13359
f 13359/13359 13360/13360 13362/13362 13361/13361
f 13361/13361 13362/13362 13364/13364 13363/13363
f 13363/13363 13364/13364 13366/13366 13365/13365
f 13365/13365 13366/13366 13368/13368 13367/13367
f 13367/13367 13368/13368 13370/13370 13369/13369
f 13369/13369 13370/13370 13372/13372 13371/13371
f 13371/13371 13372/13372 13374/13374 13373/13373
f 13373/13373 13374/13374 13376/13376 13375/13375
f 13377/13377 13378/13378 13380/13380 13379/13379
f 13379/13379 13380/13380 13382/13382 13381/13381
f 13381/13381 13382/13382 13384/13384 13383/13383
f 13383/13383 13384/13384 13386/13386 13385/13385
f 13385/13385 13386/13386 13388/13388 13387/13387
f 13387/13387 13388/13388 13390/13390 13389/13389
f 13389/13389 13390/13390 13392/13392 13391/13391
f 13391/13391 13392/13392 13394/13394 13393/13393
f 13393/13393 13394/13394 13396/13396 13395/13395
f 13395/13395 13396/13396 13398/13398 13397/13397
f 13397/13397 13398/13398 13400/13400 13399/13399
f 13399/13399 13400/13400 13402/13402 13401/13401
f 13401/13401 13402/13402 13404/13404 13403/13403
f 13403/13403 13404/13404 13406/13406 13405/13405
f 13405/13405 13406/13406 13408/13408 13407/13407
f 13409/13409 13410/13410 13412/13412 13411/13411
f 13411/13411 13412/13412 13414/13414 13413/13413
f 13413/13413 13414/13414 13416/13416 13415/13415
f 13415/13415 13416/13416 13418/13418 13417/13417
f 13417/13417 13418/13418 13420/13420 13419/13419
f 13419/13419 13420/13420 13422/13422 13421/13421
f 13421/13421 13422/13422 13424/13424 13423/13423
f 13423/13423 13424/13424 13426/13426 13425/13425
f 13425/13425 13426/13426 13428/13428 13427/13427
f 13427/13427 13428/13428 13430/13430 13429/13429
f 13429/13429 13430/13430 13432/13432 13431/13431
f 13431/13431 13432/13432 13434/13434 13433/13433
f 13433/13433 13434/13434 13436/13436 13435/13435
f 13435/13435 13436/13436 13438/13438 13437/13437
f 13437/13437 13438/13438 13440/13440 13439/13439
