# Generated by tools/make_hair_styles.py -- do not edit by hand.
# Cornrows: 2148 vertices, 2112 faces.
g cornrows
v -0.566056 7.987438 1.287967
v -0.513939 7.967510 1.308995
v -0.474309 7.945976 1.271740
v -0.486797 7.944368 1.213456
v -0.538915 7.964296 1.192427
v -0.578544 7.985831 1.229683
v -0.548364 8.028513 1.283044
v -0.493284 8.016650 1.302562
v -0.453654 7.995116 1.265306
v -0.469105 7.985443 1.208532
v -0.524186 7.997306 1.189014
v -0.563815 8.018841 1.226270
v -0.546236 8.070899 1.258394
v -0.489740 8.073106 1.277336
v -0.447283 8.051169 1.243596
v -0.461322 8.027024 1.190913
v -0.517819 8.024817 1.171971
v -0.560276 8.046754 1.205711
v -0.523164 8.125420 1.246043
v -0.463849 8.125998 1.252128
v -0.430747 8.097263 1.213388
v -0.456959 8.067950 1.168563
v -0.516274 8.067372 1.162479
v -0.549376 8.096107 1.201219
v -0.522522 8.169286 1.213351
v -0.463182 8.171265 1.218867
v -0.429923 8.139563 1.182659
v -0.456004 8.105882 1.140934
v -0.515344 8.103903 1.135418
v -0.548603 8.135605 1.171626
v -0.521113 8.204219 1.184679
v -0.461687 8.207964 1.187864
v -0.428934 8.176505 1.150989
v -0.455605 8.141301 1.110928
v -0.515031 8.137557 1.107742
v -0.547785 8.169015 1.144618
v -0.522501 8.238617 1.154101
v -0.463108 8.243405 1.156366
v -0.430354 8.211946 1.119491
v -0.456993 8.175699 1.080350
v -0.516386 8.170910 1.078084
v -0.549140 8.202369 1.114959
v -0.521439 8.287350 1.101023
v -0.462124 8.289043 1.106890
v -0.429425 8.249002 1.079510
v -0.456041 8.207267 1.046263
v -0.515356 8.205574 1.040395
v -0.548055 8.245616 1.067775
v -0.519587 8.313765 1.064605
v -0.460161 8.317093 1.068214
v -0.427462 8.277051 1.040834
v -0.454188 8.233682 1.009845
v -0.513614 8.230354 1.006235
v -0.546314 8.270396 1.033615
v -0.524646 8.337176 1.021224
v -0.465537 8.344041 1.025043
v -0.430382 8.304383 1.000271
v -0.454336 8.257861 0.971680
v -0.513445 8.250996 0.967861
v -0.548600 8.290654 0.992633
v -0.525766 8.359984 0.983121
v -0.466693 8.367767 0.985421
v -0.431538 8.328110 0.960649
v -0.455456 8.280669 0.933577
v -0.514530 8.272886 0.931277
v -0.549685 8.312544 0.956050
v -0.525582 8.390553 0.922872
v -0.466571 8.396346 0.929170
v -0.431658 8.351637 0.914869
v -0.455757 8.301135 0.894270
v -0.514769 8.295342 0.887971
v -0.549681 8.340050 0.902273
v -0.523277 8.405222 0.882639
v -0.464141 8.411984 0.886216
v -0.429229 8.367275 0.871914
v -0.453452 8.315805 0.854036
v -0.512588 8.309044 0.850459
v -0.547500 8.353752 0.864761
v -0.523794 8.418000 0.841431
v -0.464664 8.425660 0.842183
v -0.429752 8.380951 0.827882
v -0.453970 8.328583 0.812828
v -0.513099 8.320923 0.812076
v -0.548012 8.365631 0.826377
v -0.525410 8.429734 0.800801
v -0.466302 8.437592 0.800883
v -0.431390 8.392884 0.786581
v -0.455586 8.340317 0.772199
v -0.514694 8.332459 0.772117
v -0.549607 8.377168 0.786419
v -0.536192 8.434758 0.752772
v -0.478065 8.447793 0.755393
v -0.438732 8.405762 0.744973
v -0.457527 8.350696 0.731931
v -0.515655 8.337661 0.729311
v -0.554987 8.379693 0.739731
v -0.536937 8.443872 0.713202
v -0.478837 8.457234 0.714397
v -0.439504 8.415203 0.703976
v -0.458272 8.359809 0.692361
v -0.516372 8.346447 0.691167
v -0.555704 8.388478 0.701588
v -0.535949 8.454282 0.643118
v -0.478070 8.466970 0.649803
v -0.439378 8.423269 0.653716
v -0.458564 8.366879 0.650946
v -0.516442 8.354191 0.644261
v -0.555134 8.397893 0.640347
v -0.531998 8.454265 0.603873
v -0.473828 8.466919 0.607292
v -0.435135 8.423218 0.611206
v -0.454613 8.366862 0.611700
v -0.512783 8.354208 0.608281
v -0.551475 8.397910 0.604367
v -0.538854 8.445208 0.569549
v -0.481776 8.462313 0.567287
v -0.439608 8.421780 0.568346
v -0.454517 8.364141 0.571666
v -0.511595 8.347036 0.573927
v -0.553763 8.387569 0.572869
v -0.540734 8.442223 0.530169
v -0.483740 8.459186 0.525755
v -0.441572 8.418652 0.526814
v -0.456398 8.361156 0.532286
v -0.513392 8.344194 0.536700
v -0.555560 8.384727 0.535641
v -0.542997 8.438863 0.491656
v -0.486036 8.455776 0.486664
v -0.443868 8.415242 0.487723
v -0.458661 8.357796 0.493773
v -0.515622 8.340883 0.498766
v -0.557790 8.381417 0.497707
v -0.545395 8.435381 0.453811
v -0.488448 8.452273 0.448588
v -0.446280 8.411739 0.449647
v -0.461058 8.354313 0.455928
v -0.518005 8.337421 0.461150
v -0.560173 8.377955 0.460092
v -0.547829 8.431870 0.416356
v -0.490887 8.448754 0.411045
v -0.448719 8.408220 0.412103
v -0.463493 8.350803 0.418473
v -0.520434 8.333919 0.423784
v -0.562602 8.374453 0.422726
v -0.550285 8.428339 0.379000
v -0.493348 8.445217 0.373621
v -0.451180 8.404683 0.374680
v -0.465949 8.347272 0.381117
v -0.522886 8.330395 0.386496
v -0.565054 8.370929 0.385437
v -0.552793 8.424750 0.341459
v -0.495869 8.441608 0.335887
v -0.453701 8.401074 0.336946
v -0.468457 8.343682 0.343576
v -0.525381 8.326824 0.349147
v -0.567549 8.367357 0.348089
v -0.553095 8.409729 0.268712
v -0.496535 8.428605 0.269107
v -0.454065 8.391664 0.285041
v -0.468155 8.335847 0.300580
v -0.524715 8.316971 0.300185
v -0.567186 8.353912 0.284251
v -0.549773 8.397846 0.232309
v -0.492899 8.415426 0.228864
v -0.450429 8.378485 0.244798
v -0.464833 8.323964 0.264177
v -0.521707 8.306384 0.267623
v -0.564177 8.343325 0.251689
v -0.549225 8.383076 0.196604
v -0.492256 8.399093 0.189285
v -0.449786 8.362152 0.205219
v -0.464285 8.309194 0.228472
v -0.521253 8.293176 0.235792
v -0.563723 8.330117 0.219858
v -0.550159 8.366853 0.161483
v -0.493234 8.381949 0.152145
v -0.450764 8.345008 0.168079
v -0.465219 8.292971 0.193351
v -0.522143 8.277874 0.202690
v -0.564614 8.314815 0.186756
v -0.551886 8.349851 0.126672
v -0.495012 8.364423 0.116251
v -0.452542 8.327482 0.132185
v -0.466946 8.275969 0.158540
v -0.523820 8.261398 0.168961
v -0.566290 8.298339 0.153027
v -0.554070 8.332329 0.091869
v -0.497235 8.346583 0.080815
v -0.454764 8.309642 0.096749
v -0.469129 8.258447 0.123737
v -0.525964 8.244194 0.134790
v -0.568434 8.281135 0.118856
v -0.556568 8.314327 0.056790
v -0.499796 8.328137 0.044880
v -0.457326 8.291196 0.060814
v -0.471627 8.240445 0.088658
v -0.528398 8.226634 0.100569
v -0.570869 8.263575 0.084635
v -0.563899 8.289173 0.020450
v -0.508040 8.305356 0.007280
v -0.463605 8.270964 0.023557
v -0.475029 8.220388 0.053005
v -0.530888 8.204205 0.066175
v -0.575323 8.238597 0.049897
v -0.566561 8.268850 -0.015223
v -0.510739 8.284750 -0.028888
v -0.466305 8.250358 -0.012610
v -0.477691 8.200065 0.017332
v -0.533512 8.184165 0.030998
v -0.577947 8.218558 0.014720
v -0.559729 8.221370 -0.079337
v -0.503649 8.239595 -0.088198
v -0.460059 8.213418 -0.059268
v -0.472549 8.169018 -0.021477
v -0.528628 8.150793 -0.012616
v -0.572218 8.176969 -0.041546
v -0.542763 8.195306 -0.123146
v -0.484347 8.205885 -0.128738
v -0.446657 8.178014 -0.093740
v -0.467381 8.139564 -0.053150
v -0.525797 8.128984 -0.047557
v -0.563487 8.156855 -0.082555
v -0.541560 8.162807 -0.150322
v -0.482975 8.169946 -0.158836
v -0.445285 8.142075 -0.123838
v -0.466178 8.107065 -0.080326
v -0.524762 8.099926 -0.071812
v -0.562453 8.127797 -0.106810
v -0.542412 8.129077 -0.176266
v -0.483859 8.134359 -0.186225
v -0.446168 8.106488 -0.151228
v -0.467031 8.073335 -0.106270
v -0.525584 8.068053 -0.096310
v -0.563274 8.095925 -0.131308
v -0.544168 8.094607 -0.201825
v -0.485656 8.099042 -0.212416
v -0.447965 8.071171 -0.177418
v -0.468787 8.038864 -0.131830
v -0.527300 8.034429 -0.121239
v -0.564990 8.062300 -0.156237
v -0.546397 8.059387 -0.227473
v -0.487896 8.063631 -0.238203
v -0.450205 8.035760 -0.203205
v -0.471016 8.003644 -0.157477
v -0.529517 7.999400 -0.146747
v -0.567208 8.027271 -0.181745
v -0.538631 7.986789 -0.274251
v -0.479886 7.995872 -0.278951
v -0.445010 7.981904 -0.234108
v -0.468880 7.958854 -0.184566
v -0.527625 7.949771 -0.179866
v -0.562501 7.963739 -0.224708
v -0.534623 7.945072 -0.290362
v -0.475533 7.950083 -0.296598
v -0.440658 7.936115 -0.251756
v -0.464872 7.917137 -0.200677
v -0.523962 7.912126 -0.194441
v -0.558837 7.926094 -0.239283
v -0.534569 7.902141 -0.303777
v -0.475420 7.903460 -0.311209
v -0.440545 7.889492 -0.266366
v -0.464819 7.874205 -0.214091
v -0.523968 7.872885 -0.206659
v -0.558843 7.886853 -0.251502
v -0.535947 7.858714 -0.316232
v -0.476848 7.858328 -0.324156
v -0.441973 7.844360 -0.279314
v -0.466196 7.830778 -0.226547
v -0.525295 7.831165 -0.218623
v -0.560170 7.845133 -0.263465
v -0.543982 7.815988 -0.323721
v -0.485402 7.815680 -0.334848
v -0.448151 7.801243 -0.292114
v -0.469480 7.787113 -0.238254
v -0.528060 7.787421 -0.227126
v -0.565311 7.801859 -0.269860
v -0.539242 7.740234 -0.344076
v -0.480274 7.745293 -0.351339
v -0.445309 7.743252 -0.304483
v -0.469312 7.736152 -0.250362
v -0.528280 7.731092 -0.243099
v -0.563245 7.733134 -0.289955
v -0.536336 7.693121 -0.348296
v -0.477217 7.695143 -0.355805
v -0.442252 7.693102 -0.308949
v -0.466406 7.689039 -0.254583
v -0.525525 7.687017 -0.247074
v -0.560490 7.689058 -0.293931
v -0.536766 7.645696 -0.350041
v -0.477679 7.643388 -0.357715
v -0.442714 7.641347 -0.310859
v -0.466836 7.641614 -0.256328
v -0.525924 7.643922 -0.248654
v -0.560889 7.645964 -0.295511
v -0.562515 7.588426 -0.322919
v -0.507413 7.584875 -0.345431
v -0.461465 7.586763 -0.309272
v -0.470618 7.592203 -0.250602
v -0.525720 7.595755 -0.228090
v -0.571668 7.593866 -0.264249
v -0.563561 7.537544 -0.318385
v -0.508309 7.533215 -0.340384
v -0.462606 7.536402 -0.304006
v -0.472156 7.543918 -0.245629
v -0.527409 7.548248 -0.223630
v -0.573111 7.545060 -0.260008
v -0.563234 7.487472 -0.313916
v -0.507505 7.482197 -0.334460
v -0.462654 7.486206 -0.297116
v -0.473532 7.495491 -0.239228
v -0.529261 7.500766 -0.218684
v -0.574111 7.496757 -0.256028
v -0.565579 7.438956 -0.305890
v -0.509892 7.432734 -0.326282
v -0.465041 7.436744 -0.288939
v -0.475877 7.446975 -0.231202
v -0.531564 7.453197 -0.210810
v -0.576415 7.449188 -0.248154
v -0.563498 7.368301 -0.297014
v -0.506868 7.365894 -0.315527
v -0.463828 7.378370 -0.277922
v -0.477419 7.393253 -0.221803
v -0.534049 7.395660 -0.203289
v -0.577089 7.383184 -0.240895
v -0.561469 7.318793 -0.282912
v -0.504762 7.313868 -0.300678
v -0.461722 7.326343 -0.263072
v -0.475390 7.343744 -0.207701
v -0.532096 7.348669 -0.189935
v -0.575136 7.336194 -0.227540
v -0.562866 7.267880 -0.263224
v -0.506410 7.260286 -0.280847
v -0.462851 7.273587 -0.244131
v -0.475750 7.294482 -0.189793
v -0.532206 7.302075 -0.172171
v -0.575764 7.288774 -0.208886
v -0.562057 7.211312 -0.242780
v -0.505170 7.203853 -0.259022
v -0.462513 7.220318 -0.222532
v -0.476743 7.244242 -0.169799
v -0.533630 7.251701 -0.153557
v -0.576287 7.235236 -0.190048
v -0.562761 7.162795 -0.220066
v -0.505903 7.153520 -0.235455
v -0.463246 7.169985 -0.198964
v -0.477447 7.195724 -0.147085
v -0.534304 7.204998 -0.131697
v -0.576961 7.188533 -0.168187
v -0.565076 7.114347 -0.195499
v -0.508209 7.108594 -0.212488
v -0.465552 7.125058 -0.175998
v -0.479762 7.147276 -0.122518
v -0.536629 7.153029 -0.105530
v -0.579286 7.136564 -0.142020
v -0.560169 7.080009 -0.185734
v -0.503657 7.080970 -0.204734
v -0.461228 7.096989 -0.167782
v -0.475311 7.112046 -0.111831
v -0.531823 7.111085 -0.092832
v -0.574252 7.095066 -0.129783
v -0.326970 8.049587 1.440236
v -0.271070 8.028835 1.440567
v -0.251076 7.999496 1.394073
v -0.286983 7.990908 1.347248
v -0.342883 8.011660 1.346918
v -0.362876 8.040999 1.393412
v -0.314648 8.082534 1.424745
v -0.256493 8.069931 1.420902
v -0.236499 8.040592 1.374408
v -0.274660 8.023855 1.331757
v -0.332815 8.036457 1.335599
v -0.352809 8.065797 1.382093
v -0.311371 8.130570 1.395645
v -0.252650 8.124252 1.387431
v -0.233217 8.094177 1.341170
v -0.272505 8.070419 1.303123
v -0.331226 8.076737 1.311337
v -0.350659 8.106812 1.357598
v -0.311167 8.185826 1.355158
v -0.252433 8.178674 1.347758
v -0.232938 8.143355 1.305393
v -0.272177 8.115188 1.270429
v -0.330911 8.122339 1.277830
v -0.350406 8.157658 1.320194
v -0.311787 8.227125 1.320644
v -0.252998 8.221372 1.312500
v -0.233205 8.186515 1.269892
v -0.272201 8.157411 1.235427
v -0.330990 8.163164 1.243571
v -0.350783 8.198020 1.286179
v -0.311979 8.275053 1.276851
v -0.253201 8.268038 1.269672
v -0.233495 8.229166 1.230647
v -0.272567 8.197310 1.198801
v -0.331344 8.204325 1.205980
v -0.351050 8.243197 1.245005
v -0.311128 8.313901 1.238065
v -0.252462 8.306794 1.230107
v -0.233324 8.267186 1.191543
v -0.272853 8.234685 1.160937
v -0.331519 8.241792 1.168894
v -0.350657 8.281400 1.207458
v -0.309376 8.360447 1.184972
v -0.250901 8.350313 1.179179
v -0.232690 8.304771 1.147296
v -0.272953 8.269364 1.121205
v -0.331428 8.279497 1.126998
v -0.349640 8.325039 1.158881
v -0.308704 8.390230 1.142814
v -0.250219 8.380797 1.136026
v -0.232007 8.335256 1.104143
v -0.272281 8.299146 1.079048
v -0.330766 8.308579 1.085836
v -0.348978 8.354121 1.117719
v -0.309661 8.419422 1.100570
v -0.251183 8.410391 1.093205
v -0.232971 8.364849 1.061321
v -0.273238 8.328339 1.036803
v -0.331717 8.337370 1.044168
v -0.349928 8.382912 1.076052
v -0.319666 8.447856 1.052107
v -0.260450 8.442013 1.048258
v -0.237931 8.396233 1.019635
v -0.274628 8.356294 0.994861
v -0.333845 8.362137 0.998709
v -0.356364 8.407917 1.027332
v -0.317571 8.485073 0.984676
v -0.258596 8.476306 0.985483
v -0.237037 8.424600 0.968634
v -0.274453 8.381659 0.950979
v -0.333428 8.390425 0.950172
v -0.354987 8.442132 0.967021
v -0.315056 8.501005 0.939002
v -0.255982 8.493029 0.937509
v -0.234423 8.441322 0.920660
v -0.271938 8.397591 0.905304
v -0.331011 8.405567 0.906798
v -0.352570 8.457274 0.923647
v -0.315731 8.516080 0.891874
v -0.256658 8.508775 0.888322
v -0.235099 8.457068 0.871473
v -0.272613 8.412667 0.858176
v -0.331686 8.419972 0.861728
v -0.353245 8.471679 0.878577
v -0.317005 8.530566 0.845787
v -0.257941 8.523376 0.841871
v -0.236382 8.471670 0.825022
v -0.273887 8.427153 0.812090
v -0.332950 8.434343 0.816006
v -0.354509 8.486050 0.832855
v -0.318287 8.544683 0.800825
v -0.259223 8.537491 0.796913
v -0.237664 8.485785 0.780064
v -0.275169 8.441270 0.767127
v -0.334233 8.448462 0.771039
v -0.355792 8.500168 0.787888
v -0.319499 8.558580 0.756625
v -0.260442 8.551461 0.752484
v -0.238883 8.499754 0.735635
v -0.276381 8.455167 0.722928
v -0.335438 8.462287 0.727069
v -0.356997 8.513994 0.743918
v -0.295883 8.580706 0.667104
v -0.239433 8.561832 0.670675
v -0.228527 8.504470 0.674275
v -0.274072 8.465983 0.674304
v -0.330521 8.484857 0.670734
v -0.341427 8.542219 0.667133
v -0.294097 8.578229 0.622225
v -0.237600 8.559264 0.624214
v -0.226694 8.501903 0.627814
v -0.272286 8.463505 0.629425
v -0.328784 8.482470 0.627435
v -0.339689 8.539832 0.623835
v -0.294496 8.575213 0.575385
v -0.237996 8.556163 0.576001
v -0.227091 8.498801 0.579601
v -0.272685 8.460490 0.582586
v -0.329186 8.479540 0.581970
v -0.340091 8.536902 0.578370
v -0.295112 8.572232 0.529746
v -0.238613 8.553174 0.530240
v -0.227708 8.495812 0.533840
v -0.273301 8.457508 0.536946
v -0.329800 8.476566 0.536452
v -0.340705 8.533928 0.532852
v -0.295694 8.569326 0.485205
v -0.239195 8.550269 0.485726
v -0.228289 8.492908 0.489327
v -0.273883 8.454602 0.492405
v -0.330382 8.473659 0.491883
v -0.341288 8.531020 0.488283
v -0.296239 8.566470 0.441357
v -0.239739 8.547416 0.441904
v -0.228834 8.490054 0.445504
v -0.274428 8.451747 0.448557
v -0.330927 8.470801 0.448010
v -0.341833 8.528163 0.444410
v -0.296766 8.563637 0.397819
v -0.240269 8.544570 0.398172
v -0.229364 8.487208 0.401772
v -0.274955 8.448914 0.405019
v -0.331452 8.467981 0.404666
v -0.342357 8.525343 0.401066
v -0.306235 8.559440 0.357888
v -0.248594 8.544190 0.357179
v -0.233852 8.487613 0.359184
v -0.276752 8.446287 0.361899
v -0.334393 8.461538 0.362609
v -0.349134 8.518114 0.360603
v -0.307166 8.557637 0.313882
v -0.249522 8.542394 0.313352
v -0.234780 8.485818 0.315357
v -0.277683 8.444484 0.317893
v -0.335328 8.459727 0.318423
v -0.350070 8.516304 0.316417
v -0.301352 8.532669 0.221504
v -0.244174 8.518402 0.230598
v -0.230949 8.466589 0.254321
v -0.274902 8.429043 0.268950
v -0.332080 8.443310 0.259856
v -0.345305 8.495123 0.236133
v -0.300874 8.514226 0.180957
v -0.243645 8.498973 0.187870
v -0.230420 8.447160 0.211592
v -0.274424 8.410600 0.228402
v -0.331653 8.425852 0.221489
v -0.344878 8.477665 0.197766
v -0.303614 8.494547 0.140137
v -0.246106 8.479971 0.146132
v -0.231887 8.428533 0.170094
v -0.275176 8.391671 0.188062
v -0.332684 8.406248 0.182067
v -0.346903 8.457686 0.158105
v -0.304292 8.475708 0.100099
v -0.246786 8.461083 0.105989
v -0.232567 8.409644 0.129952
v -0.275855 8.372832 0.148023
v -0.333361 8.387457 0.142133
v -0.347580 8.438896 0.118171
v -0.304997 8.456834 0.060001
v -0.247491 8.442197 0.065867
v -0.233273 8.390759 0.089829
v -0.276560 8.353957 0.107925
v -0.334065 8.368594 0.102058
v -0.348284 8.420032 0.078096
v -0.305727 8.437779 0.019530
v -0.248221 8.423130 0.025369
v -0.234003 8.371691 0.049331
v -0.277289 8.334903 0.067454
v -0.334794 8.349553 0.061615
v -0.349013 8.400991 0.037653
v -0.306502 8.418397 -0.021617
v -0.248997 8.403726 -0.015823
v -0.234779 8.352288 0.008139
v -0.278064 8.315520 0.026307
v -0.335569 8.330191 0.020513
v -0.349788 8.381629 -0.003449
v -0.307347 8.398536 -0.063750
v -0.249843 8.383845 -0.057998
v -0.235625 8.332407 -0.034036
v -0.278909 8.295660 -0.015826
v -0.336413 8.310351 -0.021577
v -0.350632 8.361789 -0.045539
v -0.303909 8.339466 -0.145269
v -0.246708 8.330163 -0.131229
v -0.233337 8.291378 -0.089525
v -0.277167 8.261895 -0.061862
v -0.334368 8.271197 -0.075902
v -0.347739 8.309983 -0.117605
v -0.302461 8.305058 -0.177733
v -0.245191 8.294106 -0.165249
v -0.231821 8.255321 -0.123546
v -0.275719 8.227487 -0.094326
v -0.332988 8.238439 -0.106810
v -0.346359 8.277224 -0.148514
v -0.303054 8.270318 -0.209852
v -0.245788 8.258472 -0.198199
v -0.232417 8.219687 -0.156495
v -0.276313 8.192747 -0.126445
v -0.333579 8.204593 -0.138099
v -0.346950 8.243379 -0.179802
v -0.303774 8.235282 -0.242206
v -0.246509 8.223370 -0.230613
v -0.233139 8.184585 -0.188910
v -0.277033 8.157711 -0.158799
v -0.334298 8.169622 -0.170392
v -0.347669 8.208408 -0.212095
v -0.304544 8.199676 -0.275073
v -0.247280 8.187730 -0.263513
v -0.233909 8.148944 -0.221809
v -0.277803 8.122105 -0.191667
v -0.335067 8.134052 -0.203227
v -0.348438 8.172837 -0.244930
v -0.305382 8.163229 -0.308702
v -0.248113 8.151579 -0.296867
v -0.234742 8.112794 -0.255164
v -0.278640 8.085658 -0.225295
v -0.335910 8.097307 -0.237130
v -0.349281 8.136093 -0.278834
v -0.293573 8.081958 -0.367036
v -0.237873 8.075822 -0.346652
v -0.229127 8.053209 -0.293414
v -0.276080 8.036731 -0.260558
v -0.331779 8.042867 -0.280941
v -0.340526 8.065481 -0.334180
v -0.292237 8.035111 -0.387153
v -0.236488 8.026516 -0.367823
v -0.227741 8.003903 -0.314584
v -0.274744 7.989885 -0.280675
v -0.330493 7.998480 -0.300006
v -0.339240 8.021093 -0.353245
v -0.326424 7.982108 -0.398130
v -0.267139 7.978231 -0.393055
v -0.243849 7.958168 -0.343282
v -0.279845 7.941982 -0.298585
v -0.339131 7.945859 -0.303660
v -0.362420 7.965922 -0.353433
v -0.327777 7.934418 -0.416720
v -0.268488 7.930657 -0.411600
v -0.245199 7.910594 -0.361827
v -0.281198 7.894292 -0.317175
v -0.340487 7.898053 -0.322295
v -0.363777 7.918116 -0.372068
v -0.329292 7.885938 -0.435554
v -0.270003 7.882177 -0.430433
v -0.246714 7.862114 -0.380660
v -0.282713 7.845812 -0.336008
v -0.342002 7.849572 -0.341128
v -0.365292 7.869635 -0.390901
v -0.324958 7.799294 -0.460513
v -0.265946 7.801700 -0.452308
v -0.244233 7.796097 -0.398276
v -0.281533 7.788088 -0.352449
v -0.340546 7.785682 -0.360654
v -0.362258 7.791285 -0.414686
v -0.320997 7.745261 -0.467370
v -0.262005 7.745234 -0.458680
v -0.241007 7.739948 -0.404335
v -0.279001 7.734690 -0.358680
v -0.337993 7.734718 -0.367370
v -0.358991 7.740003 -0.421715
v -0.321822 7.691892 -0.472243
v -0.262835 7.689955 -0.463736
v -0.241837 7.684670 -0.409391
v -0.279826 7.681320 -0.363552
v -0.338813 7.683257 -0.372059
v -0.359811 7.688543 -0.426404
v -0.323135 7.637932 -0.476984
v -0.264152 7.635805 -0.468494
v -0.243154 7.630519 -0.414149
v -0.281139 7.627361 -0.368293
v -0.340122 7.629488 -0.376783
v -0.361119 7.634773 -0.431128
v -0.319719 7.563153 -0.478773
v -0.260943 7.564089 -0.468771
v -0.241235 7.566805 -0.413758
v -0.280303 7.568586 -0.368746
v -0.339080 7.567651 -0.378748
v -0.358787 7.564934 -0.433762
v -0.325167 7.510168 -0.474751
v -0.266063 7.509085 -0.466937
v -0.244258 7.510589 -0.412674
v -0.281558 7.513175 -0.366223
v -0.340662 7.514258 -0.374037
v -0.362467 7.512755 -0.428301
v -0.326812 7.453660 -0.472524
v -0.267716 7.452264 -0.464699
v -0.245911 7.453768 -0.410435
v -0.283203 7.456667 -0.363997
v -0.342299 7.458062 -0.371822
v -0.364104 7.456558 -0.426086
v -0.327124 7.384678 -0.467711
v -0.268054 7.384296 -0.459571
v -0.246501 7.390095 -0.405496
v -0.284016 7.396275 -0.359562
v -0.343085 7.396656 -0.367702
v -0.364639 7.390858 -0.421776
v -0.340846 7.315148 -0.453115
v -0.281266 7.315177 -0.450708
v -0.254618 7.324872 -0.399541
v -0.287550 7.334538 -0.350780
v -0.347130 7.334509 -0.353187
v -0.373778 7.324814 -0.404354
v -0.341178 7.255034 -0.441552
v -0.281605 7.254470 -0.439029
v -0.254957 7.264165 -0.387861
v -0.287882 7.274424 -0.339217
v -0.347454 7.274989 -0.341740
v -0.374102 7.265294 -0.392908
v -0.337925 7.173432 -0.416443
v -0.278389 7.175734 -0.414046
v -0.252335 7.194165 -0.365019
v -0.285816 7.210295 -0.318388
v -0.345352 7.207993 -0.320785
v -0.371406 7.189562 -0.369813
v -0.333267 7.111324 -0.394979
v -0.273867 7.113088 -0.390076
v -0.249732 7.132951 -0.340627
v -0.284997 7.151050 -0.296081
v -0.344397 7.149286 -0.300984
v -0.368532 7.129423 -0.350433
v -0.333905 7.049539 -0.369029
v -0.274526 7.050747 -0.363722
v -0.250517 7.071828 -0.314718
v -0.285889 7.091701 -0.271020
v -0.345268 7.090493 -0.276326
v -0.369277 7.069412 -0.325331
v -0.335535 6.990008 -0.342620
v -0.276339 6.987865 -0.335782
v -0.252331 7.008946 -0.286778
v -0.287519 7.032170 -0.244612
v -0.346715 7.034313 -0.251449
v -0.370723 7.013232 -0.300454
v -0.357976 6.956782 -0.315015
v -0.299319 6.946220 -0.313188
v -0.268534 6.963265 -0.266454
v -0.296406 6.990870 -0.221548
v -0.355063 7.001432 -0.223374
v -0.385848 6.984388 -0.270108
v -0.113185 8.077875 1.494511
v -0.057870 8.060284 1.480861
v -0.049043 8.027993 1.432886
v -0.095532 8.013292 1.398561
v -0.150848 8.030882 1.412211
v -0.159674 8.063174 1.460186
v -0.109001 8.104171 1.477581
v -0.053306 8.089907 1.461762
v -0.044480 8.057615 1.413787
v -0.091348 8.039588 1.381631
v -0.147042 8.053852 1.397450
v -0.155868 8.086144 1.445425
v -0.108784 8.152410 1.445460
v -0.052891 8.140723 1.428286
v -0.043752 8.108681 1.380202
v -0.090505 8.088326 1.349293
v -0.146398 8.100013 1.366468
v -0.155537 8.132055 1.414552
v -0.109924 8.212183 1.402669
v -0.053896 8.198307 1.387707
v -0.044364 8.160572 1.344033
v -0.090860 8.136712 1.315321
v -0.146888 8.150588 1.330282
v -0.156420 8.188324 1.373956
v -0.115902 8.251480 1.370863
v -0.058921 8.241222 1.356598
v -0.046514 8.206624 1.311087
v -0.091087 8.182283 1.279841
v -0.148068 8.192540 1.294107
v -0.160476 8.227139 1.339617
v -0.111818 8.314138 1.316105
v -0.055519 8.298835 1.303786
v -0.045217 8.254659 1.266845
v -0.091213 8.225787 1.242223
v -0.147513 8.241091 1.254541
v -0.157815 8.285266 1.291482
v -0.102344 8.351695 1.273240
v -0.047676 8.333419 1.257975
v -0.041724 8.288399 1.221097
v -0.090439 8.261654 1.199485
v -0.145107 8.279929 1.214750
v -0.151059 8.324950 1.251627
v -0.102049 8.393284 1.218289
v -0.047464 8.373114 1.205282
v -0.041712 8.324362 1.173463
v -0.090546 8.295780 1.154651
v -0.145132 8.315950 1.167659
v -0.150883 8.364702 1.199477
v -0.102012 8.423563 1.171902
v -0.047427 8.403555 1.158647
v -0.041676 8.354803 1.126828
v -0.090509 8.326060 1.108264
v -0.145095 8.346068 1.121519
v -0.150846 8.394820 1.153338
v -0.102395 8.453338 1.126213
v -0.047810 8.433442 1.112786
v -0.042059 8.384691 1.080967
v -0.090892 8.355834 1.062576
v -0.145476 8.375730 1.076003
v -0.151227 8.424482 1.107822
v -0.102774 8.482201 1.081922
v -0.048190 8.462286 1.068523
v -0.042439 8.413535 1.036704
v -0.091272 8.384697 1.018285
v -0.145856 8.404611 1.031684
v -0.151607 8.453363 1.063503
v -0.104234 8.525005 1.005254
v -0.049442 8.502100 0.999891
v -0.043144 8.446298 0.983499
v -0.091638 8.413401 0.972469
v -0.146430 8.436305 0.977832
v -0.152728 8.492107 0.994224
v -0.103041 8.539167 0.957501
v -0.048233 8.516523 0.951257
v -0.041935 8.460721 0.934865
v -0.090444 8.427563 0.924716
v -0.145251 8.450207 0.930960
v -0.151549 8.506009 0.947352
v -0.101932 8.554021 0.907882
v -0.047411 8.531013 0.900559
v -0.041811 8.475225 0.883866
v -0.090732 8.442446 0.874497
v -0.145254 8.465454 0.881820
v -0.150853 8.521242 0.898513
v -0.102309 8.568554 0.859185
v -0.047788 8.545531 0.851909
v -0.042188 8.489744 0.835217
v -0.091110 8.456979 0.825801
v -0.145631 8.480001 0.833077
v -0.151231 8.535788 0.849769
v -0.102645 8.582677 0.811871
v -0.048123 8.559647 0.804621
v -0.042523 8.503859 0.787929
v -0.091445 8.471102 0.778486
v -0.145967 8.494132 0.785737
v -0.151567 8.549919 0.802429
v -0.102954 8.596534 0.765457
v -0.048432 8.573499 0.758222
v -0.042833 8.517712 0.741529
v -0.091755 8.484959 0.732072
v -0.146276 8.507993 0.739307
v -0.151876 8.563781 0.755999
v -0.102387 8.611633 0.676486
v -0.047969 8.587359 0.678714
v -0.042589 8.529167 0.681355
v -0.091629 8.495248 0.681770
v -0.146048 8.519522 0.679542
v -0.151427 8.577714 0.676900
v -0.101552 8.609577 0.629494
v -0.047122 8.585268 0.630920
v -0.041743 8.527076 0.633562
v -0.090793 8.493192 0.634777
v -0.145223 8.517501 0.633351
v -0.150602 8.575693 0.630709
v -0.101795 8.607343 0.580790
v -0.047365 8.583006 0.581594
v -0.041986 8.524814 0.584236
v -0.091037 8.490958 0.586073
v -0.145467 8.515295 0.585269
v -0.150846 8.573488 0.582627
v -0.102106 8.605160 0.533341
v -0.047675 8.580823 0.534149
v -0.042296 8.522631 0.536791
v -0.091347 8.488776 0.538625
v -0.145778 8.513112 0.537817
v -0.151157 8.571305 0.535175
v -0.105078 8.602819 0.488141
v -0.050143 8.579634 0.488599
v -0.043528 8.521547 0.490677
v -0.091847 8.486644 0.492296
v -0.146782 8.509829 0.491838
v -0.153397 8.567916 0.489760
v -0.105460 8.601137 0.442331
v -0.050526 8.577951 0.442753
v -0.043911 8.519863 0.444830
v -0.092229 8.484962 0.446486
v -0.147164 8.508148 0.446064
v -0.153779 8.566236 0.443987
v -0.105790 8.599467 0.396687
v -0.050856 8.576282 0.397137
v -0.044240 8.518195 0.399214
v -0.092560 8.483292 0.400842
v -0.147494 8.506477 0.400392
v -0.154110 8.564565 0.398315
v -0.106125 8.597790 0.350835
v -0.051190 8.574607 0.351369
v -0.044574 8.516520 0.353446
v -0.092894 8.481614 0.354989
v -0.147829 8.504797 0.354455
v -0.154444 8.562884 0.352378
v -0.102599 8.583609 0.254449
v -0.048331 8.561580 0.265637
v -0.043290 8.508170 0.288965
v -0.092518 8.476789 0.301105
v -0.146787 8.498818 0.289917
v -0.151828 8.552228 0.266589
v -0.101484 8.565532 0.212820
v -0.047198 8.543131 0.223151
v -0.042158 8.489720 0.246479
v -0.091403 8.458712 0.259476
v -0.145689 8.481114 0.249145
v -0.150730 8.534524 0.225817
v -0.101713 8.546751 0.169868
v -0.047425 8.524040 0.179491
v -0.042385 8.470630 0.202819
v -0.091632 8.439930 0.216524
v -0.145920 8.462641 0.206901
v -0.150960 8.516051 0.183573
v -0.101970 8.528160 0.127359
v -0.047683 8.505417 0.136910
v -0.042642 8.452007 0.160238
v -0.091889 8.421339 0.174015
v -0.146176 8.444082 0.164464
v -0.151217 8.497492 0.141137
v -0.106763 8.508278 0.083235
v -0.051662 8.487414 0.092408
v -0.044628 8.434575 0.116507
v -0.092694 8.402600 0.131433
v -0.147795 8.423464 0.122260
v -0.154830 8.476303 0.098161
v -0.107039 8.488941 0.040915
v -0.051938 8.468056 0.050043
v -0.044903 8.415216 0.074142
v -0.092969 8.383262 0.089114
v -0.148070 8.404147 0.079986
v -0.155104 8.456986 0.055887
v -0.107410 8.469410 -0.001798
v -0.052310 8.448499 0.007273
v -0.045275 8.395660 0.031372
v -0.093340 8.363732 0.046401
v -0.148440 8.384643 0.037330
v -0.155475 8.437482 0.013231
v -0.107808 8.449524 -0.045283
v -0.052708 8.428602 -0.036236
v -0.045673 8.375763 -0.012137
v -0.093739 8.343846 0.002916
v -0.148838 8.364768 -0.006131
v -0.155873 8.417607 -0.030230
v -0.108244 8.429130 -0.089872
v -0.053144 8.408203 -0.080837
v -0.046110 8.355363 -0.056738
v -0.094175 8.323451 -0.041673
v -0.149275 8.344379 -0.050709
v -0.156309 8.397218 -0.074808
v -0.101794 8.360523 -0.171532
v -0.047566 8.344711 -0.152433
v -0.042642 8.305692 -0.109126
v -0.091947 8.282485 -0.084918
v -0.146175 8.298297 -0.104018
v -0.151099 8.337316 -0.147325
v -0.101785 8.323996 -0.204445
v -0.047546 8.307314 -0.186130
v -0.042622 8.268295 -0.142823
v -0.091937 8.245957 -0.117831
v -0.146176 8.262639 -0.136145
v -0.151100 8.301658 -0.179452
v -0.102046 8.287465 -0.237329
v -0.047808 8.270671 -0.219116
v -0.042884 8.231651 -0.175809
v -0.092199 8.209426 -0.150715
v -0.146437 8.226221 -0.168928
v -0.151361 8.265240 -0.212235
v -0.102481 8.250723 -0.270386
v -0.048213 8.233953 -0.252240
v -0.043219 8.194913 -0.208959
v -0.092493 8.172645 -0.183824
v -0.146761 8.189416 -0.201970
v -0.151755 8.228455 -0.245252
v -0.102772 8.213412 -0.304007
v -0.048504 8.196633 -0.285868
v -0.043510 8.157594 -0.242587
v -0.092784 8.135334 -0.217445
v -0.147052 8.152113 -0.235584
v -0.152046 8.191152 -0.278865
v -0.103085 8.175272 -0.338373
v -0.048817 8.158506 -0.320223
v -0.043823 8.119467 -0.276942
v -0.093097 8.097193 -0.251811
v -0.147365 8.113959 -0.269962
v -0.152359 8.152998 -0.313243
v -0.100663 8.090364 -0.389748
v -0.046727 8.081062 -0.366083
v -0.042498 8.058223 -0.312392
v -0.092204 8.044687 -0.282365
v -0.146140 8.053990 -0.306029
v -0.150369 8.076828 -0.359720
v -0.100415 8.042328 -0.410200
v -0.046475 8.032383 -0.386810
v -0.042246 8.009544 -0.333118
v -0.091957 7.996651 -0.302817
v -0.145897 8.006596 -0.326208
v -0.150126 8.029434 -0.379899
v -0.100654 7.994285 -0.430617
v -0.046715 7.984033 -0.407357
v -0.042486 7.961195 -0.353666
v -0.092196 7.948608 -0.323235
v -0.146135 7.958859 -0.346495
v -0.150364 7.981698 -0.400186
v -0.103107 7.946645 -0.450828
v -0.048779 7.936479 -0.428452
v -0.043642 7.913241 -0.375011
v -0.092832 7.900169 -0.343947
v -0.147160 7.910335 -0.366323
v -0.152298 7.933573 -0.419763
v -0.103468 7.897160 -0.472311
v -0.049139 7.887173 -0.449857
v -0.044001 7.863935 -0.396417
v -0.093193 7.850684 -0.365431
v -0.147522 7.860671 -0.387884
v -0.152659 7.883909 -0.441325
v -0.096875 7.806772 -0.493934
v -0.043661 7.803398 -0.467243
v -0.041047 7.794948 -0.409416
v -0.091646 7.789872 -0.378279
v -0.144860 7.793246 -0.404971
v -0.147475 7.801696 -0.462798
v -0.096874 7.752317 -0.501892
v -0.043657 7.748386 -0.475282
v -0.041042 7.739936 -0.417455
v -0.091644 7.735417 -0.386237
v -0.144861 7.739347 -0.412847
v -0.147476 7.747798 -0.470674
v -0.096121 7.697026 -0.509961
v -0.043080 7.693129 -0.482999
v -0.040844 7.684889 -0.425125
v -0.091650 7.680545 -0.394214
v -0.144691 7.684442 -0.421177
v -0.146927 7.692682 -0.479050
v -0.095089 7.621218 -0.518222
v -0.042264 7.621262 -0.490562
v -0.040489 7.621067 -0.432089
v -0.091539 7.620829 -0.401277
v -0.144364 7.620785 -0.428937
v -0.146139 7.620979 -0.487410
v -0.094998 7.563395 -0.518417
v -0.042173 7.563292 -0.490758
v -0.040398 7.563097 -0.432285
v -0.091448 7.563006 -0.401472
v -0.144273 7.563110 -0.429132
v -0.146048 7.563304 -0.487604
v -0.095115 7.505518 -0.518607
v -0.042290 7.505319 -0.490947
v -0.040515 7.505125 -0.432474
v -0.091564 7.505129 -0.401661
v -0.144389 7.505328 -0.429320
v -0.146165 7.505522 -0.487793
v -0.095186 7.446167 -0.518795
v -0.042374 7.445701 -0.491115
v -0.040622 7.445520 -0.432642
v -0.091683 7.445805 -0.401848
v -0.144496 7.446271 -0.429528
v -0.146247 7.446452 -0.488002
v -0.100044 7.370184 -0.513669
v -0.046359 7.372390 -0.487811
v -0.042709 7.377983 -0.429693
v -0.092743 7.381370 -0.397434
v -0.146428 7.379164 -0.423292
v -0.150078 7.373571 -0.481409
v -0.100198 7.307815 -0.507657
v -0.046512 7.310238 -0.481820
v -0.042861 7.315831 -0.423702
v -0.092896 7.319001 -0.391422
v -0.146582 7.316578 -0.417259
v -0.150232 7.310985 -0.475376
v -0.098130 7.207330 -0.491303
v -0.044831 7.216734 -0.466275
v -0.042032 7.236233 -0.411191
v -0.092532 7.246329 -0.381135
v -0.145831 7.236925 -0.406163
v -0.148630 7.217426 -0.461246
v -0.097648 7.144789 -0.469188
v -0.044347 7.153580 -0.443943
v -0.041548 7.173079 -0.388860
v -0.092051 7.183788 -0.359021
v -0.145352 7.174998 -0.384265
v -0.148151 7.155498 -0.439349
v -0.102839 7.086388 -0.448208
v -0.048673 7.093655 -0.424358
v -0.043913 7.111938 -0.368993
v -0.093318 7.122954 -0.337477
v -0.147485 7.115688 -0.361326
v -0.152245 7.097405 -0.416692
v -0.102476 7.001269 -0.406178
v -0.048313 7.013535 -0.384464
v -0.043567 7.041912 -0.333528
v -0.092984 7.058023 -0.304305
v -0.147147 7.045757 -0.326019
v -0.151893 7.017380 -0.376955
v -0.102608 6.942431 -0.373386
v -0.048444 6.954479 -0.351551
v -0.043698 6.982856 -0.300615
v -0.093116 6.999185 -0.271514
v -0.147279 6.987137 -0.293349
v -0.152025 6.958760 -0.344285
v 0.113185 8.077875 1.494511
v 0.159674 8.063174 1.460186
v 0.150848 8.030882 1.412211
v 0.095532 8.013292 1.398561
v 0.049043 8.027993 1.432886
v 0.057870 8.060284 1.480861
v 0.109001 8.104171 1.477581
v 0.155868 8.086144 1.445425
v 0.147042 8.053852 1.397450
v 0.091348 8.039588 1.381631
v 0.044480 8.057615 1.413787
v 0.053306 8.089907 1.461762
v 0.108784 8.152410 1.445460
v 0.155537 8.132055 1.414552
v 0.146398 8.100013 1.366468
v 0.090505 8.088326 1.349293
v 0.043752 8.108681 1.380202
v 0.052891 8.140723 1.428286
v 0.109924 8.212183 1.402669
v 0.156420 8.188324 1.373956
v 0.146888 8.150588 1.330282
v 0.090860 8.136712 1.315321
v 0.044364 8.160572 1.344033
v 0.053896 8.198307 1.387707
v 0.115902 8.251480 1.370863
v 0.160476 8.227139 1.339617
v 0.148068 8.192540 1.294107
v 0.091087 8.182283 1.279841
v 0.046514 8.206624 1.311087
v 0.058921 8.241222 1.356598
v 0.111818 8.314138 1.316105
v 0.157815 8.285266 1.291482
v 0.147513 8.241091 1.254541
v 0.091213 8.225787 1.242223
v 0.045217 8.254659 1.266845
v 0.055519 8.298835 1.303786
v 0.102344 8.351695 1.273240
v 0.151059 8.324950 1.251627
v 0.145107 8.279929 1.214750
v 0.090439 8.261654 1.199485
v 0.041724 8.288399 1.221097
v 0.047676 8.333419 1.257975
v 0.102049 8.393284 1.218289
v 0.150883 8.364702 1.199477
v 0.145132 8.315950 1.167659
v 0.090546 8.295780 1.154651
v 0.041712 8.324362 1.173463
v 0.047464 8.373114 1.205282
v 0.102012 8.423563 1.171902
v 0.150846 8.394820 1.153338
v 0.145095 8.346068 1.121519
v 0.090509 8.326060 1.108264
v 0.041676 8.354803 1.126828
v 0.047427 8.403555 1.158647
v 0.102395 8.453338 1.126213
v 0.151227 8.424482 1.107822
v 0.145476 8.375730 1.076003
v 0.090892 8.355834 1.062576
v 0.042059 8.384691 1.080967
v 0.047810 8.433442 1.112786
v 0.102774 8.482201 1.081922
v 0.151607 8.453363 1.063503
v 0.145856 8.404611 1.031684
v 0.091272 8.384697 1.018285
v 0.042439 8.413535 1.036704
v 0.048190 8.462286 1.068523
v 0.104234 8.525005 1.005254
v 0.152728 8.492107 0.994224
v 0.146430 8.436305 0.977832
v 0.091638 8.413401 0.972469
v 0.043144 8.446298 0.983499
v 0.049442 8.502100 0.999891
v 0.103041 8.539167 0.957501
v 0.151549 8.506009 0.947352
v 0.145251 8.450207 0.930960
v 0.090444 8.427563 0.924716
v 0.041935 8.460721 0.934865
v 0.048233 8.516523 0.951257
v 0.101932 8.554021 0.907882
v 0.150853 8.521242 0.898513
v 0.145254 8.465454 0.881820
v 0.090732 8.442446 0.874497
v 0.041811 8.475225 0.883866
v 0.047411 8.531013 0.900559
v 0.102309 8.568554 0.859185
v 0.151231 8.535788 0.849769
v 0.145631 8.480001 0.833077
v 0.091110 8.456979 0.825801
v 0.042188 8.489744 0.835217
v 0.047788 8.545531 0.851909
v 0.102645 8.582677 0.811871
v 0.151567 8.549919 0.802429
v 0.145967 8.494132 0.785737
v 0.091445 8.471102 0.778486
v 0.042523 8.503859 0.787929
v 0.048123 8.559647 0.804621
v 0.102954 8.596534 0.765457
v 0.151876 8.563781 0.755999
v 0.146276 8.507993 0.739307
v 0.091755 8.484959 0.732072
v 0.042833 8.517712 0.741529
v 0.048432 8.573499 0.758222
v 0.102387 8.611633 0.676486
v 0.151427 8.577714 0.676900
v 0.146048 8.519522 0.679542
v 0.091629 8.495248 0.681770
v 0.042589 8.529167 0.681355
v 0.047969 8.587359 0.678714
v 0.101552 8.609577 0.629494
v 0.150602 8.575693 0.630709
v 0.145223 8.517501 0.633351
v 0.090793 8.493192 0.634777
v 0.041743 8.527076 0.633562
v 0.047122 8.585268 0.630920
v 0.101795 8.607343 0.580790
v 0.150846 8.573488 0.582627
v 0.145467 8.515295 0.585269
v 0.091037 8.490958 0.586073
v 0.041986 8.524814 0.584236
v 0.047365 8.583006 0.581594
v 0.102106 8.605160 0.533341
v 0.151157 8.571305 0.535175
v 0.145778 8.513112 0.537817
v 0.091347 8.488776 0.538625
v 0.042296 8.522631 0.536791
v 0.047675 8.580823 0.534149
v 0.105078 8.602819 0.488141
v 0.153397 8.567916 0.489760
v 0.146782 8.509829 0.491838
v 0.091847 8.486644 0.492296
v 0.043528 8.521547 0.490677
v 0.050143 8.579634 0.488599
v 0.105460 8.601137 0.442331
v 0.153779 8.566236 0.443987
v 0.147164 8.508148 0.446064
v 0.092229 8.484962 0.446486
v 0.043911 8.519863 0.444830
v 0.050526 8.577951 0.442753
v 0.105790 8.599467 0.396687
v 0.154110 8.564565 0.398315
v 0.147494 8.506477 0.400392
v 0.092560 8.483292 0.400842
v 0.044240 8.518195 0.399214
v 0.050856 8.576282 0.397137
v 0.106125 8.597790 0.350835
v 0.154444 8.562884 0.352378
v 0.147829 8.504797 0.354455
v 0.092894 8.481614 0.354989
v 0.044574 8.516520 0.353446
v 0.051190 8.574607 0.351369
v 0.102599 8.583609 0.254449
v 0.151828 8.552228 0.266589
v 0.146787 8.498818 0.289917
v 0.092518 8.476789 0.301105
v 0.043290 8.508170 0.288965
v 0.048331 8.561580 0.265637
v 0.101484 8.565532 0.212820
v 0.150730 8.534524 0.225817
v 0.145689 8.481114 0.249145
v 0.091403 8.458712 0.259476
v 0.042158 8.489720 0.246479
v 0.047198 8.543131 0.223151
v 0.101713 8.546751 0.169868
v 0.150960 8.516051 0.183573
v 0.145920 8.462641 0.206901
v 0.091632 8.439930 0.216524
v 0.042385 8.470630 0.202819
v 0.047425 8.524040 0.179491
v 0.101970 8.528160 0.127359
v 0.151217 8.497492 0.141137
v 0.146176 8.444082 0.164464
v 0.091889 8.421339 0.174015
v 0.042642 8.452007 0.160238
v 0.047683 8.505417 0.136910
v 0.106763 8.508278 0.083235
v 0.154830 8.476303 0.098161
v 0.147795 8.423464 0.122260
v 0.092694 8.402600 0.131433
v 0.044628 8.434575 0.116507
v 0.051662 8.487414 0.092408
v 0.107039 8.488941 0.040915
v 0.155104 8.456986 0.055887
v 0.148070 8.404147 0.079986
v 0.092969 8.383262 0.089114
v 0.044903 8.415216 0.074142
v 0.051938 8.468056 0.050043
v 0.107410 8.469410 -0.001798
v 0.155475 8.437482 0.013231
v 0.148440 8.384643 0.037330
v 0.093340 8.363732 0.046401
v 0.045275 8.395660 0.031372
v 0.052310 8.448499 0.007273
v 0.107808 8.449524 -0.045283
v 0.155873 8.417607 -0.030230
v 0.148838 8.364768 -0.006131
v 0.093739 8.343846 0.002916
v 0.045673 8.375763 -0.012137
v 0.052708 8.428602 -0.036236
v 0.108244 8.429130 -0.089872
v 0.156309 8.397218 -0.074808
v 0.149275 8.344379 -0.050709
v 0.094175 8.323451 -0.041673
v 0.046110 8.355363 -0.056738
v 0.053144 8.408203 -0.080837
v 0.101794 8.360523 -0.171532
v 0.151099 8.337316 -0.147325
v 0.146175 8.298297 -0.104018
v 0.091947 8.282485 -0.084918
v 0.042642 8.305692 -0.109126
v 0.047566 8.344711 -0.152433
v 0.101785 8.323996 -0.204445
v 0.151100 8.301658 -0.179452
v 0.146176 8.262639 -0.136145
v 0.091937 8.245957 -0.117831
v 0.042622 8.268295 -0.142823
v 0.047546 8.307314 -0.186130
v 0.102046 8.287465 -0.237329
v 0.151361 8.265240 -0.212235
v 0.146437 8.226221 -0.168928
v 0.092199 8.209426 -0.150715
v 0.042884 8.231651 -0.175809
v 0.047808 8.270671 -0.219116
v 0.102481 8.250723 -0.270386
v 0.151755 8.228455 -0.245252
v 0.146761 8.189416 -0.201970
v 0.092493 8.172645 -0.183824
v 0.043219 8.194913 -0.208959
v 0.048213 8.233953 -0.252240
v 0.102772 8.213412 -0.304007
v 0.152046 8.191152 -0.278865
v 0.147052 8.152113 -0.235584
v 0.092784 8.135334 -0.217445
v 0.043510 8.157594 -0.242587
v 0.048504 8.196633 -0.285868
v 0.103085 8.175272 -0.338373
v 0.152359 8.152998 -0.313243
v 0.147365 8.113959 -0.269962
v 0.093097 8.097193 -0.251811
v 0.043823 8.119467 -0.276942
v 0.048817 8.158506 -0.320223
v 0.100663 8.090364 -0.389748
v 0.150369 8.076828 -0.359720
v 0.146140 8.053990 -0.306029
v 0.092204 8.044687 -0.282365
v 0.042498 8.058223 -0.312392
v 0.046727 8.081062 -0.366083
v 0.100415 8.042328 -0.410200
v 0.150126 8.029434 -0.379899
v 0.145897 8.006596 -0.326208
v 0.091957 7.996651 -0.302817
v 0.042246 8.009544 -0.333118
v 0.046475 8.032383 -0.386810
v 0.100654 7.994285 -0.430617
v 0.150364 7.981698 -0.400186
v 0.146135 7.958859 -0.346495
v 0.092196 7.948608 -0.323235
v 0.042486 7.961195 -0.353666
v 0.046715 7.984033 -0.407357
v 0.103107 7.946645 -0.450828
v 0.152298 7.933573 -0.419763
v 0.147160 7.910335 -0.366323
v 0.092832 7.900169 -0.343947
v 0.043642 7.913241 -0.375011
v 0.048779 7.936479 -0.428452
v 0.103468 7.897160 -0.472311
v 0.152659 7.883909 -0.441325
v 0.147522 7.860671 -0.387884
v 0.093193 7.850684 -0.365431
v 0.044001 7.863935 -0.396417
v 0.049139 7.887173 -0.449857
v 0.096875 7.806772 -0.493934
v 0.147475 7.801696 -0.462798
v 0.144860 7.793246 -0.404971
v 0.091646 7.789872 -0.378279
v 0.041047 7.794948 -0.409416
v 0.043661 7.803398 -0.467243
v 0.096874 7.752317 -0.501892
v 0.147476 7.747798 -0.470674
v 0.144861 7.739347 -0.412847
v 0.091644 7.735417 -0.386237
v 0.041042 7.739936 -0.417455
v 0.043657 7.748386 -0.475282
v 0.096121 7.697026 -0.509961
v 0.146927 7.692682 -0.479050
v 0.144691 7.684442 -0.421177
v 0.091650 7.680545 -0.394214
v 0.040844 7.684889 -0.425125
v 0.043080 7.693129 -0.482999
v 0.095089 7.621218 -0.518222
v 0.146139 7.620979 -0.487410
v 0.144364 7.620785 -0.428937
v 0.091539 7.620829 -0.401277
v 0.040489 7.621067 -0.432089
v 0.042264 7.621262 -0.490562
v 0.094998 7.563395 -0.518417
v 0.146048 7.563304 -0.487604
v 0.144273 7.563110 -0.429132
v 0.091448 7.563006 -0.401472
v 0.040398 7.563097 -0.432285
v 0.042173 7.563292 -0.490758
v 0.095115 7.505518 -0.518607
v 0.146165 7.505522 -0.487793
v 0.144389 7.505328 -0.429320
v 0.091564 7.505129 -0.401661
v 0.040515 7.505125 -0.432474
v 0.042290 7.505319 -0.490947
v 0.095186 7.446167 -0.518795
v 0.146247 7.446452 -0.488002
v 0.144496 7.446271 -0.429528
v 0.091683 7.445805 -0.401848
v 0.040622 7.445520 -0.432642
v 0.042374 7.445701 -0.491115
v 0.100044 7.370184 -0.513669
v 0.150078 7.373571 -0.481409
v 0.146428 7.379164 -0.423292
v 0.092743 7.381370 -0.397434
v 0.042709 7.377983 -0.429693
v 0.046359 7.372390 -0.487811
v 0.100198 7.307815 -0.507657
v 0.150232 7.310985 -0.475376
v 0.146582 7.316578 -0.417259
v 0.092896 7.319001 -0.391422
v 0.042861 7.315831 -0.423702
v 0.046512 7.310238 -0.481820
v 0.098130 7.207330 -0.491303
v 0.148630 7.217426 -0.461246
v 0.145831 7.236925 -0.406163
v 0.092532 7.246329 -0.381135
v 0.042032 7.236233 -0.411191
v 0.044831 7.216734 -0.466275
v 0.097648 7.144789 -0.469188
v 0.148151 7.155498 -0.439349
v 0.145352 7.174998 -0.384265
v 0.092051 7.183788 -0.359021
v 0.041548 7.173079 -0.388860
v 0.044347 7.153580 -0.443943
v 0.102839 7.086388 -0.448208
v 0.152245 7.097405 -0.416692
v 0.147485 7.115688 -0.361326
v 0.093318 7.122954 -0.337477
v 0.043913 7.111938 -0.368993
v 0.048673 7.093655 -0.424358
v 0.102476 7.001269 -0.406178
v 0.151893 7.017380 -0.376955
v 0.147147 7.045757 -0.326019
v 0.092984 7.058023 -0.304305
v 0.043567 7.041912 -0.333528
v 0.048313 7.013535 -0.384464
v 0.102608 6.942431 -0.373386
v 0.152025 6.958760 -0.344285
v 0.147279 6.987137 -0.293349
v 0.093116 6.999185 -0.271514
v 0.043698 6.982856 -0.300615
v 0.048444 6.954479 -0.351551
v 0.326970 8.049587 1.440236
v 0.362876 8.040999 1.393412
v 0.342883 8.011660 1.346918
v 0.286983 7.990908 1.347248
v 0.251076 7.999496 1.394073
v 0.271070 8.028835 1.440567
v 0.314648 8.082534 1.424745
v 0.352809 8.065797 1.382093
v 0.332815 8.036457 1.335599
v 0.274660 8.023855 1.331757
v 0.236499 8.040592 1.374408
v 0.256493 8.069931 1.420902
v 0.311371 8.130570 1.395645
v 0.350659 8.106812 1.357598
v 0.331226 8.076737 1.311337
v 0.272505 8.070419 1.303123
v 0.233217 8.094177 1.341170
v 0.252650 8.124252 1.387431
v 0.311167 8.185826 1.355158
v 0.350406 8.157658 1.320194
v 0.330911 8.122339 1.277830
v 0.272177 8.115188 1.270429
v 0.232938 8.143355 1.305393
v 0.252433 8.178674 1.347758
v 0.311787 8.227125 1.320644
v 0.350783 8.198020 1.286179
v 0.330990 8.163164 1.243571
v 0.272201 8.157411 1.235427
v 0.233205 8.186515 1.269892
v 0.252998 8.221372 1.312500
v 0.311979 8.275053 1.276851
v 0.351050 8.243197 1.245005
v 0.331344 8.204325 1.205980
v 0.272567 8.197310 1.198801
v 0.233495 8.229166 1.230647
v 0.253201 8.268038 1.269672
v 0.311128 8.313901 1.238065
v 0.350657 8.281400 1.207458
v 0.331519 8.241792 1.168894
v 0.272853 8.234685 1.160937
v 0.233324 8.267186 1.191543
v 0.252462 8.306794 1.230107
v 0.309376 8.360447 1.184972
v 0.349640 8.325039 1.158881
v 0.331428 8.279497 1.126998
v 0.272953 8.269364 1.121205
v 0.232690 8.304771 1.147296
v 0.250901 8.350313 1.179179
v 0.308704 8.390230 1.142814
v 0.348978 8.354121 1.117719
v 0.330766 8.308579 1.085836
v 0.272281 8.299146 1.079048
v 0.232007 8.335256 1.104143
v 0.250219 8.380797 1.136026
v 0.309661 8.419422 1.100570
v 0.349928 8.382912 1.076052
v 0.331717 8.337370 1.044168
v 0.273238 8.328339 1.036803
v 0.232971 8.364849 1.061321
v 0.251183 8.410391 1.093205
v 0.319666 8.447856 1.052107
v 0.356364 8.407917 1.027332
v 0.333845 8.362137 0.998709
v 0.274628 8.356294 0.994861
v 0.237931 8.396233 1.019635
v 0.260450 8.442013 1.048258
v 0.317571 8.485073 0.984676
v 0.354987 8.442132 0.967021
v 0.333428 8.390425 0.950172
v 0.274453 8.381659 0.950979
v 0.237037 8.424600 0.968634
v 0.258596 8.476306 0.985483
v 0.315056 8.501005 0.939002
v 0.352570 8.457274 0.923647
v 0.331011 8.405567 0.906798
v 0.271938 8.397591 0.905304
v 0.234423 8.441322 0.920660
v 0.255982 8.493029 0.937509
v 0.315731 8.516080 0.891874
v 0.353245 8.471679 0.878577
v 0.331686 8.419972 0.861728
v 0.272613 8.412667 0.858176
v 0.235099 8.457068 0.871473
v 0.256658 8.508775 0.888322
v 0.317005 8.530566 0.845787
v 0.354509 8.486050 0.832855
v 0.332950 8.434343 0.816006
v 0.273887 8.427153 0.812090
v 0.236382 8.471670 0.825022
v 0.257941 8.523376 0.841871
v 0.318287 8.544683 0.800825
v 0.355792 8.500168 0.787888
v 0.334233 8.448462 0.771039
v 0.275169 8.441270 0.767127
v 0.237664 8.485785 0.780064
v 0.259223 8.537491 0.796913
v 0.319499 8.558580 0.756625
v 0.356997 8.513994 0.743918
v 0.335438 8.462287 0.727069
v 0.276381 8.455167 0.722928
v 0.238883 8.499754 0.735635
v 0.260442 8.551461 0.752484
v 0.295883 8.580706 0.667104
v 0.341427 8.542219 0.667133
v 0.330521 8.484857 0.670734
v 0.274072 8.465983 0.674304
v 0.228527 8.504470 0.674275
v 0.239433 8.561832 0.670675
v 0.294097 8.578229 0.622225
v 0.339689 8.539832 0.623835
v 0.328784 8.482470 0.627435
v 0.272286 8.463505 0.629425
v 0.226694 8.501903 0.627814
v 0.237600 8.559264 0.624214
v 0.294496 8.575213 0.575385
v 0.340091 8.536902 0.578370
v 0.329186 8.479540 0.581970
v 0.272685 8.460490 0.582586
v 0.227091 8.498801 0.579601
v 0.237996 8.556163 0.576001
v 0.295112 8.572232 0.529746
v 0.340705 8.533928 0.532852
v 0.329800 8.476566 0.536452
v 0.273301 8.457508 0.536946
v 0.227708 8.495812 0.533840
v 0.238613 8.553174 0.530240
v 0.295694 8.569326 0.485205
v 0.341288 8.531020 0.488283
v 0.330382 8.473659 0.491883
v 0.273883 8.454602 0.492405
v 0.228289 8.492908 0.489327
v 0.239195 8.550269 0.485726
v 0.296239 8.566470 0.441357
v 0.341833 8.528163 0.444410
v 0.330927 8.470801 0.448010
v 0.274428 8.451747 0.448557
v 0.228834 8.490054 0.445504
v 0.239739 8.547416 0.441904
v 0.296766 8.563637 0.397819
v 0.342357 8.525343 0.401066
v 0.331452 8.467981 0.404666
v 0.274955 8.448914 0.405019
v 0.229364 8.487208 0.401772
v 0.240269 8.544570 0.398172
v 0.306235 8.559440 0.357888
v 0.349134 8.518114 0.360603
v 0.334393 8.461538 0.362609
v 0.276752 8.446287 0.361899
v 0.233852 8.487613 0.359184
v 0.248594 8.544190 0.357179
v 0.307166 8.557637 0.313882
v 0.350070 8.516304 0.316417
v 0.335328 8.459727 0.318423
v 0.277683 8.444484 0.317893
v 0.234780 8.485818 0.315357
v 0.249522 8.542394 0.313352
v 0.301352 8.532669 0.221504
v 0.345305 8.495123 0.236133
v 0.332080 8.443310 0.259856
v 0.274902 8.429043 0.268950
v 0.230949 8.466589 0.254321
v 0.244174 8.518402 0.230598
v 0.300874 8.514226 0.180957
v 0.344878 8.477665 0.197766
v 0.331653 8.425852 0.221489
v 0.274424 8.410600 0.228402
v 0.230420 8.447160 0.211592
v 0.243645 8.498973 0.187870
v 0.303614 8.494547 0.140137
v 0.346903 8.457686 0.158105
v 0.332684 8.406248 0.182067
v 0.275176 8.391671 0.188062
v 0.231887 8.428533 0.170094
v 0.246106 8.479971 0.146132
v 0.304292 8.475708 0.100099
v 0.347580 8.438896 0.118171
v 0.333361 8.387457 0.142133
v 0.275855 8.372832 0.148023
v 0.232567 8.409644 0.129952
v 0.246786 8.461083 0.105989
v 0.304997 8.456834 0.060001
v 0.348284 8.420032 0.078096
v 0.334065 8.368594 0.102058
v 0.276560 8.353957 0.107925
v 0.233273 8.390759 0.089829
v 0.247491 8.442197 0.065867
v 0.305727 8.437779 0.019530
v 0.349013 8.400991 0.037653
v 0.334794 8.349553 0.061615
v 0.277289 8.334903 0.067454
v 0.234003 8.371691 0.049331
v 0.248221 8.423130 0.025369
v 0.306502 8.418397 -0.021617
v 0.349788 8.381629 -0.003449
v 0.335569 8.330191 0.020513
v 0.278064 8.315520 0.026307
v 0.234779 8.352288 0.008139
v 0.248997 8.403726 -0.015823
v 0.307347 8.398536 -0.063750
v 0.350632 8.361789 -0.045539
v 0.336413 8.310351 -0.021577
v 0.278909 8.295660 -0.015826
v 0.235625 8.332407 -0.034036
v 0.249843 8.383845 -0.057998
v 0.303909 8.339466 -0.145269
v 0.347739 8.309983 -0.117605
v 0.334368 8.271197 -0.075902
v 0.277167 8.261895 -0.061862
v 0.233337 8.291378 -0.089525
v 0.246708 8.330163 -0.131229
v 0.302461 8.305058 -0.177733
v 0.346359 8.277224 -0.148514
v 0.332988 8.238439 -0.106810
v 0.275719 8.227487 -0.094326
v 0.231821 8.255321 -0.123546
v 0.245191 8.294106 -0.165249
v 0.303054 8.270318 -0.209852
v 0.346950 8.243379 -0.179802
v 0.333579 8.204593 -0.138099
v 0.276313 8.192747 -0.126445
v 0.232417 8.219687 -0.156495
v 0.245788 8.258472 -0.198199
v 0.303774 8.235282 -0.242206
v 0.347669 8.208408 -0.212095
v 0.334298 8.169622 -0.170392
v 0.277033 8.157711 -0.158799
v 0.233139 8.184585 -0.188910
v 0.246509 8.223370 -0.230613
v 0.304544 8.199676 -0.275073
v 0.348438 8.172837 -0.244930
v 0.335067 8.134052 -0.203227
v 0.277803 8.122105 -0.191667
v 0.233909 8.148944 -0.221809
v 0.247280 8.187730 -0.263513
v 0.305382 8.163229 -0.308702
v 0.349281 8.136093 -0.278834
v 0.335910 8.097307 -0.237130
v 0.278640 8.085658 -0.225295
v 0.234742 8.112794 -0.255164
v 0.248113 8.151579 -0.296867
v 0.293573 8.081958 -0.367036
v 0.340526 8.065481 -0.334180
v 0.331779 8.042867 -0.280941
v 0.276080 8.036731 -0.260558
v 0.229127 8.053209 -0.293414
v 0.237873 8.075822 -0.346652
v 0.292237 8.035111 -0.387153
v 0.339240 8.021093 -0.353245
v 0.330493 7.998480 -0.300006
v 0.274744 7.989885 -0.280675
v 0.227741 8.003903 -0.314584
v 0.236488 8.026516 -0.367823
v 0.326424 7.982108 -0.398130
v 0.362420 7.965922 -0.353433
v 0.339131 7.945859 -0.303660
v 0.279845 7.941982 -0.298585
v 0.243849 7.958168 -0.343282
v 0.267139 7.978231 -0.393055
v 0.327777 7.934418 -0.416720
v 0.363777 7.918116 -0.372068
v 0.340487 7.898053 -0.322295
v 0.281198 7.894292 -0.317175
v 0.245199 7.910594 -0.361827
v 0.268488 7.930657 -0.411600
v 0.329292 7.885938 -0.435554
v 0.365292 7.869635 -0.390901
v 0.342002 7.849572 -0.341128
v 0.282713 7.845812 -0.336008
v 0.246714 7.862114 -0.380660
v 0.270003 7.882177 -0.430433
v 0.324958 7.799294 -0.460513
v 0.362258 7.791285 -0.414686
v 0.340546 7.785682 -0.360654
v 0.281533 7.788088 -0.352449
v 0.244233 7.796097 -0.398276
v 0.265946 7.801700 -0.452308
v 0.320997 7.745261 -0.467370
v 0.358991 7.740003 -0.421715
v 0.337993 7.734718 -0.367370
v 0.279001 7.734690 -0.358680
v 0.241007 7.739948 -0.404335
v 0.262005 7.745234 -0.458680
v 0.321822 7.691892 -0.472243
v 0.359811 7.688543 -0.426404
v 0.338813 7.683257 -0.372059
v 0.279826 7.681320 -0.363552
v 0.241837 7.684670 -0.409391
v 0.262835 7.689955 -0.463736
v 0.323135 7.637932 -0.476984
v 0.361119 7.634773 -0.431128
v 0.340122 7.629488 -0.376783
v 0.281139 7.627361 -0.368293
v 0.243154 7.630519 -0.414149
v 0.264152 7.635805 -0.468494
v 0.319719 7.563153 -0.478773
v 0.358787 7.564934 -0.433762
v 0.339080 7.567651 -0.378748
v 0.280303 7.568586 -0.368746
v 0.241235 7.566805 -0.413758
v 0.260943 7.564089 -0.468771
v 0.325167 7.510168 -0.474751
v 0.362467 7.512755 -0.428301
v 0.340662 7.514258 -0.374037
v 0.281558 7.513175 -0.366223
v 0.244258 7.510589 -0.412674
v 0.266063 7.509085 -0.466937
v 0.326812 7.453660 -0.472524
v 0.364104 7.456558 -0.426086
v 0.342299 7.458062 -0.371822
v 0.283203 7.456667 -0.363997
v 0.245911 7.453768 -0.410435
v 0.267716 7.452264 -0.464699
v 0.327124 7.384678 -0.467711
v 0.364639 7.390858 -0.421776
v 0.343085 7.396656 -0.367702
v 0.284016 7.396275 -0.359562
v 0.246501 7.390095 -0.405496
v 0.268054 7.384296 -0.459571
v 0.340846 7.315148 -0.453115
v 0.373778 7.324814 -0.404354
v 0.347130 7.334509 -0.353187
v 0.287550 7.334538 -0.350780
v 0.254618 7.324872 -0.399541
v 0.281266 7.315177 -0.450708
v 0.341178 7.255034 -0.441552
v 0.374102 7.265294 -0.392908
v 0.347454 7.274989 -0.341740
v 0.287882 7.274424 -0.339217
v 0.254957 7.264165 -0.387861
v 0.281605 7.254470 -0.439029
v 0.337925 7.173432 -0.416443
v 0.371406 7.189562 -0.369813
v 0.345352 7.207993 -0.320785
v 0.285816 7.210295 -0.318388
v 0.252335 7.194165 -0.365019
v 0.278389 7.175734 -0.414046
v 0.333267 7.111324 -0.394979
v 0.368532 7.129423 -0.350433
v 0.344397 7.149286 -0.300984
v 0.284997 7.151050 -0.296081
v 0.249732 7.132951 -0.340627
v 0.273867 7.113088 -0.390076
v 0.333905 7.049539 -0.369029
v 0.369277 7.069412 -0.325331
v 0.345268 7.090493 -0.276326
v 0.285889 7.091701 -0.271020
v 0.250517 7.071828 -0.314718
v 0.274526 7.050747 -0.363722
v 0.335535 6.990008 -0.342620
v 0.370723 7.013232 -0.300454
v 0.346715 7.034313 -0.251449
v 0.287519 7.032170 -0.244612
v 0.252331 7.008946 -0.286778
v 0.276339 6.987865 -0.335782
v 0.357976 6.956782 -0.315015
v 0.385848 6.984388 -0.270108
v 0.355063 7.001432 -0.223374
v 0.296406 6.990870 -0.221548
v 0.268534 6.963265 -0.266454
v 0.299319 6.946220 -0.313188
v 0.566056 7.987438 1.287967
v 0.578544 7.985831 1.229683
v 0.538915 7.964296 1.192427
v 0.486797 7.944368 1.213456
v 0.474309 7.945976 1.271740
v 0.513939 7.967510 1.308995
v 0.548364 8.028513 1.283044
v 0.563815 8.018841 1.226270
v 0.524186 7.997306 1.189014
v 0.469105 7.985443 1.208532
v 0.453654 7.995116 1.265306
v 0.493284 8.016650 1.302562
v 0.546236 8.070899 1.258394
v 0.560276 8.046754 1.205711
v 0.517819 8.024817 1.171971
v 0.461322 8.027024 1.190913
v 0.447283 8.051169 1.243596
v 0.489740 8.073106 1.277336
v 0.523164 8.125420 1.246043
v 0.549376 8.096107 1.201219
v 0.516274 8.067372 1.162479
v 0.456959 8.067950 1.168563
v 0.430747 8.097263 1.213388
v 0.463849 8.125998 1.252128
v 0.522522 8.169286 1.213351
v 0.548603 8.135605 1.171626
v 0.515344 8.103903 1.135418
v 0.456004 8.105882 1.140934
v 0.429923 8.139563 1.182659
v 0.463182 8.171265 1.218867
v 0.521113 8.204219 1.184679
v 0.547785 8.169015 1.144618
v 0.515031 8.137557 1.107742
v 0.455605 8.141301 1.110928
v 0.428934 8.176505 1.150989
v 0.461687 8.207964 1.187864
v 0.522501 8.238617 1.154101
v 0.549140 8.202369 1.114959
v 0.516386 8.170910 1.078084
v 0.456993 8.175699 1.080350
v 0.430354 8.211946 1.119491
v 0.463108 8.243405 1.156366
v 0.521439 8.287350 1.101023
v 0.548055 8.245616 1.067775
v 0.515356 8.205574 1.040395
v 0.456041 8.207267 1.046263
v 0.429425 8.249002 1.079510
v 0.462124 8.289043 1.106890
v 0.519587 8.313765 1.064605
v 0.546314 8.270396 1.033615
v 0.513614 8.230354 1.006235
v 0.454188 8.233682 1.009845
v 0.427462 8.277051 1.040834
v 0.460161 8.317093 1.068214
v 0.524646 8.337176 1.021224
v 0.548600 8.290654 0.992633
v 0.513445 8.250996 0.967861
v 0.454336 8.257861 0.971680
v 0.430382 8.304383 1.000271
v 0.465537 8.344041 1.025043
v 0.525766 8.359984 0.983121
v 0.549685 8.312544 0.956050
v 0.514530 8.272886 0.931277
v 0.455456 8.280669 0.933577
v 0.431538 8.328110 0.960649
v 0.466693 8.367767 0.985421
v 0.525582 8.390553 0.922872
v 0.549681 8.340050 0.902273
v 0.514769 8.295342 0.887971
v 0.455757 8.301135 0.894270
v 0.431658 8.351637 0.914869
v 0.466571 8.396346 0.929170
v 0.523277 8.405222 0.882639
v 0.547500 8.353752 0.864761
v 0.512588 8.309044 0.850459
v 0.453452 8.315805 0.854036
v 0.429229 8.367275 0.871914
v 0.464141 8.411984 0.886216
v 0.523794 8.418000 0.841431
v 0.548012 8.365631 0.826377
v 0.513099 8.320923 0.812076
v 0.453970 8.328583 0.812828
v 0.429752 8.380951 0.827882
v 0.464664 8.425660 0.842183
v 0.525410 8.429734 0.800801
v 0.549607 8.377168 0.786419
v 0.514694 8.332459 0.772117
v 0.455586 8.340317 0.772199
v 0.431390 8.392884 0.786581
v 0.466302 8.437592 0.800883
v 0.536192 8.434758 0.752772
v 0.554987 8.379693 0.739731
v 0.515655 8.337661 0.729311
v 0.457527 8.350696 0.731931
v 0.438732 8.405762 0.744973
v 0.478065 8.447793 0.755393
v 0.536937 8.443872 0.713202
v 0.555704 8.388478 0.701588
v 0.516372 8.346447 0.691167
v 0.458272 8.359809 0.692361
v 0.439504 8.415203 0.703976
v 0.478837 8.457234 0.714397
v 0.535949 8.454282 0.643118
v 0.555134 8.397893 0.640347
v 0.516442 8.354191 0.644261
v 0.458564 8.366879 0.650946
v 0.439378 8.423269 0.653716
v 0.478070 8.466970 0.649803
v 0.531998 8.454265 0.603873
v 0.551475 8.397910 0.604367
v 0.512783 8.354208 0.608281
v 0.454613 8.366862 0.611700
v 0.435135 8.423218 0.611206
v 0.473828 8.466919 0.607292
v 0.538854 8.445208 0.569549
v 0.553763 8.387569 0.572869
v 0.511595 8.347036 0.573927
v 0.454517 8.364141 0.571666
v 0.439608 8.421780 0.568346
v 0.481776 8.462313 0.567287
v 0.540734 8.442223 0.530169
v 0.555560 8.384727 0.535641
v 0.513392 8.344194 0.536700
v 0.456398 8.361156 0.532286
v 0.441572 8.418652 0.526814
v 0.483740 8.459186 0.525755
v 0.542997 8.438863 0.491656
v 0.557790 8.381417 0.497707
v 0.515622 8.340883 0.498766
v 0.458661 8.357796 0.493773
v 0.443868 8.415242 0.487723
v 0.486036 8.455776 0.486664
v 0.545395 8.435381 0.453811
v 0.560173 8.377955 0.460092
v 0.518005 8.337421 0.461150
v 0.461058 8.354313 0.455928
v 0.446280 8.411739 0.449647
v 0.488448 8.452273 0.448588
v 0.547829 8.431870 0.416356
v 0.562602 8.374453 0.422726
v 0.520434 8.333919 0.423784
v 0.463493 8.350803 0.418473
v 0.448719 8.408220 0.412103
v 0.490887 8.448754 0.411045
v 0.550285 8.428339 0.379000
v 0.565054 8.370929 0.385437
v 0.522886 8.330395 0.386496
v 0.465949 8.347272 0.381117
v 0.451180 8.404683 0.374680
v 0.493348 8.445217 0.373621
v 0.552793 8.424750 0.341459
v 0.567549 8.367357 0.348089
v 0.525381 8.326824 0.349147
v 0.468457 8.343682 0.343576
v 0.453701 8.401074 0.336946
v 0.495869 8.441608 0.335887
v 0.553095 8.409729 0.268712
v 0.567186 8.353912 0.284251
v 0.524715 8.316971 0.300185
v 0.468155 8.335847 0.300580
v 0.454065 8.391664 0.285041
v 0.496535 8.428605 0.269107
v 0.549773 8.397846 0.232309
v 0.564177 8.343325 0.251689
v 0.521707 8.306384 0.267623
v 0.464833 8.323964 0.264177
v 0.450429 8.378485 0.244798
v 0.492899 8.415426 0.228864
v 0.549225 8.383076 0.196604
v 0.563723 8.330117 0.219858
v 0.521253 8.293176 0.235792
v 0.464285 8.309194 0.228472
v 0.449786 8.362152 0.205219
v 0.492256 8.399093 0.189285
v 0.550159 8.366853 0.161483
v 0.564614 8.314815 0.186756
v 0.522143 8.277874 0.202690
v 0.465219 8.292971 0.193351
v 0.450764 8.345008 0.168079
v 0.493234 8.381949 0.152145
v 0.551886 8.349851 0.126672
v 0.566290 8.298339 0.153027
v 0.523820 8.261398 0.168961
v 0.466946 8.275969 0.158540
v 0.452542 8.327482 0.132185
v 0.495012 8.364423 0.116251
v 0.554070 8.332329 0.091869
v 0.568434 8.281135 0.118856
v 0.525964 8.244194 0.134790
v 0.469129 8.258447 0.123737
v 0.454764 8.309642 0.096749
v 0.497235 8.346583 0.080815
v 0.556568 8.314327 0.056790
v 0.570869 8.263575 0.084635
v 0.528398 8.226634 0.100569
v 0.471627 8.240445 0.088658
v 0.457326 8.291196 0.060814
v 0.499796 8.328137 0.044880
v 0.563899 8.289173 0.020450
v 0.575323 8.238597 0.049897
v 0.530888 8.204205 0.066175
v 0.475029 8.220388 0.053005
v 0.463605 8.270964 0.023557
v 0.508040 8.305356 0.007280
v 0.566561 8.268850 -0.015223
v 0.577947 8.218558 0.014720
v 0.533512 8.184165 0.030998
v 0.477691 8.200065 0.017332
v 0.466305 8.250358 -0.012610
v 0.510739 8.284750 -0.028888
v 0.559729 8.221370 -0.079337
v 0.572218 8.176969 -0.041546
v 0.528628 8.150793 -0.012616
v 0.472549 8.169018 -0.021477
v 0.460059 8.213418 -0.059268
v 0.503649 8.239595 -0.088198
v 0.542763 8.195306 -0.123146
v 0.563487 8.156855 -0.082555
v 0.525797 8.128984 -0.047557
v 0.467381 8.139564 -0.053150
v 0.446657 8.178014 -0.093740
v 0.484347 8.205885 -0.128738
v 0.541560 8.162807 -0.150322
v 0.562453 8.127797 -0.106810
v 0.524762 8.099926 -0.071812
v 0.466178 8.107065 -0.080326
v 0.445285 8.142075 -0.123838
v 0.482975 8.169946 -0.158836
v 0.542412 8.129077 -0.176266
v 0.563274 8.095925 -0.131308
v 0.525584 8.068053 -0.096310
v 0.467031 8.073335 -0.106270
v 0.446168 8.106488 -0.151228
v 0.483859 8.134359 -0.186225
v 0.544168 8.094607 -0.201825
v 0.564990 8.062300 -0.156237
v 0.527300 8.034429 -0.121239
v 0.468787 8.038864 -0.131830
v 0.447965 8.071171 -0.177418
v 0.485656 8.099042 -0.212416
v 0.546397 8.059387 -0.227473
v 0.567208 8.027271 -0.181745
v 0.529517 7.999400 -0.146747
v 0.471016 8.003644 -0.157477
v 0.450205 8.035760 -0.203205
v 0.487896 8.063631 -0.238203
v 0.538631 7.986789 -0.274251
v 0.562501 7.963739 -0.224708
v 0.527625 7.949771 -0.179866
v 0.468880 7.958854 -0.184566
v 0.445010 7.981904 -0.234108
v 0.479886 7.995872 -0.278951
v 0.534623 7.945072 -0.290362
v 0.558837 7.926094 -0.239283
v 0.523962 7.912126 -0.194441
v 0.464872 7.917137 -0.200677
v 0.440658 7.936115 -0.251756
v 0.475533 7.950083 -0.296598
v 0.534569 7.902141 -0.303777
v 0.558843 7.886853 -0.251502
v 0.523968 7.872885 -0.206659
v 0.464819 7.874205 -0.214091
v 0.440545 7.889492 -0.266366
v 0.475420 7.903460 -0.311209
v 0.535947 7.858714 -0.316232
v 0.560170 7.845133 -0.263465
v 0.525295 7.831165 -0.218623
v 0.466196 7.830778 -0.226547
v 0.441973 7.844360 -0.279314
v 0.476848 7.858328 -0.324156
v 0.543982 7.815988 -0.323721
v 0.565311 7.801859 -0.269860
v 0.528060 7.787421 -0.227126
v 0.469480 7.787113 -0.238254
v 0.448151 7.801243 -0.292114
v 0.485402 7.815680 -0.334848
v 0.539242 7.740234 -0.344076
v 0.563245 7.733134 -0.289955
v 0.528280 7.731092 -0.243099
v 0.469312 7.736152 -0.250362
v 0.445309 7.743252 -0.304483
v 0.480274 7.745293 -0.351339
v 0.536336 7.693121 -0.348296
v 0.560490 7.689058 -0.293931
v 0.525525 7.687017 -0.247074
v 0.466406 7.689039 -0.254583
v 0.442252 7.693102 -0.308949
v 0.477217 7.695143 -0.355805
v 0.536766 7.645696 -0.350041
v 0.560889 7.645964 -0.295511
v 0.525924 7.643922 -0.248654
v 0.466836 7.641614 -0.256328
v 0.442714 7.641347 -0.310859
v 0.477679 7.643388 -0.357715
v 0.562515 7.588426 -0.322919
v 0.571668 7.593866 -0.264249
v 0.525720 7.595755 -0.228090
v 0.470618 7.592203 -0.250602
v 0.461465 7.586763 -0.309272
v 0.507413 7.584875 -0.345431
v 0.563561 7.537544 -0.318385
v 0.573111 7.545060 -0.260008
v 0.527409 7.548248 -0.223630
v 0.472156 7.543918 -0.245629
v 0.462606 7.536402 -0.304006
v 0.508309 7.533215 -0.340384
v 0.563234 7.487472 -0.313916
v 0.574111 7.496757 -0.256028
v 0.529261 7.500766 -0.218684
v 0.473532 7.495491 -0.239228
v 0.462654 7.486206 -0.297116
v 0.507505 7.482197 -0.334460
v 0.565579 7.438956 -0.305890
v 0.576415 7.449188 -0.248154
v 0.531564 7.453197 -0.210810
v 0.475877 7.446975 -0.231202
v 0.465041 7.436744 -0.288939
v 0.509892 7.432734 -0.326282
v 0.563498 7.368301 -0.297014
v 0.577089 7.383184 -0.240895
v 0.534049 7.395660 -0.203289
v 0.477419 7.393253 -0.221803
v 0.463828 7.378370 -0.277922
v 0.506868 7.365894 -0.315527
v 0.561469 7.318793 -0.282912
v 0.575136 7.336194 -0.227540
v 0.532096 7.348669 -0.189935
v 0.475390 7.343744 -0.207701
v 0.461722 7.326343 -0.263072
v 0.504762 7.313868 -0.300678
v 0.562866 7.267880 -0.263224
v 0.575764 7.288774 -0.208886
v 0.532206 7.302075 -0.172171
v 0.475750 7.294482 -0.189793
v 0.462851 7.273587 -0.244131
v 0.506410 7.260286 -0.280847
v 0.562057 7.211312 -0.242780
v 0.576287 7.235236 -0.190048
v 0.533630 7.251701 -0.153557
v 0.476743 7.244242 -0.169799
v 0.462513 7.220318 -0.222532
v 0.505170 7.203853 -0.259022
v 0.562761 7.162795 -0.220066
v 0.576961 7.188533 -0.168187
v 0.534304 7.204998 -0.131697
v 0.477447 7.195724 -0.147085
v 0.463246 7.169985 -0.198964
v 0.505903 7.153520 -0.235455
v 0.565076 7.114347 -0.195499
v 0.579286 7.136564 -0.142020
v 0.536629 7.153029 -0.105530
v 0.479762 7.147276 -0.122518
v 0.465552 7.125058 -0.175998
v 0.508209 7.108594 -0.212488
v 0.560169 7.080009 -0.185734
v 0.574252 7.095066 -0.129783
v 0.531823 7.111085 -0.092832
v 0.475311 7.112046 -0.111831
v 0.461228 7.096989 -0.167782
v 0.503657 7.080970 -0.204734
vt 0.000000 0.000000
vt 0.166667 0.000000
vt 0.333333 0.000000
vt 0.500000 0.000000
vt 0.666667 0.000000
vt 0.833333 0.000000
vt 0.000000 0.016949
vt 0.166667 0.016949
vt 0.333333 0.016949
vt 0.500000 0.016949
vt 0.666667 0.016949
vt 0.833333 0.016949
vt 0.000000 0.033898
vt 0.166667 0.033898
vt 0.333333 0.033898
vt 0.500000 0.033898
vt 0.666667 0.033898
vt 0.833333 0.033898
vt 0.000000 0.050847
vt 0.166667 0.050847
vt 0.333333 0.050847
vt 0.500000 0.050847
vt 0.666667 0.050847
vt 0.833333 0.050847
vt 0.000000 0.067797
vt 0.166667 0.067797
vt 0.333333 0.067797
vt 0.500000 0.067797
vt 0.666667 0.067797
vt 0.833333 0.067797
vt 0.000000 0.084746
vt 0.166667 0.084746
vt 0.333333 0.084746
vt 0.500000 0.084746
vt 0.666667 0.084746
vt 0.833333 0.084746
vt 0.000000 0.101695
vt 0.166667 0.101695
vt 0.333333 0.101695
vt 0.500000 0.101695
vt 0.666667 0.101695
vt 0.833333 0.101695
vt 0.000000 0.118644
vt 0.166667 0.118644
vt 0.333333 0.118644
vt 0.500000 0.118644
vt 0.666667 0.118644
vt 0.833333 0.118644
vt 0.000000 0.135593
vt 0.166667 0.135593
vt 0.333333 0.135593
vt 0.500000 0.135593
vt 0.666667 0.135593
vt 0.833333 0.135593
vt 0.000000 0.152542
vt 0.166667 0.152542
vt 0.333333 0.152542
vt 0.500000 0.152542
vt 0.666667 0.152542
vt 0.833333 0.152542
vt 0.000000 0.169492
vt 0.166667 0.169492
vt 0.333333 0.169492
vt 0.500000 0.169492
vt 0.666667 0.169492
vt 0.833333 0.169492
vt 0.000000 0.186441
vt 0.166667 0.186441
vt 0.333333 0.186441
vt 0.500000 0.186441
vt 0.666667 0.186441
vt 0.833333 0.186441
vt 0.000000 0.203390
vt 0.166667 0.203390
vt 0.333333 0.203390
vt 0.500000 0.203390
vt 0.666667 0.203390
vt 0.833333 0.203390
vt 0.000000 0.220339
vt 0.166667 0.220339
vt 0.333333 0.220339
vt 0.500000 0.220339
vt 0.666667 0.220339
vt 0.833333 0.220339
vt 0.000000 0.237288
vt 0.166667 0.237288
vt 0.333333 0.237288
vt 0.500000 0.237288
vt 0.666667 0.237288
vt 0.833333 0.237288
vt 0.000000 0.254237
vt 0.166667 0.254237
vt 0.333333 0.254237
vt 0.500000 0.254237
vt 0.666667 0.254237
vt 0.833333 0.254237
vt 0.000000 0.271186
vt 0.166667 0.271186
vt 0.333333 0.271186
vt 0.500000 0.271186
vt 0.666667 0.271186
vt 0.833333 0.271186
vt 0.000000 0.288136
vt 0.166667 0.288136
vt 0.333333 0.288136
vt 0.500000 0.288136
vt 0.666667 0.288136
vt 0.833333 0.288136
vt 0.000000 0.305085
vt 0.166667 0.305085
vt 0.333333 0.305085
vt 0.500000 0.305085
vt 0.666667 0.305085
vt 0.833333 0.305085
vt 0.000000 0.322034
vt 0.166667 0.322034
vt 0.333333 0.322034
vt 0.500000 0.322034
vt 0.666667 0.322034
vt 0.833333 0.322034
vt 0.000000 0.338983
vt 0.166667 0.338983
vt 0.333333 0.338983
vt 0.500000 0.338983
vt 0.666667 0.338983
vt 0.833333 0.338983
vt 0.000000 0.355932
vt 0.166667 0.355932
vt 0.333333 0.355932
vt 0.500000 0.355932
vt 0.666667 0.355932
vt 0.833333 0.355932
vt 0.000000 0.372881
vt 0.166667 0.372881
vt 0.333333 0.372881
vt 0.500000 0.372881
vt 0.666667 0.372881
vt 0.833333 0.372881
vt 0.000000 0.389831
vt 0.166667 0.389831
vt 0.333333 0.389831
vt 0.500000 0.389831
vt 0.666667 0.389831
vt 0.833333 0.389831
vt 0.000000 0.406780
vt 0.166667 0.406780
vt 0.333333 0.406780
vt 0.500000 0.406780
vt 0.666667 0.406780
vt 0.833333 0.406780
vt 0.000000 0.423729
vt 0.166667 0.423729
vt 0.333333 0.423729
vt 0.500000 0.423729
vt 0.666667 0.423729
vt 0.833333 0.423729
vt 0.000000 0.440678
vt 0.166667 0.440678
vt 0.333333 0.440678
vt 0.500000 0.440678
vt 0.666667 0.440678
vt 0.833333 0.440678
vt 0.000000 0.457627
vt 0.166667 0.457627
vt 0.333333 0.457627
vt 0.500000 0.457627
vt 0.666667 0.457627
vt 0.833333 0.457627
vt 0.000000 0.474576
vt 0.166667 0.474576
vt 0.333333 0.474576
vt 0.500000 0.474576
vt 0.666667 0.474576
vt 0.833333 0.474576
vt 0.000000 0.491525
vt 0.166667 0.491525
vt 0.333333 0.491525
vt 0.500000 0.491525
vt 0.666667 0.491525
vt 0.833333 0.491525
vt 0.000000 0.508475
vt 0.166667 0.508475
vt 0.333333 0.508475
vt 0.500000 0.508475
vt 0.666667 0.508475
vt 0.833333 0.508475
vt 0.000000 0.525424
vt 0.166667 0.525424
vt 0.333333 0.525424
vt 0.500000 0.525424
vt 0.666667 0.525424
vt 0.833333 0.525424
vt 0.000000 0.542373
vt 0.166667 0.542373
vt 0.333333 0.542373
vt 0.500000 0.542373
vt 0.666667 0.542373
vt 0.833333 0.542373
vt 0.000000 0.559322
vt 0.166667 0.559322
vt 0.333333 0.559322
vt 0.500000 0.559322
vt 0.666667 0.559322
vt 0.833333 0.559322
vt 0.000000 0.576271
vt 0.166667 0.576271
vt 0.333333 0.576271
vt 0.500000 0.576271
vt 0.666667 0.576271
vt 0.833333 0.576271
vt 0.000000 0.593220
vt 0.166667 0.593220
vt 0.333333 0.593220
vt 0.500000 0.593220
vt 0.666667 0.593220
vt 0.833333 0.593220
vt 0.000000 0.610169
vt 0.166667 0.610169
vt 0.333333 0.610169
vt 0.500000 0.610169
vt 0.666667 0.610169
vt 0.833333 0.610169
vt 0.000000 0.627119
vt 0.166667 0.627119
vt 0.333333 0.627119
vt 0.500000 0.627119
vt 0.666667 0.627119
vt 0.833333 0.627119
vt 0.000000 0.644068
vt 0.166667 0.644068
vt 0.333333 0.644068
vt 0.500000 0.644068
vt 0.666667 0.644068
vt 0.833333 0.644068
vt 0.000000 0.661017
vt 0.166667 0.661017
vt 0.333333 0.661017
vt 0.500000 0.661017
vt 0.666667 0.661017
vt 0.833333 0.661017
vt 0.000000 0.677966
vt 0.166667 0.677966
vt 0.333333 0.677966
vt 0.500000 0.677966
vt 0.666667 0.677966
vt 0.833333 0.677966
vt 0.000000 0.694915
vt 0.166667 0.694915
vt 0.333333 0.694915
vt 0.500000 0.694915
vt 0.666667 0.694915
vt 0.833333 0.694915
vt 0.000000 0.711864
vt 0.166667 0.711864
vt 0.333333 0.711864
vt 0.500000 0.711864
vt 0.666667 0.711864
vt 0.833333 0.711864
vt 0.000000 0.728814
vt 0.166667 0.728814
vt 0.333333 0.728814
vt 0.500000 0.728814
vt 0.666667 0.728814
vt 0.833333 0.728814
vt 0.000000 0.745763
vt 0.166667 0.745763
vt 0.333333 0.745763
vt 0.500000 0.745763
vt 0.666667 0.745763
vt 0.833333 0.745763
vt 0.000000 0.762712
vt 0.166667 0.762712
vt 0.333333 0.762712
vt 0.500000 0.762712
vt 0.666667 0.762712
vt 0.833333 0.762712
vt 0.000000 0.779661
vt 0.166667 0.779661
vt 0.333333 0.779661
vt 0.500000 0.779661
vt 0.666667 0.779661
vt 0.833333 0.779661
vt 0.000000 0.796610
vt 0.166667 0.796610
vt 0.333333 0.796610
vt 0.500000 0.796610
vt 0.666667 0.796610
vt 0.833333 0.796610
vt 0.000000 0.813559
vt 0.166667 0.813559
vt 0.333333 0.813559
vt 0.500000 0.813559
vt 0.666667 0.813559
vt 0.833333 0.813559
vt 0.000000 0.830508
vt 0.166667 0.830508
vt 0.333333 0.830508
vt 0.500000 0.830508
vt 0.666667 0.830508
vt 0.833333 0.830508
vt 0.000000 0.847458
vt 0.166667 0.847458
vt 0.333333 0.847458
vt 0.500000 0.847458
vt 0.666667 0.847458
vt 0.833333 0.847458
vt 0.000000 0.864407
vt 0.166667 0.864407
vt 0.333333 0.864407
vt 0.500000 0.864407
vt 0.666667 0.864407
vt 0.833333 0.864407
vt 0.000000 0.881356
vt 0.166667 0.881356
vt 0.333333 0.881356
vt 0.500000 0.881356
vt 0.666667 0.881356
vt 0.833333 0.881356
vt 0.000000 0.898305
vt 0.166667 0.898305
vt 0.333333 0.898305
vt 0.500000 0.898305
vt 0.666667 0.898305
vt 0.833333 0.898305
vt 0.000000 0.915254
vt 0.166667 0.915254
vt 0.333333 0.915254
vt 0.500000 0.915254
vt 0.666667 0.915254
vt 0.833333 0.915254
vt 0.000000 0.932203
vt 0.166667 0.932203
vt 0.333333 0.932203
vt 0.500000 0.932203
vt 0.666667 0.932203
vt 0.833333 0.932203
vt 0.000000 0.949153
vt 0.166667 0.949153
vt 0.333333 0.949153
vt 0.500000 0.949153
vt 0.666667 0.949153
vt 0.833333 0.949153
vt 0.000000 0.966102
vt 0.166667 0.966102
vt 0.333333 0.966102
vt 0.500000 0.966102
vt 0.666667 0.966102
vt 0.833333 0.966102
vt 0.000000 0.983051
vt 0.166667 0.983051
vt 0.333333 0.983051
vt 0.500000 0.983051
vt 0.666667 0.983051
vt 0.833333 0.983051
vt 0.000000 1.000000
vt 0.166667 1.000000
vt 0.333333 1.000000
vt 0.500000 1.000000
vt 0.666667 1.000000
vt 0.833333 1.000000
vt 0.000000 0.000000
vt 0.166667 0.000000
vt 0.333333 0.000000
vt 0.500000 0.000000
vt 0.666667 0.000000
vt 0.833333 0.000000
vt 0.000000 0.016949
vt 0.166667 0.016949
vt 0.333333 0.016949
vt 0.500000 0.016949
vt 0.666667 0.016949
vt 0.833333 0.016949
vt 0.000000 0.033898
vt 0.166667 0.033898
vt 0.333333 0.033898
vt 0.500000 0.033898
vt 0.666667 0.033898
vt 0.833333 0.033898
vt 0.000000 0.050847
vt 0.166667 0.050847
vt 0.333333 0.050847
vt 0.500000 0.050847
vt 0.666667 0.050847
vt 0.833333 0.050847
vt 0.000000 0.067797
vt 0.166667 0.067797
vt 0.333333 0.067797
vt 0.500000 0.067797
vt 0.666667 0.067797
vt 0.833333 0.067797
vt 0.000000 0.084746
vt 0.166667 0.084746
vt 0.333333 0.084746
vt 0.500000 0.084746
vt 0.666667 0.084746
vt 0.833333 0.084746
vt 0.000000 0.101695
vt 0.166667 0.101695
vt 0.333333 0.101695
vt 0.500000 0.101695
vt 0.666667 0.101695
vt 0.833333 0.101695
vt 0.000000 0.118644
vt 0.166667 0.118644
vt 0.333333 0.118644
vt 0.500000 0.118644
vt 0.666667 0.118644
vt 0.833333 0.118644
vt 0.000000 0.135593
vt 0.166667 0.135593
vt 0.333333 0.135593
vt 0.500000 0.135593
vt 0.666667 0.135593
vt 0.833333 0.135593
vt 0.000000 0.152542
vt 0.166667 0.152542
vt 0.333333 0.152542
vt 0.500000 0.152542
vt 0.666667 0.152542
vt 0.833333 0.152542
vt 0.000000 0.169492
vt 0.166667 0.169492
vt 0.333333 0.169492
vt 0.500000 0.169492
vt 0.666667 0.169492
vt 0.833333 0.169492
vt 0.000000 0.186441
vt 0.166667 0.186441
vt 0.333333 0.186441
vt 0.500000 0.186441
vt 0.666667 0.186441
vt 0.833333 0.186441
vt 0.000000 0.203390
vt 0.166667 0.203390
vt 0.333333 0.203390
vt 0.500000 0.203390
vt 0.666667 0.203390
vt 0.833333 0.203390
vt 0.000000 0.220339
vt 0.166667 0.220339
vt 0.333333 0.220339
vt 0.500000 0.220339
vt 0.666667 0.220339
vt 0.833333 0.220339
vt 0.000000 0.237288
vt 0.166667 0.237288
vt 0.333333 0.237288
vt 0.500000 0.237288
vt 0.666667 0.237288
vt 0.833333 0.237288
vt 0.000000 0.254237
vt 0.166667 0.254237
vt 0.333333 0.254237
vt 0.500000 0.254237
vt 0.666667 0.254237
vt 0.833333 0.254237
vt 0.000000 0.271186
vt 0.166667 0.271186
vt 0.333333 0.271186
vt 0.500000 0.271186
vt 0.666667 0.271186
vt 0.833333 0.271186
vt 0.000000 0.288136
vt 0.166667 0.288136
vt 0.333333 0.288136
vt 0.500000 0.288136
vt 0.666667 0.288136
vt 0.833333 0.288136
vt 0.000000 0.305085
vt 0.166667 0.305085
vt 0.333333 0.305085
vt 0.500000 0.305085
vt 0.666667 0.305085
vt 0.833333 0.305085
vt 0.000000 0.322034
vt 0.166667 0.322034
vt 0.333333 0.322034
vt 0.500000 0.322034
vt 0.666667 0.322034
vt 0.833333 0.322034
vt 0.000000 0.338983
vt 0.166667 0.338983
vt 0.333333 0.338983
vt 0.500000 0.338983
vt 0.666667 0.338983
vt 0.833333 0.338983
vt 0.000000 0.355932
vt 0.166667 0.355932
vt 0.333333 0.355932
vt 0.500000 0.355932
vt 0.666667 0.355932
vt 0.833333 0.355932
vt 0.000000 0.372881
vt 0.166667 0.372881
vt 0.333333 0.372881
vt 0.500000 0.372881
vt 0.666667 0.372881
vt 0.833333 0.372881
vt 0.000000 0.389831
vt 0.166667 0.389831
vt 0.333333 0.389831
vt 0.500000 0.389831
vt 0.666667 0.389831
vt 0.833333 0.389831
vt 0.000000 0.406780
vt 0.166667 0.406780
vt 0.333333 0.406780
vt 0.500000 0.406780
vt 0.666667 0.406780
vt 0.833333 0.406780
vt 0.000000 0.423729
vt 0.166667 0.423729
vt 0.333333 0.423729
vt 0.500000 0.423729
vt 0.666667 0.423729
vt 0.833333 0.423729
vt 0.000000 0.440678
vt 0.166667 0.440678
vt 0.333333 0.440678
vt 0.500000 0.440678
vt 0.666667 0.440678
vt 0.833333 0.440678
vt 0.000000 0.457627
vt 0.166667 0.457627
vt 0.333333 0.457627
vt 0.500000 0.457627
vt 0.666667 0.457627
vt 0.833333 0.457627
vt 0.000000 0.474576
vt 0.166667 0.474576
vt 0.333333 0.474576
vt 0.500000 0.474576
vt 0.666667 0.474576
vt 0.833333 0.474576
vt 0.000000 0.491525
vt 0.166667 0.491525
vt 0.333333 0.491525
vt 0.500000 0.491525
vt 0.666667 0.491525
vt 0.833333 0.491525
vt 0.000000 0.508475
vt 0.166667 0.508475
vt 0.333333 0.508475
vt 0.500000 0.508475
vt 0.666667 0.508475
vt 0.833333 0.508475
vt 0.000000 0.525424
vt 0.166667 0.525424
vt 0.333333 0.525424
vt 0.500000 0.525424
vt 0.666667 0.525424
vt 0.833333 0.525424
vt 0.000000 0.542373
vt 0.166667 0.542373
vt 0.333333 0.542373
vt 0.500000 0.542373
vt 0.666667 0.542373
vt 0.833333 0.542373
vt 0.000000 0.559322
vt 0.166667 0.559322
vt 0.333333 0.559322
vt 0.500000 0.559322
vt 0.666667 0.559322
vt 0.833333 0.559322
vt 0.000000 0.576271
vt 0.166667 0.576271
vt 0.333333 0.576271
vt 0.500000 0.576271
vt 0.666667 0.576271
vt 0.833333 0.576271
vt 0.000000 0.593220
vt 0.166667 0.593220
vt 0.333333 0.593220
vt 0.500000 0.593220
vt 0.666667 0.593220
vt 0.833333 0.593220
vt 0.000000 0.610169
vt 0.166667 0.610169
vt 0.333333 0.610169
vt 0.500000 0.610169
vt 0.666667 0.610169
vt 0.833333 0.610169
vt 0.000000 0.627119
vt 0.166667 0.627119
vt 0.333333 0.627119
vt 0.500000 0.627119
vt 0.666667 0.627119
vt 0.833333 0.627119
vt 0.000000 0.644068
vt 0.166667 0.644068
vt 0.333333 0.644068
vt 0.500000 0.644068
vt 0.666667 0.644068
vt 0.833333 0.644068
vt 0.000000 0.661017
vt 0.166667 0.661017
vt 0.333333 0.661017
vt 0.500000 0.661017
vt 0.666667 0.661017
vt 0.833333 0.661017
vt 0.000000 0.677966
vt 0.166667 0.677966
vt 0.333333 0.677966
vt 0.500000 0.677966
vt 0.666667 0.677966
vt 0.833333 0.677966
vt 0.000000 0.694915
vt 0.166667 0.694915
vt 0.333333 0.694915
vt 0.500000 0.694915
vt 0.666667 0.694915
vt 0.833333 0.694915
vt 0.000000 0.711864
vt 0.166667 0.711864
vt 0.333333 0.711864
vt 0.500000 0.711864
vt 0.666667 0.711864
vt 0.833333 0.711864
vt 0.000000 0.728814
vt 0.166667 0.728814
vt 0.333333 0.728814
vt 0.500000 0.728814
vt 0.666667 0.728814
vt 0.833333 0.728814
vt 0.000000 0.745763
vt 0.166667 0.745763
vt 0.333333 0.745763
vt 0.500000 0.745763
vt 0.666667 0.745763
vt 0.833333 0.745763
vt 0.000000 0.762712
vt 0.166667 0.762712
vt 0.333333 0.762712
vt 0.500000 0.762712
vt 0.666667 0.762712
vt 0.833333 0.762712
vt 0.000000 0.779661
vt 0.166667 0.779661
vt 0.333333 0.779661
vt 0.500000 0.779661
vt 0.666667 0.779661
vt 0.833333 0.779661
vt 0.000000 0.796610
vt 0.166667 0.796610
vt 0.333333 0.796610
vt 0.500000 0.796610
vt 0.666667 0.796610
vt 0.833333 0.796610
vt 0.000000 0.813559
vt 0.166667 0.813559
vt 0.333333 0.813559
vt 0.500000 0.813559
vt 0.666667 0.813559
vt 0.833333 0.813559
vt 0.000000 0.830508
vt 0.166667 0.830508
vt 0.333333 0.830508
vt 0.500000 0.830508
vt 0.666667 0.830508
vt 0.833333 0.830508
vt 0.000000 0.847458
vt 0.166667 0.847458
vt 0.333333 0.847458
vt 0.500000 0.847458
vt 0.666667 0.847458
vt 0.833333 0.847458
vt 0.000000 0.864407
vt 0.166667 0.864407
vt 0.333333 0.864407
vt 0.500000 0.864407
vt 0.666667 0.864407
vt 0.833333 0.864407
vt 0.000000 0.881356
vt 0.166667 0.881356
vt 0.333333 0.881356
vt 0.500000 0.881356
vt 0.666667 0.881356
vt 0.833333 0.881356
vt 0.000000 0.898305
vt 0.166667 0.898305
vt 0.333333 0.898305
vt 0.500000 0.898305
vt 0.666667 0.898305
vt 0.833333 0.898305
vt 0.000000 0.915254
vt 0.166667 0.915254
vt 0.333333 0.915254
vt 0.500000 0.915254
vt 0.666667 0.915254
vt 0.833333 0.915254
vt 0.000000 0.932203
vt 0.166667 0.932203
vt 0.333333 0.932203
vt 0.500000 0.932203
vt 0.666667 0.932203
vt 0.833333 0.932203
vt 0.000000 0.949153
vt 0.166667 0.949153
vt 0.333333 0.949153
vt 0.500000 0.949153
vt 0.666667 0.949153
vt 0.833333 0.949153
vt 0.000000 0.966102
vt 0.166667 0.966102
vt 0.333333 0.966102
vt 0.500000 0.966102
vt 0.666667 0.966102
vt 0.833333 0.966102
vt 0.000000 0.983051
vt 0.166667 0.983051
vt 0.333333 0.983051
vt 0.500000 0.983051
vt 0.666667 0.983051
vt 0.833333 0.983051
vt 0.000000 1.000000
vt 0.166667 1.000000
vt 0.333333 1.000000
vt 0.500000 1.000000
vt 0.666667 1.000000
vt 0.833333 1.000000
vt 0.000000 0.000000
vt 0.166667 0.000000
vt 0.333333 0.000000
vt 0.500000 0.000000
vt 0.666667 0.000000
vt 0.833333 0.000000
vt 0.000000 0.017241
vt 0.166667 0.017241
vt 0.333333 0.017241
vt 0.500000 0.017241
vt 0.666667 0.017241
vt 0.833333 0.017241
vt 0.000000 0.034483
vt 0.166667 0.034483
vt 0.333333 0.034483
vt 0.500000 0.034483
vt 0.666667 0.034483
vt 0.833333 0.034483
vt 0.000000 0.051724
vt 0.166667 0.051724
vt 0.333333 0.051724
vt 0.500000 0.051724
vt 0.666667 0.051724
vt 0.833333 0.051724
vt 0.000000 0.068966
vt 0.166667 0.068966
vt 0.333333 0.068966
vt 0.500000 0.068966
vt 0.666667 0.068966
vt 0.833333 0.068966
vt 0.000000 0.086207
vt 0.166667 0.086207
vt 0.333333 0.086207
vt 0.500000 0.086207
vt 0.666667 0.086207
vt 0.833333 0.086207
vt 0.000000 0.103448
vt 0.166667 0.103448
vt 0.333333 0.103448
vt 0.500000 0.103448
vt 0.666667 0.103448
vt 0.833333 0.103448
vt 0.000000 0.120690
vt 0.166667 0.120690
vt 0.333333 0.120690
vt 0.500000 0.120690
vt 0.666667 0.120690
vt 0.833333 0.120690
vt 0.000000 0.137931
vt 0.166667 0.137931
vt 0.333333 0.137931
vt 0.500000 0.137931
vt 0.666667 0.137931
vt 0.833333 0.137931
vt 0.000000 0.155172
vt 0.166667 0.155172
vt 0.333333 0.155172
vt 0.500000 0.155172
vt 0.666667 0.155172
vt 0.833333 0.155172
vt 0.000000 0.172414
vt 0.166667 0.172414
vt 0.333333 0.172414
vt 0.500000 0.172414
vt 0.666667 0.172414
vt 0.833333 0.172414
vt 0.000000 0.189655
vt 0.166667 0.189655
vt 0.333333 0.189655
vt 0.500000 0.189655
vt 0.666667 0.189655
vt 0.833333 0.189655
vt 0.000000 0.206897
vt 0.166667 0.206897
vt 0.333333 0.206897
vt 0.500000 0.206897
vt 0.666667 0.206897
vt 0.833333 0.206897
vt 0.000000 0.224138
vt 0.166667 0.224138
vt 0.333333 0.224138
vt 0.500000 0.224138
vt 0.666667 0.224138
vt 0.833333 0.224138
vt 0.000000 0.241379
vt 0.166667 0.241379
vt 0.333333 0.241379
vt 0.500000 0.241379
vt 0.666667 0.241379
vt 0.833333 0.241379
vt 0.000000 0.258621
vt 0.166667 0.258621
vt 0.333333 0.258621
vt 0.500000 0.258621
vt 0.666667 0.258621
vt 0.833333 0.258621
vt 0.000000 0.275862
vt 0.166667 0.275862
vt 0.333333 0.275862
vt 0.500000 0.275862
vt 0.666667 0.275862
vt 0.833333 0.275862
vt 0.000000 0.293103
vt 0.166667 0.293103
vt 0.333333 0.293103
vt 0.500000 0.293103
vt 0.666667 0.293103
vt 0.833333 0.293103
vt 0.000000 0.310345
vt 0.166667 0.310345
vt 0.333333 0.310345
vt 0.500000 0.310345
vt 0.666667 0.310345
vt 0.833333 0.310345
vt 0.000000 0.327586
vt 0.166667 0.327586
vt 0.333333 0.327586
vt 0.500000 0.327586
vt 0.666667 0.327586
vt 0.833333 0.327586
vt 0.000000 0.344828
vt 0.166667 0.344828
vt 0.333333 0.344828
vt 0.500000 0.344828
vt 0.666667 0.344828
vt 0.833333 0.344828
vt 0.000000 0.362069
vt 0.166667 0.362069
vt 0.333333 0.362069
vt 0.500000 0.362069
vt 0.666667 0.362069
vt 0.833333 0.362069
vt 0.000000 0.379310
vt 0.166667 0.379310
vt 0.333333 0.379310
vt 0.500000 0.379310
vt 0.666667 0.379310
vt 0.833333 0.379310
vt 0.000000 0.396552
vt 0.166667 0.396552
vt 0.333333 0.396552
vt 0.500000 0.396552
vt 0.666667 0.396552
vt 0.833333 0.396552
vt 0.000000 0.413793
vt 0.166667 0.413793
vt 0.333333 0.413793
vt 0.500000 0.413793
vt 0.666667 0.413793
vt 0.833333 0.413793
vt 0.000000 0.431034
vt 0.166667 0.431034
vt 0.333333 0.431034
vt 0.500000 0.431034
vt 0.666667 0.431034
vt 0.833333 0.431034
vt 0.000000 0.448276
vt 0.166667 0.448276
vt 0.333333 0.448276
vt 0.500000 0.448276
vt 0.666667 0.448276
vt 0.833333 0.448276
vt 0.000000 0.465517
vt 0.166667 0.465517
vt 0.333333 0.465517
vt 0.500000 0.465517
vt 0.666667 0.465517
vt 0.833333 0.465517
vt 0.000000 0.482759
vt 0.166667 0.482759
vt 0.333333 0.482759
vt 0.500000 0.482759
vt 0.666667 0.482759
vt 0.833333 0.482759
vt 0.000000 0.500000
vt 0.166667 0.500000
vt 0.333333 0.500000
vt 0.500000 0.500000
vt 0.666667 0.500000
vt 0.833333 0.500000
vt 0.000000 0.517241
vt 0.166667 0.517241
vt 0.333333 0.517241
vt 0.500000 0.517241
vt 0.666667 0.517241
vt 0.833333 0.517241
vt 0.000000 0.534483
vt 0.166667 0.534483
vt 0.333333 0.534483
vt 0.500000 0.534483
vt 0.666667 0.534483
vt 0.833333 0.534483
vt 0.000000 0.551724
vt 0.166667 0.551724
vt 0.333333 0.551724
vt 0.500000 0.551724
vt 0.666667 0.551724
vt 0.833333 0.551724
vt 0.000000 0.568966
vt 0.166667 0.568966
vt 0.333333 0.568966
vt 0.500000 0.568966
vt 0.666667 0.568966
vt 0.833333 0.568966
vt 0.000000 0.586207
vt 0.166667 0.586207
vt 0.333333 0.586207
vt 0.500000 0.586207
vt 0.666667 0.586207
vt 0.833333 0.586207
vt 0.000000 0.603448
vt 0.166667 0.603448
vt 0.333333 0.603448
vt 0.500000 0.603448
vt 0.666667 0.603448
vt 0.833333 0.603448
vt 0.000000 0.620690
vt 0.166667 0.620690
vt 0.333333 0.620690
vt 0.500000 0.620690
vt 0.666667 0.620690
vt 0.833333 0.620690
vt 0.000000 0.637931
vt 0.166667 0.637931
vt 0.333333 0.637931
vt 0.500000 0.637931
vt 0.666667 0.637931
vt 0.833333 0.637931
vt 0.000000 0.655172
vt 0.166667 0.655172
vt 0.333333 0.655172
vt 0.500000 0.655172
vt 0.666667 0.655172
vt 0.833333 0.655172
vt 0.000000 0.672414
vt 0.166667 0.672414
vt 0.333333 0.672414
vt 0.500000 0.672414
vt 0.666667 0.672414
vt 0.833333 0.672414
vt 0.000000 0.689655
vt 0.166667 0.689655
vt 0.333333 0.689655
vt 0.500000 0.689655
vt 0.666667 0.689655
vt 0.833333 0.689655
vt 0.000000 0.706897
vt 0.166667 0.706897
vt 0.333333 0.706897
vt 0.500000 0.706897
vt 0.666667 0.706897
vt 0.833333 0.706897
vt 0.000000 0.724138
vt 0.166667 0.724138
vt 0.333333 0.724138
vt 0.500000 0.724138
vt 0.666667 0.724138
vt 0.833333 0.724138
vt 0.000000 0.741379
vt 0.166667 0.741379
vt 0.333333 0.741379
vt 0.500000 0.741379
vt 0.666667 0.741379
vt 0.833333 0.741379
vt 0.000000 0.758621
vt 0.166667 0.758621
vt 0.333333 0.758621
vt 0.500000 0.758621
vt 0.666667 0.758621
vt 0.833333 0.758621
vt 0.000000 0.775862
vt 0.166667 0.775862
vt 0.333333 0.775862
vt 0.500000 0.775862
vt 0.666667 0.775862
vt 0.833333 0.775862
vt 0.000000 0.793103
vt 0.166667 0.793103
vt 0.333333 0.793103
vt 0.500000 0.793103
vt 0.666667 0.793103
vt 0.833333 0.793103
vt 0.000000 0.810345
vt 0.166667 0.810345
vt 0.333333 0.810345
vt 0.500000 0.810345
vt 0.666667 0.810345
vt 0.833333 0.810345
vt 0.000000 0.827586
vt 0.166667 0.827586
vt 0.333333 0.827586
vt 0.500000 0.827586
vt 0.666667 0.827586
vt 0.833333 0.827586
vt 0.000000 0.844828
vt 0.166667 0.844828
vt 0.333333 0.844828
vt 0.500000 0.844828
vt 0.666667 0.844828
vt 0.833333 0.844828
vt 0.000000 0.862069
vt 0.166667 0.862069
vt 0.333333 0.862069
vt 0.500000 0.862069
vt 0.666667 0.862069
vt 0.833333 0.862069
vt 0.000000 0.879310
vt 0.166667 0.879310
vt 0.333333 0.879310
vt 0.500000 0.879310
vt 0.666667 0.879310
vt 0.833333 0.879310
vt 0.000000 0.896552
vt 0.166667 0.896552
vt 0.333333 0.896552
vt 0.500000 0.896552
vt 0.666667 0.896552
vt 0.833333 0.896552
vt 0.000000 0.913793
vt 0.166667 0.913793
vt 0.333333 0.913793
vt 0.500000 0.913793
vt 0.666667 0.913793
vt 0.833333 0.913793
vt 0.000000 0.931034
vt 0.166667 0.931034
vt 0.333333 0.931034
vt 0.500000 0.931034
vt 0.666667 0.931034
vt 0.833333 0.931034
vt 0.000000 0.948276
vt 0.166667 0.948276
vt 0.333333 0.948276
vt 0.500000 0.948276
vt 0.666667 0.948276
vt 0.833333 0.948276
vt 0.000000 0.965517
vt 0.166667 0.965517
vt 0.333333 0.965517
vt 0.500000 0.965517
vt 0.666667 0.965517
vt 0.833333 0.965517
vt 0.000000 0.982759
vt 0.166667 0.982759
vt 0.333333 0.982759
vt 0.500000 0.982759
vt 0.666667 0.982759
vt 0.833333 0.982759
vt 0.000000 1.000000
vt 0.166667 1.000000
vt 0.333333 1.000000
vt 0.500000 1.000000
vt 0.666667 1.000000
vt 0.833333 1.000000
vt 0.000000 0.000000
vt 0.166667 0.000000
vt 0.333333 0.000000
vt 0.500000 0.000000
vt 0.666667 0.000000
vt 0.833333 0.000000
vt 0.000000 0.017241
vt 0.166667 0.017241
vt 0.333333 0.017241
vt 0.500000 0.017241
vt 0.666667 0.017241
vt 0.833333 0.017241
vt 0.000000 0.034483
vt 0.166667 0.034483
vt 0.333333 0.034483
vt 0.500000 0.034483
vt 0.666667 0.034483
vt 0.833333 0.034483
vt 0.000000 0.051724
vt 0.166667 0.051724
vt 0.333333 0.051724
vt 0.500000 0.051724
vt 0.666667 0.051724
vt 0.833333 0.051724
vt 0.000000 0.068966
vt 0.166667 0.068966
vt 0.333333 0.068966
vt 0.500000 0.068966
vt 0.666667 0.068966
vt 0.833333 0.068966
vt 0.000000 0.086207
vt 0.166667 0.086207
vt 0.333333 0.086207
vt 0.500000 0.086207
vt 0.666667 0.086207
vt 0.833333 0.086207
vt 0.000000 0.103448
vt 0.166667 0.103448
vt 0.333333 0.103448
vt 0.500000 0.103448
vt 0.666667 0.103448
vt 0.833333 0.103448
vt 0.000000 0.120690
vt 0.166667 0.120690
vt 0.333333 0.120690
vt 0.500000 0.120690
vt 0.666667 0.120690
vt 0.833333 0.120690
vt 0.000000 0.137931
vt 0.166667 0.137931
vt 0.333333 0.137931
vt 0.500000 0.137931
vt 0.666667 0.137931
vt 0.833333 0.137931
vt 0.000000 0.155172
vt 0.166667 0.155172
vt 0.333333 0.155172
vt 0.500000 0.155172
vt 0.666667 0.155172
vt 0.833333 0.155172
vt 0.000000 0.172414
vt 0.166667 0.172414
vt 0.333333 0.172414
vt 0.500000 0.172414
vt 0.666667 0.172414
vt 0.833333 0.172414
vt 0.000000 0.189655
vt 0.166667 0.189655
vt 0.333333 0.189655
vt 0.500000 0.189655
vt 0.666667 0.189655
vt 0.833333 0.189655
vt 0.000000 0.206897
vt 0.166667 0.206897
vt 0.333333 0.206897
vt 0.500000 0.206897
vt 0.666667 0.206897
vt 0.833333 0.206897
vt 0.000000 0.224138
vt 0.166667 0.224138
vt 0.333333 0.224138
vt 0.500000 0.224138
vt 0.666667 0.224138
vt 0.833333 0.224138
vt 0.000000 0.241379
vt 0.166667 0.241379
vt 0.333333 0.241379
vt 0.500000 0.241379
vt 0.666667 0.241379
vt 0.833333 0.241379
vt 0.000000 0.258621
vt 0.166667 0.258621
vt 0.333333 0.258621
vt 0.500000 0.258621
vt 0.666667 0.258621
vt 0.833333 0.258621
vt 0.000000 0.275862
vt 0.166667 0.275862
vt 0.333333 0.275862
vt 0.500000 0.275862
vt 0.666667 0.275862
vt 0.833333 0.275862
vt 0.000000 0.293103
vt 0.166667 0.293103
vt 0.333333 0.293103
vt 0.500000 0.293103
vt 0.666667 0.293103
vt 0.833333 0.293103
vt 0.000000 0.310345
vt 0.166667 0.310345
vt 0.333333 0.310345
vt 0.500000 0.310345
vt 0.666667 0.310345
vt 0.833333 0.310345
vt 0.000000 0.327586
vt 0.166667 0.327586
vt 0.333333 0.327586
vt 0.500000 0.327586
vt 0.666667 0.327586
vt 0.833333 0.327586
vt 0.000000 0.344828
vt 0.166667 0.344828
vt 0.333333 0.344828
vt 0.500000 0.344828
vt 0.666667 0.344828
vt 0.833333 0.344828
vt 0.000000 0.362069
vt 0.166667 0.362069
vt 0.333333 0.362069
vt 0.500000 0.362069
vt 0.666667 0.362069
vt 0.833333 0.362069
vt 0.000000 0.379310
vt 0.166667 0.379310
vt 0.333333 0.379310
vt 0.500000 0.379310
vt 0.666667 0.379310
vt 0.833333 0.379310
vt 0.000000 0.396552
vt 0.166667 0.396552
vt 0.333333 0.396552
vt 0.500000 0.396552
vt 0.666667 0.396552
vt 0.833333 0.396552
vt 0.000000 0.413793
vt 0.166667 0.413793
vt 0.333333 0.413793
vt 0.500000 0.413793
vt 0.666667 0.413793
vt 0.833333 0.413793
vt 0.000000 0.431034
vt 0.166667 0.431034
vt 0.333333 0.431034
vt 0.500000 0.431034
vt 0.666667 0.431034
vt 0.833333 0.431034
vt 0.000000 0.448276
vt 0.166667 0.448276
vt 0.333333 0.448276
vt 0.500000 0.448276
vt 0.666667 0.448276
vt 0.833333 0.448276
vt 0.000000 0.465517
vt 0.166667 0.465517
vt 0.333333 0.465517
vt 0.500000 0.465517
vt 0.666667 0.465517
vt 0.833333 0.465517
vt 0.000000 0.482759
vt 0.166667 0.482759
vt 0.333333 0.482759
vt 0.500000 0.482759
vt 0.666667 0.482759
vt 0.833333 0.482759
vt 0.000000 0.500000
vt 0.166667 0.500000
vt 0.333333 0.500000
vt 0.500000 0.500000
vt 0.666667 0.500000
vt 0.833333 0.500000
vt 0.000000 0.517241
vt 0.166667 0.517241
vt 0.333333 0.517241
vt 0.500000 0.517241
vt 0.666667 0.517241
vt 0.833333 0.517241
vt 0.000000 0.534483
vt 0.166667 0.534483
vt 0.333333 0.534483
vt 0.500000 0.534483
vt 0.666667 0.534483
vt 0.833333 0.534483
vt 0.000000 0.551724
vt 0.166667 0.551724
vt 0.333333 0.551724
vt 0.500000 0.551724
vt 0.666667 0.551724
vt 0.833333 0.551724
vt 0.000000 0.568966
vt 0.166667 0.568966
vt 0.333333 0.568966
vt 0.500000 0.568966
vt 0.666667 0.568966
vt 0.833333 0.568966
vt 0.000000 0.586207
vt 0.166667 0.586207
vt 0.333333 0.586207
vt 0.500000 0.586207
vt 0.666667 0.586207
vt 0.833333 0.586207
vt 0.000000 0.603448
vt 0.166667 0.603448
vt 0.333333 0.603448
vt 0.500000 0.603448
vt 0.666667 0.603448
vt 0.833333 0.603448
vt 0.000000 0.620690
vt 0.166667 0.620690
vt 0.333333 0.620690
vt 0.500000 0.620690
vt 0.666667 0.620690
vt 0.833333 0.620690
vt 0.000000 0.637931
vt 0.166667 0.637931
vt 0.333333 0.637931
vt 0.500000 0.637931
vt 0.666667 0.637931
vt 0.833333 0.637931
vt 0.000000 0.655172
vt 0.166667 0.655172
vt 0.333333 0.655172
vt 0.500000 0.655172
vt 0.666667 0.655172
vt 0.833333 0.655172
vt 0.000000 0.672414
vt 0.166667 0.672414
vt 0.333333 0.672414
vt 0.500000 0.672414
vt 0.666667 0.672414
vt 0.833333 0.672414
vt 0.000000 0.689655
vt 0.166667 0.689655
vt 0.333333 0.689655
vt 0.500000 0.689655
vt 0.666667 0.689655
vt 0.833333 0.689655
vt 0.000000 0.706897
vt 0.166667 0.706897
vt 0.333333 0.706897
vt 0.500000 0.706897
vt 0.666667 0.706897
vt 0.833333 0.706897
vt 0.000000 0.724138
vt 0.166667 0.724138
vt 0.333333 0.724138
vt 0.500000 0.724138
vt 0.666667 0.724138
vt 0.833333 0.724138
vt 0.000000 0.741379
vt 0.166667 0.741379
vt 0.333333 0.741379
vt 0.500000 0.741379
vt 0.666667 0.741379
vt 0.833333 0.741379
vt 0.000000 0.758621
vt 0.166667 0.758621
vt 0.333333 0.758621
vt 0.500000 0.758621
vt 0.666667 0.758621
vt 0.833333 0.758621
vt 0.000000 0.775862
vt 0.166667 0.775862
vt 0.333333 0.775862
vt 0.500000 0.775862
vt 0.666667 0.775862
vt 0.833333 0.775862
vt 0.000000 0.793103
vt 0.166667 0.793103
vt 0.333333 0.793103
vt 0.500000 0.793103
vt 0.666667 0.793103
vt 0.833333 0.793103
vt 0.000000 0.810345
vt 0.166667 0.810345
vt 0.333333 0.810345
vt 0.500000 0.810345
vt 0.666667 0.810345
vt 0.833333 0.810345
vt 0.000000 0.827586
vt 0.166667 0.827586
vt 0.333333 0.827586
vt 0.500000 0.827586
vt 0.666667 0.827586
vt 0.833333 0.827586
vt 0.000000 0.844828
vt 0.166667 0.844828
vt 0.333333 0.844828
vt 0.500000 0.844828
vt 0.666667 0.844828
vt 0.833333 0.844828
vt 0.000000 0.862069
vt 0.166667 0.862069
vt 0.333333 0.862069
vt 0.500000 0.862069
vt 0.666667 0.862069
vt 0.833333 0.862069
vt 0.000000 0.879310
vt 0.166667 0.879310
vt 0.333333 0.879310
vt 0.500000 0.879310
vt 0.666667 0.879310
vt 0.833333 0.879310
vt 0.000000 0.896552
vt 0.166667 0.896552
vt 0.333333 0.896552
vt 0.500000 0.896552
vt 0.666667 0.896552
vt 0.833333 0.896552
vt 0.000000 0.913793
vt 0.166667 0.913793
vt 0.333333 0.913793
vt 0.500000 0.913793
vt 0.666667 0.913793
vt 0.833333 0.913793
vt 0.000000 0.931034
vt 0.166667 0.931034
vt 0.333333 0.931034
vt 0.500000 0.931034
vt 0.666667 0.931034
vt 0.833333 0.931034
vt 0.000000 0.948276
vt 0.166667 0.948276
vt 0.333333 0.948276
vt 0.500000 0.948276
vt 0.666667 0.948276
vt 0.833333 0.948276
vt 0.000000 0.965517
vt 0.166667 0.965517
vt 0.333333 0.965517
vt 0.500000 0.965517
vt 0.666667 0.965517
vt 0.833333 0.965517
vt 0.000000 0.982759
vt 0.166667 0.982759
vt 0.333333 0.982759
vt 0.500000 0.982759
vt 0.666667 0.982759
vt 0.833333 0.982759
vt 0.000000 1.000000
vt 0.166667 1.000000
vt 0.333333 1.000000
vt 0.500000 1.000000
vt 0.666667 1.000000
vt 0.833333 1.000000
vt 0.000000 0.000000
vt 0.166667 0.000000
vt 0.333333 0.000000
vt 0.500000 0.000000
vt 0.666667 0.000000
vt 0.833333 0.000000
vt 0.000000 0.016949
vt 0.166667 0.016949
vt 0.333333 0.016949
vt 0.500000 0.016949
vt 0.666667 0.016949
vt 0.833333 0.016949
vt 0.000000 0.033898
vt 0.166667 0.033898
vt 0.333333 0.033898
vt 0.500000 0.033898
vt 0.666667 0.033898
vt 0.833333 0.033898
vt 0.000000 0.050847
vt 0.166667 0.050847
vt 0.333333 0.050847
vt 0.500000 0.050847
vt 0.666667 0.050847
vt 0.833333 0.050847
vt 0.000000 0.067797
vt 0.166667 0.067797
vt 0.333333 0.067797
vt 0.500000 0.067797
vt 0.666667 0.067797
vt 0.833333 0.067797
vt 0.000000 0.084746
vt 0.166667 0.084746
vt 0.333333 0.084746
vt 0.500000 0.084746
vt 0.666667 0.084746
vt 0.833333 0.084746
vt 0.000000 0.101695
vt 0.166667 0.101695
vt 0.333333 0.101695
vt 0.500000 0.101695
vt 0.666667 0.101695
vt 0.833333 0.101695
vt 0.000000 0.118644
vt 0.166667 0.118644
vt 0.333333 0.118644
vt 0.500000 0.118644
vt 0.666667 0.118644
vt 0.833333 0.118644
vt 0.000000 0.135593
vt 0.166667 0.135593
vt 0.333333 0.135593
vt 0.500000 0.135593
vt 0.666667 0.135593
vt 0.833333 0.135593
vt 0.000000 0.152542
vt 0.166667 0.152542
vt 0.333333 0.152542
vt 0.500000 0.152542
vt 0.666667 0.152542
vt 0.833333 0.152542
vt 0.000000 0.169492
vt 0.166667 0.169492
vt 0.333333 0.169492
vt 0.500000 0.169492
vt 0.666667 0.169492
vt 0.833333 0.169492
vt 0.000000 0.186441
vt 0.166667 0.186441
vt 0.333333 0.186441
vt 0.500000 0.186441
vt 0.666667 0.186441
vt 0.833333 0.186441
vt 0.000000 0.203390
vt 0.166667 0.203390
vt 0.333333 0.203390
vt 0.500000 0.203390
vt 0.666667 0.203390
vt 0.833333 0.203390
vt 0.000000 0.220339
vt 0.166667 0.220339
vt 0.333333 0.220339
vt 0.500000 0.220339
vt 0.666667 0.220339
vt 0.833333 0.220339
vt 0.000000 0.237288
vt 0.166667 0.237288
vt 0.333333 0.237288
vt 0.500000 0.237288
vt 0.666667 0.237288
vt 0.833333 0.237288
vt 0.000000 0.254237
vt 0.166667 0.254237
vt 0.333333 0.254237
vt 0.500000 0.254237
vt 0.666667 0.254237
vt 0.833333 0.254237
vt 0.000000 0.271186
vt 0.166667 0.271186
vt 0.333333 0.271186
vt 0.500000 0.271186
vt 0.666667 0.271186
vt 0.833333 0.271186
vt 0.000000 0.288136
vt 0.166667 0.288136
vt 0.333333 0.288136
vt 0.500000 0.288136
vt 0.666667 0.288136
vt 0.833333 0.288136
vt 0.000000 0.305085
vt 0.166667 0.305085
vt 0.333333 0.305085
vt 0.500000 0.305085
vt 0.666667 0.305085
vt 0.833333 0.305085
vt 0.000000 0.322034
vt 0.166667 0.322034
vt 0.333333 0.322034
vt 0.500000 0.322034
vt 0.666667 0.322034
vt 0.833333 0.322034
vt 0.000000 0.338983
vt 0.166667 0.338983
vt 0.333333 0.338983
vt 0.500000 0.338983
vt 0.666667 0.338983
vt 0.833333 0.338983
vt 0.000000 0.355932
vt 0.166667 0.355932
vt 0.333333 0.355932
vt 0.500000 0.355932
vt 0.666667 0.355932
vt 0.833333 0.355932
vt 0.000000 0.372881
vt 0.166667 0.372881
vt 0.333333 0.372881
vt 0.500000 0.372881
vt 0.666667 0.372881
vt 0.833333 0.372881
vt 0.000000 0.389831
vt 0.166667 0.389831
vt 0.333333 0.389831
vt 0.500000 0.389831
vt 0.666667 0.389831
vt 0.833333 0.389831
vt 0.000000 0.406780
vt 0.166667 0.406780
vt 0.333333 0.406780
vt 0.500000 0.406780
vt 0.666667 0.406780
vt 0.833333 0.406780
vt 0.000000 0.423729
vt 0.166667 0.423729
vt 0.333333 0.423729
vt 0.500000 0.423729
vt 0.666667 0.423729
vt 0.833333 0.423729
vt 0.000000 0.440678
vt 0.166667 0.440678
vt 0.333333 0.440678
vt 0.500000 0.440678
vt 0.666667 0.440678
vt 0.833333 0.440678
vt 0.000000 0.457627
vt 0.166667 0.457627
vt 0.333333 0.457627
vt 0.500000 0.457627
vt 0.666667 0.457627
vt 0.833333 0.457627
vt 0.000000 0.474576
vt 0.166667 0.474576
vt 0.333333 0.474576
vt 0.500000 0.474576
vt 0.666667 0.474576
vt 0.833333 0.474576
vt 0.000000 0.491525
vt 0.166667 0.491525
vt 0.333333 0.491525
vt 0.500000 0.491525
vt 0.666667 0.491525
vt 0.833333 0.491525
vt 0.000000 0.508475
vt 0.166667 0.508475
vt 0.333333 0.508475
vt 0.500000 0.508475
vt 0.666667 0.508475
vt 0.833333 0.508475
vt 0.000000 0.525424
vt 0.166667 0.525424
vt 0.333333 0.525424
vt 0.500000 0.525424
vt 0.666667 0.525424
vt 0.833333 0.525424
vt 0.000000 0.542373
vt 0.166667 0.542373
vt 0.333333 0.542373
vt 0.500000 0.542373
vt 0.666667 0.542373
vt 0.833333 0.542373
vt 0.000000 0.559322
vt 0.166667 0.559322
vt 0.333333 0.559322
vt 0.500000 0.559322
vt 0.666667 0.559322
vt 0.833333 0.559322
vt 0.000000 0.576271
vt 0.166667 0.576271
vt 0.333333 0.576271
vt 0.500000 0.576271
vt 0.666667 0.576271
vt 0.833333 0.576271
vt 0.000000 0.593220
vt 0.166667 0.593220
vt 0.333333 0.593220
vt 0.500000 0.593220
vt 0.666667 0.593220
vt 0.833333 0.593220
vt 0.000000 0.610169
vt 0.166667 0.610169
vt 0.333333 0.610169
vt 0.500000 0.610169
vt 0.666667 0.610169
vt 0.833333 0.610169
vt 0.000000 0.627119
vt 0.166667 0.627119
vt 0.333333 0.627119
vt 0.500000 0.627119
vt 0.666667 0.627119
vt 0.833333 0.627119
vt 0.000000 0.644068
vt 0.166667 0.644068
vt 0.333333 0.644068
vt 0.500000 0.644068
vt 0.666667 0.644068
vt 0.833333 0.644068
vt 0.000000 0.661017
vt 0.166667 0.661017
vt 0.333333 0.661017
vt 0.500000 0.661017
vt 0.666667 0.661017
vt 0.833333 0.661017
vt 0.000000 0.677966
vt 0.166667 0.677966
vt 0.333333 0.677966
vt 0.500000 0.677966
vt 0.666667 0.677966
vt 0.833333 0.677966
vt 0.000000 0.694915
vt 0.166667 0.694915
vt 0.333333 0.694915
vt 0.500000 0.694915
vt 0.666667 0.694915
vt 0.833333 0.694915
vt 0.000000 0.711864
vt 0.166667 0.711864
vt 0.333333 0.711864
vt 0.500000 0.711864
vt 0.666667 0.711864
vt 0.833333 0.711864
vt 0.000000 0.728814
vt 0.166667 0.728814
vt 0.333333 0.728814
vt 0.500000 0.728814
vt 0.666667 0.728814
vt 0.833333 0.728814
vt 0.000000 0.745763
vt 0.166667 0.745763
vt 0.333333 0.745763
vt 0.500000 0.745763
vt 0.666667 0.745763
vt 0.833333 0.745763
vt 0.000000 0.762712
vt 0.166667 0.762712
vt 0.333333 0.762712
vt 0.500000 0.762712
vt 0.666667 0.762712
vt 0.833333 0.762712
vt 0.000000 0.779661
vt 0.166667 0.779661
vt 0.333333 0.779661
vt 0.500000 0.779661
vt 0.666667 0.779661
vt 0.833333 0.779661
vt 0.000000 0.796610
vt 0.166667 0.796610
vt 0.333333 0.796610
vt 0.500000 0.796610
vt 0.666667 0.796610
vt 0.833333 0.796610
vt 0.000000 0.813559
vt 0.166667 0.813559
vt 0.333333 0.813559
vt 0.500000 0.813559
vt 0.666667 0.813559
vt 0.833333 0.813559
vt 0.000000 0.830508
vt 0.166667 0.830508
vt 0.333333 0.830508
vt 0.500000 0.830508
vt 0.666667 0.830508
vt 0.833333 0.830508
vt 0.000000 0.847458
vt 0.166667 0.847458
vt 0.333333 0.847458
vt 0.500000 0.847458
vt 0.666667 0.847458
vt 0.833333 0.847458
vt 0.000000 0.864407
vt 0.166667 0.864407
vt 0.333333 0.864407
vt 0.500000 0.864407
vt 0.666667 0.864407
vt 0.833333 0.864407
vt 0.000000 0.881356
vt 0.166667 0.881356
vt 0.333333 0.881356
vt 0.500000 0.881356
vt 0.666667 0.881356
vt 0.833333 0.881356
vt 0.000000 0.898305
vt 0.166667 0.898305
vt 0.333333 0.898305
vt 0.500000 0.898305
vt 0.666667 0.898305
vt 0.833333 0.898305
vt 0.000000 0.915254
vt 0.166667 0.915254
vt 0.333333 0.915254
vt 0.500000 0.915254
vt 0.666667 0.915254
vt 0.833333 0.915254
vt 0.000000 0.932203
vt 0.166667 0.932203
vt 0.333333 0.932203
vt 0.500000 0.932203
vt 0.666667 0.932203
vt 0.833333 0.932203
vt 0.000000 0.949153
vt 0.166667 0.949153
vt 0.333333 0.949153
vt 0.500000 0.949153
vt 0.666667 0.949153
vt 0.833333 0.949153
vt 0.000000 0.966102
vt 0.166667 0.966102
vt 0.333333 0.966102
vt 0.500000 0.966102
vt 0.666667 0.966102
vt 0.833333 0.966102
vt 0.000000 0.983051
vt 0.166667 0.983051
vt 0.333333 0.983051
vt 0.500000 0.983051
vt 0.666667 0.983051
vt 0.833333 0.983051
vt 0.000000 1.000000
vt 0.166667 1.000000
vt 0.333333 1.000000
vt 0.500000 1.000000
vt 0.666667 1.000000
vt 0.833333 1.000000
vt 0.000000 0.000000
vt 0.166667 0.000000
vt 0.333333 0.000000
vt 0.500000 0.000000
vt 0.666667 0.000000
vt 0.833333 0.000000
vt 0.000000 0.016949
vt 0.166667 0.016949
vt 0.333333 0.016949
vt 0.500000 0.016949
vt 0.666667 0.016949
vt 0.833333 0.016949
vt 0.000000 0.033898
vt 0.166667 0.033898
vt 0.333333 0.033898
vt 0.500000 0.033898
vt 0.666667 0.033898
vt 0.833333 0.033898
vt 0.000000 0.050847
vt 0.166667 0.050847
vt 0.333333 0.050847
vt 0.500000 0.050847
vt 0.666667 0.050847
vt 0.833333 0.050847
vt 0.000000 0.067797
vt 0.166667 0.067797
vt 0.333333 0.067797
vt 0.500000 0.067797
vt 0.666667 0.067797
vt 0.833333 0.067797
vt 0.000000 0.084746
vt 0.166667 0.084746
vt 0.333333 0.084746
vt 0.500000 0.084746
vt 0.666667 0.084746
vt 0.833333 0.084746
vt 0.000000 0.101695
vt 0.166667 0.101695
vt 0.333333 0.101695
vt 0.500000 0.101695
vt 0.666667 0.101695
vt 0.833333 0.101695
vt 0.000000 0.118644
vt 0.166667 0.118644
vt 0.333333 0.118644
vt 0.500000 0.118644
vt 0.666667 0.118644
vt 0.833333 0.118644
vt 0.000000 0.135593
vt 0.166667 0.135593
vt 0.333333 0.135593
vt 0.500000 0.135593
vt 0.666667 0.135593
vt 0.833333 0.135593
vt 0.000000 0.152542
vt 0.166667 0.152542
vt 0.333333 0.152542
vt 0.500000 0.152542
vt 0.666667 0.152542
vt 0.833333 0.152542
vt 0.000000 0.169492
vt 0.166667 0.169492
vt 0.333333 0.169492
vt 0.500000 0.169492
vt 0.666667 0.169492
vt 0.833333 0.169492
vt 0.000000 0.186441
vt 0.166667 0.186441
vt 0.333333 0.186441
vt 0.500000 0.186441
vt 0.666667 0.186441
vt 0.833333 0.186441
vt 0.000000 0.203390
vt 0.166667 0.203390
vt 0.333333 0.203390
vt 0.500000 0.203390
vt 0.666667 0.203390
vt 0.833333 0.203390
vt 0.000000 0.220339
vt 0.166667 0.220339
vt 0.333333 0.220339
vt 0.500000 0.220339
vt 0.666667 0.220339
vt 0.833333 0.220339
vt 0.000000 0.237288
vt 0.166667 0.237288
vt 0.333333 0.237288
vt 0.500000 0.237288
vt 0.666667 0.237288
vt 0.833333 0.237288
vt 0.000000 0.254237
vt 0.166667 0.254237
vt 0.333333 0.254237
vt 0.500000 0.254237
vt 0.666667 0.254237
vt 0.833333 0.254237
vt 0.000000 0.271186
vt 0.166667 0.271186
vt 0.333333 0.271186
vt 0.500000 0.271186
vt 0.666667 0.271186
vt 0.833333 0.271186
vt 0.000000 0.288136
vt 0.166667 0.288136
vt 0.333333 0.288136
vt 0.500000 0.288136
vt 0.666667 0.288136
vt 0.833333 0.288136
vt 0.000000 0.305085
vt 0.166667 0.305085
vt 0.333333 0.305085
vt 0.500000 0.305085
vt 0.666667 0.305085
vt 0.833333 0.305085
vt 0.000000 0.322034
vt 0.166667 0.322034
vt 0.333333 0.322034
vt 0.500000 0.322034
vt 0.666667 0.322034
vt 0.833333 0.322034
vt 0.000000 0.338983
vt 0.166667 0.338983
vt 0.333333 0.338983
vt 0.500000 0.338983
vt 0.666667 0.338983
vt 0.833333 0.338983
vt 0.000000 0.355932
vt 0.166667 0.355932
vt 0.333333 0.355932
vt 0.500000 0.355932
vt 0.666667 0.355932
vt 0.833333 0.355932
vt 0.000000 0.372881
vt 0.166667 0.372881
vt 0.333333 0.372881
vt 0.500000 0.372881
vt 0.666667 0.372881
vt 0.833333 0.372881
vt 0.000000 0.389831
vt 0.166667 0.389831
vt 0.333333 0.389831
vt 0.500000 0.389831
vt 0.666667 0.389831
vt 0.833333 0.389831
vt 0.000000 0.406780
vt 0.166667 0.406780
vt 0.333333 0.406780
vt 0.500000 0.406780
vt 0.666667 0.406780
vt 0.833333 0.406780
vt 0.000000 0.423729
vt 0.166667 0.423729
vt 0.333333 0.423729
vt 0.500000 0.423729
vt 0.666667 0.423729
vt 0.833333 0.423729
vt 0.000000 0.440678
vt 0.166667 0.440678
vt 0.333333 0.440678
vt 0.500000 0.440678
vt 0.666667 0.440678
vt 0.833333 0.440678
vt 0.000000 0.457627
vt 0.166667 0.457627
vt 0.333333 0.457627
vt 0.500000 0.457627
vt 0.666667 0.457627
vt 0.833333 0.457627
vt 0.000000 0.474576
vt 0.166667 0.474576
vt 0.333333 0.474576
vt 0.500000 0.474576
vt 0.666667 0.474576
vt 0.833333 0.474576
vt 0.000000 0.491525
vt 0.166667 0.491525
vt 0.333333 0.491525
vt 0.500000 0.491525
vt 0.666667 0.491525
vt 0.833333 0.491525
vt 0.000000 0.508475
vt 0.166667 0.508475
vt 0.333333 0.508475
vt 0.500000 0.508475
vt 0.666667 0.508475
vt 0.833333 0.508475
vt 0.000000 0.525424
vt 0.166667 0.525424
vt 0.333333 0.525424
vt 0.500000 0.525424
vt 0.666667 0.525424
vt 0.833333 0.525424
vt 0.000000 0.542373
vt 0.166667 0.542373
vt 0.333333 0.542373
vt 0.500000 0.542373
vt 0.666667 0.542373
vt 0.833333 0.542373
vt 0.000000 0.559322
vt 0.166667 0.559322
vt 0.333333 0.559322
vt 0.500000 0.559322
vt 0.666667 0.559322
vt 0.833333 0.559322
vt 0.000000 0.576271
vt 0.166667 0.576271
vt 0.333333 0.576271
vt 0.500000 0.576271
vt 0.666667 0.576271
vt 0.833333 0.576271
vt 0.000000 0.593220
vt 0.166667 0.593220
vt 0.333333 0.593220
vt 0.500000 0.593220
vt 0.666667 0.593220
vt 0.833333 0.593220
vt 0.000000 0.610169
vt 0.166667 0.610169
vt 0.333333 0.610169
vt 0.500000 0.610169
vt 0.666667 0.610169
vt 0.833333 0.610169
vt 0.000000 0.627119
vt 0.166667 0.627119
vt 0.333333 0.627119
vt 0.500000 0.627119
vt 0.666667 0.627119
vt 0.833333 0.627119
vt 0.000000 0.644068
vt 0.166667 0.644068
vt 0.333333 0.644068
vt 0.500000 0.644068
vt 0.666667 0.644068
vt 0.833333 0.644068
vt 0.000000 0.661017
vt 0.166667 0.661017
vt 0.333333 0.661017
vt 0.500000 0.661017
vt 0.666667 0.661017
vt 0.833333 0.661017
vt 0.000000 0.677966
vt 0.166667 0.677966
vt 0.333333 0.677966
vt 0.500000 0.677966
vt 0.666667 0.677966
vt 0.833333 0.677966
vt 0.000000 0.694915
vt 0.166667 0.694915
vt 0.333333 0.694915
vt 0.500000 0.694915
vt 0.666667 0.694915
vt 0.833333 0.694915
vt 0.000000 0.711864
vt 0.166667 0.711864
vt 0.333333 0.711864
vt 0.500000 0.711864
vt 0.666667 0.711864
vt 0.833333 0.711864
vt 0.000000 0.728814
vt 0.166667 0.728814
vt 0.333333 0.728814
vt 0.500000 0.728814
vt 0.666667 0.728814
vt 0.833333 0.728814
vt 0.000000 0.745763
vt 0.166667 0.745763
vt 0.333333 0.745763
vt 0.500000 0.745763
vt 0.666667 0.745763
vt 0.833333 0.745763
vt 0.000000 0.762712
vt 0.166667 0.762712
vt 0.333333 0.762712
vt 0.500000 0.762712
vt 0.666667 0.762712
vt 0.833333 0.762712
vt 0.000000 0.779661
vt 0.166667 0.779661
vt 0.333333 0.779661
vt 0.500000 0.779661
vt 0.666667 0.779661
vt 0.833333 0.779661
vt 0.000000 0.796610
vt 0.166667 0.796610
vt 0.333333 0.796610
vt 0.500000 0.796610
vt 0.666667 0.796610
vt 0.833333 0.796610
vt 0.000000 0.813559
vt 0.166667 0.813559
vt 0.333333 0.813559
vt 0.500000 0.813559
vt 0.666667 0.813559
vt 0.833333 0.813559
vt 0.000000 0.830508
vt 0.166667 0.830508
vt 0.333333 0.830508
vt 0.500000 0.830508
vt 0.666667 0.830508
vt 0.833333 0.830508
vt 0.000000 0.847458
vt 0.166667 0.847458
vt 0.333333 0.847458
vt 0.500000 0.847458
vt 0.666667 0.847458
vt 0.833333 0.847458
vt 0.000000 0.864407
vt 0.166667 0.864407
vt 0.333333 0.864407
vt 0.500000 0.864407
vt 0.666667 0.864407
vt 0.833333 0.864407
vt 0.000000 0.881356
vt 0.166667 0.881356
vt 0.333333 0.881356
vt 0.500000 0.881356
vt 0.666667 0.881356
vt 0.833333 0.881356
vt 0.000000 0.898305
vt 0.166667 0.898305
vt 0.333333 0.898305
vt 0.500000 0.898305
vt 0.666667 0.898305
vt 0.833333 0.898305
vt 0.000000 0.915254
vt 0.166667 0.915254
vt 0.333333 0.915254
vt 0.500000 0.915254
vt 0.666667 0.915254
vt 0.833333 0.915254
vt 0.000000 0.932203
vt 0.166667 0.932203
vt 0.333333 0.932203
vt 0.500000 0.932203
vt 0.666667 0.932203
vt 0.833333 0.932203
vt 0.000000 0.949153
vt 0.166667 0.949153
vt 0.333333 0.949153
vt 0.500000 0.949153
vt 0.666667 0.949153
vt 0.833333 0.949153
vt 0.000000 0.966102
vt 0.166667 0.966102
vt 0.333333 0.966102
vt 0.500000 0.966102
vt 0.666667 0.966102
vt 0.833333 0.966102
vt 0.000000 0.983051
vt 0.166667 0.983051
vt 0.333333 0.983051
vt 0.500000 0.983051
vt 0.666667 0.983051
vt 0.833333 0.983051
vt 0.000000 1.000000
vt 0.166667 1.000000
vt 0.333333 1.000000
vt 0.500000 1.000000
vt 0.666667 1.000000
vt 0.833333 1.000000
f 1/1 2/2 8/8 7/7
f 2/2 3/3 9/9 8/8
f 3/3 4/4 10/10 9/9
f 4/4 5/5 11/11 10/10
f 5/5 6/6 12/12 11/11
f 6/6 1/1 7/7 12/12
f 7/7 8/8 14/14 13/13
f 8/8 9/9 15/15 14/14
f 9/9 10/10 16/16 15/15
f 10/10 11/11 17/17 16/16
f 11/11 12/12 18/18 17/17
f 12/12 7/7 13/13 18/18
f 13/13 14/14 20/20 19/19
f 14/14 15/15 21/21 20/20
f 15/15 16/16 22/22 21/21
f 16/16 17/17 23/23 22/22
f 17/17 18/18 24/24 23/23
f 18/18 13/13 19/19 24/24
f 19/19 20/20 26/26 25/25
f 20/20 21/21 27/27 26/26
f 21/21 22/22 28/28 27/27
f 22/22 23/23 29/29 28/28
f 23/23 24/24 30/30 29/29
f 24/24 19/19 25/25 30/30
f 25/25 26/26 32/32 31/31
f 26/26 27/27 33/33 32/32
f 27/27 28/28 34/34 33/33
f 28/28 29/29 35/35 34/34
f 29/29 30/30 36/36 35/35
f 30/30 25/25 31/31 36/36
f 31/31 32/32 38/38 37/37
f 32/32 33/33 39/39 38/38
f 33/33 34/34 40/40 39/39
f 34/34 35/35 41/41 40/40
f 35/35 36/36 42/42 41/41
f 36/36 31/31 37/37 42/42
f 37/37 38/38 44/44 43/43
f 38/38 39/39 45/45 44/44
f 39/39 40/40 46/46 45/45
f 40/40 41/41 47/47 46/46
f 41/41 42/42 48/48 47/47
f 42/42 37/37 43/43 48/48
f 43/43 44/44 50/50 49/49
f 44/44 45/45 51/51 50/50
f 45/45 46/46 52/52 51/51
f 46/46 47/47 53/53 52/52
f 47/47 48/48 54/54 53/53
f 48/48 43/43 49/49 54/54
f 49/49 50/50 56/56 55/55
f 50/50 51/51 57/57 56/56
f 51/51 52/52 58/58 57/57
f 52/52 53/53 59/59 58/58
f 53/53 54/54 60/60 59/59
f 54/54 49/49 55/55 60/60
f 55/55 56/56 62/62 61/61
f 56/56 57/57 63/63 62/62
f 57/57 58/58 64/64 63/63
f 58/58 59/59 65/65 64/64
f 59/59 60/60 66/66 65/65
f 60/60 55/55 61/61 66/66
f 61/61 62/62 68/68 67/67
f 62/62 63/63 69/69 68/68
f 63/63 64/64 70/70 69/69
f 64/64 65/65 71/71 70/70
f 65/65 66/66 72/72 71/71
f 66/66 61/61 67/67 72/72
f 67/67 68/68 74/74 73/73
f 68/68 69/69 75/75 74/74
f 69/69 70/70 76/76 75/75
f 70/70 71/71 77/77 76/76
f 71/71 72/72 78/78 77/77
f 72/72 67/67 73/73 78/78
f 73/73 74/74 80/80 79/79
f 74/74 75/75 81/81 80/80
f 75/75 76/76 82/82 81/81
f 76/76 77/77 83/83 82/82
f 77/77 78/78 84/84 83/83
f 78/78 73/73 79/79 84/84
f 79/79 80/80 86/86 85/85
f 80/80 81/81 87/87 86/86
f 81/81 82/82 88/88 87/87
f 82/82 83/83 89/89 88/88
f 83/83 84/84 90/90 89/89
f 84/84 79/79 85/85 90/90
f 85/85 86/86 92/92 91/91
f 86/86 87/87 93/93 92/92
f 87/87 88/88 94/94 93/93
f 88/88 89/89 95/95 94/94
f 89/89 90/90 96/96 95/95
f 90/90 85/85 91/91 96/96
f 91/91 92/92 98/98 97/97
f 92/92 93/93 99/99 98/98
f 93/93 94/94 100/100 99/99
f 94/94 95/95 101/101 100/100
f 95/95 96/96 102/102 101/101
f 96/96 91/91 97/97 102/102
f 97/97 98/98 104/104 103/103
f 98/98 99/99 105/105 104/104
f 99/99 100/100 106/106 105/105
f 100/100 101/101 107/107 106/106
f 101/101 102/102 108/108 107/107
f 102/102 97/97 103/103 108/108
f 103/103 104/104 110/110 109/109
f 104/104 105/105 111/111 110/110
f 105/105 106/106 112/112 111/111
f 106/106 107/107 113/113 112/112
f 107/107 108/108 114/114 113/113
f 108/108 103/103 109/109 114/114
f 109/109 110/110 116/116 115/115
f 110/110 111/111 117/117 116/116
f 111/111 112/112 118/118 117/117
f 112/112 113/113 119/119 118/118
f 113/113 114/114 120/120 119/119
f 114/114 109/109 115/115 120/120
f 115/115 116/116 122/122 121/121
f 116/116 117/117 123/123 122/122
f 117/117 118/118 124/124 123/123
f 118/118 119/119 125/125 124/124
f 119/119 120/120 126/126 125/125
f 120/120 115/115 121/121 126/126
f 121/121 122/122 128/128 127/127
f 122/122 123/123 129/129 128/128
f 123/123 124/124 130/130 129/129
f 124/124 125/125 131/131 130/130
f 125/125 126/126 132/132 131/131
f 126/126 121/121 127/127 132/132
f 127/127 128/128 134/134 133/133
f 128/128 129/129 135/135 134/134
f 129/129 130/130 136/136 135/135
f 130/130 131/131 137/137 136/136
f 131/131 132/132 138/138 137/137
f 132/132 127/127 133/133 138/138
f 133/133 134/134 140/140 139/139
f 134/134 135/135 141/141 140/140
f 135/135 136/136 142/142 141/141
f 136/136 137/137 143/143 142/142
f 137/137 138/138 144/144 143/143
f 138/138 133/133 139/139 144/144
f 139/139 140/140 146/146 145/145
f 140/140 141/141 147/147 146/146
f 141/141 142/142 148/148 147/147
f 142/142 143/143 149/149 148/148
f 143/143 144/144 150/150 149/149
f 144/144 139/139 145/145 150/150
f 145/145 146/146 152/152 151/151
f 146/146 147/147 153/153 152/152
f 147/147 148/148 154/154 153/153
f 148/148 149/149 155/155 154/154
f 149/149 150/150 156/156 155/155
f 150/150 145/145 151/151 156/156
f 151/151 152/152 158/158 157/157
f 152/152 153/153 159/159 158/158
f 153/153 154/154 160/160 159/159
f 154/154 155/155 161/161 160/160
f 155/155 156/156 162/162 161/161
f 156/156 151/151 157/157 162/162
f 157/157 158/158 164/164 163/163
f 158/158 159/159 165/165 164/164
f 159/159 160/160 166/166 165/165
f 160/160 161/161 167/167 166/166
f 161/161 162/162 168/168 167/167
f 162/162 157/157 163/163 168/168
f 163/163 164/164 170/170 169/169
f 164/164 165/165 171/171 170/170
f 165/165 166/166 172/172 171/171
f 166/166 167/167 173/173 172/172
f 167/167 168/168 174/174 173/173
f 168/168 163/163 169/169 174/174
f 169/169 170/170 176/176 175/175
f 170/170 171/171 177/177 176/176
f 171/171 172/172 178/178 177/177
f 172/172 173/173 179/179 178/178
f 173/173 174/174 180/180 179/179
f 174/174 169/169 175/175 180/180
f 175/175 176/176 182/182 181/181
f 176/176 177/177 183/183 182/182
f 177/177 178/178 184/184 183/183
f 178/178 179/179 185/185 184/184
f 179/179 180/180 186/186 185/185
f 180/180 175/175 181/181 186/186
f 181/181 182/182 188/188 187/187
f 182/182 183/183 189/189 188/188
f 183/183 184/184 190/190 189/189
f 184/184 185/185 191/191 190/190
f 185/185 186/186 192/192 191/191
f 186/186 181/181 187/187 192/192
f 187/187 188/188 194/194 193/193
f 188/188 189/189 195/195 194/194
f 189/189 190/190 196/196 195/195
f 190/190 191/191 197/197 196/196
f 191/191 192/192 198/198 197/197
f 192/192 187/187 193/193 198/198
f 193/193 194/194 200/200 199/199
f 194/194 195/195 201/201 200/200
f 195/195 196/196 202/202 201/201
f 196/196 197/197 203/203 202/202
f 197/197 198/198 204/204 203/203
f 198/198 193/193 199/199 204/204
f 199/199 200/200 206/206 205/205
f 200/200 201/201 207/207 206/206
f 201/201 202/202 208/208 207/207
f 202/202 203/203 209/209 208/208
f 203/203 204/204 210/210 209/209
f 204/204 199/199 205/205 210/210
f 205/205 206/206 212/212 211/211
f 206/206 207/207 213/213 212/212
f 207/207 208/208 214/214 213/213
f 208/208 209/209 215/215 214/214
f 209/209 210/210 216/216 215/215
f 210/210 205/205 211/211 216/216
f 211/211 212/212 218/218 217/217
f 212/212 213/213 219/219 218/218
f 213/213 214/214 220/220 219/219
f 214/214 215/215 221/221 220/220
f 215/215 216/216 222/222 221/221
f 216/216 211/211 217/217 222/222
f 217/217 218/218 224/224 223/223
f 218/218 219/219 225/225 224/224
f 219/219 220/220 226/226 225/225
f 220/220 221/221 227/227 226/226
f 221/221 222/222 228/228 227/227
f 222/222 217/217 223/223 228/228
f 223/223 224/224 230/230 229/229
f 224/224 225/225 231/231 230/230
f 225/225 226/226 232/232 231/231
f 226/226 227/227 233/233 232/232
f 227/227 228/228 234/234 233/233
f 228/228 223/223 229/229 234/234
f 229/229 230/230 236/236 235/235
f 230/230 231/231 237/237 236/236
f 231/231 232/232 238/238 237/237
f 232/232 233/233 239/239 238/238
f 233/233 234/234 240/240 239/239
f 234/234 229/229 235/235 240/240
f 235/235 236/236 242/242 241/241
f 236/236 237/237 243/243 242/242
f 237/237 238/238 244/244 243/243
f 238/238 239/239 245/245 244/244
f 239/239 240/240 246/246 245/245
f 240/240 235/235 241/241 246/246
f 241/241 242/242 248/248 247/247
f 242/242 243/243 249/249 248/248
f 243/243 244/244 250/250 249/249
f 244/244 245/245 251/251 250/250
f 245/245 246/246 252/252 251/251
f 246/246 241/241 247/247 252/252
f 247/247 248/248 254/254 253/253
f 248/248 249/249 255/255 254/254
f 249/249 250/250 256/256 255/255
f 250/250 251/251 257/257 256/256
f 251/251 252/252 258/258 257/257
f 252/252 247/247 253/253 258/258
f 253/253 254/254 260/260 259/259
f 254/254 255/255 261/261 260/260
f 255/255 256/256 262/262 261/261
f 256/256 257/257 263/263 262/262
f 257/257 258/258 264/264 263/263
f 258/258 253/253 259/259 264/264
f 259/259 260/260 266/266 265/265
f 260/260 261/261 267/267 266/266
f 261/261 262/262 268/268 267/267
f 262/262 263/263 269/269 268/268
f 263/263 264/264 270/270 269/269
f 264/264 259/259 265/265 270/270
f 265/265 266/266 272/272 271/271
f 266/266 267/267 273/273 272/272
f 267/267 268/268 274/274 273/273
f 268/268 269/269 275/275 274/274
f 269/269 270/270 276/276 275/275
f 270/270 265/265 271/271 276/276
f 271/271 272/272 278/278 277/277
f 272/272 273/273 279/279 278/278
f 273/273 274/274 280/280 279/279
f 274/274 275/275 281/281 280/280
f 275/275 276/276 282/282 281/281
f 276/276 271/271 277/277 282/282
f 277/277 278/278 284/284 283/283
f 278/278 279/279 285/285 284/284
f 279/279 280/280 286/286 285/285
f 280/280 281/281 287/287 286/286
f 281/281 282/282 288/288 287/287
f 282/282 277/277 283/283 288/288
f 283/283 284/284 290/290 289/289
f 284/284 285/285 291/291 290/290
f 285/285 286/286 292/292 291/291
f 286/286 287/287 293/293 292/292
f 287/287 288/288 294/294 293/293
f 288/288 283/283 289/289 294/294
f 289/289 290/290 296/296 295/295
f 290/290 291/291 297/297 296/296
f 291/291 292/292 298/298 297/297
f 292/292 293/293 299/299 298/298
f 293/293 294/294 300/300 299/299
f 294/294 289/289 295/295 300/300
f 295/295 296/296 302/302 301/301
f 296/296 297/297 303/303 302/302
f 297/297 298/298 304/304 303/303
f 298/298 299/299 305/305 304/304
f 299/299 300/300 306/306 305/305
f 300/300 295/295 301/301 306/306
f 301/301 302/302 308/308 307/307
f 302/302 303/303 309/309 308/308
f 303/303 304/304 310/310 309/309
f 304/304 305/305 311/311 310/310
f 305/305 306/306 312/312 311/311
f 306/306 301/301 307/307 312/312
f 307/307 308/308 314/314 313/313
f 308/308 309/309 315/315 314/314
f 309/309 310/310 316/316 315/315
f 310/310 311/311 317/317 316/316
f 311/311 312/312 318/318 317/317
f 312/312 307/307 313/313 318/318
f 313/313 314/314 320/320 319/319
f 314/314 315/315 321/321 320/320
f 315/315 316/316 322/322 321/321
f 316/316 317/317 323/323 322/322
f 317/317 318/318 324/324 323/323
f 318/318 313/313 319/319 324/324
f 319/319 320/320 326/326 325/325
f 320/320 321/321 327/327 326/326
f 321/321 322/322 328/328 327/327
f 322/322 323/323 329/329 328/328
f 323/323 324/324 330/330 329/329
f 324/324 319/319 325/325 330/330
f 325/325 326/326 332/332 331/331
f 326/326 327/327 333/333 332/332
f 327/327 328/328 334/334 333/333
f 328/328 329/329 335/335 334/334
f 329/329 330/330 336/336 335/335
f 330/330 325/325 331/331 336/336
f 331/331 332/332 338/338 337/337
f 332/332 333/333 339/339 338/338
f 333/333 334/334 340/340 339/339
f 334/334 335/335 341/341 340/340
f 335/335 336/336 342/342 341/341
f 336/336 331/331 337/337 342/342
f 337/337 338/338 344/344 343/343
f 338/338 339/339 345/345 344/344
f 339/339 340/340 346/346 345/345
f 340/340 341/341 347/347 346/346
f 341/341 342/342 348/348 347/347
f 342/342 337/337 343/343 348/348
f 343/343 344/344 350/350 349/349
f 344/344 345/345 351/351 350/350
f 345/345 346/346 352/352 351/351
f 346/346 347/347 353/353 352/352
f 347/347 348/348 354/354 353/353
f 348/348 343/343 349/349 354/354
f 349/349 350/350 356/356 355/355
f 350/350 351/351 357/357 356/356
f 351/351 352/352 358/358 357/357
f 352/352 353/353 359/359 358/358
f 353/353 354/354 360/360 359/359
f 354/354 349/349 355/355 360/360
f 361/361 362/362 368/368 367/367
f 362/362 363/363 369/369 368/368
f 363/363 364/364 370/370 369/369
f 364/364 365/365 371/371 370/370
f 365/365 366/366 372/372 371/371
f 366/366 361/361 367/367 372/372
f 367/367 368/368 374/374 373/373
f 368/368 369/369 375/375 374/374
f 369/369 370/370 376/376 375/375
f 370/370 371/371 377/377 376/376
f 371/371 372/372 378/378 377/377
f 372/372 367/367 373/373 378/378
f 373/373 374/374 380/380 379/379
f 374/374 375/375 381/381 380/380
f 375/375 376/376 382/382 381/381
f 376/376 377/377 383/383 382/382
f 377/377 378/378 384/384 383/383
f 378/378 373/373 379/379 384/384
f 379/379 380/380 386/386 385/385
f 380/380 381/381 387/387 386/386
f 381/381 382/382 388/388 387/387
f 382/382 383/383 389/389 388/388
f 383/383 384/384 390/390 389/389
f 384/384 379/379 385/385 390/390
f 385/385 386/386 392/392 391/391
f 386/386 387/387 393/393 392/392
f 387/387 388/388 394/394 393/393
f 388/388 389/389 395/395 394/394
f 389/389 390/390 396/396 395/395
f 390/390 385/385 391/391 396/396
f 391/391 392/392 398/398 397/397
f 392/392 393/393 399/399 398/398
f 393/393 394/394 400/400 399/399
f 394/394 395/395 401/401 400/400
f 395/395 396/396 402/402 401/401
f 396/396 391/391 397/397 402/402
f 397/397 398/398 404/404 403/403
f 398/398 399/399 405/405 404/404
f 399/399 400/400 406/406 405/405
f 400/400 401/401 407/407 406/406
f 401/401 402/402 408/408 407/407
f 402/402 397/397 403/403 408/408
f 403/403 404/404 410/410 409/409
f 404/404 405/405 411/411 410/410
f 405/405 406/406 412/412 411/411
f 406/406 407/407 413/413 412/412
f 407/407 408/408 414/414 413/413
f 408/408 403/403 409/409 414/414
f 409/409 410/410 416/416 415/415
f 410/410 411/411 417/417 416/416
f 411/411 412/412 418/418 417/417
f 412/412 413/413 419/419 418/418
f 413/413 414/414 420/420 419/419
f 414/414 409/409 415/415 420/420
f 415/415 416/416 422/422 421/421
f 416/416 417/417 423/423 422/422
f 417/417 418/418 424/424 423/423
f 418/418 419/419 425/425 424/424
f 419/419 420/420 426/426 425/425
f 420/420 415/415 421/421 426/426
f 421/421 422/422 428/428 427/427
f 422/422 423/423 429/429 428/428
f 423/423 424/424 430/430 429/429
f 424/424 425/425 431/431 430/430
f 425/425 426/426 432/432 431/431
f 426/426 421/421 427/427 432/432
f 427/427 428/428 434/434 433/433
f 428/428 429/429 435/435 434/434
f 429/429 430/430 436/436 435/435
f 430/430 431/431 437/437 436/436
f 431/431 432/432 438/438 437/437
f 432/432 427/427 433/433 438/438
f 433/433 434/434 440/440 439/439
f 434/434 435/435 441/441 440/440
f 435/435 436/436 442/442 441/441
f 436/436 437/437 443/443 442/442
f 437/437 438/438 444/444 443/443
f 438/438 433/433 439/439 444/444
f 439/439 440/440 446/446 445/445
f 440/440 441/441 447/447 446/446
f 441/441 442/442 448/448 447/447
f 442/442 443/443 449/449 448/448
f 443/443 444/444 450/450 449/449
f 444/444 439/439 445/445 450/450
f 445/445 446/446 452/452 451/451
f 446/446 447/447 453/453 452/452
f 447/447 448/448 454/454 453/453
f 448/448 449/449 455/455 454/454
f 449/449 450/450 456/456 455/455
f 450/450 445/445 451/451 456/456
f 451/451 452/452 458/458 457/457
f 452/452 453/453 459/459 458/458
f 453/453 454/454 460/460 459/459
f 454/454 455/455 461/461 460/460
f 455/455 456/456 462/462 461/461
f 456/456 451/451 457/457 462/462
f 457/457 458/458 464/464 463/463
f 458/458 459/459 465/465 464/464
f 459/459 460/460 466/466 465/465
f 460/460 461/461 467/467 466/466
f 461/461 462/462 468/468 467/467
f 462/462 457/457 463/463 468/468
f 463/463 464/464 470/470 469/469
f 464/464 465/465 471/471 470/470
f 465/465 466/466 472/472 471/471
f 466/466 467/467 473/473 472/472
f 467/467 468/468 474/474 473/473
f 468/468 463/463 469/469 474/474
f 469/469 470/470 476/476 475/475
f 470/470 471/471 477/477 476/476
f 471/471 472/472 478/478 477/477
f 472/472 473/473 479/479 478/478
f 473/473 474/474 480/480 479/479
f 474/474 469/469 475/475 480/480
f 475/475 476/476 482/482 481/481
f 476/476 477/477 483/483 482/482
f 477/477 478/478 484/484 483/483
f 478/478 479/479 485/485 484/484
f 479/479 480/480 486/486 485/485
f 480/480 475/475 481/481 486/486
f 481/481 482/482 488/488 487/487
f 482/482 483/483 489/489 488/488
f 483/483 484/484 490/490 489/489
f 484/484 485/485 491/491 490/490
f 485/485 486/486 492/492 491/491
f 486/486 481/481 487/487 492/492
f 487/487 488/488 494/494 493/493
f 488/488 489/489 495/495 494/494
f 489/489 490/490 496/496 495/495
f 490/490 491/491 497/497 496/496
f 491/491 492/492 498/498 497/497
f 492/492 487/487 493/493 498/498
f 493/493 494/494 500/500 499/499
f 494/494 495/495 501/501 500/500
f 495/495 496/496 502/502 501/501
f 496/496 497/497 503/503 502/502
f 497/497 498/498 504/504 503/503
f 498/498 493/493 499/499 504/504
f 499/499 500/500 506/506 505/505
f 500/500 501/501 507/507 506/506
f 501/501 502/502 508/508 507/507
f 502/502 503/503 509/509 508/508
f 503/503 504/504 510/510 509/509
f 504/504 499/499 505/505 510/510
f 505/505 506/506 512/512 511/511
f 506/506 507/507 513/513 512/512
f 507/507 508/508 514/514 513/513
f 508/508 509/509 515/515 514/514
f 509/509 510/510 516/516 515/515
f 510/510 505/505 511/511 516/516
f 511/511 512/512 518/518 517/517
f 512/512 513/513 519/519 518/518
f 513/513 514/514 520/520 519/519
f 514/514 515/515 521/521 520/520
f 515/515 516/516 522/522 521/521
f 516/516 511/511 517/517 522/522
f 517/517 518/518 524/524 523/523
f 518/518 519/519 525/525 524/524
f 519/519 520/520 526/526 525/525
f 520/520 521/521 527/527 526/526
f 521/521 522/522 528/528 527/527
f 522/522 517/517 523/523 528/528
f 523/523 524/524 530/530 529/529
f 524/524 525/525 531/531 530/530
f 525/525 526/526 532/532 531/531
f 526/526 527/527 533/533 532/532
f 527/527 528/528 534/534 533/533
f 528/528 523/523 529/529 534/534
f 529/529 530/530 536/536 535/535
f 530/530 531/531 537/537 536/536
f 531/531 532/532 538/538 537/537
f 532/532 533/533 539/539 538/538
f 533/533 534/534 540/540 539/539
f 534/534 529/529 535/535 540/540
f 535/535 536/536 542/542 541/541
f 536/536 537/537 543/543 542/542
f 537/537 538/538 544/544 543/543
f 538/538 539/539 545/545 544/544
f 539/539 540/540 546/546 545/545
f 540/540 535/535 541/541 546/546
f 541/541 542/542 548/548 547/547
f 542/542 543/543 549/549 548/548
f 543/543 544/544 550/550 549/549
f 544/544 545/545 551/551 550/550
f 545/545 546/546 552/552 551/551
f 546/546 541/541 547/547 552/552
f 547/547 548/548 554/554 553/553
f 548/548 549/549 555/555 554/554
f 549/549 550/550 556/556 555/555
f 550/550 551/551 557/557 556/556
f 551/551 552/552 558/558 557/557
f 552/552 547/547 553/553 558/558
f 553/553 554/554 560/560 559/559
f 554/554 555/555 561/561 560/560
f 555/555 556/556 562/562 561/561
f 556/556 557/557 563/563 562/562
f 557/557 558/558 564/564 563/563
f 558/558 553/553 559/559 564/564
f 559/559 560/560 566/566 565/565
f 560/560 561/561 567/567 566/566
f 561/561 562/562 568/568 567/567
f 562/562 563/563 569/569 568/568
f 563/563 564/564 570/570 569/569
f 564/564 559/559 565/565 570/570
f 565/565 566/566 572/572 571/571
f 566/566 567/567 573/573 572/572
f 567/567 568/568 574/574 573/573
f 568/568 569/569 575/575 574/574
f 569/569 570/570 576/576 575/575
f 570/570 565/565 571/571 576/576
f 571/571 572/572 578/578 577/577
f 572/572 573/573 579/579 578/578
f 573/573 574/574 580/580 579/579
f 574/574 575/575 581/581 580/580
f 575/575 576/576 582/582 581/581
f 576/576 571/571 577/577 582/582
f 577/577 578/578 584/584 583/583
f 578/578 579/579 585/585 584/584
f 579/579 580/580 586/586 585/585
f 580/580 581/581 587/587 586/586
f 581/581 582/582 588/588 587/587
f 582/582 577/577 583/583 588/588
f 583/583 584/584 590/590 589/589
f 584/584 585/585 591/591 590/590
f 585/585 586/586 592/592 591/591
f 586/586 587/587 593/593 592/592
f 587/587 588/588 594/594 593/593
f 588/588 583/583 589/589 594/594
f 589/589 590/590 596/596 595/595
f 590/590 591/591 597/597 596/596
f 591/591 592/592 598/598 597/597
f 592/592 593/593 599/599 598/598
f 593/593 594/594 600/600 599/599
f 594/594 589/589 595/595 600/600
f 595/595 596/596 602/602 601/601
f 596/596 597/597 603/603 602/602
f 597/597 598/598 604/604 603/603
f 598/598 599/599 605/605 604/604
f 599/599 600/600 606/606 605/605
f 600/600 595/595 601/601 606/606
f 601/601 602/602 608/608 607/607
f 602/602 603/603 609/609 608/608
f 603/603 604/604 610/610 609/609
f 604/604 605/605 611/611 610/610
f 605/605 606/606 612/612 611/611
f 606/606 601/601 607/607 612/612
f 607/607 608/608 614/614 613/613
f 608/608 609/609 615/615 614/614
f 609/609 610/610 616/616 615/615
f 610/610 611/611 617/617 616/616
f 611/611 612/612 618/618 617/617
f 612/612 607/607 613/613 618/618
f 613/613 614/614 620/620 619/619
f 614/614 615/615 621/621 620/620
f 615/615 616/616 622/622 621/621
f 616/616 617/617 623/623 622/622
f 617/617 618/618 624/624 623/623
f 618/618 613/613 619/619 624/624
f 619/619 620/620 626/626 625/625
f 620/620 621/621 627/627 626/626
f 621/621 622/622 628/628 627/627
f 622/622 623/623 629/629 628/628
f 623/623 624/624 630/630 629/629
f 624/624 619/619 625/625 630/630
f 625/625 626/626 632/632 631/631
f 626/626 627/627 633/633 632/632
f 627/627 628/628 634/634 633/633
f 628/628 629/629 635/635 634/634
f 629/629 630/630 636/636 635/635
f 630/630 625/625 631/631 636/636
f 631/631 632/632 638/638 637/637
f 632/632 633/633 639/639 638/638
f 633/633 634/634 640/640 639/639
f 634/634 635/635 641/641 640/640
f 635/635 636/636 642/642 641/641
f 636/636 631/631 637/637 642/642
f 637/637 638/638 644/644 643/643
f 638/638 639/639 645/645 644/644
f 639/639 640/640 646/646 645/645
f 640/640 641/641 647/647 646/646
f 641/641 642/642 648/648 647/647
f 642/642 637/637 643/643 648/648
f 643/643 644/644 650/650 649/649
f 644/644 645/645 651/651 650/650
f 645/645 646/646 652/652 651/651
f 646/646 647/647 653/653 652/652
f 647/647 648/648 654/654 653/653
f 648/648 643/643 649/649 654/654
f 649/649 650/650 656/656 655/655
f 650/650 651/651 657/657 656/656
f 651/651 652/652 658/658 657/657
f 652/652 653/653 659/659 658/658
f 653/653 654/654 660/660 659/659
f 654/654 649/649 655/655 660/660
f 655/655 656/656 662/662 661/661
f 656/656 657/657 663/663 662/662
f 657/657 658/658 664/664 663/663
f 658/658 659/659 665/665 664/664
f 659/659 660/660 666/666 665/665
f 660/660 655/655 661/661 666/666
f 661/661 662/662 668/668 667/667
f 662/662 663/663 669/669 668/668
f 663/663 664/664 670/670 669/669
f 664/664 665/665 671/671 670/670
f 665/665 666/666 672/672 671/671
f 666/666 661/661 667/667 672/672
f 667/667 668/668 674/674 673/673
f 668/668 669/669 675/675 674/674
f 669/669 670/670 676/676 675/675
f 670/670 671/671 677/677 676/676
f 671/671 672/672 678/678 677/677
f 672/672 667/667 673/673 678/678
f 673/673 674/674 680/680 679/679
f 674/674 675/675 681/681 680/680
f 675/675 676/676 682/682 681/681
f 676/676 677/677 683/683 682/682
f 677/677 678/678 684/684 683/683
f 678/678 673/673 679/679 684/684
f 679/679 680/680 686/686 685/685
f 680/680 681/681 687/687 686/686
f 681/681 682/682 688/688 687/687
f 682/682 683/683 689/689 688/688
f 683/683 684/684 690/690 689/689
f 684/684 679/679 685/685 690/690
f 685/685 686/686 692/692 691/691
f 686/686 687/687 693/693 692/692
f 687/687 688/688 694/694 693/693
f 688/688 689/689 695/695 694/694
f 689/689 690/690 696/696 695/695
f 690/690 685/685 691/691 696/696
f 691/691 692/692 698/698 697/697
f 692/692 693/693 699/699 698/698
f 693/693 694/694 700/700 699/699
f 694/694 695/695 701/701 700/700
f 695/695 696/696 702/702 701/701
f 696/696 691/691 697/697 702/702
f 697/697 698/698 704/704 703/703
f 698/698 699/699 705/705 704/704
f 699/699 700/700 706/706 705/705
f 700/700 701/701 707/707 706/706
f 701/701 702/702 708/708 707/707
f 702/702 697/697 703/703 708/708
f 703/703 704/704 710/710 709/709
f 704/704 705/705 711/711 710/710
f 705/705 706/706 712/712 711/711
f 706/706 707/707 713/713 712/712
f 707/707 708/708 714/714 713/713
f 708/708 703/703 709/709 714/714
f 709/709 710/710 716/716 715/715
f 710/710 711/711 717/717 716/716
f 711/711 712/712 718/718 717/717
f 712/712 713/713 719/719 718/718
f 713/713 714/714 720/720 719/719
f 714/714 709/709 715/715 720/720
f 721/721 722/722 728/728 727/727
f 722/722 723/723 729/729 728/728
f 723/723 724/724 730/730 729/729
f 724/724 725/725 731/731 730/730
f 725/725 726/726 732/732 731/731
f 726/726 721/721 727/727 732/732
f 727/727 728/728 734/734 733/733
f 728/728 729/729 735/735 734/734
f 729/729 730/730 736/736 735/735
f 730/730 731/731 737/737 736/736
f 731/731 732/732 738/738 737/737
f 732/732 727/727 733/733 738/738
f 733/733 734/734 740/740 739/739
f 734/734 735/735 741/741 740/740
f 735/735 736/736 742/742 741/741
f 736/736 737/737 743/743 742/742
f 737/737 738/738 744/744 743/743
f 738/738 733/733 739/739 744/744
f 739/739 740/740 746/746 745/745
f 740/740 741/741 747/747 746/746
f 741/741 742/742 748/748 747/747
f 742/742 743/743 749/749 748/748
f 743/743 744/744 750/750 749/749
f 744/744 739/739 745/745 750/750
f 745/745 746/746 752/752 751/751
f 746/746 747/747 753/753 752/752
f 747/747 748/748 754/754 753/753
f 748/748 749/749 755/755 754/754
f 749/749 750/750 756/756 755/755
f 750/750 745/745 751/751 756/756
f 751/751 752/752 758/758 757/757
f 752/752 753/753 759/759 758/758
f 753/753 754/754 760/760 759/759
f 754/754 755/755 761/761 760/760
f 755/755 756/756 762/762 761/761
f 756/756 751/751 757/757 762/762
f 757/757 758/758 764/764 763/763
f 758/758 759/759 765/765 764/764
f 759/759 760/760 766/766 765/765
f 760/760 761/761 767/767 766/766
f 761/761 762/762 768/768 767/767
f 762/762 757/757 763/763 768/768
f 763/763 764/764 770/770 769/769
f 764/764 765/765 771/771 770/770
f 765/765 766/766 772/772 771/771
f 766/766 767/767 773/773 772/772
f 767/767 768/768 774/774 773/773
f 768/768 763/763 769/769 774/774
f 769/769 770/770 776/776 775/775
f 770/770 771/771 777/777 776/776
f 771/771 772/772 778/778 777/777
f 772/772 773/773 779/779 778/778
f 773/773 774/774 780/780 779/779
f 774/774 769/769 775/775 780/780
f 775/775 776/776 782/782 781/781
f 776/776 777/777 783/783 782/782
f 777/777 778/778 784/784 783/783
f 778/778 779/779 785/785 784/784
f 779/779 780/780 786/786 785/785
f 780/780 775/775 781/781 786/786
f 781/781 782/782 788/788 787/787
f 782/782 783/783 789/789 788/788
f 783/783 784/784 790/790 789/789
f 784/784 785/785 791/791 790/790
f 785/785 786/786 792/792 791/791
f 786/786 781/781 787/787 792/792
f 787/787 788/788 794/794 793/793
f 788/788 789/789 795/795 794/794
f 789/789 790/790 796/796 795/795
f 790/790 791/791 797/797 796/796
f 791/791 792/792 798/798 797/797
f 792/792 787/787 793/793 798/798
f 793/793 794/794 800/800 799/799
f 794/794 795/795 801/801 800/800
f 795/795 796/796 802/802 801/801
f 796/796 797/797 803/803 802/802
f 797/797 798/798 804/804 803/803
f 798/798 793/793 799/799 804/804
f 799/799 800/800 806/806 805/805
f 800/800 801/801 807/807 806/806
f 801/801 802/802 808/808 807/807
f 802/802 803/803 809/809 808/808
f 803/803 804/804 810/810 809/809
f 804/804 799/799 805/805 810/810
f 805/805 806/806 812/812 811/811
f 806/806 807/807 813/813 812/812
f 807/807 808/808 814/814 813/813
f 808/808 809/809 815/815 814/814
f 809/809 810/810 816/816 815/815
f 810/810 805/805 811/811 816/816
f 811/811 812/812 818/818 817/817
f 812/812 813/813 819/819 818/818
f 813/813 814/814 820/820 819/819
f 814/814 815/815 821/821 820/820
f 815/815 816/816 822/822 821/821
f 816/816 811/811 817/817 822/822
f 817/817 818/818 824/824 823/823
f 818/818 819/819 825/825 824/824
f 819/819 820/820 826/826 825/825
f 820/820 821/821 827/827 826/826
f 821/821 822/822 828/828 827/827
f 822/822 817/817 823/823 828/828
f 823/823 824/824 830/830 829/829
f 824/824 825/825 831/831 830/830
f 825/825 826/826 832/832 831/831
f 826/826 827/827 833/833 832/832
f 827/827 828/828 834/834 833/833
f 828/828 823/823 829/829 834/834
f 829/829 830/830 836/836 835/835
f 830/830 831/831 837/837 836/836
f 831/831 832/832 838/838 837/837
f 832/832 833/833 839/839 838/838
f 833/833 834/834 840/840 839/839
f 834/834 829/829 835/835 840/840
f 835/835 836/836 842/842 841/841
f 836/836 837/837 843/843 842/842
f 837/837 838/838 844/844 843/843
f 838/838 839/839 845/845 844/844
f 839/839 840/840 846/846 845/845
f 840/840 835/835 841/841 846/846
f 841/841 842/842 848/848 847/847
f 842/842 843/843 849/849 848/848
f 843/843 844/844 850/850 849/849
f 844/844 845/845 851/851 850/850
f 845/845 846/846 852/852 851/851
f 846/846 841/841 847/847 852/852
f 847/847 848/848 854/854 853/853
f 848/848 849/849 855/855 854/854
f 849/849 850/850 856/856 855/855
f 850/850 851/851 857/857 856/856
f 851/851 852/852 858/858 857/857
f 852/852 847/847 853/853 858/858
f 853/853 854/854 860/860 859/859
f 854/854 855/855 861/861 860/860
f 855/855 856/856 862/862 861/861
f 856/856 857/857 863/863 862/862
f 857/857 858/858 864/864 863/863
f 858/858 853/853 859/859 864/864
f 859/859 860/860 866/866 865/865
f 860/860 861/861 867/867 866/866
f 861/861 862/862 868/868 867/867
f 862/862 863/863 869/869 868/868
f 863/863 864/864 870/870 869/869
f 864/864 859/859 865/865 870/870
f 865/865 866/866 872/872 871/871
f 866/866 867/867 873/873 872/872
f 867/867 868/868 874/874 873/873
f 868/868 869/869 875/875 874/874
f 869/869 870/870 876/876 875/875
f 870/870 865/865 871/871 876/876
f 871/871 872/872 878/878 877/877
f 872/872 873/873 879/879 878/878
f 873/873 874/874 880/880 879/879
f 874/874 875/875 881/881 880/880
f 875/875 876/876 882/882 881/881
f 876/876 871/871 877/877 882/882
f 877/877 878/878 884/884 883/883
f 878/878 879/879 885/885 884/884
f 879/879 880/880 886/886 885/885
f 880/880 881/881 887/887 886/886
f 881/881 882/882 888/888 887/887
f 882/882 877/877 883/883 888/888
f 883/883 884/884 890/890 889/889
f 884/884 885/885 891/891 890/890
f 885/885 886/886 892/892 891/891
f 886/886 887/887 893/893 892/892
f 887/887 888/888 894/894 893/893
f 888/888 883/883 889/889 894/894
f 889/889 890/890 896/896 895/895
f 890/890 891/891 897/897 896/896
f 891/891 892/892 898/898 897/897
f 892/892 893/893 899/899 898/898
f 893/893 894/894 900/900 899/899
f 894/894 889/889 895/895 900/900
f 895/895 896/896 902/902 901/901
f 896/896 897/897 903/903 902/902
f 897/897 898/898 904/904 903/903
f 898/898 899/899 905/905 904/904
f 899/899 900/900 906/906 905/905
f 900/900 895/895 901/901 906/906
f 901/901 902/902 908/908 907/907
f 902/902 903/903 909/909 908/908
f 903/903 904/904 910/910 909/909
f 904/904 905/905 911/911 910/910
f 905/905 906/906 912/912 911/911
f 906/906 901/901 907/907 912/912
f 907/907 908/908 914/914 913/913
f 908/908 909/909 915/915 914/914
f 909/909 910/910 916/916 915/915
f 910/910 911/911 917/917 916/916
f 911/911 912/912 918/918 917/917
f 912/912 907/907 913/913 918/918
f 913/913 914/914 920/920 919/919
f 914/914 915/915 921/921 920/920
f 915/915 916/916 922/922 921/921
f 916/916 917/917 923/923 922/922
f 917/917 918/918 924/924 923/923
f 918/918 913/913 919/919 924/924
f 919/919 920/920 926/926 925/925
f 920/920 921/921 927/927 926/926
f 921/921 922/922 928/928 927/927
f 922/922 923/923 929/929 928/928
f 923/923 924/924 930/930 929/929
f 924/924 919/919 925/925 930/930
f 925/925 926/926 932/932 931/931
f 926/926 927/927 933/933 932/932
f 927/927 928/928 934/934 933/933
f 928/928 929/929 935/935 934/934
f 929/929 930/930 936/936 935/935
f 930/930 925/925 931/931 936/936
f 931/931 932/932 938/938 937/937
f 932/932 933/933 939/939 938/938
f 933/933 934/934 940/940 939/939
f 934/934 935/935 941/941 940/940
f 935/935 936/936 942/942 941/941
f 936/936 931/931 937/937 942/942
f 937/937 938/938 944/944 943/943
f 938/938 939/939 945/945 944/944
f 939/939 940/940 946/946 945/945
f 940/940 941/941 947/947 946/946
f 941/941 942/942 948/948 947/947
f 942/942 937/937 943/943 948/948
f 943/943 944/944 950/950 949/949
f 944/944 945/945 951/951 950/950
f 945/945 946/946 952/952 951/951
f 946/946 947/947 953/953 952/952
f 947/947 948/948 954/954 953/953
f 948/948 943/943 949/949 954/954
f 949/949 950/950 956/956 955/955
f 950/950 951/951 957/957 956/956
f 951/951 952/952 958/958 957/957
f 952/952 953/953 959/959 958/958
f 953/953 954/954 960/960 959/959
f 954/954 949/949 955/955 960/960
f 955/955 956/956 962/962 961/961
f 956/956 957/957 963/963 962/962
f 957/957 958/958 964/964 963/963
f 958/958 959/959 965/965 964/964
f 959/959 960/960 966/966 965/965
f 960/960 955/955 961/961 966/966
f 961/961 962/962 968/968 967/967
f 962/962 963/963 969/969 968/968
f 963/963 964/964 970/970 969/969
f 964/964 965/965 971/971 970/970
f 965/965 966/966 972/972 971/971
f 966/966 961/961 967/967 972/972
f 967/967 968/968 974/974 973/973
f 968/968 969/969 975/975 974/974
f 969/969 970/970 976/976 975/975
f 970/970 971/971 977/977 976/976
f 971/971 972/972 978/978 977/977
f 972/972 967/967 973/973 978/978
f 973/973 974/974 980/980 979/979
f 974/974 975/975 981/981 980/980
f 975/975 976/976 982/982 981/981
f 976/976 977/977 983/983 982/982
f 977/977 978/978 984/984 983/983
f 978/978 973/973 979/979 984/984
f 979/979 980/980 986/986 985/985
f 980/980 981/981 987/987 986/986
f 981/981 982/982 988/988 987/987
f 982/982 983/983 989/989 988/988
f 983/983 984/984 990/990 989/989
f 984/984 979/979 985/985 990/990
f 985/985 986/986 992/992 991/991
f 986/986 987/987 993/993 992/992
f 987/987 988/988 994/994 993/993
f 988/988 989/989 995/995 994/994
f 989/989 990/990 996/996 995/995
f 990/990 985/985 991/991 996/996
f 991/991 992/992 998/998 997/997
f 992/992 993/993 999/999 998/998
f 993/993 994/994 1000/1000 999/999
f 994/994 995/995 1001/1001 1000/1000
f 995/995 996/996 1002/1002 1001/1001
f 996/996 991/991 997/997 1002/1002
f 997/997 998/998 1004/1004 1003/1003
f 998/998 999/999 1005/1005 1004/1004
f 999/999 1000/1000 1006/1006 1005/1005
f 1000/1000 1001/1001 1007/1007 1006/1006
f 1001/1001 1002/1002 1008/1008 1007/1007
f 1002/1002 997/997 1003/1003 1008/1008
f 1003/1003 1004/1004 1010/1010 1009/1009
f 1004/1004 1005/1005 1011/1011 1010/1010
f 1005/1005 1006/1006 1012/1012 1011/1011
f 1006/1006 1007/1007 1013/1013 1012/1012
f 1007/1007 1008/1008 1014/1014 1013/1013
f 1008/1008 1003/1003 1009/1009 1014/1014
f 1009/1009 1010/1010 1016/1016 1015/1015
f 1010/1010 1011/1011 1017/1017 1016/1016
f 1011/1011 1012/1012 1018/1018 1017/1017
f 1012/1012 1013/1013 1019/1019 1018/1018
f 1013/1013 1014/1014 1020/1020 1019/1019
f 1014/1014 1009/1009 1015/1015 1020/1020
f 1015/1015 1016/1016 1022/1022 1021/1021
f 1016/1016 1017/1017 1023/1023 1022/1022
f 1017/1017 1018/1018 1024/1024 1023/1023
f 1018/1018 1019/1019 1025/1025 1024/1024
f 1019/1019 1020/1020 1026/1026 1025/1025
f 1020/1020 1015/1015 1021/1021 1026/1026
f 1021/1021 1022/1022 1028/1028 1027/1027
f 1022/1022 1023/1023 1029/1029 1028/1028
f 1023/1023 1024/1024 1030/1030 1029/1029
f 1024/1024 1025/1025 1031/1031 1030/1030
f 1025/1025 1026/1026 1032/1032 1031/1031
f 1026/1026 1021/1021 1027/1027 1032/1032
f 1027/1027 1028/1028 1034/1034 1033/1033
f 1028/1028 1029/1029 1035/1035 1034/1034
f 1029/1029 1030/1030 1036/1036 1035/1035
f 1030/1030 1031/1031 1037/1037 1036/1036
f 1031/1031 1032/1032 1038/1038 1037/1037
f 1032/1032 1027/1027 1033/1033 1038/1038
f 1033/1033 1034/1034 1040/1040 1039/1039
f 1034/1034 1035/1035 1041/1041 1040/1040
f 1035/1035 1036/1036 1042/1042 1041/1041
f 1036/1036 1037/1037 1043/1043 1042/1042
f 1037/1037 1038/1038 1044/1044 1043/1043
f 1038/1038 1033/1033 1039/1039 1044/1044
f 1039/1039 1040/1040 1046/1046 1045/1045
f 1040/1040 1041/1041 1047/1047 1046/1046
f 1041/1041 1042/1042 1048/1048 1047/1047
f 1042/1042 1043/1043 1049/1049 1048/1048
f 1043/1043 1044/1044 1050/1050 1049/1049
f 1044/1044 1039/1039 1045/1045 1050/1050
f 1045/1045 1046/1046 1052/1052 1051/1051
f 1046/1046 1047/1047 1053/1053 1052/1052
f 1047/1047 1048/1048 1054/1054 1053/1053
f 1048/1048 1049/1049 1055/1055 1054/1054
f 1049/1049 1050/1050 1056/1056 1055/1055
f 1050/1050 1045/1045 1051/1051 1056/1056
f 1051/1051 1052/1052 1058/1058 1057/1057
f 1052/1052 1053/1053 1059/1059 1058/1058
f 1053/1053 1054/1054 1060/1060 1059/1059
f 1054/1054 1055/1055 1061/1061 1060/1060
f 1055/1055 1056/1056 1062/1062 1061/1061
f 1056/1056 1051/1051 1057/1057 1062/1062
f 1057/1057 1058/1058 1064/1064 1063/1063
f 1058/1058 1059/1059 1065/1065 1064/1064
f 1059/1059 1060/1060 1066/1066 1065/1065
f 1060/1060 1061/1061 1067/1067 1066/1066
f 1061/1061 1062/1062 1068/1068 1067/1067
f 1062/1062 1057/1057 1063/1063 1068/1068
f 1063/1063 1064/1064 1070/1070 1069/1069
f 1064/1064 1065/1065 1071/1071 1070/1070
f 1065/1065 1066/1066 1072/1072 1071/1071
f 1066/1066 1067/1067 1073/1073 1072/1072
f 1067/1067 1068/1068 1074/1074 1073/1073
f 1068/1068 1063/1063 1069/1069 1074/1074
f 1075/1075 1076/1076 1082/1082 1081/1081
f 1076/1076 1077/1077 1083/1083 1082/1082
f 1077/1077 1078/1078 1084/1084 1083/1083
f 1078/1078 1079/1079 1085/1085 1084/1084
f 1079/1079 1080/1080 1086/1086 1085/1085
f 1080/1080 1075/1075 1081/1081 1086/1086
f 1081/1081 1082/1082 1088/1088 1087/1087
f 1082/1082 1083/1083 1089/1089 1088/1088
f 1083/1083 1084/1084 1090/1090 1089/1089
f 1084/1084 1085/1085 1091/1091 1090/1090
f 1085/1085 1086/1086 1092/1092 1091/1091
f 1086/1086 1081/1081 1087/1087 1092/1092
f 1087/1087 1088/1088 1094/1094 1093/1093
f 1088/1088 1089/1089 1095/1095 1094/1094
f 1089/1089 1090/1090 1096/1096 1095/1095
f 1090/1090 1091/1091 1097/1097 1096/1096
f 1091/1091 1092/1092 1098/1098 1097/1097
f 1092/1092 1087/1087 1093/1093 1098/1098
f 1093/1093 1094/1094 1100/1100 1099/1099
f 1094/1094 1095/1095 1101/1101 1100/1100
f 1095/1095 1096/1096 1102/1102 1101/1101
f 1096/1096 1097/1097 1103/1103 1102/1102
f 1097/1097 1098/1098 1104/1104 1103/1103
f 1098/1098 1093/1093 1099/1099 1104/1104
f 1099/1099 1100/1100 1106/1106 1105/1105
f 1100/1100 1101/1101 1107/1107 1106/1106
f 1101/1101 1102/1102 1108/1108 1107/1107
f 1102/1102 1103/1103 1109/1109 1108/1108
f 1103/1103 1104/1104 1110/1110 1109/1109
f 1104/1104 1099/1099 1105/1105 1110/1110
f 1105/1105 1106/1106 1112/1112 1111/1111
f 1106/1106 1107/1107 1113/1113 1112/1112
f 1107/1107 1108/1108 1114/1114 1113/1113
f 1108/1108 1109/1109 1115/1115 1114/1114
f 1109/1109 1110/1110 1116/1116 1115/1115
f 1110/1110 1105/1105 1111/1111 1116/1116
f 1111/1111 1112/1112 1118/1118 1117/1117
f 1112/1112 1113/1113 1119/1119 1118/1118
f 1113/1113 1114/1114 1120/1120 1119/1119
f 1114/1114 1115/1115 1121/1121 1120/1120
f 1115/1115 1116/1116 1122/1122 1121/1121
f 1116/1116 1111/1111 1117/1117 1122/1122
f 1117/1117 1118/1118 1124/1124 1123/1123
f 1118/1118 1119/1119 1125/1125 1124/1124
f 1119/1119 1120/1120 1126/1126 1125/1125
f 1120/1120 1121/1121 1127/1127 1126/1126
f 1121/1121 1122/1122 1128/1128 1127/1127
f 1122/1122 1117/1117 1123/1123 1128/1128
f 1123/1123 1124/1124 1130/1130 1129/1129
f 1124/1124 1125/1125 1131/1131 1130/1130
f 1125/1125 1126/1126 1132/1132 1131/1131
f 1126/1126 1127/1127 1133/1133 1132/1132
f 1127/1127 1128/1128 1134/1134 1133/1133
f 1128/1128 1123/1123 1129/1129 1134/1134
f 1129/1129 1130/1130 1136/1136 1135/1135
f 1130/1130 1131/1131 1137/1137 1136/1136
f 1131/1131 1132/1132 1138/1138 1137/1137
f 1132/1132 1133/1133 1139/1139 1138/1138
f 1133/1133 1134/1134 1140/1140 1139/1139
f 1134/1134 1129/1129 1135/1135 1140/1140
f 1135/1135 1136/1136 1142/1142 1141/1141
f 1136/1136 1137/1137 1143/1143 1142/1142
f 1137/1137 1138/1138 1144/1144 1143/1143
f 1138/1138 1139/1139 1145/1145 1144/1144
f 1139/1139 1140/1140 1146/1146 1145/1145
f 1140/1140 1135/1135 1141/1141 1146/1146
f 1141/1141 1142/1142 1148/1148 1147/1147
f 1142/1142 1143/1143 1149/1149 1148/1148
f 1143/1143 1144/1144 1150/1150 1149/1149
f 1144/1144 1145/1145 1151/1151 1150/1150
f 1145/1145 1146/1146 1152/1152 1151/1151
f 1146/1146 1141/1141 1147/1147 1152/1152
f 1147/1147 1148/1148 1154/1154 1153/1153
f 1148/1148 1149/1149 1155/1155 1154/1154
f 1149/1149 1150/1150 1156/1156 1155/1155
f 1150/1150 1151/1151 1157/1157 1156/1156
f 1151/1151 1152/1152 1158/1158 1157/1157
f 1152/1152 1147/1147 1153/1153 1158/1158
f 1153/1153 1154/1154 1160/1160 1159/1159
f 1154/1154 1155/1155 1161/1161 1160/1160
f 1155/1155 1156/1156 1162/1162 1161/1161
f 1156/1156 1157/1157 1163/1163 1162/1162
f 1157/1157 1158/1158 1164/1164 1163/1163
f 1158/1158 1153/1153 1159/1159 1164/1164
f 1159/1159 1160/1160 1166/1166 1165/1165
f 1160/1160 1161/1161 1167/1167 1166/1166
f 1161/1161 1162/1162 1168/1168 1167/1167
f 1162/1162 1163/1163 1169/1169 1168/1168
f 1163/1163 1164/1164 1170/1170 1169/1169
f 1164/1164 1159/1159 1165/1165 1170/1170
f 1165/1165 1166/1166 1172/1172 1171/1171
f 1166/1166 1167/1167 1173/1173 1172/1172
f 1167/1167 1168/1168 1174/1174 1173/1173
f 1168/1168 1169/1169 1175/1175 1174/1174
f 1169/1169 1170/1170 1176/1176 1175/1175
f 1170/1170 1165/1165 1171/1171 1176/1176
f 1171/1171 1172/1172 1178/1178 1177/1177
f 1172/1172 1173/1173 1179/1179 1178/1178
f 1173/1173 1174/1174 1180/1180 1179/1179
f 1174/1174 1175/1175 1181/1181 1180/1180
f 1175/1175 1176/1176 1182/1182 1181/1181
f 1176/1176 1171/1171 1177/1177 1182/1182
f 1177/1177 1178/1178 1184/1184 1183/1183
f 1178/1178 1179/1179 1185/1185 1184/1184
f 1179/1179 1180/1180 1186/1186 1185/1185
f 1180/1180 1181/1181 1187/1187 1186/1186
f 1181/1181 1182/1182 1188/1188 1187/1187
f 1182/1182 1177/1177 1183/1183 1188/1188
f 1183/1183 1184/1184 1190/1190 1189/1189
f 1184/1184 1185/1185 1191/1191 1190/1190
f 1185/1185 1186/1186 1192/1192 1191/1191
f 1186/1186 1187/1187 1193/1193 1192/1192
f 1187/1187 1188/1188 1194/1194 1193/1193
f 1188/1188 1183/1183 1189/1189 1194/1194
f 1189/1189 1190/1190 1196/1196 1195/1195
f 1190/1190 1191/1191 1197/1197 1196/1196
f 1191/1191 1192/1192 1198/1198 1197/1197
f 1192/1192 1193/1193 1199/1199 1198/1198
f 1193/1193 1194/1194 1200/1200 1199/1199
f 1194/1194 1189/1189 1195/1195 1200/1200
f 1195/1195 1196/1196 1202/1202 1201/1201
f 1196/1196 1197/1197 1203/1203 1202/1202
f 1197/1197 1198/1198 1204/1204 1203/1203
f 1198/1198 1199/1199 1205/1205 1204/1204
f 1199/1199 1200/1200 1206/1206 1205/1205
f 1200/1200 1195/1195 1201/1201 1206/1206
f 1201/1201 1202/1202 1208/1208 1207/1207
f 1202/1202 1203/1203 1209/1209 1208/1208
f 1203/1203 1204/1204 1210/1210 1209/1209
f 1204/1204 1205/1205 1211/1211 1210/1210
f 1205/1205 1206/1206 1212/1212 1211/1211
f 1206/1206 1201/1201 1207/1207 1212/1212
f 1207/1207 1208/1208 1214/1214 1213/1213
f 1208/1208 1209/1209 1215/1215 1214/1214
f 1209/1209 1210/1210 1216/1216 1215/1215
f 1210/1210 1211/1211 1217/1217 1216/1216
f 1211/1211 1212/1212 1218/1218 1217/1217
f 1212/1212 1207/1207 1213/1213 1218/1218
f 1213/1213 1214/1214 1220/1220 1219/1219
f 1214/1214 1215/1215 1221/1221 1220/1220
f 1215/1215 1216/1216 1222/1222 1221/1221
f 1216/1216 1217/1217 1223/1223 1222/1222
f 1217/1217 1218/1218 1224/1224 1223/1223
f 1218/1218 1213/1213 1219/1219 1224/1224
f 1219/1219 1220/1220 1226/1226 1225/1225
f 1220/1220 1221/1221 1227/1227 1226/1226
f 1221/1221 1222/1222 1228/1228 1227/1227
f 1222/1222 1223/1223 1229/1229 1228/1228
f 1223/1223 1224/1224 1230/1230 1229/1229
f 1224/1224 1219/1219 1225/1225 1230/1230
f 1225/1225 1226/1226 1232/1232 1231/1231
f 1226/1226 1227/1227 1233/1233 1232/1232
f 1227/1227 1228/1228 1234/1234 1233/1233
f 1228/1228 1229/1229 1235/1235 1234/1234
f 1229/1229 1230/1230 1236/1236 1235/1235
f 1230/1230 1225/1225 1231/1231 1236/1236
f 1231/1231 1232/1232 1238/1238 1237/1237
f 1232/1232 1233/1233 1239/1239 1238/1238
f 1233/1233 1234/1234 1240/1240 1239/1239
f 1234/1234 1235/1235 1241/1241 1240/1240
f 1235/1235 1236/1236 1242/1242 1241/1241
f 1236/1236 1231/1231 1237/1237 1242/1242
f 1237/1237 1238/1238 1244/1244 1243/1243
f 1238/1238 1239/1239 1245/1245 1244/1244
f 1239/1239 1240/1240 1246/1246 1245/1245
f 1240/1240 1241/1241 1247/1247 1246/1246
f 1241/1241 1242/1242 1248/1248 1247/1247
f 1242/1242 1237/1237 1243/1243 1248/1248
f 1243/1243 1244/1244 1250/1250 1249/1249
f 1244/1244 1245/1245 1251/1251 1250/1250
f 1245/1245 1246/1246 1252/1252 1251/1251
f 1246/1246 1247/1247 1253/1253 1252/1252
f 1247/1247 1248/1248 1254/1254 1253/1253
f 1248/1248 1243/1243 1249/1249 1254/1254
f 1249/1249 1250/1250 1256/1256 1255/1255
f 1250/1250 1251/1251 1257/1257 1256/1256
f 1251/1251 1252/1252 1258/1258 1257/1257
f 1252/1252 1253/1253 1259/1259 1258/1258
f 1253/1253 1254/1254 1260/1260 1259/1259
f 1254/1254 1249/1249 1255/1255 1260/1260
f 1255/1255 1256/1256 1262/1262 1261/1261
f 1256/1256 1257/1257 1263/1263 1262/1262
f 1257/1257 1258/1258 1264/1264 1263/1263
f 1258/1258 1259/1259 1265/1265 1264/1264
f 1259/1259 1260/1260 1266/1266 1265/1265
f 1260/1260 1255/1255 1261/1261 1266/1266
f 1261/1261 1262/1262 1268/1268 1267/1267
f 1262/1262 1263/1263 1269/1269 1268/1268
f 1263/1263 1264/1264 1270/1270 1269/1269
f 1264/1264 1265/1265 1271/1271 1270/1270
f 1265/1265 1266/1266 1272/1272 1271/1271
f 1266/1266 1261/1261 1267/1267 1272/1272
f 1267/1267 1268/1268 1274/1274 1273/1273
f 1268/1268 1269/1269 1275/1275 1274/1274
f 1269/1269 1270/1270 1276/1276 1275/1275
f 1270/1270 1271/1271 1277/1277 1276/1276
f 1271/1271 1272/1272 1278/1278 1277/1277
f 1272/1272 1267/1267 1273/1273 1278/1278
f 1273/1273 1274/1274 1280/1280 1279/1279
f 1274/1274 1275/1275 1281/1281 1280/1280
f 1275/1275 1276/1276 1282/1282 1281/1281
f 1276/1276 1277/1277 1283/1283 1282/1282
f 1277/1277 1278/1278 1284/1284 1283/1283
f 1278/1278 1273/1273 1279/1279 1284/1284
f 1279/1279 1280/1280 1286/1286 1285/1285
f 1280/1280 1281/1281 1287/1287 1286/1286
f 1281/1281 1282/1282 1288/1288 1287/1287
f 1282/1282 1283/1283 1289/1289 1288/1288
f 1283/1283 1284/1284 1290/1290 1289/1289
f 1284/1284 1279/1279 1285/1285 1290/1290
f 1285/1285 1286/1286 1292/1292 1291/1291
f 1286/1286 1287/1287 1293/1293 1292/1292
f 1287/1287 1288/1288 1294/1294 1293/1293
f 1288/1288 1289/1289 1295/1295 1294/1294
f 1289/1289 1290/1290 1296/1296 1295/1295
f 1290/1290 1285/1285 1291/1291 1296/1296
f 1291/1291 1292/1292 1298/1298 1297/1297
f 1292/1292 1293/1293 1299/1299 1298/1298
f 1293/1293 1294/1294 1300/1300 1299/1299
f 1294/1294 1295/1295 1301/1301 1300/1300
f 1295/1295 1296/1296 1302/1302 1301/1301
f 1296/1296 1291/1291 1297/1297 1302/1302
f 1297/1297 1298/1298 1304/1304 1303/1303
f 1298/1298 1299/1299 1305/1305 1304/1304
f 1299/1299 1300/1300 1306/1306 1305/1305
f 1300/1300 1301/1301 1307/1307 1306/1306
f 1301/1301 1302/1302 1308/1308 1307/1307
f 1302/1302 1297/1297 1303/1303 1308/1308
f 1303/1303 1304/1304 1310/1310 1309/1309
f 1304/1304 1305/1305 1311/1311 1310/1310
f 1305/1305 1306/1306 1312/1312 1311/1311
f 1306/1306 1307/1307 1313/1313 1312/1312
f 1307/1307 1308/1308 1314/1314 1313/1313
f 1308/1308 1303/1303 1309/1309 1314/1314
f 1309/1309 1310/1310 1316/1316 1315/1315
f 1310/1310 1311/1311 1317/1317 1316/1316
f 1311/1311 1312/1312 1318/1318 1317/1317
f 1312/1312 1313/1313 1319/1319 1318/1318
f 1313/1313 1314/1314 1320/1320 1319/1319
f 1314/1314 1309/1309 1315/1315 1320/1320
f 1315/1315 1316/1316 1322/1322 1321/1321
f 1316/1316 1317/1317 1323/1323 1322/1322
f 1317/1317 1318/1318 1324/1324 1323/1323
f 1318/1318 1319/1319 1325/1325 1324/1324
f 1319/1319 1320/1320 1326/1326 1325/1325
f 1320/1320 1315/1315 1321/1321 1326/1326
f 1321/1321 1322/1322 1328/1328 1327/1327
f 1322/1322 1323/1323 1329/1329 1328/1328
f 1323/1323 1324/1324 1330/1330 1329/1329
f 1324/1324 1325/1325 1331/1331 1330/1330
f 1325/1325 1326/1326 1332/1332 1331/1331
f 1326/1326 1321/1321 1327/1327 1332/1332
f 1327/1327 1328/1328 1334/1334 1333/1333
f 1328/1328 1329/1329 1335/1335 1334/1334
f 1329/1329 1330/1330 1336/1336 1335/1335
f 1330/1330 1331/1331 1337/1337 1336/1336
f 1331/1331 1332/1332 1338/1338 1337/1337
f 1332/1332 1327/1327 1333/1333 1338/1338
f 1333/1333 1334/1334 1340/1340 1339/1339
f 1334/1334 1335/1335 1341/1341 1340/1340
f 1335/1335 1336/1336 1342/1342 1341/1341
f 1336/1336 1337/1337 1343/1343 1342/1342
f 1337/1337 1338/1338 1344/1344 1343/1343
f 1338/1338 1333/1333 1339/1339 1344/1344
f 1339/1339 1340/1340 1346/1346 1345/1345
f 1340/1340 1341/1341 1347/1347 1346/1346
f 1341/1341 1342/1342 1348/1348 1347/1347
f 1342/1342 1343/1343 1349/1349 1348/1348
f 1343/1343 1344/1344 1350/1350 1349/1349
f 1344/1344 1339/1339 1345/1345 1350/1350
f 1345/1345 1346/1346 1352/1352 1351/1351
f 1346/1346 1347/1347 1353/1353 1352/1352
f 1347/1347 1348/1348 1354/1354 1353/1353
f 1348/1348 1349/1349 1355/1355 1354/1354
f 1349/1349 1350/1350 1356/1356 1355/1355
f 1350/1350 1345/1345 1351/1351 1356/1356
f 1351/1351 1352/1352 1358/1358 1357/1357
f 1352/1352 1353/1353 1359/1359 1358/1358
f 1353/1353 1354/1354 1360/1360 1359/1359
f 1354/1354 1355/1355 1361/1361 1360/1360
f 1355/1355 1356/1356 1362/1362 1361/1361
f 1356/1356 1351/1351 1357/1357 1362/1362
f 1357/1357 1358/1358 1364/1364 1363/1363
f 1358/1358 1359/1359 1365/1365 1364/1364
f 1359/1359 1360/1360 1366/1366 1365/1365
f 1360/1360 1361/1361 1367/1367 1366/1366
f 1361/1361 1362/1362 1368/1368 1367/1367
f 1362/1362 1357/1357 1363/1363 1368/1368
f 1363/1363 1364/1364 1370/1370 1369/1369
f 1364/1364 1365/1365 1371/1371 1370/1370
f 1365/1365 1366/1366 1372/1372 1371/1371
f 1366/1366 1367/1367 1373/1373 1372/1372
f 1367/1367 1368/1368 1374/1374 1373/1373
f 1368/1368 1363/1363 1369/1369 1374/1374
f 1369/1369 1370/1370 1376/1376 1375/1375
f 1370/1370 1371/1371 1377/1377 1376/1376
f 1371/1371 1372/1372 1378/1378 1377/1377
f 1372/1372 1373/1373 1379/1379 1378/1378
f 1373/1373 1374/1374 1380/1380 1379/1379
f 1374/1374 1369/1369 1375/1375 1380/1380
f 1375/1375 1376/1376 1382/1382 1381/1381
f 1376/1376 1377/1377 1383/1383 1382/1382
f 1377/1377 1378/1378 1384/1384 1383/1383
f 1378/1378 1379/1379 1385/1385 1384/1384
f 1379/1379 1380/1380 1386/1386 1385/1385
f 1380/1380 1375/1375 1381/1381 1386/1386
f 1381/1381 1382/1382 1388/1388 1387/1387
f 1382/1382 1383/1383 1389/1389 1388/1388
f 1383/1383 1384/1384 1390/1390 1389/1389
f 1384/1384 1385/1385 1391/1391 1390/1390
f 1385/1385 1386/1386 1392/1392 1391/1391
f 1386/1386 1381/1381 1387/1387 1392/1392
f 1387/1387 1388/1388 1394/1394 1393/1393
f 1388/1388 1389/1389 1395/1395 1394/1394
f 1389/1389 1390/1390 1396/1396 1395/1395
f 1390/1390 1391/1391 1397/1397 1396/1396
f 1391/1391 1392/1392 1398/1398 1397/1397
f 1392/1392 1387/1387 1393/1393 1398/1398
f 1393/1393 1394/1394 1400/1400 1399/1399
f 1394/1394 1395/1395 1401/1401 1400/1400
f 1395/1395 1396/1396 1402/1402 1401/1401
f 1396/1396 1397/1397 1403/1403 1402/1402
f 1397/1397 1398/1398 1404/1404 1403/1403
f 1398/1398 1393/1393 1399/1399 1404/1404
f 1399/1399 1400/1400 1406/1406 1405/1405
f 1400/1400 1401/1401 1407/1407 1406/1406
f 1401/1401 1402/1402 1408/1408 1407/1407
f 1402/1402 1403/1403 1409/1409 1408/1408
f 1403/1403 1404/1404 1410/1410 1409/1409
f 1404/1404 1399/1399 1405/1405 1410/1410
f 1405/1405 1406/1406 1412/1412 1411/1411
f 1406/1406 1407/1407 1413/1413 1412/1412
f 1407/1407 1408/1408 1414/1414 1413/1413
f 1408/1408 1409/1409 1415/1415 1414/1414
f 1409/1409 1410/1410 1416/1416 1415/1415
f 1410/1410 1405/1405 1411/1411 1416/1416
f 1411/1411 1412/1412 1418/1418 1417/1417
f 1412/1412 1413/1413 1419/1419 1418/1418
f 1413/1413 1414/1414 1420/1420 1419/1419
f 1414/1414 1415/1415 1421/1421 1420/1420
f 1415/1415 1416/1416 1422/1422 1421/1421
f 1416/1416 1411/1411 1417/1417 1422/1422
f 1417/1417 1418/1418 1424/1424 1423/1423
f 1418/1418 1419/1419 1425/1425 1424/1424
f 1419/1419 1420/1420 1426/1426 1425/1425
f 1420/1420 1421/1421 1427/1427 1426/1426
f 1421/1421 1422/1422 1428/1428 1427/1427
f 1422/1422 1417/1417 1423/1423 1428/1428
f 1429/1429 1430/1430 1436/1436 1435/1435
f 1430/1430 1431/1431 1437/1437 1436/1436
f 1431/1431 1432/1432 1438/1438 1437/1437
f 1432/1432 1433/1433 1439/1439 1438/1438
f 1433/1433 1434/1434 1440/1440 1439/1439
f 1434/1434 1429/1429 1435/1435 1440/1440
f 1435/1435 1436/1436 1442/1442 1441/1441
f 1436/1436 1437/1437 1443/1443 1442/1442
f 1437/1437 1438/1438 1444/1444 1443/1443
f 1438/1438 1439/1439 1445/1445 1444/1444
f 1439/1439 1440/1440 1446/1446 1445/1445
f 1440/1440 1435/1435 1441/1441 1446/1446
f 1441/1441 1442/1442 1448/1448 1447/1447
f 1442/1442 1443/1443 1449/1449 1448/1448
f 1443/1443 1444/1444 1450/1450 1449/1449
f 1444/1444 1445/1445 1451/1451 1450/1450
f 1445/1445 1446/1446 1452/1452 1451/1451
f 1446/1446 1441/1441 1447/1447 1452/1452
f 1447/1447 1448/1448 1454/1454 1453/1453
f 1448/1448 1449/1449 1455/1455 1454/1454
f 1449/1449 1450/1450 1456/1456 1455/1455
f 1450/1450 1451/1451 1457/1457 1456/1456
f 1451/1451 1452/1452 1458/1458 1457/1457
f 1452/1452 1447/1447 1453/1453 1458/1458
f 1453/1453 1454/1454 1460/1460 1459/1459
f 1454/1454 1455/1455 1461/1461 1460/1460
f 1455/1455 1456/1456 1462/1462 1461/1461
f 1456/1456 1457/1457 1463/1463 1462/1462
f 1457/1457 1458/1458 1464/1464 1463/1463
f 1458/1458 1453/1453 1459/1459 1464/1464
f 1459/1459 1460/1460 1466/1466 1465/1465
f 1460/1460 1461/1461 1467/1467 1466/1466
f 1461/1461 1462/1462 1468/1468 1467/1467
f 1462/1462 1463/1463 1469/1469 1468/1468
f 1463/1463 1464/1464 1470/1470 1469/1469
f 1464/1464 1459/1459 1465/1465 1470/1470
f 1465/1465 1466/1466 1472/1472 1471/1471
f 1466/1466 1467/1467 1473/1473 1472/1472
f 1467/1467 1468/1468 1474/1474 1473/1473
f 1468/1468 1469/1469 1475/1475 1474/1474
f 1469/1469 1470/1470 1476/1476 1475/1475
f 1470/1470 1465/1465 1471/1471 1476/1476
f 1471/1471 1472/1472 1478/1478 1477/1477
f 1472/1472 1473/1473 1479/1479 1478/1478
f 1473/1473 1474/1474 1480/1480 1479/1479
f 1474/1474 1475/1475 1481/1481 1480/1480
f 1475/1475 1476/1476 1482/1482 1481/1481
f 1476/1476 1471/1471 1477/1477 1482/1482
f 1477/1477 1478/1478 1484/1484 1483/1483
f 1478/1478 1479/1479 1485/1485 1484/1484
f 1479/1479 1480/1480 1486/1486 1485/1485
f 1480/1480 1481/1481 1487/1487 1486/1486
f 1481/1481 1482/1482 1488/1488 1487/1487
f 1482/1482 1477/1477 1483/1483 1488/1488
f 1483/1483 1484/1484 1490/1490 1489/1489
f 1484/1484 1485/1485 1491/1491 1490/1490
f 1485/1485 1486/1486 1492/1492 1491/1491
f 1486/1486 1487/1487 1493/1493 1492/1492
f 1487/1487 1488/1488 1494/1494 1493/1493
f 1488/1488 1483/1483 1489/1489 1494/1494
f 1489/1489 1490/1490 1496/1496 1495/1495
f 1490/1490 1491/1491 1497/1497 1496/1496
f 1491/1491 1492/1492 1498/1498 1497/1497
f 1492/1492 1493/1493 1499/1499 1498/1498
f 1493/1493 1494/1494 1500/1500 1499/1499
f 1494/1494 1489/1489 1495/1495 1500/1500
f 1495/1495 1496/1496 1502/1502 1501/1501
f 1496/1496 1497/1497 1503/1503 1502/1502
f 1497/1497 1498/1498 1504/1504 1503/1503
f 1498/1498 1499/1499 1505/1505 1504/1504
f 1499/1499 1500/1500 1506/1506 1505/1505
f 1500/1500 1495/1495 1501/1501 1506/1506
f 1501/1501 1502/1502 1508/1508 1507/1507
f 1502/1502 1503/1503 1509/1509 1508/1508
f 1503/1503 1504/1504 1510/1510 1509/1509
f 1504/1504 1505/1505 1511/1511 1510/1510
f 1505/1505 1506/1506 1512/1512 1511/1511
f 1506/1506 1501/1501 1507/1507 1512/1512
f 1507/1507 1508/1508 1514/1514 1513/1513
f 1508/1508 1509/1509 1515/1515 1514/1514
f 1509/1509 1510/1510 1516/1516 1515/1515
f 1510/1510 1511/1511 1517/1517 1516/1516
f 1511/1511 1512/1512 1518/1518 1517/1517
f 1512/1512 1507/1507 1513/1513 1518/1518
f 1513/1513 1514/1514 1520/1520 1519/1519
f 1514/1514 1515/1515 1521/1521 1520/1520
f 1515/1515 1516/1516 1522/1522 1521/1521
f 1516/1516 1517/1517 1523/1523 1522/1522
f 1517/1517 1518/1518 1524/1524 1523/1523
f 1518/1518 1513/1513 1519/1519 1524/1524
f 1519/1519 1520/1520 1526/1526 1525/1525
f 1520/1520 1521/1521 1527/1527 1526/1526
f 1521/1521 1522/1522 1528/1528 1527/1527
f 1522/1522 1523/1523 1529/1529 1528/1528
f 1523/1523 1524/1524 1530/1530 1529/1529
f 1524/1524 1519/1519 1525/1525 1530/1530
f 1525/1525 1526/1526 1532/1532 1531/1531
f 1526/1526 1527/1527 1533/1533 1532/1532
f 1527/1527 1528/1528 1534/1534 1533/1533
f 1528/1528 1529/1529 1535/1535 1534/1534
f 1529/1529 1530/1530 1536/1536 1535/1535
f 1530/1530 1525/1525 1531/1531 1536/1536
f 1531/1531 1532/1532 1538/1538 1537/1537
f 1532/1532 1533/1533 1539/1539 1538/1538
f 1533/1533 1534/1534 1540/1540 1539/1539
f 1534/1534 1535/1535 1541/1541 1540/1540
f 1535/1535 1536/1536 1542/1542 1541/1541
f 1536/1536 1531/1531 1537/1537 1542/1542
f 1537/1537 1538/1538 1544/1544 1543/1543
f 1538/1538 1539/1539 1545/1545 1544/1544
f 1539/1539 1540/1540 1546/1546 1545/1545
f 1540/1540 1541/1541 1547/1547 1546/1546
f 1541/1541 1542/1542 1548/1548 1547/1547
f 1542/1542 1537/1537 1543/1543 1548/1548
f 1543/1543 1544/1544 1550/1550 1549/1549
f 1544/1544 1545/1545 1551/1551 1550/1550
f 1545/1545 1546/1546 1552/1552 1551/1551
f 1546/1546 1547/1547 1553/1553 1552/1552
f 1547/1547 1548/1548 1554/1554 1553/1553
f 1548/1548 1543/1543 1549/1549 1554/1554
f 1549/1549 1550/1550 1556/1556 1555/1555
f 1550/1550 1551/1551 1557/1557 1556/1556
f 1551/1551 1552/1552 1558/1558 1557/1557
f 1552/1552 1553/1553 1559/1559 1558/1558
f 1553/1553 1554/1554 1560/1560 1559/1559
f 1554/1554 1549/1549 1555/1555 1560/1560
f 1555/1555 1556/1556 1562/1562 1561/1561
f 1556/1556 1557/1557 1563/1563 1562/1562
f 1557/1557 1558/1558 1564/1564 1563/1563
f 1558/1558 1559/1559 1565/1565 1564/1564
f 1559/1559 1560/1560 1566/1566 1565/1565
f 1560/1560 1555/1555 1561/1561 1566/1566
f 1561/1561 1562/1562 1568/1568 1567/1567
f 1562/1562 1563/1563 1569/1569 1568/1568
f 1563/1563 1564/1564 1570/1570 1569/1569
f 1564/1564 1565/1565 1571/1571 1570/1570
f 1565/1565 1566/1566 1572/1572 1571/1571
f 1566/1566 1561/1561 1567/1567 1572/1572
f 1567/1567 1568/1568 1574/1574 1573/1573
f 1568/1568 1569/1569 1575/1575 1574/1574
f 1569/1569 1570/1570 1576/1576 1575/1575
f 1570/1570 1571/1571 1577/1577 1576/1576
f 1571/1571 1572/1572 1578/1578 1577/1577
f 1572/1572 1567/1567 1573/1573 1578/1578
f 1573/1573 1574/1574 1580/1580 1579/1579
f 1574/1574 1575/1575 1581/1581 1580/1580
f 1575/1575 1576/1576 1582/1582 1581/1581
f 1576/1576 1577/1577 1583/1583 1582/1582
f 1577/1577 1578/1578 1584/1584 1583/1583
f 1578/1578 1573/1573 1579/1579 1584/1584
f 1579/1579 1580/1580 1586/1586 1585/1585
f 1580/1580 1581/1581 1587/1587 1586/1586
f 1581/1581 1582/1582 1588/1588 1587/1587
f 1582/1582 1583/1583 1589/1589 1588/1588
f 1583/1583 1584/1584 1590/1590 1589/1589
f 1584/1584 1579/1579 1585/1585 1590/1590
f 1585/1585 1586/1586 1592/1592 1591/1591
f 1586/1586 1587/1587 1593/1593 1592/1592
f 1587/1587 1588/1588 1594/1594 1593/1593
f 1588/1588 1589/1589 1595/1595 1594/1594
f 1589/1589 1590/1590 1596/1596 1595/1595
f 1590/1590 1585/1585 1591/1591 1596/1596
f 1591/1591 1592/1592 1598/1598 1597/1597
f 1592/1592 1593/1593 1599/1599 1598/1598
f 1593/1593 1594/1594 1600/1600 1599/1599
f 1594/1594 1595/1595 1601/1601 1600/1600
f 1595/1595 1596/1596 1602/1602 1601/1601
f 1596/1596 1591/1591 1597/1597 1602/1602
f 1597/1597 1598/1598 1604/1604 1603/1603
f 1598/1598 1599/1599 1605/1605 1604/1604
f 1599/1599 1600/1600 1606/1606 1605/1605
f 1600/1600 1601/1601 1607/1607 1606/1606
f 1601/1601 1602/1602 1608/1608 1607/1607
f 1602/1602 1597/1597 1603/1603 1608/1608
f 1603/1603 1604/1604 1610/1610 1609/1609
f 1604/1604 1605/1605 1611/1611 1610/1610
f 1605/1605 1606/1606 1612/1612 1611/1611
f 1606/1606 1607/1607 1613/1613 1612/1612
f 1607/1607 1608/1608 1614/1614 1613/1613
f 1608/1608 1603/1603 1609/1609 1614/1614
f 1609/1609 1610/1610 1616/1616 1615/1615
f 1610/1610 1611/1611 1617/1617 1616/1616
f 1611/1611 1612/1612 1618/1618 1617/1617
f 1612/1612 1613/1613 1619/1619 1618/1618
f 1613/1613 1614/1614 1620/1620 1619/1619
f 1614/1614 1609/1609 1615/1615 1620/1620
f 1615/1615 1616/1616 1622/1622 1621/1621
f 1616/1616 1617/1617 1623/1623 1622/1622
f 1617/1617 1618/1618 1624/1624 1623/1623
f 1618/1618 1619/1619 1625/1625 1624/1624
f 1619/1619 1620/1620 1626/1626 1625/1625
f 1620/1620 1615/1615 1621/1621 1626/1626
f 1621/1621 1622/1622 1628/1628 1627/1627
f 1622/1622 1623/1623 1629/1629 1628/1628
f 1623/1623 1624/1624 1630/1630 1629/1629
f 1624/1624 1625/1625 1631/1631 1630/1630
f 1625/1625 1626/1626 1632/1632 1631/1631
f 1626/1626 1621/1621 1627/1627 1632/1632
f 1627/1627 1628/1628 1634/1634 1633/1633
f 1628/1628 1629/1629 1635/1635 1634/1634
f 1629/1629 1630/1630 1636/1636 1635/1635
f 1630/1630 1631/1631 1637/1637 1636/1636
f 1631/1631 1632/1632 1638/1638 1637/1637
f 1632/1632 1627/1627 1633/1633 1638/1638
f 1633/1633 1634/1634 1640/1640 1639/1639
f 1634/1634 1635/1635 1641/1641 1640/1640
f 1635/1635 1636/1636 1642/1642 1641/1641
f 1636/1636 1637/1637 1643/1643 1642/1642
f 1637/1637 1638/1638 1644/1644 1643/1643
f 1638/1638 1633/1633 1639/1639 1644/1644
f 1639/1639 1640/1640 1646/1646 1645/1645
f 1640/1640 1641/1641 1647/1647 1646/1646
f 1641/1641 1642/1642 1648/1648 1647/1647
f 1642/1642 1643/1643 1649/1649 1648/1648
f 1643/1643 1644/1644 1650/1650 1649/1649
f 1644/1644 1639/1639 1645/1645 1650/1650
f 1645/1645 1646/1646 1652/1652 1651/1651
f 1646/1646 1647/1647 1653/1653 1652/1652
f 1647/1647 1648/1648 1654/1654 1653/1653
f 1648/1648 1649/1649 1655/1655 1654/1654
f 1649/1649 1650/1650 1656/1656 1655/1655
f 1650/1650 1645/1645 1651/1651 1656/1656
f 1651/1651 1652/1652 1658/1658 1657/1657
f 1652/1652 1653/1653 1659/1659 1658/1658
f 1653/1653 1654/1654 1660/1660 1659/1659
f 1654/1654 1655/1655 1661/1661 1660/1660
f 1655/1655 1656/1656 1662/1662 1661/1661
f 1656/1656 1651/1651 1657/1657 1662/1662
f 1657/1657 1658/1658 1664/1664 1663/1663
f 1658/1658 1659/1659 1665/1665 1664/1664
f 1659/1659 1660/1660 1666/1666 1665/1665
f 1660/1660 1661/1661 1667/1667 1666/1666
f 1661/1661 1662/1662 1668/1668 1667/1667
f 1662/1662 1657/1657 1663/1663 1668/1668
f 1663/1663 1664/1664 1670/1670 1669/1669
f 1664/1664 1665/1665 1671/1671 1670/1670
f 1665/1665 1666/1666 1672/1672 1671/1671
f 1666/1666 1667/1667 1673/1673 1672/1672
f 1667/1667 1668/1668 1674/1674 1673/1673
f 1668/1668 1663/1663 1669/1669 1674/1674
f 1669/1669 1670/1670 1676/1676 1675/1675
f 1670/1670 1671/1671 1677/1677 1676/1676
f 1671/1671 1672/1672 1678/1678 1677/1677
f 1672/1672 1673/1673 1679/1679 1678/1678
f 1673/1673 1674/1674 1680/1680 1679/1679
f 1674/1674 1669/1669 1675/1675 1680/1680
f 1675/1675 1676/1676 1682/1682 1681/1681
f 1676/1676 1677/1677 1683/1683 1682/1682
f 1677/1677 1678/1678 1684/1684 1683/1683
f 1678/1678 1679/1679 1685/1685 1684/1684
f 1679/1679 1680/1680 1686/1686 1685/1685
f 1680/1680 1675/1675 1681/1681 1686/1686
f 1681/1681 1682/1682 1688/1688 1687/1687
f 1682/1682 1683/1683 1689/1689 1688/1688
f 1683/1683 1684/1684 1690/1690 1689/1689
f 1684/1684 1685/1685 1691/1691 1690/1690
f 1685/1685 1686/1686 1692/1692 1691/1691
f 1686/1686 1681/1681 1687/1687 1692/1692
f 1687/1687 1688/1688 1694/1694 1693/1693
f 1688/1688 1689/1689 1695/1695 1694/1694
f 1689/1689 1690/1690 1696/1696 1695/1695
f 1690/1690 1691/1691 1697/1697 1696/1696
f 1691/1691 1692/1692 1698/1698 1697/1697
f 1692/1692 1687/1687 1693/1693 1698/1698
f 1693/1693 1694/1694 1700/1700 1699/1699
f 1694/1694 1695/1695 1701/1701 1700/1700
f 1695/1695 1696/1696 1702/1702 1701/1701
f 1696/1696 1697/1697 1703/1703 1702/1702
f 1697/1697 1698/1698 1704/1704 1703/1703
f 1698/1698 1693/1693 1699/1699 1704/1704
f 1699/1699 1700/1700 1706/1706 1705/1705
f 1700/1700 1701/1701 1707/1707 1706/1706
f 1701/1701 1702/1702 1708/1708 1707/1707
f 1702/1702 1703/1703 1709/1709 1708/1708
f 1703/1703 1704/1704 1710/1710 1709/1709
f 1704/1704 1699/1699 1705/1705 1710/1710
f 1705/1705 1706/1706 1712/1712 1711/1711
f 1706/1706 1707/1707 1713/1713 1712/1712
f 1707/1707 1708/1708 1714/1714 1713/1713
f 1708/1708 1709/1709 1715/1715 1714/1714
f 1709/1709 1710/1710 1716/1716 1715/1715
f 1710/1710 1705/1705 1711/1711 1716/1716
f 1711/1711 1712/1712 1718/1718 1717/1717
f 1712/1712 1713/1713 1719/1719 1718/1718
f 1713/1713 1714/1714 1720/1720 1719/1719
f 1714/1714 1715/1715 1721/1721 1720/1720
f 1715/1715 1716/1716 1722/1722 1721/1721
f 1716/1716 1711/1711 1717/1717 1722/1722
f 1717/1717 1718/1718 1724/1724 1723/1723
f 1718/1718 1719/1719 1725/1725 1724/1724
f 1719/1719 1720/1720 1726/1726 1725/1725
f 1720/1720 1721/1721 1727/1727 1726/1726
f 1721/1721 1722/1722 1728/1728 1727/1727
f 1722/1722 1717/1717 1723/1723 1728/1728
f 1723/1723 1724/1724 1730/1730 1729/1729
f 1724/1724 1725/1725 1731/1731 1730/1730
f 1725/1725 1726/1726 1732/1732 1731/1731
f 1726/1726 1727/1727 1733/1733 1732/1732
f 1727/1727 1728/1728 1734/1734 1733/1733
f 1728/1728 1723/1723 1729/1729 1734/1734
f 1729/1729 1730/1730 1736/1736 1735/1735
f 1730/1730 1731/1731 1737/1737 1736/1736
f 1731/1731 1732/1732 1738/1738 1737/1737
f 1732/1732 1733/1733 1739/1739 1738/1738
f 1733/1733 1734/1734 1740/1740 1739/1739
f 1734/1734 1729/1729 1735/1735 1740/1740
f 1735/1735 1736/1736 1742/1742 1741/1741
f 1736/1736 1737/1737 1743/1743 1742/1742
f 1737/1737 1738/1738 1744/1744 1743/1743
f 1738/1738 1739/1739 1745/1745 1744/1744
f 1739/1739 1740/1740 1746/1746 1745/1745
f 1740/1740 1735/1735 1741/1741 1746/1746
f 1741/1741 1742/1742 1748/1748 1747/1747
f 1742/1742 1743/1743 1749/1749 1748/1748
f 1743/1743 1744/1744 1750/1750 1749/1749
f 1744/1744 1745/1745 1751/1751 1750/1750
f 1745/1745 1746/1746 1752/1752 1751/1751
f 1746/1746 1741/1741 1747/1747 1752/1752
f 1747/1747 1748/1748 1754/1754 1753/1753
f 1748/1748 1749/1749 1755/1755 1754/1754
f 1749/1749 1750/1750 1756/1756 1755/1755
f 1750/1750 1751/1751 1757/1757 1756/1756
f 1751/1751 1752/1752 1758/1758 1757/1757
f 1752/1752 1747/1747 1753/1753 1758/1758
f 1753/1753 1754/1754 1760/1760 1759/1759
f 1754/1754 1755/1755 1761/1761 1760/1760
f 1755/1755 1756/1756 1762/1762 1761/1761
f 1756/1756 1757/1757 1763/1763 1762/1762
f 1757/1757 1758/1758 1764/1764 1763/1763
f 1758/1758 1753/1753 1759/1759 1764/1764
f 1759/1759 1760/1760 1766/1766 1765/1765
f 1760/1760 1761/1761 1767/1767 1766/1766
f 1761/1761 1762/1762 1768/1768 1767/1767
f 1762/1762 1763/1763 1769/1769 1768/1768
f 1763/1763 1764/1764 1770/1770 1769/1769
f 1764/1764 1759/1759 1765/1765 1770/1770
f 1765/1765 1766/1766 1772/1772 1771/1771
f 1766/1766 1767/1767 1773/1773 1772/1772
f 1767/1767 1768/1768 1774/1774 1773/1773
f 1768/1768 1769/1769 1775/1775 1774/1774
f 1769/1769 1770/1770 1776/1776 1775/1775
f 1770/1770 1765/1765 1771/1771 1776/1776
f 1771/1771 1772/1772 1778/1778 1777/1777
f 1772/1772 1773/1773 1779/1779 1778/1778
f 1773/1773 1774/1774 1780/1780 1779/1779
f 1774/1774 1775/1775 1781/1781 1780/1780
f 1775/1775 1776/1776 1782/1782 1781/1781
f 1776/1776 1771/1771 1777/1777 1782/1782
f 1777/1777 1778/1778 1784/1784 1783/1783
f 1778/1778 1779/1779 1785/1785 1784/1784
f 1779/1779 1780/1780 1786/1786 1785/1785
f 1780/1780 1781/1781 1787/1787 1786/1786
f 1781/1781 1782/1782 1788/1788 1787/1787
f 1782/1782 1777/1777 1783/1783 1788/1788
f 1789/1789 1790/1790 1796/1796 1795/1795
f 1790/1790 1791/1791 1797/1797 1796/1796
f 1791/1791 1792/1792 1798/1798 1797/1797
f 1792/1792 1793/1793 1799/1799 1798/1798
f 1793/1793 1794/1794 1800/1800 1799/1799
f 1794/1794 1789/1789 1795/1795 1800/1800
f 1795/1795 1796/1796 1802/1802 1801/1801
f 1796/1796 1797/1797 1803/1803 1802/1802
f 1797/1797 1798/1798 1804/1804 1803/1803
f 1798/1798 1799/1799 1805/1805 1804/1804
f 1799/1799 1800/1800 1806/1806 1805/1805
f 1800/1800 1795/1795 1801/1801 1806/1806
f 1801/1801 1802/1802 1808/1808 1807/1807
f 1802/1802 1803/1803 1809/1809 1808/1808
f 1803/1803 1804/1804 1810/1810 1809/1809
f 1804/1804 1805/1805 1811/1811 1810/1810
f 1805/1805 1806/1806 1812/1812 1811/1811
f 1806/1806 1801/1801 1807/1807 1812/1812
f 1807/1807 1808/1808 1814/1814 1813/1813
f 1808/1808 1809/1809 1815/1815 1814/1814
f 1809/1809 1810/1810 1816/1816 1815/1815
f 1810/1810 1811/1811 1817/1817 1816/1816
f 1811/1811 1812/1812 1818/1818 1817/1817
f 1812/1812 1807/1807 1813/1813 1818/1818
f 1813/1813 1814/1814 1820/1820 1819/1819
f 1814/1814 1815/1815 1821/1821 1820/1820
f 1815/1815 1816/1816 1822/1822 1821/1821
f 1816/1816 1817/1817 1823/1823 1822/1822
f 1817/1817 1818/1818 1824/1824 1823/1823
f 1818/1818 1813/1813 1819/1819 1824/1824
f 1819/1819 1820/1820 1826/1826 1825/1825
f 1820/1820 1821/1821 1827/1827 1826/1826
f 1821/1821 1822/1822 1828/1828 1827/1827
f 1822/1822 1823/1823 1829/1829 1828/1828
f 1823/1823 1824/1824 1830/1830 1829/1829
f 1824/1824 1819/1819 1825/1825 1830/1830
f 1825/1825 1826/1826 1832/1832 1831/1831
f 1826/1826 1827/1827 1833/1833 1832/1832
f 1827/1827 1828/1828 1834/1834 1833/1833
f 1828/1828 1829/1829 1835/1835 1834/1834
f 1829/1829 1830/1830 1836/1836 1835/1835
f 1830/1830 1825/1825 1831/1831 1836/1836
f 1831/1831 1832/1832 1838/1838 1837/1837
f 1832/1832 1833/1833 1839/1839 1838/1838
f 1833/1833 1834/1834 1840/1840 1839/1839
f 1834/1834 1835/1835 1841/1841 1840/1840
f 1835/1835 1836/1836 1842/1842 1841/1841
f 1836/1836 1831/1831 1837/1837 1842/1842
f 1837/1837 1838/1838 1844/1844 1843/1843
f 1838/1838 1839/1839 1845/1845 1844/1844
f 1839/1839 1840/1840 1846/1846 1845/1845
f 1840/1840 1841/1841 1847/1847 1846/1846
f 1841/1841 1842/1842 1848/1848 1847/1847
f 1842/1842 1837/1837 1843/1843 1848/1848
f 1843/1843 1844/1844 1850/1850 1849/1849
f 1844/1844 1845/1845 1851/1851 1850/1850
f 1845/1845 1846/1846 1852/1852 1851/1851
f 1846/1846 1847/1847 1853/1853 1852/1852
f 1847/1847 1848/1848 1854/1854 1853/1853
f 1848/1848 1843/1843 1849/1849 1854/1854
f 1849/1849 1850/1850 1856/1856 1855/1855
f 1850/1850 1851/1851 1857/1857 1856/1856
f 1851/1851 1852/1852 1858/1858 1857/1857
f 1852/1852 1853/1853 1859/1859 1858/1858
f 1853/1853 1854/1854 1860/1860 1859/1859
f 1854/1854 1849/1849 1855/1855 1860/1860
f 1855/1855 1856/1856 1862/1862 1861/1861
f 1856/1856 1857/1857 1863/1863 1862/1862
f 1857/1857 1858/1858 1864/1864 1863/1863
f 1858/1858 1859/1859 1865/1865 1864/1864
f 1859/1859 1860/1860 1866/1866 1865/1865
f 1860/1860 1855/1855 1861/1861 1866/1866
f 1861/1861 1862/1862 1868/1868 1867/1867
f 1862/1862 1863/1863 1869/1869 1868/1868
f 1863/1863 1864/1864 1870/1870 1869/1869
f 1864/1864 1865/1865 1871/1871 1870/1870
f 1865/1865 1866/1866 1872/1872 1871/1871
f 1866/1866 1861/1861 1867/1867 1872/1872
f 1867/1867 1868/1868 1874/1874 1873/1873
f 1868/1868 1869/1869 1875/1875 1874/1874
f 1869/1869 1870/1870 1876/1876 1875/1875
f 1870/1870 1871/1871 1877/1877 1876/1876
f 1871/1871 1872/1872 1878/1878 1877/1877
f 1872/1872 1867/1867 1873/1873 1878/1878
f 1873/1873 1874/1874 1880/1880 1879/1879
f 1874/1874 1875/1875 1881/1881 1880/1880
f 1875/1875 1876/1876 1882/1882 1881/1881
f 1876/1876 1877/1877 1883/1883 1882/1882
f 1877/1877 1878/1878 1884/1884 1883/1883
f 1878/1878 1873/1873 1879/1879 1884/1884
f 1879/1879 1880/1880 1886/1886 1885/1885
f 1880/1880 1881/1881 1887/1887 1886/1886
f 1881/1881 1882/1882 1888/1888 1887/1887
f 1882/1882 1883/1883 1889/1889 1888/1888
f 1883/1883 1884/1884 1890/1890 1889/1889
f 1884/1884 1879/1879 1885/1885 1890/1890
f 1885/1885 1886/1886 1892/1892 1891/1891
f 1886/1886 1887/1887 1893/1893 1892/1892
f 1887/1887 1888/1888 1894/1894 1893/1893
f 1888/1888 1889/1889 1895/1895 1894/1894
f 1889/1889 1890/1890 1896/1896 1895/1895
f 1890/1890 1885/1885 1891/1891 1896/1896
f 1891/1891 1892/1892 1898/1898 1897/1897
f 1892/1892 1893/1893 1899/1899 1898/1898
f 1893/1893 1894/1894 1900/1900 1899/1899
f 1894/1894 1895/1895 1901/1901 1900/1900
f 1895/1895 1896/1896 1902/1902 1901/1901
f 1896/1896 1891/1891 1897/1897 1902/1902
f 1897/1897 1898/1898 1904/1904 1903/1903
f 1898/1898 1899/1899 1905/1905 1904/1904
f 1899/1899 1900/1900 1906/1906 1905/1905
f 1900/1900 1901/1901 1907/1907 1906/1906
f 1901/1901 1902/1902 1908/1908 1907/1907
f 1902/1902 1897/1897 1903/1903 1908/1908
f 1903/1903 1904/1904 1910/1910 1909/1909
f 1904/1904 1905/1905 1911/1911 1910/1910
f 1905/1905 1906/1906 1912/1912 1911/1911
f 1906/1906 1907/1907 1913/1913 1912/1912
f 1907/1907 1908/1908 1914/1914 1913/1913
f 1908/1908 1903/1903 1909/1909 1914/1914
f 1909/1909 1910/1910 1916/1916 1915/1915
f 1910/1910 1911/1911 1917/1917 1916/1916
f 1911/1911 1912/1912 1918/1918 1917/1917
f 1912/1912 1913/1913 1919/1919 1918/1918
f 1913/1913 1914/1914 1920/1920 1919/1919
f 1914/1914 1909/1909 1915/1915 1920/1920
f 1915/1915 1916/1916 1922/1922 1921/1921
f 1916/1916 1917/1917 1923/1923 1922/1922
f 1917/1917 1918/1918 1924/1924 1923/1923
f 1918/1918 1919/1919 1925/1925 1924/1924
f 1919/1919 1920/1920 1926/1926 1925/1925
f 1920/1920 1915/1915 1921/1921 1926/1926
f 1921/1921 1922/1922 1928/1928 1927/1927
f 1922/1922 1923/1923 1929/1929 1928/1928
f 1923/1923 1924/1924 1930/1930 1929/1929
f 1924/1924 1925/1925 1931/1931 1930/1930
f 1925/1925 1926/1926 1932/1932 1931/1931
f 1926/1926 1921/1921 1927/1927 1932/1932
f 1927/1927 1928/1928 1934/1934 1933/1933
f 1928/1928 1929/1929 1935/1935 1934/1934
f 1929/1929 1930/1930 1936/1936 1935/1935
f 1930/1930 1931/1931 1937/1937 1936/1936
f 1931/1931 1932/1932 1938/1938 1937/1937
f 1932/1932 1927/1927 1933/1933 1938/1938
f 1933/1933 1934/1934 1940/1940 1939/1939
f 1934/1934 1935/1935 1941/1941 1940/1940
f 1935/1935 1936/1936 1942/1942 1941/1941
f 1936/1936 1937/1937 1943/1943 1942/1942
f 1937/1937 1938/1938 1944/1944 1943/1943
f 1938/1938 1933/1933 1939/1939 1944/1944
f 1939/1939 1940/1940 1946/1946 1945/1945
f 1940/1940 1941/1941 1947/1947 1946/1946
f 1941/1941 1942/1942 1948/1948 1947/1947
f 1942/1942 1943/1943 1949/1949 1948/1948
f 1943/1943 1944/1944 1950/1950 1949/1949
f 1944/1944 1939/1939 1945/1945 1950/1950
f 1945/1945 1946/1946 1952/1952 1951/1951
f 1946/1946 1947/1947 1953/1953 1952/1952
f 1947/1947 1948/1948 1954/1954 1953/1953
f 1948/1948 1949/1949 1955/1955 1954/1954
f 1949/1949 1950/1950 1956/1956 1955/1955
f 1950/1950 1945/1945 1951/1951 1956/1956
f 1951/1951 1952/1952 1958/1958 1957/1957
f 1952/1952 1953/1953 1959/1959 1958/1958
f 1953/1953 1954/1954 1960/1960 1959/1959
f 1954/1954 1955/1955 1961/1961 1960/1960
f 1955/1955 1956/1956 1962/1962 1961/1961
f 1956/1956 1951/1951 1957/1957 1962/1962
f 1957/1957 1958/1958 1964/1964 1963/1963
f 1958/1958 1959/1959 1965/1965 1964/1964
f 1959/1959 1960/1960 1966/1966 1965/1965
f 1960/1960 1961/1961 1967/1967 1966/1966
f 1961/1961 1962/1962 1968/1968 1967/1967
f 1962/1962 1957/1957 1963/1963 1968/1968
f 1963/1963 1964/1964 1970/1970 1969/1969
f 1964/1964 1965/1965 1971/1971 1970/1970
f 1965/1965 1966/1966 1972/1972 1971/1971
f 1966/1966 1967/1967 1973/1973 1972/1972
f 1967/1967 1968/1968 1974/1974 1973/1973
f 1968/1968 1963/1963 1969/1969 1974/1974
f 1969/1969 1970/1970 1976/1976 1975/1975
f 1970/1970 1971/1971 1977/1977 1976/1976
f 1971/1971 1972/1972 1978/1978 1977/1977
f 1972/1972 1973/1973 1979/1979 1978/1978
f 1973/1973 1974/1974 1980/1980 1979/1979
f 1974/1974 1969/1969 1975/1975 1980/1980
f 1975/1975 1976/1976 1982/1982 1981/1981
f 1976/1976 1977/1977 1983/1983 1982/1982
f 1977/1977 1978/1978 1984/1984 1983/1983
f 1978/1978 1979/1979 1985/1985 1984/1984
f 1979/1979 1980/1980 1986/1986 1985/1985
f 1980/1980 1975/1975 1981/1981 1986/1986
f 1981/1981 1982/1982 1988/1988 1987/1987
f 1982/1982 1983/1983 1989/1989 1988/1988
f 1983/1983 1984/1984 1990/1990 1989/1989
f 1984/1984 1985/1985 1991/1991 1990/1990
f 1985/1985 1986/1986 1992/1992 1991/1991
f 1986/1986 1981/1981 1987/1987 1992/1992
f 1987/1987 1988/1988 1994/1994 1993/1993
f 1988/1988 1989/1989 1995/1995 1994/1994
f 1989/1989 1990/1990 1996/1996 1995/1995
f 1990/1990 1991/1991 1997/1997 1996/1996
f 1991/1991 1992/1992 1998/1998 1997/1997
f 1992/1992 1987/1987 1993/1993 1998/1998
f 1993/1993 1994/1994 2000/2000 1999/1999
f 1994/1994 1995/1995 2001/2001 2000/2000
f 1995/1995 1996/1996 2002/2002 2001/2001
f 1996/1996 1997/1997 2003/2003 2002/2002
f 1997/1997 1998/1998 2004/2004 2003/2003
f 1998/1998 1993/1993 1999/1999 2004/2004
f 1999/1999 2000/2000 2006/2006 2005/2005
f 2000/2000 2001/2001 2007/2007 2006/2006
f 2001/2001 2002/2002 2008/2008 2007/2007
f 2002/2002 2003/2003 2009/2009 2008/2008
f 2003/2003 2004/2004 2010/2010 2009/2009
f 2004/2004 1999/1999 2005/2005 2010/2010
f 2005/2005 2006/2006 2012/2012 2011/2011
f 2006/2006 2007/2007 2013/2013 2012/2012
f 2007/2007 2008/2008 2014/2014 2013/2013
f 2008/2008 2009/2009 2015/2015 2014/2014
f 2009/2009 2010/2010 2016/2016 2015/2015
f 2010/2010 2005/2005 2011/2011 2016/2016
f 2011/2011 2012/2012 2018/2018 2017/2017
f 2012/2012 2013/2013 2019/2019 2018/2018
f 2013/2013 2014/2014 2020/2020 2019/2019
f 2014/2014 2015/2015 2021/2021 2020/2020
f 2015/2015 2016/2016 2022/2022 2021/2021
f 2016/2016 2011/2011 2017/2017 2022/2022
f 2017/2017 2018/2018 2024/2024 2023/2023
f 2018/2018 2019/2019 2025/2025 2024/2024
f 2019/2019 2020/2020 2026/2026 2025/2025
f 2020/2020 2021/2021 2027/2027 2026/2026
f 2021/2021 2022/2022 2028/2028 2027/2027
f 2022/2022 2017/2017 2023/2023 2028/2028
f 2023/2023 2024/2024 2030/2030 2029/2029
f 2024/2024 2025/2025 2031/2031 2030/2030
f 2025/2025 2026/2026 2032/2032 2031/2031
f 2026/2026 2027/2027 2033/2033 2032/2032
f 2027/2027 2028/2028 2034/2034 2033/2033
f 2028/2028 2023/2023 2029/2029 2034/2034
f 2029/2029 2030/2030 2036/2036 2035/2035
f 2030/2030 2031/2031 2037/2037 2036/2036
f 2031/2031 2032/2032 2038/2038 2037/2037
f 2032/2032 2033/2033 2039/2039 2038/2038
f 2033/2033 2034/2034 2040/2040 2039/2039
f 2034/2034 2029/2029 2035/2035 2040/2040
f 2035/2035 2036/2036 2042/2042 2041/2041
f 2036/2036 2037/2037 2043/2043 2042/2042
f 2037/2037 2038/2038 2044/2044 2043/2043
f 2038/2038 2039/2039 2045/2045 2044/2044
f 2039/2039 2040/2040 2046/2046 2045/2045
f 2040/2040 2035/2035 2041/2041 2046/2046
f 2041/2041 2042/2042 2048/2048 2047/2047
f 2042/2042 2043/2043 2049/2049 2048/2048
f 2043/2043 2044/2044 2050/2050 2049/2049
f 2044/2044 2045/2045 2051/2051 2050/2050
f 2045/2045 2046/2046 2052/2052 2051/2051
f 2046/2046 2041/2041 2047/2047 2052/2052
f 2047/2047 2048/2048 2054/2054 2053/2053
f 2048/2048 2049/2049 2055/2055 2054/2054
f 2049/2049 2050/2050 2056/2056 2055/2055
f 2050/2050 2051/2051 2057/2057 2056/2056
f 2051/2051 2052/2052 2058/2058 2057/2057
f 2052/2052 2047/2047 2053/2053 2058/2058
f 2053/2053 2054/2054 2060/2060 2059/2059
f 2054/2054 2055/2055 2061/2061 2060/2060
f 2055/2055 2056/2056 2062/2062 2061/2061
f 2056/2056 2057/2057 2063/2063 2062/2062
f 2057/2057 2058/2058 2064/2064 2063/2063
f 2058/2058 2053/2053 2059/2059 2064/2064
f 2059/2059 2060/2060 2066/2066 2065/2065
f 2060/2060 2061/2061 2067/2067 2066/2066
f 2061/2061 2062/2062 2068/2068 2067/2067
f 2062/2062 2063/2063 2069/2069 2068/2068
f 2063/2063 2064/2064 2070/2070 2069/2069
f 2064/2064 2059/2059 2065/2065 2070/2070
f 2065/2065 2066/2066 2072/2072 2071/2071
f 2066/2066 2067/2067 2073/2073 2072/2072
f 2067/2067 2068/2068 2074/2074 2073/2073
f 2068/2068 2069/2069 2075/2075 2074/2074
f 2069/2069 2070/2070 2076/2076 2075/2075
f 2070/2070 2065/2065 2071/2071 2076/2076
f 2071/2071 2072/2072 2078/2078 2077/2077
f 2072/2072 2073/2073 2079/2079 2078/2078
f 2073/2073 2074/2074 2080/2080 2079/2079
f 2074/2074 2075/2075 2081/2081 2080/2080
f 2075/2075 2076/2076 2082/2082 2081/2081
f 2076/2076 2071/2071 2077/2077 2082/2082
f 2077/2077 2078/2078 2084/2084 2083/2083
f 2078/2078 2079/2079 2085/2085 2084/2084
f 2079/2079 2080/2080 2086/2086 2085/2085
f 2080/2080 2081/2081 2087/2087 2086/2086
f 2081/2081 2082/2082 2088/2088 2087/2087
f 2082/2082 2077/2077 2083/2083 2088/2088
f 2083/2083 2084/2084 2090/2090 2089/2089
f 2084/2084 2085/2085 2091/2091 2090/2090
f 2085/2085 2086/2086 2092/2092 2091/2091
f 2086/2086 2087/2087 2093/2093 2092/2092
f 2087/2087 2088/2088 2094/2094 2093/2093
f 2088/2088 2083/2083 2089/2089 2094/2094
f 2089/2089 2090/2090 2096/2096 2095/2095
f 2090/2090 2091/2091 2097/2097 2096/2096
f 2091/2091 2092/2092 2098/2098 2097/2097
f 2092/2092 2093/2093 2099/2099 2098/2098
f 2093/2093 2094/2094 2100/2100 2099/2099
f 2094/2094 2089/2089 2095/2095 2100/2100
f 2095/2095 2096/2096 2102/2102 2101/2101
f 2096/2096 2097/2097 2103/2103 2102/2102
f 2097/2097 2098/2098 2104/2104 2103/2103
f 2098/2098 2099/2099 2105/2105 2104/2104
f 2099/2099 2100/2100 2106/2106 2105/2105
f 2100/2100 2095/2095 2101/2101 2106/2106
f 2101/2101 2102/2102 2108/2108 2107/2107
f 2102/2102 2103/2103 2109/2109 2108/2108
f 2103/2103 2104/2104 2110/2110 2109/2109
f 2104/2104 2105/2105 2111/2111 2110/2110
f 2105/2105 2106/2106 2112/2112 2111/2111
f 2106/2106 2101/2101 2107/2107 2112/2112
f 2107/2107 2108/2108 2114/2114 2113/2113
f 2108/2108 2109/2109 2115/2115 2114/2114
f 2109/2109 2110/2110 2116/2116 2115/2115
f 2110/2110 2111/2111 2117/2117 2116/2116
f 2111/2111 2112/2112 2118/2118 2117/2117
f 2112/2112 2107/2107 2113/2113 2118/2118
f 2113/2113 2114/2114 2120/2120 2119/2119
f 2114/2114 2115/2115 2121/2121 2120/2120
f 2115/2115 2116/2116 2122/2122 2121/2121
f 2116/2116 2117/2117 2123/2123 2122/2122
f 2117/2117 2118/2118 2124/2124 2123/2123
f 2118/2118 2113/2113 2119/2119 2124/2124
f 2119/2119 2120/2120 2126/2126 2125/2125
f 2120/2120 2121/2121 2127/2127 2126/2126
f 2121/2121 2122/2122 2128/2128 2127/2127
f 2122/2122 2123/2123 2129/2129 2128/2128
f 2123/2123 2124/2124 2130/2130 2129/2129
f 2124/2124 2119/2119 2125/2125 2130/2130
f 2125/2125 2126/2126 2132/2132 2131/2131
f 2126/2126 2127/2127 2133/2133 2132/2132
f 2127/2127 2128/2128 2134/2134 2133/2133
f 2128/2128 2129/2129 2135/2135 2134/2134
f 2129/2129 2130/2130 2136/2136 2135/2135
f 2130/2130 2125/2125 2131/2131 2136/2136
f 2131/2131 2132/2132 2138/2138 2137/2137
f 2132/2132 2133/2133 2139/2139 2138/2138
f 2133/2133 2134/2134 2140/2140 2139/2139
f 2134/2134 2135/2135 2141/2141 2140/2140
f 2135/2135 2136/2136 2142/2142 2141/2141
f 2136/2136 2131/2131 2137/2137 2142/2142
f 2137/2137 2138/2138 2144/2144 2143/2143
f 2138/2138 2139/2139 2145/2145 2144/2144
f 2139/2139 2140/2140 2146/2146 2145/2145
f 2140/2140 2141/2141 2147/2147 2146/2146
f 2141/2141 2142/2142 2148/2148 2147/2147
f 2142/2142 2137/2137 2143/2143 2148/2148
