# Generated by tools/make_hair_styles.py -- do not edit by hand.
# Locs: 4369 vertices, 3448 faces.
g locs
v -0.186584 8.142431 1.351512
v -0.378700 7.783300 1.353300
v -0.269300 7.817700 1.414500
v -0.489100 7.735500 1.282400
v -0.577600 7.669100 1.186700
v -0.429374 7.943086 1.270432
v -0.302319 7.988038 1.341050
v -0.544125 7.873198 1.180527
v -0.621900 7.773400 1.075500
v -0.162300 7.837300 1.452800
v 0.000000 7.849500 1.472700
v -0.061400 7.847800 1.468300
v -0.680200 7.546600 0.910500
v -0.667100 7.665000 0.979900
v -0.687200 7.705200 0.921100
v -0.249400 6.658800 -0.125700
v 0.000000 6.689700 -0.133500
v -0.749727 7.501011 0.416247
v -0.612167 8.160111 0.026771
v -0.497115 8.273853 -0.038882
v -0.818823 7.743607 0.276303
v -0.774274 7.874428 0.199646
v -0.732900 7.407200 0.454300
v -0.734200 7.442000 0.524700
v -0.727800 7.373900 0.399300
v -0.706800 7.303300 0.348200
v -0.717579 8.146655 0.363180
v -0.487758 8.429479 0.296783
v -0.001486 8.565178 0.294695
v -0.613490 8.301665 0.328274
v -0.000748 8.580965 0.703823
v -0.000182 8.493440 1.006203
v -0.429637 8.401260 0.955575
v -0.350000 6.709800 -0.091900
v -0.253800 6.721700 -0.133000
v 0.000000 6.759800 -0.151500
v -0.510900 6.998700 0.031400
v -0.453800 7.003400 -0.073000
v -0.378702 7.005303 -0.157868
v -0.288060 6.991743 -0.219105
v -0.000239 6.982446 -0.268699
v -0.572400 7.103900 0.111500
v -0.530600 7.110700 0.005600
v -0.477147 7.118513 -0.106160
v -0.415824 7.119294 -0.211861
v -0.332407 7.109610 -0.297123
v -0.000021 7.091660 -0.386821
v -0.650300 7.165600 0.264600
v -0.603556 7.212373 0.074517
v -0.572280 7.226131 -0.040340
v -0.533701 7.235756 -0.167555
v -0.467693 7.245409 -0.288002
v -0.372029 7.247435 -0.376461
v 0.001472 7.248750 -0.467360
v -0.702600 7.351900 0.286200
v -0.717705 7.435131 0.042936
v -0.676006 7.483546 -0.091444
v -0.601811 7.528039 -0.204909
v -0.510967 7.563505 -0.321497
v -0.397507 7.592937 -0.408488
v -0.000255 7.642829 -0.480717
v -0.736948 7.449562 0.341305
v -0.794163 7.646347 0.153688
v -0.744619 7.754951 0.051582
v -0.676987 7.862975 -0.061124
v -0.581295 7.970714 -0.189887
v -0.453493 8.050808 -0.265577
v -0.000058 8.130546 -0.334933
v -0.460216 8.467227 0.672865
v -0.598582 8.344585 0.652163
v -0.575688 8.303437 0.905133
v -0.661083 7.833173 1.016836
v -0.710164 8.187516 0.625281
v -0.792455 8.006804 0.596830
v -0.592394 7.956289 1.129564
v -0.792390 7.975716 0.396281
v -0.832873 7.813905 0.436352
v -0.748203 7.539032 0.505333
v -0.475423 8.045832 1.228956
v -0.338239 8.107877 1.307416
v -0.161932 8.002513 1.388902
v 0.000059 8.020239 1.404543
v -0.062936 8.015678 1.400171
v -0.776775 7.988839 0.759888
v -0.694910 8.162145 0.834813
v -0.829469 7.829154 0.582138
v -0.807265 7.817672 0.702805
v -0.609200 7.096400 0.197000
v -0.640900 7.184400 0.172900
v -0.715800 7.396322 0.181074
v -0.795072 7.537258 0.257414
v -0.814170 7.656519 0.480165
v -0.671848 8.100144 0.989083
v -0.755481 7.947035 0.885380
v -0.766747 7.788901 0.796648
v -0.545979 8.219410 1.083096
v 0.000025 8.363372 1.218510
v -0.074284 8.159863 1.365115
v 0.000654 8.161859 1.370954
v -0.396762 8.296508 1.150048
v -0.054000 6.685000 -0.135400
v -0.108418 8.347799 1.212901
v -0.161636 8.118388 -0.327518
v -0.133475 7.634583 -0.476662
v -0.055900 6.753200 -0.147500
v -0.166534 8.565572 0.700249
v -0.190646 8.543671 0.286797
v -0.124056 7.242724 -0.459067
v -0.108187 7.091584 -0.375190
v -0.077417 6.984860 -0.264976
v -0.133188 8.479086 1.005052
v -0.147900 6.676100 -0.132400
v -0.264479 8.457395 0.995976
v -0.151900 6.740100 -0.143600
v -0.182222 6.988995 -0.255992
v -0.264918 7.617025 -0.457658
v -0.253346 7.242409 -0.437572
v -0.225683 7.098157 -0.355495
v -0.305642 8.097284 -0.311928
v -0.333169 8.506471 0.286460
v -0.300513 8.538636 0.697263
v -0.231084 8.331294 1.197838
v -0.367400 7.722000 1.387000
v 0.000000 7.770500 1.497600
v -0.060500 7.767500 1.494100
v -0.160000 7.767200 1.476300
v -0.260800 7.750700 1.438900
v -0.513000 7.799600 1.233600
v -0.597700 7.718100 1.133800
v -0.397900 7.853500 1.314300
v -0.279400 7.892800 1.386700
v -0.643900 7.620900 1.042100
v 0.000000 7.919100 1.445400
v -0.062700 7.917200 1.441600
v -0.156900 7.910900 1.429000
v 0.000000 6.846700 -0.184300
v -0.060100 6.847400 -0.183100
v -0.159600 6.845700 -0.178700
v -0.266300 6.835400 -0.162900
v -0.358500 6.831400 -0.110600
v -0.437400 6.825900 -0.036600
v -0.354100 6.768000 -0.098500
v -0.259200 6.778700 -0.146700
v -0.156600 6.795700 -0.160300
v -0.057900 6.802900 -0.166100
v 0.000000 6.804600 -0.168400
v -0.718680 8.029498 0.114641
v -0.000915 8.395225 -0.093944
v -0.816772 7.604756 0.351053
v -0.184535 8.370244 -0.095845
v -0.333680 8.336912 -0.078798
v -0.719400 7.341000 0.370100
v -0.422907 7.804779 -0.375871
v -0.545444 7.753294 -0.286793
v -0.763628 7.539952 0.072388
v -0.720661 7.407486 0.307512
v -0.638019 7.687036 -0.154061
v -0.709524 7.617794 -0.041007
v -0.000009 7.876001 -0.446632
v -0.755153 7.466826 0.209977
v -0.147757 7.850968 -0.443636
v -0.285458 7.836125 -0.427383
v -0.691700 7.252600 0.331800
v -0.661024 7.331068 0.040790
v -0.682600 7.291200 0.260100
v -0.489279 7.402166 -0.329610
v -0.578999 7.379493 -0.220148
v -0.639635 7.353871 -0.094560
v 0.000702 7.438660 -0.481535
v -0.379641 7.416113 -0.406062
v -0.675450 7.316369 0.161629
v -0.121656 7.431880 -0.477822
v -0.251507 7.423050 -0.458059
v -0.695100 7.577100 0.854500
v -0.793912 7.671962 0.576182
v -0.758625 7.663216 0.662965
v -0.728717 7.642742 0.736592
v -0.740311 7.547877 0.574619
v -0.734300 7.540600 0.640300
v -0.721300 7.516400 0.706100
v -0.732200 7.448100 0.577000
v -0.728100 7.438400 0.626900
v -0.822400 7.347500 0.483400
v -0.785200 7.343800 0.548100
v -0.850600 7.313400 0.405900
v -0.856600 7.253500 0.366300
v -0.835500 7.160200 0.344200
v -0.856500 7.284200 0.385300
v -0.853100 7.216000 0.354000
v -0.842000 7.329300 0.483000
v -0.805000 7.323200 0.550600
v -0.871900 7.308900 0.421000
v -0.879300 7.240500 0.375400
v -0.853500 7.157000 0.354400
v -0.878900 7.269900 0.392300
v -0.872500 7.205300 0.364600
v -0.836500 7.316200 0.483200
v -0.808900 7.303500 0.552100
v -0.866600 7.295900 0.431000
v -0.869100 7.230000 0.388500
v -0.857700 7.153600 0.374900
v -0.874400 7.261300 0.401900
v -0.863700 7.193700 0.378500
v -0.812600 7.289200 0.483300
v -0.823400 7.279000 0.444000
v -0.840300 7.218300 0.406700
v -0.859700 7.251700 0.421900
v -0.841500 7.184500 0.400900
v 0.000000 6.898100 -0.204100
v -0.064000 6.901300 -0.203900
v -0.162700 6.904700 -0.200300
v -0.270600 6.904100 -0.180400
v -0.637737 8.030234 1.077385
v -0.514104 8.134446 1.180746
v -0.364600 6.907400 -0.130300
v -0.707965 7.891546 0.962677
v -0.717488 7.749064 0.864370
v -0.443200 6.904400 -0.050800
v 0.002753 8.274576 1.318485
v -0.370751 8.205457 1.253540
v -0.093589 8.268779 1.311058
v -0.209474 8.245290 1.296806
v -0.713100 7.611200 0.798500
v -0.709500 7.482600 0.757500
v -0.839600 7.210300 0.432600
v -0.831600 7.237600 0.447800
v -0.825900 7.249500 0.467300
v -0.812500 7.261400 0.490200
v -0.810400 7.300900 0.483300
v -0.865200 7.255200 0.414300
v -0.843300 7.189500 0.393300
v -0.856000 7.281600 0.439300
v -0.860900 7.222000 0.399200
v -0.840900 7.181700 0.410600
v -0.837000 7.246500 0.432100
v -0.837800 7.217300 0.416400
v -0.818200 7.269400 0.451700
v -0.816000 7.276300 0.487800
v -0.796600 7.307200 0.439700
v -0.773900 7.323200 0.486800
v -0.804600 7.282300 0.409700
v -0.796400 7.251400 0.399200
v -0.784700 7.212400 0.390200
v -0.737400 7.312500 0.443500
v -0.736100 7.254600 0.403900
v -0.730900 7.366200 0.531100
v -0.732500 7.347900 0.466800
v -0.738000 7.286700 0.420100
v -0.731000 7.369400 0.581700
v 0.185934 8.143251 1.351138
v 0.378700 7.783300 1.353300
v 0.269300 7.817700 1.414500
v 0.489100 7.735500 1.282400
v 0.577600 7.669100 1.186700
v 0.429453 7.943005 1.270404
v 0.302448 7.987973 1.341012
v 0.544207 7.873051 1.180486
v 0.621900 7.773400 1.075500
v 0.162300 7.837300 1.452800
v 0.061400 7.847800 1.468300
v 0.680200 7.546600 0.910500
v 0.667100 7.665000 0.979900
v 0.687200 7.705200 0.921100
v 0.249400 6.658800 -0.125700
v 0.749715 7.500946 0.416061
v 0.611697 8.161335 0.027381
v 0.495598 8.274707 -0.039538
v 0.818814 7.741893 0.275223
v 0.773176 7.878513 0.198973
v 0.732900 7.407200 0.454300
v 0.734200 7.442000 0.524700
v 0.727800 7.373900 0.399300
v 0.706800 7.303300 0.348200
v 0.717408 8.147646 0.365436
v 0.488938 8.428637 0.296868
v 0.615096 8.300106 0.330204
v 0.431133 8.400168 0.955916
v 0.350000 6.709800 -0.091900
v 0.253800 6.721700 -0.133000
v 0.510900 6.998700 0.031400
v 0.453800 7.003400 -0.073000
v 0.378654 7.005364 -0.157934
v 0.287393 6.991609 -0.219372
v 0.572400 7.103900 0.111500
v 0.530600 7.110700 0.005600
v 0.477223 7.118582 -0.106090
v 0.415279 7.119815 -0.212594
v 0.329564 7.108654 -0.298420
v 0.650300 7.165600 0.264600
v 0.603566 7.212385 0.074530
v 0.572892 7.226597 -0.039541
v 0.534318 7.235699 -0.166709
v 0.468836 7.243569 -0.286263
v 0.370914 7.247067 -0.377036
v 0.702600 7.351900 0.286200
v 0.717579 7.434835 0.042737
v 0.677052 7.484530 -0.089799
v 0.600948 7.527491 -0.206074
v 0.509229 7.562172 -0.323178
v 0.397565 7.592720 -0.408461
v 0.736922 7.449579 0.341061
v 0.794202 7.646135 0.153771
v 0.743352 7.755256 0.048641
v 0.677724 7.862834 -0.059755
v 0.581971 7.971309 -0.188663
v 0.452532 8.050963 -0.266197
v 0.463948 8.464980 0.670757
v 0.602524 8.340264 0.650561
v 0.578251 8.300566 0.905213
v 0.661089 7.833230 1.016800
v 0.711246 8.185678 0.624442
v 0.792406 8.006884 0.597432
v 0.592902 7.955663 1.129197
v 0.791659 7.978606 0.397710
v 0.833130 7.811301 0.434720
v 0.748200 7.538974 0.505285
v 0.476371 8.044462 1.228937
v 0.339169 8.106949 1.307493
v 0.161907 8.002473 1.388935
v 0.062940 8.015658 1.400183
v 0.776606 7.987792 0.762795
v 0.696115 8.158980 0.836867
v 0.829749 7.826945 0.583166
v 0.807053 7.817640 0.704506
v 0.609200 7.096400 0.197000
v 0.640900 7.184400 0.172900
v 0.715690 7.396097 0.180837
v 0.794831 7.537320 0.256218
v 0.814167 7.654346 0.479223
v 0.673742 8.093763 0.991754
v 0.755603 7.944225 0.887688
v 0.766358 7.789691 0.798209
v 0.546674 8.216442 1.085575
v 0.073367 8.160837 1.364567
v 0.393407 8.296387 1.153018
v 0.054000 6.685000 -0.135400
v 0.107683 8.346775 1.214535
v 0.160664 8.118319 -0.327715
v 0.134224 7.634879 -0.476574
v 0.055900 6.753200 -0.147500
v 0.164280 8.565851 0.700966
v 0.187525 8.543865 0.285468
v 0.125898 7.242521 -0.458834
v 0.107689 7.091448 -0.375185
v 0.076948 6.984653 -0.264903
v 0.132011 8.479191 1.005244
v 0.147900 6.676100 -0.132400
v 0.265180 8.457008 0.996316
v 0.151900 6.740100 -0.143600
v 0.181110 6.988249 -0.255854
v 0.266354 7.617442 -0.457261
v 0.251272 7.243335 -0.438429
v 0.222175 7.095898 -0.355540
v 0.304715 8.097102 -0.312385
v 0.330956 8.506781 0.284426
v 0.299153 8.539301 0.695247
v 0.229643 8.330091 1.200122
v 0.367400 7.722000 1.387000
v 0.060500 7.767500 1.494100
v 0.160000 7.767200 1.476300
v 0.260800 7.750700 1.438900
v 0.513000 7.799600 1.233600
v 0.597700 7.718100 1.133800
v 0.397900 7.853500 1.314300
v 0.279400 7.892800 1.386700
v 0.643900 7.620900 1.042100
v 0.062700 7.917200 1.441600
v 0.156900 7.910900 1.429000
v 0.060100 6.847400 -0.183100
v 0.159600 6.845700 -0.178700
v 0.266300 6.835400 -0.162900
v 0.358500 6.831400 -0.110600
v 0.437400 6.825900 -0.036600
v 0.354100 6.768000 -0.098500
v 0.259200 6.778700 -0.146700
v 0.156600 6.795700 -0.160300
v 0.057900 6.802900 -0.166100
v 0.718643 8.031832 0.117142
v 0.816613 7.603367 0.349634
v 0.182160 8.371084 -0.095276
v 0.333114 8.337082 -0.078893
v 0.719400 7.341000 0.370100
v 0.425131 7.805381 -0.374409
v 0.546010 7.753319 -0.286170
v 0.764015 7.539691 0.073352
v 0.720655 7.407490 0.307477
v 0.636711 7.686295 -0.156165
v 0.709180 7.617716 -0.041650
v 0.754954 7.466422 0.209451
v 0.148526 7.851093 -0.443516
v 0.286455 7.836574 -0.426973
v 0.691700 7.252600 0.331800
v 0.660987 7.331055 0.040718
v 0.682600 7.291200 0.260100
v 0.489509 7.399719 -0.328945
v 0.579828 7.379571 -0.219063
v 0.640404 7.354238 -0.093385
v 0.378880 7.416245 -0.406497
v 0.675460 7.316443 0.161611
v 0.122915 7.431177 -0.477677
v 0.251382 7.424800 -0.458212
v 0.695100 7.577100 0.854500
v 0.793895 7.671289 0.576541
v 0.758581 7.663389 0.663360
v 0.728709 7.642748 0.736646
v 0.740311 7.547878 0.574622
v 0.734300 7.540600 0.640300
v 0.721300 7.516400 0.706100
v 0.732200 7.448100 0.577000
v 0.728100 7.438400 0.626900
v 0.822400 7.347500 0.483400
v 0.785200 7.343800 0.548100
v 0.850600 7.313400 0.405900
v 0.856600 7.253500 0.366300
v 0.835500 7.160200 0.344200
v 0.856500 7.284200 0.385300
v 0.853100 7.216000 0.354000
v 0.842000 7.329300 0.483000
v 0.805000 7.323200 0.550600
v 0.871900 7.308900 0.421000
v 0.879300 7.240500 0.375400
v 0.853500 7.157000 0.354400
v 0.878900 7.269900 0.392300
v 0.872500 7.205300 0.364600
v 0.836500 7.316200 0.483200
v 0.808900 7.303500 0.552100
v 0.866600 7.295900 0.431000
v 0.869100 7.230000 0.388500
v 0.857700 7.153600 0.374900
v 0.874400 7.261300 0.401900
v 0.863700 7.193700 0.378500
v 0.812600 7.289200 0.483300
v 0.823400 7.279000 0.444000
v 0.840300 7.218300 0.406700
v 0.859700 7.251700 0.421900
v 0.841500 7.184500 0.400900
v 0.064000 6.901300 -0.203900
v 0.162700 6.904700 -0.200300
v 0.270600 6.904100 -0.180400
v 0.638836 8.024563 1.079724
v 0.515700 8.130533 1.182049
v 0.364600 6.907400 -0.130300
v 0.708368 7.889983 0.962579
v 0.717593 7.749099 0.863988
v 0.443200 6.904400 -0.050800
v 0.370283 8.205445 1.253866
v 0.094413 8.268036 1.311592
v 0.209636 8.245258 1.296772
v 0.713100 7.611200 0.798500
v 0.709500 7.482600 0.757500
v 0.839600 7.210300 0.432600
v 0.831600 7.237600 0.447800
v 0.825900 7.249500 0.467300
v 0.812500 7.261400 0.490200
v 0.810400 7.300900 0.483300
v 0.865200 7.255200 0.414300
v 0.843300 7.189500 0.393300
v 0.856000 7.281600 0.439300
v 0.860900 7.222000 0.399200
v 0.840900 7.181700 0.410600
v 0.837000 7.246500 0.432100
v 0.837800 7.217300 0.416400
v 0.818200 7.269400 0.451700
v 0.816000 7.276300 0.487800
v 0.796600 7.307200 0.439700
v 0.773900 7.323200 0.486800
v 0.804600 7.282300 0.409700
v 0.796400 7.251400 0.399200
v 0.784700 7.212400 0.390200
v 0.737400 7.312500 0.443500
v 0.736100 7.254600 0.403900
v 0.730900 7.366200 0.531100
v 0.732500 7.347900 0.466800
v 0.738000 7.286700 0.420100
v 0.731000 7.369400 0.581700
v -0.215615 8.176894 1.515596
v -0.154382 8.196754 1.486767
v -0.159734 8.189168 1.416846
v -0.224276 8.164620 1.402463
v -0.258812 8.157035 1.463493
v -0.215615 8.176894 1.515596
v -0.236181 8.271517 1.435099
v -0.175755 8.296109 1.408285
v -0.177501 8.286716 1.338401
v -0.239006 8.256318 1.322024
v -0.275272 8.246925 1.381786
v -0.236181 8.271517 1.435099
v -0.266098 8.363796 1.333220
v -0.208517 8.396523 1.308960
v -0.203895 8.384022 1.239697
v -0.258619 8.343570 1.221149
v -0.297062 8.331070 1.278950
v -0.266098 8.363796 1.333220
v -0.317942 8.509810 1.109095
v -0.268653 8.556251 1.089375
v -0.246595 8.538512 1.024770
v -0.282253 8.481108 1.004561
v -0.326347 8.463369 1.056677
v -0.317942 8.509810 1.109095
v -0.382624 8.608169 0.757822
v -0.343870 8.665014 0.742270
v -0.285961 8.643301 0.708356
v -0.288925 8.573037 0.702948
v -0.348666 8.551324 0.733520
v -0.382624 8.608169 0.757822
v -0.416533 8.574356 0.225739
v -0.372290 8.628262 0.236310
v -0.323615 8.607672 0.283021
v -0.337776 8.541040 0.301319
v -0.395203 8.520450 0.265917
v -0.416533 8.574356 0.225739
v -0.397187 8.377141 -0.195337
v -0.336920 8.410663 -0.180531
v -0.320867 8.397859 -0.113052
v -0.371213 8.356423 -0.086154
v -0.418381 8.343619 -0.137009
v -0.397187 8.377141 -0.195337
v -0.355267 8.110165 -0.445441
v -0.290101 8.127450 -0.424713
v -0.287074 8.120848 -0.354554
v -0.350369 8.099482 -0.331921
v -0.392515 8.092880 -0.388092
v -0.355267 8.110165 -0.445441
v -0.329468 7.825093 -0.563058
v -0.263695 7.834335 -0.539317
v -0.265247 7.830805 -0.468889
v -0.331978 7.819382 -0.449102
v -0.371669 7.815852 -0.507302
v -0.329468 7.825093 -0.563058
v -0.303529 7.587166 -0.590362
v -0.238019 7.593190 -0.564921
v -0.241681 7.590889 -0.494519
v -0.309454 7.583443 -0.476450
v -0.347678 7.581142 -0.535684
v -0.303529 7.587166 -0.590362
v -0.282843 7.372861 -0.584687
v -0.217471 7.374878 -0.558278
v -0.222354 7.374108 -0.487917
v -0.290745 7.371614 -0.470841
v -0.328129 7.370843 -0.530648
v -0.282843 7.372861 -0.584687
v -0.279375 7.180605 -0.556157
v -0.213887 7.180978 -0.529960
v -0.218564 7.180836 -0.459581
v -0.286942 7.180374 -0.442282
v -0.324525 7.180231 -0.501969
v -0.279375 7.180605 -0.556157
v -0.257422 7.016468 -0.494352
v -0.192239 7.020742 -0.467744
v -0.197258 7.019110 -0.397407
v -0.265543 7.013827 -0.380545
v -0.302726 7.012194 -0.440460
v -0.257422 7.016468 -0.494352
v -0.221052 6.874546 -0.421797
v -0.171277 6.913603 -0.390619
v -0.171864 6.898685 -0.321683
v -0.222001 6.850407 -0.310256
v -0.252401 6.835488 -0.372130
v -0.221052 6.874546 -0.421797
v -0.094005 6.870668 -0.432802
v -0.088395 6.927708 -0.391690
v -0.082628 6.905921 -0.324854
v -0.084672 6.835416 -0.324658
v -0.091704 6.813629 -0.391373
v -0.094005 6.870668 -0.432802
v 0.000000 6.868483 -0.436999
v 0.046054 6.902177 -0.395540
v 0.028463 6.889307 -0.328458
v -0.028463 6.847660 -0.328458
v -0.046054 6.834790 -0.395540
v -0.000000 6.868483 -0.436999
v 0.000000 6.750000 -0.436999
v 0.057063 6.750000 -0.395540
v 0.035267 6.750000 -0.328458
v -0.035267 6.750000 -0.328458
v -0.057063 6.750000 -0.395540
v 0.000000 6.750000 -0.436999
v 0.000000 6.600000 -0.436999
v 0.057063 6.600000 -0.395540
v 0.035267 6.600000 -0.328458
v -0.035267 6.600000 -0.328458
v -0.057063 6.600000 -0.395540
v 0.000000 6.600000 -0.436999
v 0.000000 6.450000 -0.436999
v 0.057063 6.450000 -0.395540
v 0.035267 6.450000 -0.328458
v -0.035267 6.450000 -0.328458
v -0.057063 6.450000 -0.395540
v 0.000000 6.450000 -0.436999
v 0.000000 6.300000 -0.436999
v 0.057063 6.300000 -0.395540
v 0.035267 6.300000 -0.328458
v -0.035267 6.300000 -0.328458
v -0.057063 6.300000 -0.395540
v 0.000000 6.300000 -0.436999
v 0.000000 6.150000 -0.436999
v 0.057063 6.150000 -0.395540
v 0.035267 6.150000 -0.328458
v -0.035267 6.150000 -0.328458
v -0.057063 6.150000 -0.395540
v 0.000000 6.150000 -0.436999
v 0.000000 6.000000 -0.436999
v 0.057063 6.000000 -0.395540
v 0.035267 6.000000 -0.328458
v -0.035267 6.000000 -0.328458
v -0.057063 6.000000 -0.395540
v 0.000000 6.000000 -0.436999
v 0.000000 5.850000 -0.454036
v 0.057063 5.850000 -0.412577
v 0.035267 5.850000 -0.345495
v -0.035267 5.850000 -0.345495
v -0.057063 5.850000 -0.412577
v 0.000000 5.850000 -0.454036
v 0.221052 6.874546 -0.421797
v 0.267476 6.874546 -0.368694
v 0.231318 6.874546 -0.308133
v 0.162547 6.874546 -0.323806
v 0.156203 6.874546 -0.394055
v 0.221052 6.874546 -0.421797
v 0.221052 6.750000 -0.421797
v 0.267476 6.750000 -0.368694
v 0.231318 6.750000 -0.308133
v 0.162547 6.750000 -0.323806
v 0.156203 6.750000 -0.394055
v 0.221052 6.750000 -0.421797
v 0.221052 6.600000 -0.421797
v 0.267476 6.600000 -0.368694
v 0.231318 6.600000 -0.308133
v 0.162547 6.600000 -0.323806
v 0.156203 6.600000 -0.394055
v 0.221052 6.600000 -0.421797
v 0.221052 6.450000 -0.421797
v 0.267476 6.450000 -0.368694
v 0.231318 6.450000 -0.308133
v 0.162547 6.450000 -0.323806
v 0.156203 6.450000 -0.394055
v 0.221052 6.450000 -0.421797
v 0.221052 6.300000 -0.421797
v 0.267476 6.300000 -0.368694
v 0.231318 6.300000 -0.308133
v 0.162547 6.300000 -0.323806
v 0.156203 6.300000 -0.394055
v 0.221052 6.300000 -0.421797
v 0.221052 6.150000 -0.421797
v 0.267476 6.150000 -0.368694
v 0.231318 6.150000 -0.308133
v 0.162547 6.150000 -0.323806
v 0.156203 6.150000 -0.394055
v 0.221052 6.150000 -0.421797
v 0.221052 6.000000 -0.421797
v 0.267476 6.000000 -0.368694
v 0.231318 6.000000 -0.308133
v 0.162547 6.000000 -0.323806
v 0.156203 6.000000 -0.394055
v 0.221052 6.000000 -0.421797
v 0.240195 5.850000 -0.505787
v 0.286618 5.850000 -0.452684
v 0.250460 5.850000 -0.392123
v 0.181690 5.850000 -0.407796
v 0.175345 5.850000 -0.478045
v 0.240195 5.850000 -0.505787
v -0.923769 7.336896 0.249763
v -0.894925 7.382335 0.295353
v -0.827037 7.364979 0.303422
v -0.813924 7.308813 0.262820
v -0.873708 7.291457 0.229657
v -0.923769 7.336896 0.249763
v -0.913948 7.413783 0.139793
v -0.874794 7.470758 0.153793
v -0.814043 7.448995 0.182268
v -0.815651 7.378571 0.185866
v -0.877395 7.356809 0.159616
v -0.913948 7.413783 0.139793
v -0.886254 7.328805 0.097840
v -0.825929 7.353213 0.070633
v -0.775046 7.343890 0.118582
v -0.803925 7.313721 0.175424
v -0.872655 7.304398 0.162604
v -0.886254 7.328805 0.097840
v -0.854413 7.232604 0.067682
v -0.791528 7.249282 0.040434
v -0.743272 7.242912 0.091481
v -0.776332 7.222297 0.150278
v -0.845021 7.215926 0.135570
v -0.854413 7.232604 0.067682
v -0.854413 7.200000 0.067682
v -0.790307 7.200000 0.038262
v -0.742517 7.200000 0.090139
v -0.777087 7.200000 0.151621
v -0.846242 7.200000 0.137742
v -0.854413 7.200000 0.067682
v -0.854413 7.050000 0.067682
v -0.790307 7.050000 0.038262
v -0.742517 7.050000 0.090139
v -0.777087 7.050000 0.151621
v -0.846242 7.050000 0.137742
v -0.854413 7.050000 0.067682
v -0.854413 6.900000 0.067682
v -0.790307 6.900000 0.038262
v -0.742517 6.900000 0.090139
v -0.777087 6.900000 0.151621
v -0.846242 6.900000 0.137742
v -0.854413 6.900000 0.067682
v -0.854413 6.750000 0.067682
v -0.790307 6.750000 0.038262
v -0.742517 6.750000 0.090139
v -0.777087 6.750000 0.151621
v -0.846242 6.750000 0.137742
v -0.854413 6.750000 0.067682
v -0.854413 6.600000 0.067682
v -0.790307 6.600000 0.038262
v -0.742517 6.600000 0.090139
v -0.777087 6.600000 0.151621
v -0.846242 6.600000 0.137742
v -0.854413 6.600000 0.067682
v -0.854413 6.450000 0.067682
v -0.790307 6.450000 0.038262
v -0.742517 6.450000 0.090139
v -0.777087 6.450000 0.151621
v -0.846242 6.450000 0.137742
v -0.854413 6.450000 0.067682
v -0.854413 6.300000 0.067682
v -0.790307 6.300000 0.038262
v -0.742517 6.300000 0.090139
v -0.777087 6.300000 0.151621
v -0.846242 6.300000 0.137742
v -0.854413 6.300000 0.067682
v -0.854413 6.150000 0.067682
v -0.790307 6.150000 0.038262
v -0.742517 6.150000 0.090139
v -0.777087 6.150000 0.151621
v -0.846242 6.150000 0.137742
v -0.854413 6.150000 0.067682
v -0.854413 6.000000 0.067682
v -0.790307 6.000000 0.038262
v -0.742517 6.000000 0.090139
v -0.777087 6.000000 0.151621
v -0.846242 6.000000 0.137742
v -0.854413 6.000000 0.067682
v -0.854413 5.850000 0.067682
v -0.790307 5.850000 0.038262
v -0.742517 5.850000 0.090139
v -0.777087 5.850000 0.151621
v -0.846242 5.850000 0.137742
v -0.854413 5.850000 0.067682
v 0.963156 7.503322 0.593905
v 0.921418 7.446674 0.598802
v 0.854536 7.468312 0.592992
v 0.854940 7.538333 0.584505
v 0.922071 7.559970 0.585069
v 0.963156 7.503322 0.593905
v 0.966388 7.493036 0.503584
v 0.925697 7.438187 0.521216
v 0.858409 7.459137 0.518297
v 0.857514 7.526935 0.498860
v 0.924248 7.547885 0.489767
v 0.966388 7.493036 0.503584
v 0.959654 7.448060 0.388582
v 0.923155 7.397696 0.421844
v 0.855301 7.416934 0.422736
v 0.849863 7.479187 0.390025
v 0.914357 7.498425 0.368917
v 0.959654 7.448060 0.388582
v 0.941093 7.387156 0.293007
v 0.910588 7.343168 0.338937
v 0.842210 7.359970 0.343086
v 0.830455 7.414342 0.299721
v 0.891568 7.431144 0.268770
v 0.941093 7.387156 0.293007
v 0.923769 7.336896 0.249763
v 0.881145 7.280773 0.252686
v 0.818521 7.302210 0.277052
v 0.822441 7.371582 0.289189
v 0.887487 7.393019 0.272324
v 0.923769 7.336896 0.249763
v 0.913948 7.413783 0.139793
v 0.877395 7.356809 0.159616
v 0.815651 7.378571 0.185866
v 0.814043 7.448995 0.182268
v 0.874794 7.470758 0.153793
v 0.913948 7.413783 0.139793
v 0.886254 7.328805 0.097840
v 0.872655 7.304398 0.162604
v 0.803925 7.313721 0.175424
v 0.775046 7.343890 0.118582
v 0.825929 7.353213 0.070633
v 0.886254 7.328805 0.097840
v 0.854413 7.232604 0.067682
v 0.828818 7.179751 0.106753
v 0.766318 7.199939 0.132469
v 0.753286 7.265269 0.109291
v 0.807731 7.285457 0.069251
v 0.854413 7.232604 0.067682
v 0.798763 7.257428 -0.066929
v 0.774261 7.202030 -0.030794
v 0.717921 7.223190 0.005991
v 0.707603 7.291666 -0.007411
v 0.757566 7.312827 -0.052477
v 0.798763 7.257428 -0.066929
v 0.798763 7.200000 -0.066929
v 0.800727 7.200000 0.003578
v 0.734278 7.200000 0.027233
v 0.691246 7.200000 -0.028654
v 0.731100 7.200000 -0.086849
v 0.798763 7.200000 -0.066929
v 0.798763 7.050000 -0.066929
v 0.800727 7.050000 0.003578
v 0.734278 7.050000 0.027233
v 0.691246 7.050000 -0.028654
v 0.731100 7.050000 -0.086849
v 0.798763 7.050000 -0.066929
v 0.798763 6.900000 -0.066929
v 0.800727 6.900000 0.003578
v 0.734278 6.900000 0.027233
v 0.691246 6.900000 -0.028654
v 0.731100 6.900000 -0.086849
v 0.798763 6.900000 -0.066929
v 0.798763 6.750000 -0.066929
v 0.800727 6.750000 0.003578
v 0.734278 6.750000 0.027233
v 0.691246 6.750000 -0.028654
v 0.731100 6.750000 -0.086849
v 0.798763 6.750000 -0.066929
v 0.798763 6.600000 -0.066929
v 0.800727 6.600000 0.003578
v 0.734278 6.600000 0.027233
v 0.691246 6.600000 -0.028654
v 0.731100 6.600000 -0.086849
v 0.798763 6.600000 -0.066929
v 0.798763 6.450000 -0.066929
v 0.800727 6.450000 0.003578
v 0.734278 6.450000 0.027233
v 0.691246 6.450000 -0.028654
v 0.731100 6.450000 -0.086849
v 0.798763 6.450000 -0.066929
v 0.798763 6.300000 -0.066929
v 0.800727 6.300000 0.003578
v 0.734278 6.300000 0.027233
v 0.691246 6.300000 -0.028654
v 0.731100 6.300000 -0.086849
v 0.798763 6.300000 -0.066929
v 0.798763 6.150000 -0.066929
v 0.800727 6.150000 0.003578
v 0.734278 6.150000 0.027233
v 0.691246 6.150000 -0.028654
v 0.731100 6.150000 -0.086849
v 0.798763 6.150000 -0.066929
v 0.798763 6.000000 -0.066929
v 0.800727 6.000000 0.003578
v 0.734278 6.000000 0.027233
v 0.691246 6.000000 -0.028654
v 0.731100 6.000000 -0.086849
v 0.798763 6.000000 -0.066929
v 0.870200 5.850000 -0.121934
v 0.872164 5.850000 -0.051427
v 0.805715 5.850000 -0.027772
v 0.762683 5.850000 -0.083659
v 0.802537 5.850000 -0.141854
v 0.870200 5.850000 -0.121934
v 0.000000 8.444059 -0.220383
v 0.057063 8.444059 -0.178924
v 0.035267 8.444059 -0.111842
v -0.035267 8.444059 -0.111842
v -0.057063 8.444059 -0.178924
v -0.000000 8.444059 -0.220383
v 0.000000 8.147796 -0.476340
v 0.057063 8.147796 -0.434881
v 0.035267 8.147796 -0.367799
v -0.035267 8.147796 -0.367799
v -0.057063 8.147796 -0.434881
v -0.000000 8.147796 -0.476340
v 0.000000 7.869505 -0.589366
v 0.057063 7.869505 -0.547907
v 0.035267 7.869505 -0.480825
v -0.035267 7.869505 -0.480825
v -0.057063 7.869505 -0.547907
v -0.000000 7.869505 -0.589366
v 0.000000 7.614069 -0.619618
v 0.057063 7.614069 -0.578159
v 0.035267 7.614069 -0.511077
v -0.035267 7.614069 -0.511077
v -0.057063 7.614069 -0.578159
v -0.000000 7.614069 -0.619618
v 0.000000 7.386493 -0.612283
v 0.057063 7.386493 -0.570824
v 0.035267 7.386493 -0.503742
v -0.035267 7.386493 -0.503742
v -0.057063 7.386493 -0.570824
v -0.000000 7.386493 -0.612283
v 0.000000 7.184348 -0.588043
v 0.057063 7.184348 -0.546584
v 0.035267 7.184348 -0.479502
v -0.035267 7.184348 -0.479502
v -0.057063 7.184348 -0.546584
v -0.000000 7.184348 -0.588043
v 0.000000 7.013216 -0.524704
v 0.057063 7.013216 -0.483245
v 0.035267 7.013216 -0.416163
v -0.035267 7.013216 -0.416163
v -0.057063 7.013216 -0.483245
v -0.000000 7.013216 -0.524704
v 0.000000 6.900000 -0.524704
v 0.057063 6.900000 -0.483245
v 0.035267 6.900000 -0.416163
v -0.035267 6.900000 -0.416163
v -0.057063 6.900000 -0.483245
v 0.000000 6.900000 -0.524704
v 0.000000 6.750000 -0.524704
v 0.057063 6.750000 -0.483245
v 0.035267 6.750000 -0.416163
v -0.035267 6.750000 -0.416163
v -0.057063 6.750000 -0.483245
v 0.000000 6.750000 -0.524704
v 0.000000 6.600000 -0.524704
v 0.057063 6.600000 -0.483245
v 0.035267 6.600000 -0.416163
v -0.035267 6.600000 -0.416163
v -0.057063 6.600000 -0.483245
v 0.000000 6.600000 -0.524704
v 0.000000 6.450000 -0.524704
v 0.057063 6.450000 -0.483245
v 0.035267 6.450000 -0.416163
v -0.035267 6.450000 -0.416163
v -0.057063 6.450000 -0.483245
v 0.000000 6.450000 -0.524704
v 0.000000 6.300000 -0.524704
v 0.057063 6.300000 -0.483245
v 0.035267 6.300000 -0.416163
v -0.035267 6.300000 -0.416163
v -0.057063 6.300000 -0.483245
v 0.000000 6.300000 -0.524704
v 0.000000 6.150000 -0.524704
v 0.057063 6.150000 -0.483245
v 0.035267 6.150000 -0.416163
v -0.035267 6.150000 -0.416163
v -0.057063 6.150000 -0.483245
v 0.000000 6.150000 -0.524704
v 0.000000 6.000000 -0.524704
v 0.057063 6.000000 -0.483245
v 0.035267 6.000000 -0.416163
v -0.035267 6.000000 -0.416163
v -0.057063 6.000000 -0.483245
v 0.000000 6.000000 -0.524704
v 0.000000 5.850000 -0.524704
v 0.057063 5.850000 -0.483245
v 0.035267 5.850000 -0.416163
v -0.035267 5.850000 -0.416163
v -0.057063 5.850000 -0.483245
v 0.000000 5.850000 -0.524704
v 0.382624 8.608169 0.757822
v 0.344107 8.551283 0.741837
v 0.286107 8.573012 0.708088
v 0.288778 8.643327 0.703216
v 0.348428 8.665055 0.733953
v 0.382624 8.608169 0.757822
v 0.416533 8.574356 0.225739
v 0.395203 8.520450 0.265917
v 0.337776 8.541040 0.301319
v 0.323615 8.607672 0.283021
v 0.372290 8.628262 0.236310
v 0.416533 8.574356 0.225739
v 0.397187 8.377141 -0.195337
v 0.418381 8.343619 -0.137009
v 0.371213 8.356423 -0.086154
v 0.320867 8.397859 -0.113052
v 0.336920 8.410663 -0.180531
v 0.397187 8.377141 -0.195337
v 0.355267 8.110165 -0.445441
v 0.392515 8.092880 -0.388092
v 0.350369 8.099482 -0.331921
v 0.287074 8.120848 -0.354554
v 0.290101 8.127450 -0.424713
v 0.355267 8.110165 -0.445441
v 0.329468 7.825093 -0.563058
v 0.371669 7.815852 -0.507302
v 0.331978 7.819382 -0.449102
v 0.265247 7.830805 -0.468889
v 0.263695 7.834335 -0.539317
v 0.329468 7.825093 -0.563058
v 0.303529 7.587166 -0.590362
v 0.347678 7.581142 -0.535684
v 0.309454 7.583443 -0.476450
v 0.241681 7.590889 -0.494519
v 0.238019 7.593190 -0.564921
v 0.303529 7.587166 -0.590362
v 0.282843 7.372861 -0.584687
v 0.328129 7.370843 -0.530648
v 0.290745 7.371614 -0.470841
v 0.222354 7.374108 -0.487917
v 0.217471 7.374878 -0.558278
v 0.282843 7.372861 -0.584687
v 0.279375 7.180605 -0.556157
v 0.324525 7.180231 -0.501969
v 0.286942 7.180374 -0.442282
v 0.218564 7.180836 -0.459581
v 0.213887 7.180978 -0.529960
v 0.279375 7.180605 -0.556157
v 0.257422 7.016468 -0.494352
v 0.302869 7.015217 -0.440425
v 0.265631 7.015695 -0.380523
v 0.197170 7.017242 -0.397429
v 0.192097 7.017719 -0.467779
v 0.257422 7.016468 -0.494352
v 0.257422 6.900000 -0.494352
v 0.302882 6.900000 -0.440422
v 0.265639 6.900000 -0.380521
v 0.197162 6.900000 -0.397431
v 0.192083 6.900000 -0.467782
v 0.257422 6.900000 -0.494352
v 0.257422 6.750000 -0.494352
v 0.302882 6.750000 -0.440422
v 0.265639 6.750000 -0.380521
v 0.197162 6.750000 -0.397431
v 0.192083 6.750000 -0.467782
v 0.257422 6.750000 -0.494352
v 0.257422 6.600000 -0.494352
v 0.302882 6.600000 -0.440422
v 0.265639 6.600000 -0.380521
v 0.197162 6.600000 -0.397431
v 0.192083 6.600000 -0.467782
v 0.257422 6.600000 -0.494352
v 0.257422 6.450000 -0.494352
v 0.302882 6.450000 -0.440422
v 0.265639 6.450000 -0.380521
v 0.197162 6.450000 -0.397431
v 0.192083 6.450000 -0.467782
v 0.257422 6.450000 -0.494352
v 0.257422 6.300000 -0.494352
v 0.302882 6.300000 -0.440422
v 0.265639 6.300000 -0.380521
v 0.197162 6.300000 -0.397431
v 0.192083 6.300000 -0.467782
v 0.257422 6.300000 -0.494352
v 0.257422 6.150000 -0.494352
v 0.302882 6.150000 -0.440422
v 0.265639 6.150000 -0.380521
v 0.197162 6.150000 -0.397431
v 0.192083 6.150000 -0.467782
v 0.257422 6.150000 -0.494352
v 0.257422 6.000000 -0.494352
v 0.302882 6.000000 -0.440422
v 0.265639 6.000000 -0.380521
v 0.197162 6.000000 -0.397431
v 0.192083 6.000000 -0.467782
v 0.257422 6.000000 -0.494352
v 0.259135 5.850000 -0.501290
v 0.304595 5.850000 -0.447360
v 0.267352 5.850000 -0.387460
v 0.198875 5.850000 -0.404369
v 0.193797 5.850000 -0.474720
v 0.259135 5.850000 -0.501290
v 0.605122 7.743186 -0.418808
v 0.630046 7.729300 -0.354301
v 0.576537 7.734604 -0.308653
v 0.518544 7.751769 -0.344947
v 0.536211 7.757073 -0.413026
v 0.605122 7.743186 -0.418808
v 0.560529 7.529680 -0.454096
v 0.589189 7.518848 -0.390563
v 0.537766 7.522986 -0.342463
v 0.477325 7.536375 -0.376267
v 0.491394 7.540512 -0.445260
v 0.560529 7.529680 -0.454096
v 0.534173 7.351851 -0.455563
v 0.564999 7.348860 -0.392192
v 0.514267 7.350002 -0.343201
v 0.452088 7.353700 -0.376294
v 0.464391 7.354842 -0.445737
v 0.534173 7.351851 -0.455563
v 0.515892 7.179668 -0.411459
v 0.546514 7.180524 -0.347925
v 0.495553 7.180197 -0.299161
v 0.433435 7.179139 -0.332557
v 0.446005 7.178811 -0.401962
v 0.515892 7.179668 -0.411459
v 0.515892 7.050000 -0.411459
v 0.546519 7.050000 -0.347922
v 0.495556 7.050000 -0.299159
v 0.433431 7.050000 -0.332559
v 0.445999 7.050000 -0.401965
v 0.515892 7.050000 -0.411459
v 0.515892 6.900000 -0.411459
v 0.546519 6.900000 -0.347922
v 0.495556 6.900000 -0.299159
v 0.433431 6.900000 -0.332559
v 0.445999 6.900000 -0.401965
v 0.515892 6.900000 -0.411459
v 0.515892 6.750000 -0.411459
v 0.546519 6.750000 -0.347922
v 0.495556 6.750000 -0.299159
v 0.433431 6.750000 -0.332559
v 0.445999 6.750000 -0.401965
v 0.515892 6.750000 -0.411459
v 0.515892 6.600000 -0.411459
v 0.546519 6.600000 -0.347922
v 0.495556 6.600000 -0.299159
v 0.433431 6.600000 -0.332559
v 0.445999 6.600000 -0.401965
v 0.515892 6.600000 -0.411459
v 0.515892 6.450000 -0.411459
v 0.546519 6.450000 -0.347922
v 0.495556 6.450000 -0.299159
v 0.433431 6.450000 -0.332559
v 0.445999 6.450000 -0.401965
v 0.515892 6.450000 -0.411459
v 0.515892 6.300000 -0.411459
v 0.546519 6.300000 -0.347922
v 0.495556 6.300000 -0.299159
v 0.433431 6.300000 -0.332559
v 0.445999 6.300000 -0.401965
v 0.515892 6.300000 -0.411459
v 0.515892 6.150000 -0.411459
v 0.546519 6.150000 -0.347922
v 0.495556 6.150000 -0.299159
v 0.433431 6.150000 -0.332559
v 0.445999 6.150000 -0.401965
v 0.515892 6.150000 -0.411459
v 0.515892 6.000000 -0.411459
v 0.546519 6.000000 -0.347922
v 0.495556 6.000000 -0.299159
v 0.433431 6.000000 -0.332559
v 0.445999 6.000000 -0.401965
v 0.515892 6.000000 -0.411459
v 0.528245 5.850000 -0.434436
v 0.558872 5.850000 -0.370898
v 0.507909 5.850000 -0.322135
v 0.445784 5.850000 -0.355536
v 0.458352 5.850000 -0.424941
v 0.528245 5.850000 -0.434436
v -0.834703 8.230369 0.657021
v -0.794641 8.286855 0.643628
v -0.727722 8.265279 0.638015
v -0.726427 8.195459 0.647939
v -0.792545 8.173883 0.659685
v -0.834703 8.230369 0.657021
v -0.843069 8.187394 0.333369
v -0.798716 8.241891 0.327203
v -0.735304 8.221075 0.350024
v -0.740467 8.153714 0.370294
v -0.807069 8.132898 0.360000
v -0.843069 8.187394 0.333369
v -0.830155 8.054858 0.033359
v -0.777180 8.100934 0.026596
v -0.726944 8.083334 0.072875
v -0.748871 8.026381 0.108239
v -0.812659 8.008782 0.083817
v -0.830155 8.054858 0.033359
v -0.769972 7.867646 -0.171276
v -0.708394 7.901653 -0.176455
v -0.671326 7.888663 -0.117870
v -0.709994 7.846628 -0.076482
v -0.770960 7.833638 -0.109489
v -0.769972 7.867646 -0.171276
v -0.716047 7.669147 -0.276347
v -0.649555 7.692511 -0.279183
v -0.620581 7.683587 -0.215497
v -0.669166 7.654708 -0.173300
v -0.728167 7.645784 -0.210907
v -0.716047 7.669147 -0.276347
v -0.668137 7.488705 -0.328739
v -0.599256 7.503882 -0.329102
v -0.575311 7.498085 -0.263010
v -0.629393 7.479325 -0.221800
v -0.686763 7.473528 -0.262423
v -0.668137 7.488705 -0.328739
v -0.638077 7.326134 -0.339250
v -0.567665 7.330269 -0.338816
v -0.546151 7.328689 -0.271662
v -0.603267 7.323579 -0.230591
v -0.660080 7.321999 -0.272363
v -0.638077 7.326134 -0.339250
v -0.614542 7.159879 -0.297454
v -0.544026 7.158310 -0.297453
v -0.522212 7.158909 -0.230379
v -0.579247 7.160848 -0.188926
v -0.636310 7.161447 -0.230381
v -0.614542 7.159879 -0.297454
v -0.586482 7.012870 -0.252723
v -0.528619 7.052186 -0.243711
v -0.501729 7.037169 -0.180257
v -0.542973 6.988572 -0.150052
v -0.595353 6.973554 -0.194839
v -0.586482 7.012870 -0.252723
v -0.490274 7.024178 -0.359585
v -0.472478 7.081200 -0.322077
v -0.439869 7.059420 -0.263448
v -0.437512 6.988936 -0.264721
v -0.468664 6.967156 -0.324137
v -0.490274 7.024178 -0.359585
v -0.380249 7.022559 -0.440604
v -0.327696 7.062898 -0.416396
v -0.318005 7.047490 -0.348251
v -0.364568 6.997628 -0.330343
v -0.403037 6.982220 -0.387420
v -0.380249 7.022559 -0.440604
v -0.380249 6.900000 -0.440604
v -0.312106 6.900000 -0.422392
v -0.308370 6.900000 -0.351956
v -0.374203 6.900000 -0.326637
v -0.418627 6.900000 -0.381425
v -0.380249 6.900000 -0.440604
v -0.380249 6.750000 -0.440604
v -0.312106 6.750000 -0.422392
v -0.308370 6.750000 -0.351956
v -0.374203 6.750000 -0.326637
v -0.418627 6.750000 -0.381425
v -0.380249 6.750000 -0.440604
v -0.380249 6.600000 -0.440604
v -0.312106 6.600000 -0.422392
v -0.308370 6.600000 -0.351956
v -0.374203 6.600000 -0.326637
v -0.418627 6.600000 -0.381425
v -0.380249 6.600000 -0.440604
v -0.380249 6.450000 -0.440604
v -0.312106 6.450000 -0.422392
v -0.308370 6.450000 -0.351956
v -0.374203 6.450000 -0.326637
v -0.418627 6.450000 -0.381425
v -0.380249 6.450000 -0.440604
v -0.380249 6.300000 -0.440604
v -0.312106 6.300000 -0.422392
v -0.308370 6.300000 -0.351956
v -0.374203 6.300000 -0.326637
v -0.418627 6.300000 -0.381425
v -0.380249 6.300000 -0.440604
v -0.380249 6.150000 -0.440604
v -0.312106 6.150000 -0.422392
v -0.308370 6.150000 -0.351956
v -0.374203 6.150000 -0.326637
v -0.418627 6.150000 -0.381425
v -0.380249 6.150000 -0.440604
v -0.380249 6.000000 -0.440604
v -0.312106 6.000000 -0.422392
v -0.308370 6.000000 -0.351956
v -0.374203 6.000000 -0.326637
v -0.418627 6.000000 -0.381425
v -0.380249 6.000000 -0.440604
v -0.388005 5.850000 -0.460772
v -0.319863 5.850000 -0.442560
v -0.316126 5.850000 -0.372124
v -0.381960 5.850000 -0.346805
v -0.426383 5.850000 -0.401593
v -0.388005 5.850000 -0.460772
v -0.335480 7.569142 -0.704618
v -0.269820 7.573827 -0.679282
v -0.273450 7.572038 -0.608864
v -0.341353 7.566247 -0.590680
v -0.379690 7.564458 -0.649859
v -0.335480 7.569142 -0.704618
v -0.311497 7.332668 -0.694066
v -0.246099 7.334719 -0.667723
v -0.250910 7.333935 -0.597357
v -0.319281 7.331401 -0.580212
v -0.356726 7.330617 -0.639981
v -0.311497 7.332668 -0.694066
v -0.306369 7.122655 -0.657712
v -0.240858 7.121889 -0.631580
v -0.245462 7.122182 -0.561197
v -0.313818 7.123129 -0.543829
v -0.351461 7.123421 -0.603479
v -0.306369 7.122655 -0.657712
v -0.306369 7.050000 -0.657712
v -0.240853 7.050000 -0.631581
v -0.245459 7.050000 -0.561198
v -0.313821 7.050000 -0.543828
v -0.351466 7.050000 -0.603477
v -0.306369 7.050000 -0.657712
v -0.306369 6.900000 -0.657712
v -0.240853 6.900000 -0.631581
v -0.245459 6.900000 -0.561198
v -0.313821 6.900000 -0.543828
v -0.351466 6.900000 -0.603477
v -0.306369 6.900000 -0.657712
v -0.306369 6.750000 -0.657712
v -0.240853 6.750000 -0.631581
v -0.245459 6.750000 -0.561198
v -0.313821 6.750000 -0.543828
v -0.351466 6.750000 -0.603477
v -0.306369 6.750000 -0.657712
v -0.306369 6.600000 -0.657712
v -0.240853 6.600000 -0.631581
v -0.245459 6.600000 -0.561198
v -0.313821 6.600000 -0.543828
v -0.351466 6.600000 -0.603477
v -0.306369 6.600000 -0.657712
v -0.306369 6.450000 -0.657712
v -0.240853 6.450000 -0.631581
v -0.245459 6.450000 -0.561198
v -0.313821 6.450000 -0.543828
v -0.351466 6.450000 -0.603477
v -0.306369 6.450000 -0.657712
v -0.306369 6.300000 -0.657712
v -0.240853 6.300000 -0.631581
v -0.245459 6.300000 -0.561198
v -0.313821 6.300000 -0.543828
v -0.351466 6.300000 -0.603477
v -0.306369 6.300000 -0.657712
v -0.306369 6.150000 -0.657712
v -0.240853 6.150000 -0.631581
v -0.245459 6.150000 -0.561198
v -0.313821 6.150000 -0.543828
v -0.351466 6.150000 -0.603477
v -0.306369 6.150000 -0.657712
v -0.306369 6.000000 -0.657712
v -0.240853 6.000000 -0.631581
v -0.245459 6.000000 -0.561198
v -0.313821 6.000000 -0.543828
v -0.351466 6.000000 -0.603477
v -0.306369 6.000000 -0.657712
v -0.306369 5.850000 -0.657712
v -0.240853 5.850000 -0.631581
v -0.245459 5.850000 -0.561198
v -0.313821 5.850000 -0.543828
v -0.351466 5.850000 -0.603477
v -0.306369 5.850000 -0.657712
v 0.684387 7.895572 1.355061
v 0.690795 7.858714 1.295265
v 0.634715 7.872793 1.254868
v 0.593649 7.918351 1.289697
v 0.624348 7.932429 1.351620
v 0.684387 7.895572 1.355061
v 0.715337 7.981391 1.272265
v 0.677880 7.925540 1.250990
v 0.633916 7.946873 1.200126
v 0.644202 8.015910 1.189965
v 0.694523 8.037243 1.234550
v 0.715337 7.981391 1.272265
v 0.828044 7.847034 1.150402
v 0.784199 7.792733 1.140200
v 0.733891 7.813474 1.095322
v 0.746645 7.880593 1.077788
v 0.804835 7.901334 1.111829
v 0.828044 7.847034 1.150402
v 0.851742 7.907135 1.069304
v 0.802695 7.856450 1.070026
v 0.750702 7.875810 1.026471
v 0.767617 7.938459 0.998830
v 0.830063 7.957819 1.025302
v 0.851742 7.907135 1.069304
v 0.911051 7.748178 0.962989
v 0.861670 7.698518 0.971388
v 0.805070 7.717486 0.933815
v 0.819470 7.778870 0.902195
v 0.884969 7.797838 0.920226
v 0.911051 7.748178 0.962989
v 0.936624 7.792521 0.871186
v 0.903681 7.738773 0.839546
v 0.837879 7.759303 0.824593
v 0.830153 7.825739 0.846990
v 0.891180 7.846269 0.875786
v 0.936624 7.792521 0.871186
v 0.953140 7.820272 0.749805
v 0.914270 7.763796 0.733230
v 0.847996 7.785368 0.722394
v 0.845906 7.855176 0.732272
v 0.910888 7.876748 0.749213
v 0.953140 7.820272 0.749805
v 0.969036 7.829534 0.599398
v 0.927539 7.772499 0.599012
v 0.860587 7.794285 0.594776
v 0.860705 7.864784 0.592545
v 0.927730 7.886569 0.595401
v 0.969036 7.829534 0.599398
v 0.972935 7.810503 0.422096
v 0.933877 7.755734 0.443309
v 0.866564 7.776654 0.445856
v 0.864021 7.844351 0.426217
v 0.929762 7.865271 0.411533
v 0.972935 7.810503 0.422096
v 0.951746 7.727852 0.228455
v 0.921868 7.679066 0.269714
v 0.854677 7.697700 0.280354
v 0.843028 7.758003 0.245670
v 0.903020 7.776638 0.213595
v 0.951746 7.727852 0.228455
v 0.915827 7.618110 0.085427
v 0.896867 7.577431 0.139840
v 0.830100 7.592969 0.156446
v 0.807795 7.643251 0.112295
v 0.860777 7.658789 0.068403
v 0.915827 7.618110 0.085427
v 0.873887 7.500778 -0.007036
v 0.864815 7.470463 0.056002
v 0.798290 7.482042 0.076385
v 0.766248 7.519514 0.025944
v 0.812969 7.531094 -0.025612
v 0.873887 7.500778 -0.007036
v 0.832320 7.380777 -0.048800
v 0.830590 7.365010 0.019928
v 0.763869 7.371032 0.041999
v 0.724363 7.390521 -0.013088
v 0.766668 7.396544 -0.069204
v 0.832320 7.380777 -0.048800
v 0.885331 7.200766 -0.127736
v 0.886729 7.193622 -0.057579
v 0.820286 7.196350 -0.034063
v 0.777824 7.205181 -0.089688
v 0.818024 7.207910 -0.147581
v 0.885331 7.200766 -0.127736
v 0.762998 7.112422 -0.041161
v 0.744757 7.060577 0.003048
v 0.686099 7.080380 0.036844
v 0.668087 7.144464 0.013521
v 0.715613 7.164267 -0.034689
v 0.762998 7.112422 -0.041161
v 0.698330 7.136949 -0.169791
v 0.662292 7.080759 -0.147008
v 0.618241 7.102222 -0.096274
v 0.627054 7.171676 -0.087702
v 0.676552 7.193139 -0.133137
v 0.698330 7.136949 -0.169791
v 0.614542 7.159879 -0.297454
v 0.621924 7.118465 -0.240837
v 0.570356 7.134284 -0.195388
v 0.531103 7.185474 -0.223917
v 0.558412 7.201292 -0.286997
v 0.614542 7.159879 -0.297454
v 0.586482 7.012870 -0.252723
v 0.595353 6.973554 -0.194839
v 0.542973 6.988572 -0.150052
v 0.501729 7.037169 -0.180257
v 0.528619 7.052186 -0.243711
v 0.586482 7.012870 -0.252723
v 0.490274 7.024178 -0.359585
v 0.506028 6.983778 -0.303955
v 0.460604 6.999209 -0.252248
v 0.416777 7.049147 -0.275921
v 0.435113 7.064579 -0.342259
v 0.490274 7.024178 -0.359585
v 0.466928 6.886587 -0.314913
v 0.497388 6.886729 -0.251295
v 0.446296 6.886675 -0.202667
v 0.384260 6.886500 -0.236231
v 0.397011 6.886445 -0.305603
v 0.466928 6.886587 -0.314913
v 0.466928 6.750000 -0.314913
v 0.497388 6.750000 -0.251295
v 0.446296 6.750000 -0.202667
v 0.384260 6.750000 -0.236231
v 0.397011 6.750000 -0.305603
v 0.466928 6.750000 -0.314913
v 0.466928 6.600000 -0.314913
v 0.497388 6.600000 -0.251295
v 0.446296 6.600000 -0.202667
v 0.384260 6.600000 -0.236231
v 0.397011 6.600000 -0.305603
v 0.466928 6.600000 -0.314913
v 0.466928 6.450000 -0.314913
v 0.497388 6.450000 -0.251295
v 0.446296 6.450000 -0.202667
v 0.384260 6.450000 -0.236231
v 0.397011 6.450000 -0.305603
v 0.466928 6.450000 -0.314913
v 0.466928 6.300000 -0.314913
v 0.497388 6.300000 -0.251295
v 0.446296 6.300000 -0.202667
v 0.384260 6.300000 -0.236231
v 0.397011 6.300000 -0.305603
v 0.466928 6.300000 -0.314913
v 0.466928 6.150000 -0.314913
v 0.497388 6.150000 -0.251295
v 0.446296 6.150000 -0.202667
v 0.384260 6.150000 -0.236231
v 0.397011 6.150000 -0.305603
v 0.466928 6.150000 -0.314913
v 0.466928 6.000000 -0.314913
v 0.497388 6.000000 -0.251295
v 0.446296 6.000000 -0.202667
v 0.384260 6.000000 -0.236231
v 0.397011 6.000000 -0.305603
v 0.466928 6.000000 -0.314913
v 0.530838 5.850000 -0.433037
v 0.561298 5.850000 -0.369419
v 0.510206 5.850000 -0.320791
v 0.448170 5.850000 -0.354355
v 0.460921 5.850000 -0.423727
v 0.530838 5.850000 -0.433037
v -0.643678 6.936543 -0.325551
v -0.573145 6.936543 -0.326021
v -0.550902 6.936543 -0.259085
v -0.607688 6.936543 -0.217247
v -0.665027 6.936543 -0.258325
v -0.643678 6.936543 -0.325551
v -0.643678 6.900000 -0.325551
v -0.573145 6.900000 -0.326021
v -0.550902 6.900000 -0.259085
v -0.607688 6.900000 -0.217247
v -0.665027 6.900000 -0.258325
v -0.643678 6.900000 -0.325551
v -0.643678 6.750000 -0.325551
v -0.573145 6.750000 -0.326021
v -0.550902 6.750000 -0.259085
v -0.607688 6.750000 -0.217247
v -0.665027 6.750000 -0.258325
v -0.643678 6.750000 -0.325551
v -0.643678 6.600000 -0.325551
v -0.573145 6.600000 -0.326021
v -0.550902 6.600000 -0.259085
v -0.607688 6.600000 -0.217247
v -0.665027 6.600000 -0.258325
v -0.643678 6.600000 -0.325551
v -0.643678 6.450000 -0.325551
v -0.573145 6.450000 -0.326021
v -0.550902 6.450000 -0.259085
v -0.607688 6.450000 -0.217247
v -0.665027 6.450000 -0.258325
v -0.643678 6.450000 -0.325551
v -0.643678 6.300000 -0.325551
v -0.573145 6.300000 -0.326021
v -0.550902 6.300000 -0.259085
v -0.607688 6.300000 -0.217247
v -0.665027 6.300000 -0.258325
v -0.643678 6.300000 -0.325551
v -0.643678 6.150000 -0.325551
v -0.573145 6.150000 -0.326021
v -0.550902 6.150000 -0.259085
v -0.607688 6.150000 -0.217247
v -0.665027 6.150000 -0.258325
v -0.643678 6.150000 -0.325551
v -0.643678 6.000000 -0.325551
v -0.573145 6.000000 -0.326021
v -0.550902 6.000000 -0.259085
v -0.607688 6.000000 -0.217247
v -0.665027 6.000000 -0.258325
v -0.643678 6.000000 -0.325551
v -0.671999 5.850000 -0.363991
v -0.601467 5.850000 -0.364461
v -0.579224 5.850000 -0.297525
v -0.636010 5.850000 -0.255687
v -0.693348 5.850000 -0.296765
v -0.671999 5.850000 -0.363991
v 0.842430 7.041779 -0.096858
v 0.844200 7.041779 -0.026346
v 0.777685 7.041779 -0.002874
v 0.734808 7.041779 -0.058879
v 0.774823 7.041779 -0.116965
v 0.842430 7.041779 -0.096858
v 0.842430 6.900000 -0.096858
v 0.844200 6.900000 -0.026346
v 0.777685 6.900000 -0.002874
v 0.734808 6.900000 -0.058879
v 0.774823 6.900000 -0.116965
v 0.842430 6.900000 -0.096858
v 0.842430 6.750000 -0.096858
v 0.844200 6.750000 -0.026346
v 0.777685 6.750000 -0.002874
v 0.734808 6.750000 -0.058879
v 0.774823 6.750000 -0.116965
v 0.842430 6.750000 -0.096858
v 0.842430 6.600000 -0.096858
v 0.844200 6.600000 -0.026346
v 0.777685 6.600000 -0.002874
v 0.734808 6.600000 -0.058879
v 0.774823 6.600000 -0.116965
v 0.842430 6.600000 -0.096858
v 0.842430 6.450000 -0.096858
v 0.844200 6.450000 -0.026346
v 0.777685 6.450000 -0.002874
v 0.734808 6.450000 -0.058879
v 0.774823 6.450000 -0.116965
v 0.842430 6.450000 -0.096858
v 0.842430 6.300000 -0.096858
v 0.844200 6.300000 -0.026346
v 0.777685 6.300000 -0.002874
v 0.734808 6.300000 -0.058879
v 0.774823 6.300000 -0.116965
v 0.842430 6.300000 -0.096858
v 0.842430 6.150000 -0.096858
v 0.844200 6.150000 -0.026346
v 0.777685 6.150000 -0.002874
v 0.734808 6.150000 -0.058879
v 0.774823 6.150000 -0.116965
v 0.842430 6.150000 -0.096858
v 0.842430 6.000000 -0.096858
v 0.844200 6.000000 -0.026346
v 0.777685 6.000000 -0.002874
v 0.734808 6.000000 -0.058879
v 0.774823 6.000000 -0.116965
v 0.842430 6.000000 -0.096858
v 0.872045 5.850000 -0.119531
v 0.873815 5.850000 -0.049019
v 0.807300 5.850000 -0.025547
v 0.764423 5.850000 -0.081552
v 0.804438 5.850000 -0.139638
v 0.872045 5.850000 -0.119531
v -0.464298 8.680278 0.195663
v -0.413051 8.728730 0.196721
v -0.366580 8.710223 0.246450
v -0.389107 8.650332 0.276127
v -0.449500 8.631825 0.244739
v -0.464298 8.680278 0.195663
v -0.442966 8.454676 -0.274670
v -0.382578 8.488083 -0.260096
v -0.366338 8.475323 -0.192654
v -0.416688 8.434030 -0.165546
v -0.464047 8.421270 -0.216235
v -0.442966 8.454676 -0.274670
v -0.394940 8.152705 -0.550402
v -0.329737 8.169985 -0.529787
v -0.326589 8.163385 -0.459633
v -0.389848 8.142026 -0.436890
v -0.432091 8.135426 -0.492988
v -0.394940 8.152705 -0.550402
v -0.365055 7.833630 -0.677342
v -0.299243 7.842811 -0.653688
v -0.300708 7.839304 -0.583257
v -0.367426 7.827955 -0.563382
v -0.407195 7.824448 -0.621530
v -0.365055 7.833630 -0.677342
v -0.367419 7.551119 -0.818878
v -0.301824 7.556807 -0.793578
v -0.305356 7.554634 -0.723165
v -0.373134 7.547603 -0.704948
v -0.411490 7.545430 -0.764101
v -0.367419 7.551119 -0.818878
v -0.340140 7.292476 -0.803447
v -0.274721 7.294552 -0.777159
v -0.279472 7.293759 -0.706789
v -0.347828 7.291192 -0.689586
v -0.385323 7.290399 -0.749324
v -0.340140 7.292476 -0.803447
v -0.333354 7.064706 -0.759268
v -0.267818 7.065213 -0.733193
v -0.272363 7.065019 -0.662806
v -0.340708 7.064392 -0.645379
v -0.378402 7.064198 -0.704996
v -0.333354 7.064706 -0.759268
v -0.281508 6.943952 -0.586880
v -0.216215 6.946868 -0.560359
v -0.221193 6.945754 -0.490010
v -0.289564 6.942150 -0.473052
v -0.326840 6.941036 -0.532921
v -0.281508 6.943952 -0.586880
v -0.281508 6.900000 -0.586880
v -0.216142 6.900000 -0.560377
v -0.221149 6.900000 -0.490021
v -0.289609 6.900000 -0.473041
v -0.326913 6.900000 -0.532903
v -0.281508 6.900000 -0.586880
v -0.281508 6.750000 -0.586880
v -0.216142 6.750000 -0.560377
v -0.221149 6.750000 -0.490021
v -0.289609 6.750000 -0.473041
v -0.326913 6.750000 -0.532903
v -0.281508 6.750000 -0.586880
v -0.281508 6.600000 -0.586880
v -0.216142 6.600000 -0.560377
v -0.221149 6.600000 -0.490021
v -0.289609 6.600000 -0.473041
v -0.326913 6.600000 -0.532903
v -0.281508 6.600000 -0.586880
v -0.281508 6.450000 -0.586880
v -0.216142 6.450000 -0.560377
v -0.221149 6.450000 -0.490021
v -0.289609 6.450000 -0.473041
v -0.326913 6.450000 -0.532903
v -0.281508 6.450000 -0.586880
v -0.281508 6.300000 -0.586880
v -0.216142 6.300000 -0.560377
v -0.221149 6.300000 -0.490021
v -0.289609 6.300000 -0.473041
v -0.326913 6.300000 -0.532903
v -0.281508 6.300000 -0.586880
v -0.281508 6.150000 -0.586880
v -0.216142 6.150000 -0.560377
v -0.221149 6.150000 -0.490021
v -0.289609 6.150000 -0.473041
v -0.326913 6.150000 -0.532903
v -0.281508 6.150000 -0.586880
v -0.281508 6.000000 -0.586880
v -0.216142 6.000000 -0.560377
v -0.221149 6.000000 -0.490021
v -0.289609 6.000000 -0.473041
v -0.326913 6.000000 -0.532903
v -0.281508 6.000000 -0.586880
v -0.281508 5.850000 -0.586880
v -0.216142 5.850000 -0.560377
v -0.221149 5.850000 -0.490021
v -0.289609 5.850000 -0.473041
v -0.326913 5.850000 -0.532903
v -0.281508 5.850000 -0.586880
v 0.843069 8.187394 0.333369
v 0.808992 8.135959 0.367549
v 0.741655 8.155606 0.374959
v 0.734116 8.219183 0.345359
v 0.796793 8.238829 0.319655
v 0.843069 8.187394 0.333369
v 0.830155 8.054858 0.033359
v 0.812659 8.008782 0.083817
v 0.748871 8.026381 0.108239
v 0.726944 8.083334 0.072875
v 0.777180 8.100934 0.026596
v 0.830155 8.054858 0.033359
v 0.769972 7.867646 -0.171276
v 0.770960 7.833638 -0.109489
v 0.709994 7.846628 -0.076482
v 0.671326 7.888663 -0.117870
v 0.708394 7.901653 -0.176455
v 0.769972 7.867646 -0.171276
v 0.716047 7.669147 -0.276347
v 0.728167 7.645784 -0.210907
v 0.669166 7.654708 -0.173300
v 0.620581 7.683587 -0.215497
v 0.649555 7.692511 -0.279183
v 0.716047 7.669147 -0.276347
v 0.668137 7.488705 -0.328739
v 0.686763 7.473528 -0.262423
v 0.629393 7.479325 -0.221800
v 0.575311 7.498085 -0.263010
v 0.599256 7.503882 -0.329102
v 0.668137 7.488705 -0.328739
v 0.638077 7.326134 -0.339250
v 0.660139 7.323180 -0.272320
v 0.603304 7.324309 -0.230565
v 0.546114 7.327959 -0.271688
v 0.567605 7.329087 -0.338859
v 0.638077 7.326134 -0.339250
v 0.676985 7.096405 -0.377909
v 0.698562 7.098082 -0.310777
v 0.641384 7.097442 -0.269482
v 0.584468 7.095368 -0.311092
v 0.606471 7.094727 -0.378103
v 0.676985 7.096405 -0.377909
v 0.676985 7.050000 -0.377909
v 0.698582 7.050000 -0.310763
v 0.641396 7.050000 -0.269473
v 0.584456 7.050000 -0.311101
v 0.606451 7.050000 -0.378118
v 0.676985 7.050000 -0.377909
v 0.676985 6.900000 -0.377909
v 0.698582 6.900000 -0.310763
v 0.641396 6.900000 -0.269473
v 0.584456 6.900000 -0.311101
v 0.606451 6.900000 -0.378118
v 0.676985 6.900000 -0.377909
v 0.676985 6.750000 -0.377909
v 0.698582 6.750000 -0.310763
v 0.641396 6.750000 -0.269473
v 0.584456 6.750000 -0.311101
v 0.606451 6.750000 -0.378118
v 0.676985 6.750000 -0.377909
v 0.676985 6.600000 -0.377909
v 0.698582 6.600000 -0.310763
v 0.641396 6.600000 -0.269473
v 0.584456 6.600000 -0.311101
v 0.606451 6.600000 -0.378118
v 0.676985 6.600000 -0.377909
v 0.676985 6.450000 -0.377909
v 0.698582 6.450000 -0.310763
v 0.641396 6.450000 -0.269473
v 0.584456 6.450000 -0.311101
v 0.606451 6.450000 -0.378118
v 0.676985 6.450000 -0.377909
v 0.676985 6.300000 -0.377909
v 0.698582 6.300000 -0.310763
v 0.641396 6.300000 -0.269473
v 0.584456 6.300000 -0.311101
v 0.606451 6.300000 -0.378118
v 0.676985 6.300000 -0.377909
v 0.676985 6.150000 -0.377909
v 0.698582 6.150000 -0.310763
v 0.641396 6.150000 -0.269473
v 0.584456 6.150000 -0.311101
v 0.606451 6.150000 -0.378118
v 0.676985 6.150000 -0.377909
v 0.676985 6.000000 -0.377909
v 0.698582 6.000000 -0.310763
v 0.641396 6.000000 -0.269473
v 0.584456 6.000000 -0.311101
v 0.606451 6.000000 -0.378118
v 0.676985 6.000000 -0.377909
v 0.676985 5.850000 -0.377909
v 0.698582 5.850000 -0.310763
v 0.641396 5.850000 -0.269473
v 0.584456 5.850000 -0.311101
v 0.606451 5.850000 -0.378118
v 0.676985 5.850000 -0.377909
v -0.652113 7.983924 -0.315039
v -0.606076 7.933323 -0.297860
v -0.573676 7.952651 -0.238263
v -0.599690 8.015198 -0.218609
v -0.648167 8.034526 -0.266059
v -0.652113 7.983924 -0.315039
v -0.860081 7.882219 -0.249185
v -0.791502 7.872068 -0.262181
v -0.756887 7.875946 -0.200847
v -0.804074 7.888493 -0.149944
v -0.867851 7.892370 -0.179819
v -0.860081 7.882219 -0.249185
v -0.797445 7.659440 -0.363991
v -0.730992 7.682889 -0.367021
v -0.701798 7.673932 -0.303440
v -0.750207 7.644947 -0.261115
v -0.809321 7.635990 -0.298538
v -0.797445 7.659440 -0.363991
v -0.741314 7.458497 -0.418926
v -0.672465 7.473814 -0.419465
v -0.648317 7.467964 -0.353453
v -0.702240 7.449030 -0.312115
v -0.759716 7.443179 -0.352579
v -0.741314 7.458497 -0.418926
v -0.705161 7.279076 -0.426921
v -0.634752 7.283276 -0.426677
v -0.613054 7.281671 -0.359582
v -0.670052 7.276480 -0.318359
v -0.726978 7.274875 -0.359977
v -0.705161 7.279076 -0.426921
v -0.676985 7.096405 -0.377909
v -0.606466 7.094943 -0.378107
v -0.584465 7.095501 -0.311094
v -0.641387 7.097308 -0.269480
v -0.698567 7.097867 -0.310774
v -0.676985 7.096405 -0.377909
v -0.676985 7.050000 -0.377909
v -0.606451 7.050000 -0.378118
v -0.584456 7.050000 -0.311101
v -0.641396 7.050000 -0.269473
v -0.698582 7.050000 -0.310763
v -0.676985 7.050000 -0.377909
v -0.676985 6.900000 -0.377909
v -0.606451 6.900000 -0.378118
v -0.584456 6.900000 -0.311101
v -0.641396 6.900000 -0.269473
v -0.698582 6.900000 -0.310763
v -0.676985 6.900000 -0.377909
v -0.676985 6.750000 -0.377909
v -0.606451 6.750000 -0.378118
v -0.584456 6.750000 -0.311101
v -0.641396 6.750000 -0.269473
v -0.698582 6.750000 -0.310763
v -0.676985 6.750000 -0.377909
v -0.676985 6.600000 -0.377909
v -0.606451 6.600000 -0.378118
v -0.584456 6.600000 -0.311101
v -0.641396 6.600000 -0.269473
v -0.698582 6.600000 -0.310763
v -0.676985 6.600000 -0.377909
v -0.676985 6.450000 -0.377909
v -0.606451 6.450000 -0.378118
v -0.584456 6.450000 -0.311101
v -0.641396 6.450000 -0.269473
v -0.698582 6.450000 -0.310763
v -0.676985 6.450000 -0.377909
v -0.676985 6.300000 -0.377909
v -0.606451 6.300000 -0.378118
v -0.584456 6.300000 -0.311101
v -0.641396 6.300000 -0.269473
v -0.698582 6.300000 -0.310763
v -0.676985 6.300000 -0.377909
v -0.676985 6.150000 -0.377909
v -0.606451 6.150000 -0.378118
v -0.584456 6.150000 -0.311101
v -0.641396 6.150000 -0.269473
v -0.698582 6.150000 -0.310763
v -0.676985 6.150000 -0.377909
v -0.676985 6.000000 -0.377909
v -0.606451 6.000000 -0.378118
v -0.584456 6.000000 -0.311101
v -0.641396 6.000000 -0.269473
v -0.698582 6.000000 -0.310763
v -0.676985 6.000000 -0.377909
v -0.676985 5.850000 -0.377909
v -0.606451 5.850000 -0.378118
v -0.584456 5.850000 -0.311101
v -0.641396 5.850000 -0.269473
v -0.698582 5.850000 -0.310763
v -0.676985 5.850000 -0.377909
v -0.911051 7.748178 0.962989
v -0.862720 7.799189 0.969082
v -0.805719 7.779705 0.932390
v -0.818821 7.716651 0.903620
v -0.883919 7.697167 0.922531
v -0.911051 7.748178 0.962989
v -0.936624 7.792521 0.871186
v -0.891180 7.846269 0.875786
v -0.830153 7.825739 0.846990
v -0.837879 7.759303 0.824593
v -0.903681 7.738773 0.839546
v -0.936624 7.792521 0.871186
v -0.953140 7.820272 0.749805
v -0.910888 7.876748 0.749213
v -0.845906 7.855176 0.732272
v -0.847996 7.785368 0.722394
v -0.914270 7.763796 0.733230
v -0.953140 7.820272 0.749805
v -0.969036 7.829534 0.599398
v -0.927730 7.886569 0.595401
v -0.860705 7.864784 0.592545
v -0.860587 7.794285 0.594776
v -0.927539 7.772499 0.599012
v -0.969036 7.829534 0.599398
v -0.972935 7.810503 0.422096
v -0.929762 7.865271 0.411533
v -0.864021 7.844351 0.426217
v -0.866564 7.776654 0.445856
v -0.933877 7.755734 0.443309
v -0.972935 7.810503 0.422096
v -0.951746 7.727852 0.228455
v -0.903020 7.776638 0.213595
v -0.843028 7.758003 0.245670
v -0.854677 7.697700 0.280354
v -0.921868 7.679066 0.269714
v -0.951746 7.727852 0.228455
v -0.915827 7.618110 0.085427
v -0.860777 7.658789 0.068403
v -0.807795 7.643251 0.112295
v -0.830100 7.592969 0.156446
v -0.896867 7.577431 0.139840
v -0.915827 7.618110 0.085427
v -0.873887 7.500778 -0.007036
v -0.812969 7.531094 -0.025612
v -0.766248 7.519514 0.025944
v -0.798290 7.482042 0.076385
v -0.864815 7.470463 0.056002
v -0.873887 7.500778 -0.007036
v -0.832320 7.380777 -0.048800
v -0.767316 7.399995 -0.068301
v -0.724764 7.392654 -0.012529
v -0.763468 7.368899 0.041441
v -0.829942 7.361559 0.019024
v -0.832320 7.380777 -0.048800
v -0.798763 7.257428 -0.066929
v -0.731378 7.264624 -0.086488
v -0.691418 7.261875 -0.028430
v -0.734106 7.252981 0.027010
v -0.800449 7.250233 0.003217
v -0.798763 7.257428 -0.066929
v -0.762998 7.112422 -0.041161
v -0.706889 7.154890 -0.045986
v -0.662695 7.138669 0.006539
v -0.691491 7.086175 0.043826
v -0.753482 7.069954 0.014345
v -0.762998 7.112422 -0.041161
v -0.698330 7.136949 -0.169791
v -0.658647 7.191997 -0.150554
v -0.615988 7.170970 -0.098466
v -0.629307 7.102927 -0.085510
v -0.680197 7.081901 -0.129592
v -0.698330 7.136949 -0.169791
v -0.739403 7.032931 -0.458381
v -0.672963 7.056466 -0.455746
v -0.649250 7.047476 -0.389929
v -0.701033 7.018385 -0.351886
v -0.756751 7.009396 -0.394192
v -0.739403 7.032931 -0.458381
v -0.700850 6.860216 -0.398395
v -0.653389 6.909735 -0.381951
v -0.622174 6.890820 -0.321594
v -0.650344 6.829612 -0.300735
v -0.698969 6.810698 -0.348200
v -0.700850 6.860216 -0.398395
v -0.537372 6.950327 -0.441612
v -0.525882 7.006605 -0.400674
v -0.490705 6.985109 -0.343441
v -0.480455 6.915546 -0.349007
v -0.509297 6.894050 -0.409679
v -0.537372 6.950327 -0.441612
v -0.466928 6.886587 -0.314913
v -0.397013 6.887037 -0.305602
v -0.384261 6.886865 -0.236231
v -0.446295 6.886310 -0.202667
v -0.497386 6.886138 -0.251296
v -0.466928 6.886587 -0.314913
v -0.466928 6.750000 -0.314913
v -0.397011 6.750000 -0.305603
v -0.384260 6.750000 -0.236231
v -0.446296 6.750000 -0.202667
v -0.497388 6.750000 -0.251295
v -0.466928 6.750000 -0.314913
v -0.466928 6.600000 -0.314913
v -0.397011 6.600000 -0.305603
v -0.384260 6.600000 -0.236231
v -0.446296 6.600000 -0.202667
v -0.497388 6.600000 -0.251295
v -0.466928 6.600000 -0.314913
v -0.466928 6.450000 -0.314913
v -0.397011 6.450000 -0.305603
v -0.384260 6.450000 -0.236231
v -0.446296 6.450000 -0.202667
v -0.497388 6.450000 -0.251295
v -0.466928 6.450000 -0.314913
v -0.466928 6.300000 -0.314913
v -0.397011 6.300000 -0.305603
v -0.384260 6.300000 -0.236231
v -0.446296 6.300000 -0.202667
v -0.497388 6.300000 -0.251295
v -0.466928 6.300000 -0.314913
v -0.466928 6.150000 -0.314913
v -0.397011 6.150000 -0.305603
v -0.384260 6.150000 -0.236231
v -0.446296 6.150000 -0.202667
v -0.497388 6.150000 -0.251295
v -0.466928 6.150000 -0.314913
v -0.466928 6.000000 -0.314913
v -0.397011 6.000000 -0.305603
v -0.384260 6.000000 -0.236231
v -0.446296 6.000000 -0.202667
v -0.497388 6.000000 -0.251295
v -0.466928 6.000000 -0.314913
v -0.530838 5.850000 -0.433037
v -0.460921 5.850000 -0.423727
v -0.448170 5.850000 -0.354355
v -0.510206 5.850000 -0.320791
v -0.561298 5.850000 -0.369419
v -0.530838 5.850000 -0.433037
v 0.456197 8.330745 1.273268
v 0.464564 8.286444 1.219023
v 0.417215 8.303366 1.169558
v 0.379585 8.358125 1.193231
v 0.403677 8.375047 1.257327
v 0.456197 8.330745 1.273268
v 0.508539 8.450262 1.054795
v 0.496320 8.398630 1.008320
v 0.442249 8.418352 0.967546
v 0.421050 8.482172 0.988822
v 0.462019 8.501893 1.042745
v 0.508539 8.450262 1.054795
v 0.560185 8.530929 0.717603
v 0.521444 8.473958 0.702487
v 0.456877 8.495719 0.684246
v 0.455715 8.566139 0.688089
v 0.519563 8.587900 0.708704
v 0.560185 8.530929 0.717603
v 0.585689 8.491716 0.245173
v 0.556746 8.437293 0.279458
v 0.494151 8.458081 0.304455
v 0.484409 8.525352 0.285619
v 0.540982 8.546139 0.248981
v 0.585689 8.491716 0.245173
v 0.575563 8.311716 -0.146741
v 0.580221 8.271407 -0.089047
v 0.525548 8.286804 -0.047228
v 0.487099 8.336628 -0.079076
v 0.518010 8.352024 -0.140579
v 0.575563 8.311716 -0.146741
v 0.514451 8.063158 -0.393987
v 0.539883 8.038828 -0.332861
v 0.490429 8.048121 -0.283435
v 0.434432 8.078195 -0.314013
v 0.449279 8.087488 -0.382338
v 0.514451 8.063158 -0.393987
v 0.476455 7.794343 -0.507458
v 0.510021 7.781248 -0.446821
v 0.463087 7.786250 -0.394406
v 0.400514 7.802435 -0.422650
v 0.408776 7.807437 -0.492520
v 0.476455 7.794343 -0.507458
v 0.442815 7.561843 -0.539032
v 0.479503 7.553862 -0.479322
v 0.434210 7.556911 -0.425337
v 0.369529 7.566776 -0.451683
v 0.374847 7.569825 -0.521951
v 0.442815 7.561843 -0.539032
v 0.417731 7.367352 -0.531914
v 0.455923 7.364355 -0.472690
v 0.411423 7.365500 -0.417977
v 0.345729 7.369203 -0.443386
v 0.349628 7.370348 -0.513803
v 0.417731 7.367352 -0.531914
v 0.404112 7.185845 -0.496727
v 0.442377 7.185529 -0.437475
v 0.397850 7.185650 -0.382772
v 0.332066 7.186040 -0.408216
v 0.335936 7.186160 -0.478644
v 0.404112 7.185845 -0.496727
v 0.380249 7.022559 -0.440604
v 0.418610 7.021111 -0.381431
v 0.374193 7.021664 -0.326641
v 0.308381 7.023454 -0.351952
v 0.312123 7.024007 -0.422385
v 0.380249 7.022559 -0.440604
v 0.351241 6.874907 -0.382606
v 0.389976 6.873592 -0.323674
v 0.345903 6.874094 -0.268607
v 0.279930 6.875720 -0.293505
v 0.283228 6.876222 -0.363960
v 0.351241 6.874907 -0.382606
v 0.351241 6.750000 -0.382606
v 0.389990 6.750000 -0.323669
v 0.345912 6.750000 -0.268603
v 0.279921 6.750000 -0.293508
v 0.283214 6.750000 -0.363965
v 0.351241 6.750000 -0.382606
v 0.351241 6.600000 -0.382606
v 0.389990 6.600000 -0.323669
v 0.345912 6.600000 -0.268603
v 0.279921 6.600000 -0.293508
v 0.283214 6.600000 -0.363965
v 0.351241 6.600000 -0.382606
v 0.351241 6.450000 -0.382606
v 0.389990 6.450000 -0.323669
v 0.345912 6.450000 -0.268603
v 0.279921 6.450000 -0.293508
v 0.283214 6.450000 -0.363965
v 0.351241 6.450000 -0.382606
v 0.351241 6.300000 -0.382606
v 0.389990 6.300000 -0.323669
v 0.345912 6.300000 -0.268603
v 0.279921 6.300000 -0.293508
v 0.283214 6.300000 -0.363965
v 0.351241 6.300000 -0.382606
v 0.351241 6.150000 -0.382606
v 0.389990 6.150000 -0.323669
v 0.345912 6.150000 -0.268603
v 0.279921 6.150000 -0.293508
v 0.283214 6.150000 -0.363965
v 0.351241 6.150000 -0.382606
v 0.351241 6.000000 -0.382606
v 0.389990 6.000000 -0.323669
v 0.345912 6.000000 -0.268603
v 0.279921 6.000000 -0.293508
v 0.283214 6.000000 -0.363965
v 0.351241 6.000000 -0.382606
v 0.381653 5.850000 -0.463192
v 0.420403 5.850000 -0.404255
v 0.376325 5.850000 -0.349190
v 0.310333 5.850000 -0.374094
v 0.313627 5.850000 -0.444552
v 0.381653 5.850000 -0.463192
v -0.160815 8.533477 1.126354
v -0.114998 8.577731 1.096063
v -0.110282 8.560828 1.027747
v -0.153184 8.506127 1.015816
v -0.184415 8.489223 1.076758
v -0.160815 8.533477 1.126354
v -0.227794 8.638181 0.777878
v -0.193155 8.694726 0.753839
v -0.148009 8.673127 0.704136
v -0.154746 8.603234 0.697457
v -0.204056 8.581636 0.743032
v -0.227794 8.638181 0.777878
v -0.250197 8.617059 0.215915
v -0.207391 8.669558 0.235577
v -0.173856 8.649505 0.294300
v -0.195935 8.584613 0.310930
v -0.243116 8.564560 0.262485
v -0.250197 8.617059 0.215915
v -0.222772 8.415180 -0.219767
v -0.161322 8.438778 -0.194426
v -0.161690 8.429764 -0.124471
v -0.223368 8.400596 -0.106577
v -0.261118 8.391583 -0.165473
v -0.222772 8.415180 -0.219767
v -0.191424 8.133724 -0.466481
v -0.128604 8.144130 -0.436143
v -0.137226 8.140155 -0.366251
v -0.205375 8.127293 -0.353393
v -0.238871 8.123318 -0.415338
v -0.191424 8.133724 -0.466481
v -0.175143 7.840096 -0.584281
v -0.112691 7.845752 -0.551988
v -0.123871 7.843591 -0.482379
v -0.193233 7.836600 -0.471651
v -0.224921 7.834439 -0.534630
v -0.175143 7.840096 -0.584281
v -0.157761 7.605304 -0.613432
v -0.095790 7.609505 -0.580009
v -0.108301 7.607900 -0.510612
v -0.178004 7.602707 -0.501145
v -0.208572 7.601103 -0.564691
v -0.157761 7.605304 -0.613432
v -0.141974 7.379054 -0.606833
v -0.080294 7.380359 -0.572644
v -0.093737 7.379860 -0.503404
v -0.163726 7.378247 -0.494801
v -0.193538 7.377749 -0.558723
v -0.141974 7.379054 -0.606833
v -0.143048 7.178240 -0.578075
v -0.081219 7.178889 -0.544137
v -0.094387 7.178641 -0.474843
v -0.164355 7.177839 -0.465956
v -0.194429 7.177591 -0.529757
v -0.143048 7.178240 -0.578075
v -0.125688 7.011894 -0.513911
v -0.071928 7.040751 -0.478526
v -0.082717 7.029729 -0.409698
v -0.143146 6.994059 -0.402547
v -0.169704 6.983037 -0.466954
v -0.125688 7.011894 -0.513911
v 0.000000 6.940380 -0.620071
v 0.000000 6.997443 -0.578612
v 0.000000 6.975647 -0.511530
v 0.000000 6.905113 -0.511530
v 0.000000 6.883316 -0.578612
v 0.000000 6.940380 -0.620071
v 0.125688 7.011894 -0.513911
v 0.137597 7.066398 -0.470754
v 0.123303 7.045579 -0.404895
v 0.102560 6.978209 -0.407350
v 0.104035 6.957390 -0.474726
v 0.125688 7.011894 -0.513911
v 0.125688 6.900000 -0.513911
v 0.177484 6.900000 -0.466033
v 0.147954 6.900000 -0.401978
v 0.077909 6.900000 -0.410267
v 0.064148 6.900000 -0.479446
v 0.125688 6.900000 -0.513911
v 0.125688 6.750000 -0.513911
v 0.177484 6.750000 -0.466033
v 0.147954 6.750000 -0.401978
v 0.077909 6.750000 -0.410267
v 0.064148 6.750000 -0.479446
v 0.125688 6.750000 -0.513911
v 0.125688 6.600000 -0.513911
v 0.177484 6.600000 -0.466033
v 0.147954 6.600000 -0.401978
v 0.077909 6.600000 -0.410267
v 0.064148 6.600000 -0.479446
v 0.125688 6.600000 -0.513911
v 0.125688 6.450000 -0.513911
v 0.177484 6.450000 -0.466033
v 0.147954 6.450000 -0.401978
v 0.077909 6.450000 -0.410267
v 0.064148 6.450000 -0.479446
v 0.125688 6.450000 -0.513911
v 0.125688 6.300000 -0.513911
v 0.177484 6.300000 -0.466033
v 0.147954 6.300000 -0.401978
v 0.077909 6.300000 -0.410267
v 0.064148 6.300000 -0.479446
v 0.125688 6.300000 -0.513911
v 0.125688 6.150000 -0.513911
v 0.177484 6.150000 -0.466033
v 0.147954 6.150000 -0.401978
v 0.077909 6.150000 -0.410267
v 0.064148 6.150000 -0.479446
v 0.125688 6.150000 -0.513911
v 0.125688 6.000000 -0.513911
v 0.177484 6.000000 -0.466033
v 0.147954 6.000000 -0.401978
v 0.077909 6.000000 -0.410267
v 0.064148 6.000000 -0.479446
v 0.125688 6.000000 -0.513911
v 0.125688 5.850000 -0.513911
v 0.177484 5.850000 -0.466033
v 0.147954 5.850000 -0.401978
v 0.077909 5.850000 -0.410267
v 0.064148 5.850000 -0.479446
v 0.125688 5.850000 -0.513911
v 0.141974 7.379054 -0.606833
v 0.193540 7.380285 -0.558723
v 0.163727 7.379814 -0.494801
v 0.093736 7.378293 -0.503404
v 0.080292 7.377823 -0.572644
v 0.141974 7.379054 -0.606833
v 0.143048 7.178240 -0.578075
v 0.194427 7.179011 -0.529757
v 0.164354 7.178716 -0.465956
v 0.094388 7.177763 -0.474843
v 0.081221 7.177469 -0.544137
v 0.143048 7.178240 -0.578075
v 0.143048 7.050000 -0.578075
v 0.194432 7.050000 -0.529756
v 0.164357 7.050000 -0.465956
v 0.094385 7.050000 -0.474843
v 0.081215 7.050000 -0.544137
v 0.143048 7.050000 -0.578075
v 0.143048 6.900000 -0.578075
v 0.194432 6.900000 -0.529756
v 0.164357 6.900000 -0.465956
v 0.094385 6.900000 -0.474843
v 0.081215 6.900000 -0.544137
v 0.143048 6.900000 -0.578075
v 0.143048 6.750000 -0.578075
v 0.194432 6.750000 -0.529756
v 0.164357 6.750000 -0.465956
v 0.094385 6.750000 -0.474843
v 0.081215 6.750000 -0.544137
v 0.143048 6.750000 -0.578075
v 0.143048 6.600000 -0.578075
v 0.194432 6.600000 -0.529756
v 0.164357 6.600000 -0.465956
v 0.094385 6.600000 -0.474843
v 0.081215 6.600000 -0.544137
v 0.143048 6.600000 -0.578075
v 0.143048 6.450000 -0.578075
v 0.194432 6.450000 -0.529756
v 0.164357 6.450000 -0.465956
v 0.094385 6.450000 -0.474843
v 0.081215 6.450000 -0.544137
v 0.143048 6.450000 -0.578075
v 0.143048 6.300000 -0.578075
v 0.194432 6.300000 -0.529756
v 0.164357 6.300000 -0.465956
v 0.094385 6.300000 -0.474843
v 0.081215 6.300000 -0.544137
v 0.143048 6.300000 -0.578075
v 0.143048 6.150000 -0.578075
v 0.194432 6.150000 -0.529756
v 0.164357 6.150000 -0.465956
v 0.094385 6.150000 -0.474843
v 0.081215 6.150000 -0.544137
v 0.143048 6.150000 -0.578075
v 0.143048 6.000000 -0.578075
v 0.194432 6.000000 -0.529756
v 0.164357 6.000000 -0.465956
v 0.094385 6.000000 -0.474843
v 0.081215 6.000000 -0.544137
v 0.143048 6.000000 -0.578075
v 0.143048 5.850000 -0.578075
v 0.194432 5.850000 -0.529756
v 0.164357 5.850000 -0.465956
v 0.094385 5.850000 -0.474843
v 0.081215 5.850000 -0.544137
v 0.143048 5.850000 -0.578075
v -0.625164 8.252505 1.194410
v -0.621031 8.298070 1.140727
v -0.564961 8.280666 1.101633
v -0.534441 8.224344 1.131155
v -0.571649 8.206940 1.188494
v -0.625164 8.252505 1.194410
v -0.771474 8.125589 1.087047
v -0.743025 8.181827 1.055376
v -0.685918 8.160346 1.019987
v -0.679072 8.090832 1.029787
v -0.731948 8.069351 1.071232
v -0.771474 8.125589 1.087047
v -0.806591 8.198405 0.909709
v -0.760006 8.251305 0.912273
v -0.702138 8.231099 0.877373
v -0.712957 8.165711 0.853239
v -0.777513 8.145505 0.873224
v -0.806591 8.198405 0.909709
v -0.935312 8.292747 0.676820
v -0.893607 8.349621 0.675769
v -0.827393 8.327897 0.664865
v -0.828176 8.257597 0.659177
v -0.894873 8.235873 0.666565
v -0.935312 8.292747 0.676820
v -0.946525 8.244990 0.313767
v -0.902203 8.299471 0.307256
v -0.838644 8.278661 0.329670
v -0.843686 8.211319 0.350033
v -0.910360 8.190509 0.340205
v -0.946525 8.244990 0.313767
v -0.929463 8.093651 -0.021741
v -0.877407 8.140916 -0.027329
v -0.826600 8.122863 0.018145
v -0.847257 8.064440 0.051837
v -0.910829 8.046386 0.027186
v -0.929463 8.093651 -0.021741
v -0.950160 7.896793 -0.327127
v -0.888727 7.931010 -0.332626
v -0.851205 7.917940 -0.274348
v -0.889448 7.875645 -0.232831
v -0.950605 7.862575 -0.265450
v -0.950160 7.896793 -0.327127
v -0.878815 7.649732 -0.451660
v -0.812392 7.673247 -0.454847
v -0.783020 7.664265 -0.391352
v -0.831289 7.635199 -0.348922
v -0.890494 7.626217 -0.386194
v -0.878815 7.649732 -0.451660
v -0.814466 7.428289 -0.509131
v -0.745643 7.443716 -0.509816
v -0.721328 7.437823 -0.443868
v -0.775124 7.418754 -0.402426
v -0.832686 7.412861 -0.442760
v -0.814466 7.428289 -0.509131
v -0.772222 7.232017 -0.514608
v -0.701764 7.235304 -0.514558
v -0.679934 7.234048 -0.447499
v -0.736899 7.229986 -0.406104
v -0.793936 7.228731 -0.447580
v -0.772222 7.232017 -0.514608
v -0.801804 6.969457 -0.538866
v -0.731293 6.967721 -0.539360
v -0.709004 6.968384 -0.472444
v -0.765740 6.970530 -0.430592
v -0.823093 6.971193 -0.471643
v -0.801804 6.969457 -0.538866
v -0.758005 6.783889 -0.471251
v -0.709953 6.833003 -0.455319
v -0.678829 6.814243 -0.394867
v -0.707646 6.753535 -0.373438
v -0.756579 6.734775 -0.420646
v -0.758005 6.783889 -0.471251
v -0.584451 6.876477 -0.523649
v -0.570051 6.933202 -0.484279
v -0.535853 6.911535 -0.426519
v -0.529118 6.841419 -0.430192
v -0.559153 6.819752 -0.490221
v -0.584451 6.876477 -0.523649
v -0.509734 6.802508 -0.389067
v -0.489316 6.859567 -0.352978
v -0.457496 6.837772 -0.293922
v -0.458249 6.767243 -0.293513
v -0.490534 6.745449 -0.352316
v -0.509734 6.802508 -0.389067
v -0.351241 6.874907 -0.382606
v -0.334241 6.931915 -0.344708
v -0.311457 6.910140 -0.281606
v -0.314376 6.839674 -0.280505
v -0.338963 6.817900 -0.342926
v -0.351241 6.874907 -0.382606
v -0.241101 6.790295 -0.504863
v -0.213587 6.844196 -0.468632
v -0.205589 6.823608 -0.401645
v -0.228161 6.756983 -0.396476
v -0.250108 6.736395 -0.460269
v -0.241101 6.790295 -0.504863
v -0.102558 6.785729 -0.517135
v -0.081927 6.840283 -0.477471
v -0.081861 6.819445 -0.410085
v -0.102452 6.752012 -0.408102
v -0.115243 6.731174 -0.474263
v -0.102558 6.785729 -0.517135
v -0.102558 6.750000 -0.517135
v -0.041784 6.750000 -0.481335
v -0.057052 6.750000 -0.412473
v -0.127261 6.750000 -0.405714
v -0.155386 6.750000 -0.470398
v -0.102558 6.750000 -0.517135
v -0.102558 6.600000 -0.517135
v -0.041784 6.600000 -0.481335
v -0.057052 6.600000 -0.412473
v -0.127261 6.600000 -0.405714
v -0.155386 6.600000 -0.470398
v -0.102558 6.600000 -0.517135
v -0.102558 6.450000 -0.517135
v -0.041784 6.450000 -0.481335
v -0.057052 6.450000 -0.412473
v -0.127261 6.450000 -0.405714
v -0.155386 6.450000 -0.470398
v -0.102558 6.450000 -0.517135
v -0.102558 6.300000 -0.517135
v -0.041784 6.300000 -0.481335
v -0.057052 6.300000 -0.412473
v -0.127261 6.300000 -0.405714
v -0.155386 6.300000 -0.470398
v -0.102558 6.300000 -0.517135
v -0.102558 6.150000 -0.517135
v -0.041784 6.150000 -0.481335
v -0.057052 6.150000 -0.412473
v -0.127261 6.150000 -0.405714
v -0.155386 6.150000 -0.470398
v -0.102558 6.150000 -0.517135
v -0.102558 6.000000 -0.517135
v -0.041784 6.000000 -0.481335
v -0.057052 6.000000 -0.412473
v -0.127261 6.000000 -0.405714
v -0.155386 6.000000 -0.470398
v -0.102558 6.000000 -0.517135
v -0.102558 5.850000 -0.517135
v -0.041784 5.850000 -0.481335
v -0.057052 5.850000 -0.412473
v -0.127261 5.850000 -0.405714
v -0.155386 5.850000 -0.470398
v -0.102558 5.850000 -0.517135
v 1.017755 7.747951 1.017921
v 0.990844 7.696955 0.977297
v 0.925840 7.716433 0.958061
v 0.912574 7.779468 0.986797
v 0.969381 7.798947 1.023792
v 1.017755 7.747951 1.017921
v 1.047836 7.797900 0.915981
v 1.015086 7.744173 0.884108
v 0.949359 7.764695 0.868815
v 0.941487 7.831106 0.891236
v 1.002349 7.851628 0.920386
v 1.047836 7.797900 0.915981
v 1.068718 7.829358 0.780844
v 1.029959 7.772891 0.763984
v 0.963744 7.794460 0.752780
v 0.961581 7.864257 0.762715
v 1.026458 7.885826 0.780060
v 1.068718 7.829358 0.780844
v 1.087899 7.839935 0.612347
v 1.046407 7.782900 0.611693
v 0.979482 7.804685 0.607055
v 0.979613 7.875184 0.604842
v 1.046618 7.896970 0.608113
v 1.087899 7.839935 0.612347
v 1.092367 7.818411 0.413278
v 1.053182 7.763641 0.434253
v 0.985856 7.784561 0.436398
v 0.983431 7.852260 0.416748
v 1.049258 7.873180 0.402459
v 1.092367 7.818411 0.413278
v 1.067310 7.724994 0.196199
v 1.037188 7.676174 0.237239
v 0.969945 7.694822 0.247527
v 0.958510 7.755166 0.212844
v 1.018685 7.773813 0.181122
v 1.067310 7.724994 0.196199
v 1.024366 7.601529 0.036975
v 1.005081 7.560731 0.091185
v 0.938252 7.576314 0.107499
v 0.916235 7.626744 0.063372
v 0.969456 7.642327 0.019786
v 1.024366 7.601529 0.036975
v 0.974580 7.470339 -0.064803
v 0.965159 7.439840 -0.001906
v 0.898566 7.451490 0.018212
v 0.866830 7.489189 -0.032252
v 0.913809 7.500839 -0.083558
v 0.974580 7.470339 -0.064803
v 0.925832 7.336784 -0.109811
v 0.923714 7.320485 -0.041219
v 0.856933 7.326710 -0.019388
v 0.817778 7.346857 -0.074488
v 0.860360 7.353083 -0.130373
v 0.925832 7.336784 -0.109811
v 0.971871 7.144103 -0.188579
v 0.973148 7.138731 -0.118261
v 0.906580 7.140783 -0.095032
v 0.864162 7.147424 -0.150993
v 0.904513 7.149476 -0.208808
v 0.971871 7.144103 -0.188579
v 0.921835 6.971135 -0.152589
v 0.903939 6.919825 -0.107621
v 0.844762 6.939424 -0.074621
v 0.826084 7.002846 -0.099194
v 0.873718 7.022445 -0.147381
v 0.921835 6.971135 -0.152589
v 0.770407 7.069783 -0.238313
v 0.733828 7.013711 -0.216109
v 0.689774 7.035129 -0.165359
v 0.699126 7.104437 -0.156197
v 0.748960 7.125855 -0.201285
v 0.770407 7.069783 -0.238313
v 0.739403 7.032931 -0.458381
v 0.745927 6.990860 -0.402144
v 0.694343 7.006930 -0.356801
v 0.655940 7.058932 -0.385014
v 0.683788 7.075002 -0.447794
v 0.739403 7.032931 -0.458381
v 0.643678 6.936543 -0.325551
v 0.665023 6.937247 -0.258328
v 0.607686 6.936978 -0.217249
v 0.550905 6.936108 -0.259084
v 0.573149 6.935839 -0.326018
v 0.643678 6.936543 -0.325551
v 0.643678 6.900000 -0.325551
v 0.665027 6.900000 -0.258325
v 0.607688 6.900000 -0.217247
v 0.550902 6.900000 -0.259085
v 0.573145 6.900000 -0.326021
v 0.643678 6.900000 -0.325551
v 0.643678 6.750000 -0.325551
v 0.665027 6.750000 -0.258325
v 0.607688 6.750000 -0.217247
v 0.550902 6.750000 -0.259085
v 0.573145 6.750000 -0.326021
v 0.643678 6.750000 -0.325551
v 0.643678 6.600000 -0.325551
v 0.665027 6.600000 -0.258325
v 0.607688 6.600000 -0.217247
v 0.550902 6.600000 -0.259085
v 0.573145 6.600000 -0.326021
v 0.643678 6.600000 -0.325551
v 0.643678 6.450000 -0.325551
v 0.665027 6.450000 -0.258325
v 0.607688 6.450000 -0.217247
v 0.550902 6.450000 -0.259085
v 0.573145 6.450000 -0.326021
v 0.643678 6.450000 -0.325551
v 0.643678 6.300000 -0.325551
v 0.665027 6.300000 -0.258325
v 0.607688 6.300000 -0.217247
v 0.550902 6.300000 -0.259085
v 0.573145 6.300000 -0.326021
v 0.643678 6.300000 -0.325551
v 0.643678 6.150000 -0.325551
v 0.665027 6.150000 -0.258325
v 0.607688 6.150000 -0.217247
v 0.550902 6.150000 -0.259085
v 0.573145 6.150000 -0.326021
v 0.643678 6.150000 -0.325551
v 0.643678 6.000000 -0.325551
v 0.665027 6.000000 -0.258325
v 0.607688 6.000000 -0.217247
v 0.550902 6.000000 -0.259085
v 0.573145 6.000000 -0.326021
v 0.643678 6.000000 -0.325551
v 0.671999 5.850000 -0.363991
v 0.693348 5.850000 -0.296765
v 0.636010 5.850000 -0.255687
v 0.579224 5.850000 -0.297525
v 0.601467 5.850000 -0.364461
v 0.671999 5.850000 -0.363991
v -0.899331 7.881729 0.134057
v -0.842720 7.847052 0.110230
v -0.789024 7.860297 0.154007
v -0.812450 7.903160 0.204890
v -0.880624 7.916406 0.192560
v -0.899331 7.881729 0.134057
v -1.067310 7.724994 0.196199
v -1.010359 7.735248 0.155869
v -0.953364 7.731331 0.197237
v -0.975091 7.718657 0.263134
v -1.045514 7.714740 0.262492
v -1.067310 7.724994 0.196199
v -1.024366 7.601529 0.036975
v -0.969456 7.642327 0.019786
v -0.916235 7.626744 0.063372
v -0.938252 7.576314 0.107499
v -1.005081 7.560731 0.091185
v -1.024366 7.601529 0.036975
v -0.974580 7.470339 -0.064803
v -0.913809 7.500839 -0.083558
v -0.866830 7.489189 -0.032252
v -0.898566 7.451490 0.018212
v -0.965159 7.439840 -0.001906
v -0.974580 7.470339 -0.064803
v -0.925832 7.336784 -0.109811
v -0.860956 7.356203 -0.129535
v -0.818146 7.348786 -0.073970
v -0.856565 7.324782 -0.019906
v -0.923118 7.317364 -0.042057
v -0.925832 7.336784 -0.109811
v -0.885331 7.200766 -0.127736
v -0.818939 7.215580 -0.146382
v -0.778389 7.209922 -0.088947
v -0.819721 7.191610 -0.034804
v -0.885814 7.185951 -0.058777
v -0.885331 7.200766 -0.127736
v -0.885331 7.200000 -0.127736
v -0.817752 7.200000 -0.147938
v -0.777656 7.200000 -0.089908
v -0.820454 7.200000 -0.033843
v -0.887001 7.200000 -0.057222
v -0.885331 7.200000 -0.127736
v -0.885331 7.050000 -0.127736
v -0.817752 7.050000 -0.147938
v -0.777656 7.050000 -0.089908
v -0.820454 7.050000 -0.033843
v -0.887001 7.050000 -0.057222
v -0.885331 7.050000 -0.127736
v -0.885331 6.900000 -0.127736
v -0.817752 6.900000 -0.147938
v -0.777656 6.900000 -0.089908
v -0.820454 6.900000 -0.033843
v -0.887001 6.900000 -0.057222
v -0.885331 6.900000 -0.127736
v -0.885331 6.750000 -0.127736
v -0.817752 6.750000 -0.147938
v -0.777656 6.750000 -0.089908
v -0.820454 6.750000 -0.033843
v -0.887001 6.750000 -0.057222
v -0.885331 6.750000 -0.127736
v -0.885331 6.600000 -0.127736
v -0.817752 6.600000 -0.147938
v -0.777656 6.600000 -0.089908
v -0.820454 6.600000 -0.033843
v -0.887001 6.600000 -0.057222
v -0.885331 6.600000 -0.127736
v -0.885331 6.450000 -0.127736
v -0.817752 6.450000 -0.147938
v -0.777656 6.450000 -0.089908
v -0.820454 6.450000 -0.033843
v -0.887001 6.450000 -0.057222
v -0.885331 6.450000 -0.127736
v -0.885331 6.300000 -0.127736
v -0.817752 6.300000 -0.147938
v -0.777656 6.300000 -0.089908
v -0.820454 6.300000 -0.033843
v -0.887001 6.300000 -0.057222
v -0.885331 6.300000 -0.127736
v -0.885331 6.150000 -0.127736
v -0.817752 6.150000 -0.147938
v -0.777656 6.150000 -0.089908
v -0.820454 6.150000 -0.033843
v -0.887001 6.150000 -0.057222
v -0.885331 6.150000 -0.127736
v -0.885331 6.000000 -0.127736
v -0.817752 6.000000 -0.147938
v -0.777656 6.000000 -0.089908
v -0.820454 6.000000 -0.033843
v -0.887001 6.000000 -0.057222
v -0.885331 6.000000 -0.127736
v -0.885331 5.850000 -0.127736
v -0.817752 5.850000 -0.147938
v -0.777656 5.850000 -0.089908
v -0.820454 5.850000 -0.033843
v -0.887001 5.850000 -0.057222
v -0.885331 5.850000 -0.127736
v 0.394940 8.152705 -0.550402
v 0.433442 8.140856 -0.492502
v 0.390682 8.145382 -0.436590
v 0.325754 8.160029 -0.459933
v 0.328386 8.164555 -0.530273
v 0.394940 8.152705 -0.550402
v 0.365055 7.833630 -0.677342
v 0.407182 7.824366 -0.621534
v 0.367418 7.827904 -0.563384
v 0.300716 7.839355 -0.583254
v 0.299256 7.842893 -0.653684
v 0.365055 7.833630 -0.677342
v 0.335480 7.569142 -0.704618
v 0.379565 7.563090 -0.649892
v 0.341276 7.565402 -0.590700
v 0.273527 7.572883 -0.608844
v 0.269945 7.575194 -0.679249
v 0.335480 7.569142 -0.704618
v 0.311497 7.332668 -0.694066
v 0.356726 7.330617 -0.639981
v 0.319281 7.331401 -0.580212
v 0.250910 7.333935 -0.597357
v 0.246099 7.334719 -0.667723
v 0.311497 7.332668 -0.694066
v 0.306369 7.122655 -0.657712
v 0.351461 7.123421 -0.603479
v 0.313818 7.123129 -0.543829
v 0.245462 7.122182 -0.561197
v 0.240858 7.121889 -0.631580
v 0.306369 7.122655 -0.657712
v 0.306369 7.050000 -0.657712
v 0.351466 7.050000 -0.603477
v 0.313821 7.050000 -0.543828
v 0.245459 7.050000 -0.561198
v 0.240853 7.050000 -0.631581
v 0.306369 7.050000 -0.657712
v 0.306369 6.900000 -0.657712
v 0.351466 6.900000 -0.603477
v 0.313821 6.900000 -0.543828
v 0.245459 6.900000 -0.561198
v 0.240853 6.900000 -0.631581
v 0.306369 6.900000 -0.657712
v 0.306369 6.750000 -0.657712
v 0.351466 6.750000 -0.603477
v 0.313821 6.750000 -0.543828
v 0.245459 6.750000 -0.561198
v 0.240853 6.750000 -0.631581
v 0.306369 6.750000 -0.657712
v 0.306369 6.600000 -0.657712
v 0.351466 6.600000 -0.603477
v 0.313821 6.600000 -0.543828
v 0.245459 6.600000 -0.561198
v 0.240853 6.600000 -0.631581
v 0.306369 6.600000 -0.657712
v 0.306369 6.450000 -0.657712
v 0.351466 6.450000 -0.603477
v 0.313821 6.450000 -0.543828
v 0.245459 6.450000 -0.561198
v 0.240853 6.450000 -0.631581
v 0.306369 6.450000 -0.657712
v 0.306369 6.300000 -0.657712
v 0.351466 6.300000 -0.603477
v 0.313821 6.300000 -0.543828
v 0.245459 6.300000 -0.561198
v 0.240853 6.300000 -0.631581
v 0.306369 6.300000 -0.657712
v 0.306369 6.150000 -0.657712
v 0.351466 6.150000 -0.603477
v 0.313821 6.150000 -0.543828
v 0.245459 6.150000 -0.561198
v 0.240853 6.150000 -0.631581
v 0.306369 6.150000 -0.657712
v 0.306369 6.000000 -0.657712
v 0.351466 6.000000 -0.603477
v 0.313821 6.000000 -0.543828
v 0.245459 6.000000 -0.561198
v 0.240853 6.000000 -0.631581
v 0.306369 6.000000 -0.657712
v 0.306369 5.850000 -0.657712
v 0.351466 5.850000 -0.603477
v 0.313821 5.850000 -0.543828
v 0.245459 5.850000 -0.561198
v 0.240853 5.850000 -0.631581
v 0.306369 5.850000 -0.657712
v 0.250197 8.617059 0.215915
v 0.206768 8.669219 0.235108
v 0.173471 8.649296 0.294010
v 0.196320 8.584822 0.311220
v 0.243740 8.564899 0.262954
v 0.250197 8.617059 0.215915
v 0.464298 8.680278 0.195663
v 0.436104 8.736780 0.227091
v 0.380828 8.715198 0.265220
v 0.374859 8.645358 0.257357
v 0.426447 8.623776 0.214368
v 0.464298 8.680278 0.195663
v 0.653813 8.586316 0.216620
v 0.635770 8.547550 0.272716
v 0.568706 8.562357 0.288784
v 0.545300 8.610274 0.242620
v 0.597899 8.625082 0.198019
v 0.653813 8.586316 0.216620
v 0.641385 8.380339 -0.219953
v 0.645903 8.340147 -0.162167
v 0.591029 8.355499 -0.120594
v 0.552597 8.405179 -0.152688
v 0.583719 8.420531 -0.214095
v 0.641385 8.380339 -0.219953
v 0.571680 8.099975 -0.492831
v 0.596964 8.075644 -0.431645
v 0.547391 8.084938 -0.382337
v 0.491469 8.115013 -0.413050
v 0.506480 8.124307 -0.481339
v 0.571680 8.099975 -0.492831
v 0.527924 7.799385 -0.615745
v 0.561370 7.786257 -0.555049
v 0.514342 7.791271 -0.502720
v 0.451830 7.807498 -0.531076
v 0.460224 7.812512 -0.600929
v 0.527924 7.799385 -0.615745
v 0.489339 7.541051 -0.647676
v 0.525925 7.533030 -0.587908
v 0.480546 7.536093 -0.533997
v 0.415914 7.546008 -0.560445
v 0.421348 7.549071 -0.630703
v 0.489339 7.541051 -0.647676
v 0.460232 7.326376 -0.636389
v 0.498331 7.323347 -0.577107
v 0.453748 7.324504 -0.522462
v 0.388095 7.328248 -0.547971
v 0.392102 7.329405 -0.618382
v 0.460232 7.326376 -0.636389
v 0.443705 7.127570 -0.593870
v 0.481879 7.127261 -0.534559
v 0.437268 7.127379 -0.479925
v 0.371523 7.127761 -0.505470
v 0.375502 7.127879 -0.575892
v 0.443705 7.127570 -0.593870
v 0.416203 6.949824 -0.529019
v 0.454486 6.949281 -0.469780
v 0.409977 6.949488 -0.415063
v 0.344187 6.950160 -0.440484
v 0.348035 6.950368 -0.510913
v 0.416203 6.949824 -0.529019
v 0.416203 6.900000 -0.529019
v 0.454488 6.900000 -0.469779
v 0.409978 6.900000 -0.415062
v 0.344185 6.900000 -0.440485
v 0.348032 6.900000 -0.510914
v 0.416203 6.900000 -0.529019
v 0.416203 6.750000 -0.529019
v 0.454488 6.750000 -0.469779
v 0.409978 6.750000 -0.415062
v 0.344185 6.750000 -0.440485
v 0.348032 6.750000 -0.510914
v 0.416203 6.750000 -0.529019
v 0.416203 6.600000 -0.529019
v 0.454488 6.600000 -0.469779
v 0.409978 6.600000 -0.415062
v 0.344185 6.600000 -0.440485
v 0.348032 6.600000 -0.510914
v 0.416203 6.600000 -0.529019
v 0.416203 6.450000 -0.529019
v 0.454488 6.450000 -0.469779
v 0.409978 6.450000 -0.415062
v 0.344185 6.450000 -0.440485
v 0.348032 6.450000 -0.510914
v 0.416203 6.450000 -0.529019
v 0.416203 6.300000 -0.529019
v 0.454488 6.300000 -0.469779
v 0.409978 6.300000 -0.415062
v 0.344185 6.300000 -0.440485
v 0.348032 6.300000 -0.510914
v 0.416203 6.300000 -0.529019
v 0.416203 6.150000 -0.529019
v 0.454488 6.150000 -0.469779
v 0.409978 6.150000 -0.415062
v 0.344185 6.150000 -0.440485
v 0.348032 6.150000 -0.510914
v 0.416203 6.150000 -0.529019
v 0.416203 6.000000 -0.529019
v 0.454488 6.000000 -0.469779
v 0.409978 6.000000 -0.415062
v 0.344185 6.000000 -0.440485
v 0.348032 6.000000 -0.510914
v 0.416203 6.000000 -0.529019
v 0.416203 5.850000 -0.529019
v 0.454488 5.850000 -0.469779
v 0.409978 5.850000 -0.415062
v 0.344185 5.850000 -0.440485
v 0.348032 5.850000 -0.510914
v 0.416203 5.850000 -0.529019
v 1.132877 7.584948 -0.011529
v 1.112526 7.627539 0.040882
v 1.045957 7.611271 0.057587
v 1.025167 7.558625 0.015500
v 1.078886 7.542356 -0.027216
v 1.132877 7.584948 -0.011529
v 0.944137 7.496174 0.199794
v 0.924205 7.512109 0.265550
v 0.854025 7.506023 0.269132
v 0.830583 7.486325 0.205590
v 0.886275 7.480238 0.162737
v 0.944137 7.496174 0.199794
v 1.019083 7.372689 0.099038
v 1.001661 7.346851 0.162314
v 0.932438 7.356720 0.171581
v 0.907079 7.388658 0.114031
v 0.960628 7.398528 0.069197
v 1.019083 7.372689 0.099038
v 0.985748 7.278551 0.053361
v 0.971766 7.253838 0.117928
v 0.902999 7.263278 0.130460
v 0.874480 7.293823 0.073638
v 0.925622 7.303263 0.025989
v 0.985748 7.278551 0.053361
v 0.947455 7.172678 0.021264
v 0.938450 7.161861 0.090380
v 0.869421 7.165992 0.104276
v 0.835765 7.179363 0.043749
v 0.883992 7.183494 -0.007555
v 0.947455 7.172678 0.021264
v 0.947455 7.050000 0.021264
v 0.938952 7.050000 0.091284
v 0.869732 7.050000 0.104835
v 0.835454 7.050000 0.043190
v 0.883490 7.050000 -0.008460
v 0.947455 7.050000 0.021264
v 0.947455 6.900000 0.021264
v 0.938952 6.900000 0.091284
v 0.869732 6.900000 0.104835
v 0.835454 6.900000 0.043190
v 0.883490 6.900000 -0.008460
v 0.947455 6.900000 0.021264
v 0.947455 6.750000 0.021264
v 0.938952 6.750000 0.091284
v 0.869732 6.750000 0.104835
v 0.835454 6.750000 0.043190
v 0.883490 6.750000 -0.008460
v 0.947455 6.750000 0.021264
v 0.947455 6.600000 0.021264
v 0.938952 6.600000 0.091284
v 0.869732 6.600000 0.104835
v 0.835454 6.600000 0.043190
v 0.883490 6.600000 -0.008460
v 0.947455 6.600000 0.021264
v 0.947455 6.450000 0.021264
v 0.938952 6.450000 0.091284
v 0.869732 6.450000 0.104835
v 0.835454 6.450000 0.043190
v 0.883490 6.450000 -0.008460
v 0.947455 6.450000 0.021264
v 0.947455 6.300000 0.021264
v 0.938952 6.300000 0.091284
v 0.869732 6.300000 0.104835
v 0.835454 6.300000 0.043190
v 0.883490 6.300000 -0.008460
v 0.947455 6.300000 0.021264
v 0.947455 6.150000 0.021264
v 0.938952 6.150000 0.091284
v 0.869732 6.150000 0.104835
v 0.835454 6.150000 0.043190
v 0.883490 6.150000 -0.008460
v 0.947455 6.150000 0.021264
v 0.947455 6.000000 0.021264
v 0.938952 6.000000 0.091284
v 0.869732 6.000000 0.104835
v 0.835454 6.000000 0.043190
v 0.883490 6.000000 -0.008460
v 0.947455 6.000000 0.021264
v 0.947455 5.850000 0.021264
v 0.938952 5.850000 0.091284
v 0.869732 5.850000 0.104835
v 0.835454 5.850000 0.043190
v 0.883490 5.850000 -0.008460
v 0.947455 5.850000 0.021264
v -0.684387 7.895572 1.355061
v -0.624348 7.932429 1.351620
v -0.593649 7.918351 1.289697
v -0.634715 7.872793 1.254868
v -0.690795 7.858714 1.295265
v -0.684387 7.895572 1.355061
v -0.715337 7.981391 1.272265
v -0.694523 8.037243 1.234550
v -0.644202 8.015910 1.189965
v -0.633916 7.946873 1.200126
v -0.677880 7.925540 1.250990
v -0.715337 7.981391 1.272265
v -0.828044 7.847034 1.150402
v -0.804835 7.901334 1.111829
v -0.746645 7.880593 1.077788
v -0.733891 7.813474 1.095322
v -0.784199 7.792733 1.140200
v -0.828044 7.847034 1.150402
v -0.851742 7.907135 1.069304
v -0.829587 7.958280 1.026079
v -0.767323 7.938744 0.999310
v -0.750996 7.875525 1.025990
v -0.803170 7.855989 1.069249
v -0.851742 7.907135 1.069304
v -1.017755 7.747951 1.017921
v -0.991202 7.798509 0.976522
v -0.926061 7.779198 0.957582
v -0.912353 7.716704 0.987276
v -0.969023 7.697392 1.024567
v -1.017755 7.747951 1.017921
v -1.047836 7.797900 0.915981
v -1.002349 7.851628 0.920386
v -0.941487 7.831106 0.891236
v -0.949359 7.764695 0.868815
v -1.015086 7.744173 0.884108
v -1.047836 7.797900 0.915981
v -1.068718 7.829358 0.780844
v -1.026458 7.885826 0.780060
v -0.961581 7.864257 0.762715
v -0.963744 7.794460 0.752780
v -1.029959 7.772891 0.763984
v -1.068718 7.829358 0.780844
v -1.087899 7.839935 0.612347
v -1.046618 7.896970 0.608113
v -0.979613 7.875184 0.604842
v -0.979482 7.804685 0.607055
v -1.046407 7.782900 0.611693
v -1.087899 7.839935 0.612347
v -1.092367 7.818411 0.413278
v -1.049295 7.873267 0.402759
v -0.983454 7.852314 0.416934
v -0.985833 7.784507 0.436212
v -1.053145 7.763554 0.433952
v -1.092367 7.818411 0.413278
v -1.182852 7.722136 0.163879
v -1.134040 7.770449 0.147807
v -1.073823 7.751995 0.179562
v -1.085419 7.692277 0.215260
v -1.152802 7.673823 0.205567
v -1.182852 7.722136 0.163879
v -1.132877 7.584948 -0.011529
v -1.078077 7.625837 -0.028853
v -1.024667 7.610219 0.014488
v -1.046457 7.559677 0.058599
v -1.113334 7.544058 0.042519
v -1.132877 7.584948 -0.011529
v -1.075244 7.439901 -0.122614
v -1.014590 7.470543 -0.141515
v -0.967405 7.458839 -0.090411
v -0.998897 7.420962 -0.039926
v -1.065545 7.409258 -0.059829
v -1.075244 7.439901 -0.122614
v -1.019315 7.292791 -0.170862
v -0.954542 7.312368 -0.190767
v -0.911524 7.304890 -0.135371
v -0.949712 7.280692 -0.081230
v -1.016330 7.273214 -0.103165
v -1.019315 7.292791 -0.170862
v -0.971871 7.144103 -0.188579
v -0.904914 7.154288 -0.208280
v -0.864409 7.150398 -0.150666
v -0.906333 7.137809 -0.095358
v -0.972748 7.133919 -0.118789
v -0.971871 7.144103 -0.188579
v -0.842430 7.041779 -0.096858
v -0.794368 7.093117 -0.091435
v -0.746888 7.073508 -0.043101
v -0.765606 7.010050 -0.018652
v -0.824655 6.990440 -0.051875
v -0.842430 7.041779 -0.096858
v -0.770407 7.069783 -0.238313
v -0.726016 7.122630 -0.223762
v -0.684946 7.102444 -0.170089
v -0.703954 7.037122 -0.151467
v -0.756772 7.016937 -0.193632
v -0.770407 7.069783 -0.238313
v -0.864191 6.905983 -0.619360
v -0.796663 6.926295 -0.617765
v -0.773124 6.918537 -0.551729
v -0.826102 6.893430 -0.512512
v -0.882385 6.885671 -0.554311
v -0.864191 6.905983 -0.619360
v -0.815146 6.707562 -0.544118
v -0.766605 6.756332 -0.528613
v -0.735552 6.737703 -0.468084
v -0.764901 6.677421 -0.446180
v -0.814093 6.658793 -0.493172
v -0.815146 6.707562 -0.544118
v -0.631516 6.802626 -0.605694
v -0.614575 6.859589 -0.567703
v -0.581235 6.837831 -0.509478
v -0.577570 6.767421 -0.511484
v -0.608645 6.745663 -0.570949
v -0.631516 6.802626 -0.605694
v -0.552522 6.718428 -0.463231
v -0.528445 6.775291 -0.429142
v -0.497887 6.753571 -0.369397
v -0.503077 6.683286 -0.366561
v -0.536844 6.661566 -0.424554
v -0.552522 6.718428 -0.463231
v -0.383064 6.790771 -0.462033
v -0.379367 6.846608 -0.419095
v -0.351378 6.825280 -0.357965
v -0.337776 6.756262 -0.363123
v -0.357359 6.734934 -0.427441
v -0.383064 6.790771 -0.462033
v -0.383064 6.750000 -0.462033
v -0.315007 6.750000 -0.443501
v -0.311601 6.750000 -0.373050
v -0.377553 6.750000 -0.348039
v -0.421719 6.750000 -0.403034
v -0.383064 6.750000 -0.462033
v -0.383064 6.600000 -0.462033
v -0.315007 6.600000 -0.443501
v -0.311601 6.600000 -0.373050
v -0.377553 6.600000 -0.348039
v -0.421719 6.600000 -0.403034
v -0.383064 6.600000 -0.462033
v -0.383064 6.450000 -0.462033
v -0.315007 6.450000 -0.443501
v -0.311601 6.450000 -0.373050
v -0.377553 6.450000 -0.348039
v -0.421719 6.450000 -0.403034
v -0.383064 6.450000 -0.462033
v -0.383064 6.300000 -0.462033
v -0.315007 6.300000 -0.443501
v -0.311601 6.300000 -0.373050
v -0.377553 6.300000 -0.348039
v -0.421719 6.300000 -0.403034
v -0.383064 6.300000 -0.462033
v -0.383064 6.150000 -0.462033
v -0.315007 6.150000 -0.443501
v -0.311601 6.150000 -0.373050
v -0.377553 6.150000 -0.348039
v -0.421719 6.150000 -0.403034
v -0.383064 6.150000 -0.462033
v -0.383064 6.000000 -0.462033
v -0.315007 6.000000 -0.443501
v -0.311601 6.000000 -0.373050
v -0.377553 6.000000 -0.348039
v -0.421719 6.000000 -0.403034
v -0.383064 6.000000 -0.462033
v -0.383271 5.850000 -0.462580
v -0.315215 5.850000 -0.444048
v -0.311809 5.850000 -0.373596
v -0.377760 5.850000 -0.348586
v -0.421926 5.850000 -0.403581
v -0.383271 5.850000 -0.462580
v 0.000000 7.883343 -0.708565
v 0.057063 7.883343 -0.667106
v 0.035267 7.883343 -0.600024
v -0.035267 7.883343 -0.600024
v -0.057063 7.883343 -0.667106
v -0.000000 7.883343 -0.708565
v 0.000000 7.598800 -0.738643
v 0.057063 7.598800 -0.697184
v 0.035267 7.598800 -0.630102
v -0.035267 7.598800 -0.630102
v -0.057063 7.598800 -0.697184
v -0.000000 7.598800 -0.738643
v 0.000000 7.347311 -0.725706
v 0.057063 7.347311 -0.684247
v 0.035267 7.347311 -0.617165
v -0.035267 7.347311 -0.617165
v -0.057063 7.347311 -0.684247
v -0.000000 7.347311 -0.725706
v 0.000000 7.126500 -0.693179
v 0.057063 7.126500 -0.651720
v 0.035267 7.126500 -0.584638
v -0.035267 7.126500 -0.584638
v -0.057063 7.126500 -0.651720
v -0.000000 7.126500 -0.693179
v 0.000000 7.050000 -0.693179
v 0.057063 7.050000 -0.651720
v 0.035267 7.050000 -0.584638
v -0.035267 7.050000 -0.584638
v -0.057063 7.050000 -0.651720
v 0.000000 7.050000 -0.693179
v 0.000000 6.900000 -0.693179
v 0.057063 6.900000 -0.651720
v 0.035267 6.900000 -0.584638
v -0.035267 6.900000 -0.584638
v -0.057063 6.900000 -0.651720
v 0.000000 6.900000 -0.693179
v 0.000000 6.750000 -0.693179
v 0.057063 6.750000 -0.651720
v 0.035267 6.750000 -0.584638
v -0.035267 6.750000 -0.584638
v -0.057063 6.750000 -0.651720
v 0.000000 6.750000 -0.693179
v 0.000000 6.600000 -0.693179
v 0.057063 6.600000 -0.651720
v 0.035267 6.600000 -0.584638
v -0.035267 6.600000 -0.584638
v -0.057063 6.600000 -0.651720
v 0.000000 6.600000 -0.693179
v 0.000000 6.450000 -0.693179
v 0.057063 6.450000 -0.651720
v 0.035267 6.450000 -0.584638
v -0.035267 6.450000 -0.584638
v -0.057063 6.450000 -0.651720
v 0.000000 6.450000 -0.693179
v 0.000000 6.300000 -0.693179
v 0.057063 6.300000 -0.651720
v 0.035267 6.300000 -0.584638
v -0.035267 6.300000 -0.584638
v -0.057063 6.300000 -0.651720
v 0.000000 6.300000 -0.693179
v 0.000000 6.150000 -0.693179
v 0.057063 6.150000 -0.651720
v 0.035267 6.150000 -0.584638
v -0.035267 6.150000 -0.584638
v -0.057063 6.150000 -0.651720
v 0.000000 6.150000 -0.693179
v 0.000000 6.000000 -0.693179
v 0.057063 6.000000 -0.651720
v 0.035267 6.000000 -0.584638
v -0.035267 6.000000 -0.584638
v -0.057063 6.000000 -0.651720
v 0.000000 6.000000 -0.693179
v 0.000000 5.850000 -0.693179
v 0.057063 5.850000 -0.651720
v 0.035267 5.850000 -0.584638
v -0.035267 5.850000 -0.584638
v -0.057063 5.850000 -0.651720
v 0.000000 5.850000 -0.693179
v 0.199863 8.043250 1.601469
v 0.246873 8.030919 1.550351
v 0.213460 8.035629 1.488411
v 0.145799 8.050870 1.501249
v 0.137396 8.055580 1.571122
v 0.199863 8.043250 1.601469
v 0.215615 8.176894 1.515596
v 0.260022 8.160762 1.463224
v 0.225023 8.166924 1.402296
v 0.158986 8.186864 1.417013
v 0.153172 8.193026 1.487036
v 0.215615 8.176894 1.515596
v 0.236181 8.271517 1.435099
v 0.275272 8.246925 1.381786
v 0.239006 8.256318 1.322024
v 0.177501 8.286716 1.338401
v 0.175755 8.296109 1.408285
v 0.236181 8.271517 1.435099
v 0.266098 8.363796 1.333220
v 0.297062 8.331070 1.278950
v 0.258619 8.343570 1.221149
v 0.203895 8.384022 1.239697
v 0.208517 8.396523 1.308960
v 0.266098 8.363796 1.333220
v 0.317942 8.509810 1.109095
v 0.332048 8.468831 1.053446
v 0.285776 8.484483 1.002564
v 0.243072 8.535136 1.026767
v 0.262952 8.550789 1.092606
v 0.317942 8.509810 1.109095
v 0.424053 8.716853 0.787478
v 0.396800 8.662704 0.751419
v 0.335002 8.683387 0.724431
v 0.324062 8.750319 0.743811
v 0.379099 8.771002 0.782776
v 0.424053 8.716853 0.787478
v 0.511994 8.786200 0.165502
v 0.489932 8.732261 0.205238
v 0.431937 8.752864 0.239695
v 0.418157 8.819535 0.221255
v 0.467635 8.840138 0.175401
v 0.511994 8.786200 0.165502
v 0.442966 8.454676 -0.274670
v 0.464163 8.421453 -0.216172
v 0.416760 8.434143 -0.165507
v 0.366266 8.475209 -0.192692
v 0.382462 8.487899 -0.260159
v 0.442966 8.454676 -0.274670
v 0.434596 8.195246 -0.655369
v 0.471454 8.177274 -0.597979
v 0.429212 8.184139 -0.541911
v 0.366247 8.206352 -0.564649
v 0.369574 8.213217 -0.634770
v 0.434596 8.195246 -0.655369
v 0.400630 7.842166 -0.791631
v 0.442695 7.832886 -0.735779
v 0.402871 7.836430 -0.677670
v 0.336194 7.847902 -0.697609
v 0.334808 7.851446 -0.768041
v 0.400630 7.842166 -0.791631
v 0.367419 7.551119 -0.818878
v 0.411452 7.545045 -0.764112
v 0.373110 7.547365 -0.704955
v 0.305380 7.554872 -0.723159
v 0.301863 7.557192 -0.793567
v 0.367419 7.551119 -0.818878
v 0.340140 7.292476 -0.803447
v 0.385323 7.290399 -0.749324
v 0.347828 7.291192 -0.689586
v 0.279472 7.293759 -0.706789
v 0.274721 7.294552 -0.777159
v 0.340140 7.292476 -0.803447
v 0.333354 7.064706 -0.759268
v 0.378402 7.064198 -0.704996
v 0.340708 7.064392 -0.645379
v 0.272363 7.065019 -0.662806
v 0.267818 7.065213 -0.733193
v 0.333354 7.064706 -0.759268
v 0.281508 6.943952 -0.586880
v 0.326650 6.938401 -0.532968
v 0.289446 6.940521 -0.473081
v 0.221311 6.947383 -0.489980
v 0.216405 6.949503 -0.560312
v 0.281508 6.943952 -0.586880
v 0.241101 6.790295 -0.504863
v 0.257709 6.739775 -0.458529
v 0.232858 6.759072 -0.395401
v 0.200892 6.821519 -0.402720
v 0.205986 6.840816 -0.470372
v 0.241101 6.790295 -0.504863
v 0.094005 6.870668 -0.432802
v 0.106657 6.816098 -0.389940
v 0.093914 6.836942 -0.323772
v 0.073386 6.904395 -0.325739
v 0.073442 6.925238 -0.393123
v 0.094005 6.870668 -0.432802
v 0.094005 6.750000 -0.432802
v 0.146853 6.750000 -0.386088
v 0.118756 6.750000 -0.321391
v 0.048544 6.750000 -0.328120
v 0.033246 6.750000 -0.396976
v 0.094005 6.750000 -0.432802
v 0.094005 6.600000 -0.432802
v 0.146853 6.600000 -0.386088
v 0.118756 6.600000 -0.321391
v 0.048544 6.600000 -0.328120
v 0.033246 6.600000 -0.396976
v 0.094005 6.600000 -0.432802
v 0.094005 6.450000 -0.432802
v 0.146853 6.450000 -0.386088
v 0.118756 6.450000 -0.321391
v 0.048544 6.450000 -0.328120
v 0.033246 6.450000 -0.396976
v 0.094005 6.450000 -0.432802
v 0.094005 6.300000 -0.432802
v 0.146853 6.300000 -0.386088
v 0.118756 6.300000 -0.321391
v 0.048544 6.300000 -0.328120
v 0.033246 6.300000 -0.396976
v 0.094005 6.300000 -0.432802
v 0.094005 6.150000 -0.432802
v 0.146853 6.150000 -0.386088
v 0.118756 6.150000 -0.321391
v 0.048544 6.150000 -0.328120
v 0.033246 6.150000 -0.396976
v 0.094005 6.150000 -0.432802
v 0.094005 6.000000 -0.432802
v 0.146853 6.000000 -0.386088
v 0.118756 6.000000 -0.321391
v 0.048544 6.000000 -0.328120
v 0.033246 6.000000 -0.396976
v 0.094005 6.000000 -0.432802
v 0.095602 5.850000 -0.449465
v 0.148450 5.850000 -0.402752
v 0.120353 5.850000 -0.338055
v 0.050141 5.850000 -0.344784
v 0.034843 5.850000 -0.413639
v 0.095602 5.850000 -0.449465
v -0.761751 7.438518 -0.196089
v -0.692974 7.449571 -0.207162
v -0.659933 7.445349 -0.144988
v -0.708289 7.431687 -0.095490
v -0.771216 7.427465 -0.127072
v -0.761751 7.438518 -0.196089
v -0.727900 7.293277 -0.205543
v -0.658356 7.300205 -0.215072
v -0.627315 7.297559 -0.151790
v -0.677674 7.288995 -0.103152
v -0.739839 7.286349 -0.136372
v -0.727900 7.293277 -0.205543
v -0.727900 7.200000 -0.205543
v -0.658053 7.200000 -0.215365
v -0.627128 7.200000 -0.151972
v -0.677862 7.200000 -0.102970
v -0.740142 7.200000 -0.136079
v -0.727900 7.200000 -0.205543
v -0.727900 7.050000 -0.205543
v -0.658053 7.050000 -0.215365
v -0.627128 7.050000 -0.151972
v -0.677862 7.050000 -0.102970
v -0.740142 7.050000 -0.136079
v -0.727900 7.050000 -0.205543
v -0.727900 6.900000 -0.205543
v -0.658053 6.900000 -0.215365
v -0.627128 6.900000 -0.151972
v -0.677862 6.900000 -0.102970
v -0.740142 6.900000 -0.136079
v -0.727900 6.900000 -0.205543
v -0.727900 6.750000 -0.205543
v -0.658053 6.750000 -0.215365
v -0.627128 6.750000 -0.151972
v -0.677862 6.750000 -0.102970
v -0.740142 6.750000 -0.136079
v -0.727900 6.750000 -0.205543
v -0.727900 6.600000 -0.205543
v -0.658053 6.600000 -0.215365
v -0.627128 6.600000 -0.151972
v -0.677862 6.600000 -0.102970
v -0.740142 6.600000 -0.136079
v -0.727900 6.600000 -0.205543
v -0.727900 6.450000 -0.205543
v -0.658053 6.450000 -0.215365
v -0.627128 6.450000 -0.151972
v -0.677862 6.450000 -0.102970
v -0.740142 6.450000 -0.136079
v -0.727900 6.450000 -0.205543
v -0.727900 6.300000 -0.205543
v -0.658053 6.300000 -0.215365
v -0.627128 6.300000 -0.151972
v -0.677862 6.300000 -0.102970
v -0.740142 6.300000 -0.136079
v -0.727900 6.300000 -0.205543
v -0.727900 6.150000 -0.205543
v -0.658053 6.150000 -0.215365
v -0.627128 6.150000 -0.151972
v -0.677862 6.150000 -0.102970
v -0.740142 6.150000 -0.136079
v -0.727900 6.150000 -0.205543
v -0.727900 6.000000 -0.205543
v -0.658053 6.000000 -0.215365
v -0.627128 6.000000 -0.151972
v -0.677862 6.000000 -0.102970
v -0.740142 6.000000 -0.136079
v -0.727900 6.000000 -0.205543
v -0.787052 5.850000 -0.266788
v -0.717205 5.850000 -0.276610
v -0.686280 5.850000 -0.213216
v -0.737014 5.850000 -0.164215
v -0.799295 5.850000 -0.197324
v -0.787052 5.850000 -0.266788
v 0.806591 8.198405 0.909709
v 0.772046 8.141909 0.885419
v 0.709578 8.163489 0.860776
v 0.705517 8.233321 0.869836
v 0.765474 8.254900 0.900078
v 0.806591 8.198405 0.909709
v 0.834703 8.230369 0.657021
v 0.794194 8.173495 0.647047
v 0.727447 8.195219 0.640128
v 0.726703 8.265519 0.645825
v 0.792991 8.287243 0.656266
v 0.834703 8.230369 0.657021
v 0.946525 8.244990 0.313767
v 0.909347 8.189371 0.336113
v 0.843060 8.210616 0.347504
v 0.839271 8.279365 0.332199
v 0.903216 8.300610 0.311348
v 0.946525 8.244990 0.313767
v 0.929463 8.093651 -0.021741
v 0.911744 8.047619 0.028679
v 0.847822 8.065201 0.052759
v 0.826035 8.122101 0.017223
v 0.876492 8.139684 -0.028821
v 0.929463 8.093651 -0.021741
v 0.860081 7.882219 -0.249185
v 0.860813 7.848182 -0.187411
v 0.799724 7.861183 -0.154637
v 0.761237 7.903256 -0.196155
v 0.798540 7.916257 -0.254589
v 0.860081 7.882219 -0.249185
v 0.797445 7.659440 -0.363991
v 0.809321 7.635990 -0.298538
v 0.750207 7.644947 -0.261115
v 0.701798 7.673932 -0.303440
v 0.730992 7.682889 -0.367021
v 0.797445 7.659440 -0.363991
v 0.741314 7.458497 -0.418926
v 0.759716 7.443179 -0.352579
v 0.702240 7.449030 -0.312115
v 0.648317 7.467964 -0.353453
v 0.672465 7.473814 -0.419465
v 0.741314 7.458497 -0.418926
v 0.705161 7.279076 -0.426921
v 0.727064 7.276725 -0.359915
v 0.670106 7.277623 -0.318321
v 0.613001 7.280529 -0.359620
v 0.634666 7.281426 -0.426739
v 0.705161 7.279076 -0.426921
v 0.801804 6.969457 -0.538866
v 0.823093 6.971199 -0.471644
v 0.765739 6.970534 -0.430592
v 0.709004 6.968381 -0.472444
v 0.731293 6.967715 -0.539360
v 0.801804 6.969457 -0.538866
v 0.700850 6.860216 -0.398395
v 0.682121 6.803634 -0.360675
v 0.639932 6.825246 -0.308445
v 0.632586 6.895186 -0.313884
v 0.670236 6.916798 -0.369476
v 0.700850 6.860216 -0.398395
v 0.537372 6.950327 -0.441612
v 0.505191 6.895035 -0.411909
v 0.477918 6.916155 -0.350385
v 0.493243 6.984500 -0.342064
v 0.529988 7.005619 -0.398445
v 0.537372 6.950327 -0.441612
v 0.537372 6.900000 -0.441612
v 0.567737 6.900000 -0.377948
v 0.516574 6.900000 -0.329396
v 0.454587 6.900000 -0.363052
v 0.467441 6.900000 -0.432405
v 0.537372 6.900000 -0.441612
v 0.537372 6.750000 -0.441612
v 0.567737 6.750000 -0.377948
v 0.516574 6.750000 -0.329396
v 0.454587 6.750000 -0.363052
v 0.467441 6.750000 -0.432405
v 0.537372 6.750000 -0.441612
v 0.537372 6.600000 -0.441612
v 0.567737 6.600000 -0.377948
v 0.516574 6.600000 -0.329396
v 0.454587 6.600000 -0.363052
v 0.467441 6.600000 -0.432405
v 0.537372 6.600000 -0.441612
v 0.537372 6.450000 -0.441612
v 0.567737 6.450000 -0.377948
v 0.516574 6.450000 -0.329396
v 0.454587 6.450000 -0.363052
v 0.467441 6.450000 -0.432405
v 0.537372 6.450000 -0.441612
v 0.537372 6.300000 -0.441612
v 0.567737 6.300000 -0.377948
v 0.516574 6.300000 -0.329396
v 0.454587 6.300000 -0.363052
v 0.467441 6.300000 -0.432405
v 0.537372 6.300000 -0.441612
v 0.537372 6.150000 -0.441612
v 0.567737 6.150000 -0.377948
v 0.516574 6.150000 -0.329396
v 0.454587 6.150000 -0.363052
v 0.467441 6.150000 -0.432405
v 0.537372 6.150000 -0.441612
v 0.537372 6.000000 -0.441612
v 0.567737 6.000000 -0.377948
v 0.516574 6.000000 -0.329396
v 0.454587 6.000000 -0.363052
v 0.467441 6.000000 -0.432405
v 0.537372 6.000000 -0.441612
v 0.537372 5.850000 -0.441612
v 0.567737 5.850000 -0.377948
v 0.516574 5.850000 -0.329396
v 0.454587 5.850000 -0.363052
v 0.467441 5.850000 -0.432405
v 0.537372 5.850000 -0.441612
v 0.702443 8.195976 -0.074280
v 0.682677 8.250452 -0.034072
v 0.628165 8.229644 0.005558
v 0.614241 8.162308 -0.010157
v 0.660147 8.141499 -0.059500
v 0.702443 8.195976 -0.074280
v 1.028739 8.132445 -0.076891
v 1.016037 8.169047 -0.017950
v 0.950024 8.155066 0.002589
v 0.921928 8.109823 -0.043657
v 0.970576 8.095842 -0.092779
v 1.028739 8.132445 -0.076891
v 0.899331 7.881729 0.134057
v 0.885436 7.876516 0.203012
v 0.815424 7.878507 0.211350
v 0.786050 7.884951 0.147548
v 0.837908 7.886942 0.099778
v 0.899331 7.881729 0.134057
v 0.854903 7.743790 -0.039803
v 0.844812 7.705689 0.018692
v 0.780344 7.720243 0.043333
v 0.750591 7.767338 0.000067
v 0.796671 7.781891 -0.051313
v 0.854903 7.743790 -0.039803
v 0.807208 7.588519 -0.141755
v 0.808123 7.560873 -0.076871
v 0.744739 7.571433 -0.047784
v 0.704651 7.605605 -0.094691
v 0.743259 7.616165 -0.152769
v 0.807208 7.588519 -0.141755
v 0.761751 7.438518 -0.196089
v 0.770043 7.420986 -0.128274
v 0.707564 7.427683 -0.096233
v 0.660658 7.449353 -0.144246
v 0.694147 7.456049 -0.205961
v 0.761751 7.438518 -0.196089
v 0.727900 7.293277 -0.205543
v 0.740108 7.290953 -0.136112
v 0.677841 7.291841 -0.102991
v 0.627149 7.294713 -0.151951
v 0.658087 7.295600 -0.215332
v 0.727900 7.293277 -0.205543
v 0.842457 7.002618 -0.306860
v 0.853991 7.004052 -0.237290
v 0.791387 7.003504 -0.204801
v 0.741162 7.001731 -0.254292
v 0.772725 7.001184 -0.317368
v 0.842457 7.002618 -0.306860
v 0.842457 6.900000 -0.306860
v 0.854004 6.900000 -0.237277
v 0.791395 6.900000 -0.204794
v 0.741154 6.900000 -0.254300
v 0.772712 6.900000 -0.317381
v 0.842457 6.900000 -0.306860
v 0.842457 6.750000 -0.306860
v 0.854004 6.750000 -0.237277
v 0.791395 6.750000 -0.204794
v 0.741154 6.750000 -0.254300
v 0.772712 6.750000 -0.317381
v 0.842457 6.750000 -0.306860
v 0.842457 6.600000 -0.306860
v 0.854004 6.600000 -0.237277
v 0.791395 6.600000 -0.204794
v 0.741154 6.600000 -0.254300
v 0.772712 6.600000 -0.317381
v 0.842457 6.600000 -0.306860
v 0.842457 6.450000 -0.306860
v 0.854004 6.450000 -0.237277
v 0.791395 6.450000 -0.204794
v 0.741154 6.450000 -0.254300
v 0.772712 6.450000 -0.317381
v 0.842457 6.450000 -0.306860
v 0.842457 6.300000 -0.306860
v 0.854004 6.300000 -0.237277
v 0.791395 6.300000 -0.204794
v 0.741154 6.300000 -0.254300
v 0.772712 6.300000 -0.317381
v 0.842457 6.300000 -0.306860
v 0.842457 6.150000 -0.306860
v 0.854004 6.150000 -0.237277
v 0.791395 6.150000 -0.204794
v 0.741154 6.150000 -0.254300
v 0.772712 6.150000 -0.317381
v 0.842457 6.150000 -0.306860
v 0.842457 6.000000 -0.306860
v 0.854004 6.000000 -0.237277
v 0.791395 6.000000 -0.204794
v 0.741154 6.000000 -0.254300
v 0.772712 6.000000 -0.317381
v 0.842457 6.000000 -0.306860
v 0.842457 5.850000 -0.306860
v 0.854004 5.850000 -0.237277
v 0.791395 5.850000 -0.204794
v 0.741154 5.850000 -0.254300
v 0.772712 5.850000 -0.317381
v 0.842457 5.850000 -0.306860
v -0.575563 8.311716 -0.146741
v -0.520480 8.268430 -0.138532
v -0.488626 8.284964 -0.077812
v -0.524021 8.338468 -0.048493
v -0.577751 8.355001 -0.091093
v -0.575563 8.311716 -0.146741
v -0.702443 8.195976 -0.074280
v -0.635240 8.212742 -0.087611
v -0.598848 8.206338 -0.027531
v -0.643559 8.185614 0.022932
v -0.707584 8.179210 -0.005961
v -0.702443 8.195976 -0.074280
v -0.725348 8.011683 -0.405964
v -0.661198 8.040818 -0.402655
v -0.635517 8.029689 -0.337911
v -0.683796 7.993676 -0.301206
v -0.739314 7.982547 -0.343265
v -0.725348 8.011683 -0.405964
v -0.605122 7.743186 -0.418808
v -0.537131 7.760844 -0.412450
v -0.519113 7.754100 -0.344591
v -0.575969 7.732273 -0.309009
v -0.629126 7.725529 -0.354877
v -0.605122 7.743186 -0.418808
v -0.560529 7.529680 -0.454096
v -0.491394 7.540512 -0.445260
v -0.477325 7.536375 -0.376267
v -0.537766 7.522986 -0.342463
v -0.589189 7.518848 -0.390563
v -0.560529 7.529680 -0.454096
v -0.534173 7.351851 -0.455563
v -0.464391 7.354842 -0.445737
v -0.452088 7.353700 -0.376294
v -0.514267 7.350002 -0.343201
v -0.564999 7.348860 -0.392192
v -0.534173 7.351851 -0.455563
v -0.515892 7.179668 -0.411459
v -0.446017 7.178162 -0.401955
v -0.433442 7.178737 -0.332553
v -0.495545 7.180599 -0.299164
v -0.546502 7.181174 -0.347931
v -0.515892 7.179668 -0.411459
v -0.678569 6.728775 -0.687744
v -0.608601 6.727880 -0.678864
v -0.595419 6.728222 -0.609574
v -0.657238 6.729328 -0.575630
v -0.708628 6.729670 -0.623942
v -0.678569 6.728775 -0.687744
v -0.678569 6.600000 -0.687744
v -0.608595 6.600000 -0.678868
v -0.595415 6.600000 -0.609576
v -0.657242 6.600000 -0.575628
v -0.708634 6.600000 -0.623939
v -0.678569 6.600000 -0.687744
v -0.678569 6.450000 -0.687744
v -0.608595 6.450000 -0.678868
v -0.595415 6.450000 -0.609576
v -0.657242 6.450000 -0.575628
v -0.708634 6.450000 -0.623939
v -0.678569 6.450000 -0.687744
v -0.678569 6.300000 -0.687744
v -0.608595 6.300000 -0.678868
v -0.595415 6.300000 -0.609576
v -0.657242 6.300000 -0.575628
v -0.708634 6.300000 -0.623939
v -0.678569 6.300000 -0.687744
v -0.678569 6.150000 -0.687744
v -0.608595 6.150000 -0.678868
v -0.595415 6.150000 -0.609576
v -0.657242 6.150000 -0.575628
v -0.708634 6.150000 -0.623939
v -0.678569 6.150000 -0.687744
v -0.678569 6.000000 -0.687744
v -0.608595 6.000000 -0.678868
v -0.595415 6.000000 -0.609576
v -0.657242 6.000000 -0.575628
v -0.708634 6.000000 -0.623939
v -0.678569 6.000000 -0.687744
v -0.678569 5.850000 -0.687744
v -0.608595 5.850000 -0.678868
v -0.595415 5.850000 -0.609576
v -0.657242 5.850000 -0.575628
v -0.708634 5.850000 -0.623939
v -0.678569 5.850000 -0.687744
v -0.156906 7.119892 -0.682015
v -0.095055 7.119892 -0.648110
v -0.108189 7.119892 -0.578809
v -0.178156 7.119892 -0.569884
v -0.208265 7.119892 -0.633669
v -0.156906 7.119892 -0.682015
v -0.156906 7.050000 -0.682015
v -0.095055 7.050000 -0.648110
v -0.108189 7.050000 -0.578809
v -0.178156 7.050000 -0.569884
v -0.208265 7.050000 -0.633669
v -0.156906 7.050000 -0.682015
v -0.156906 6.900000 -0.682015
v -0.095055 6.900000 -0.648110
v -0.108189 6.900000 -0.578809
v -0.178156 6.900000 -0.569884
v -0.208265 6.900000 -0.633669
v -0.156906 6.900000 -0.682015
v -0.156906 6.750000 -0.682015
v -0.095055 6.750000 -0.648110
v -0.108189 6.750000 -0.578809
v -0.178156 6.750000 -0.569884
v -0.208265 6.750000 -0.633669
v -0.156906 6.750000 -0.682015
v -0.156906 6.600000 -0.682015
v -0.095055 6.600000 -0.648110
v -0.108189 6.600000 -0.578809
v -0.178156 6.600000 -0.569884
v -0.208265 6.600000 -0.633669
v -0.156906 6.600000 -0.682015
v -0.156906 6.450000 -0.682015
v -0.095055 6.450000 -0.648110
v -0.108189 6.450000 -0.578809
v -0.178156 6.450000 -0.569884
v -0.208265 6.450000 -0.633669
v -0.156906 6.450000 -0.682015
v -0.156906 6.300000 -0.682015
v -0.095055 6.300000 -0.648110
v -0.108189 6.300000 -0.578809
v -0.178156 6.300000 -0.569884
v -0.208265 6.300000 -0.633669
v -0.156906 6.300000 -0.682015
v -0.156906 6.150000 -0.682015
v -0.095055 6.150000 -0.648110
v -0.108189 6.150000 -0.578809
v -0.178156 6.150000 -0.569884
v -0.208265 6.150000 -0.633669
v -0.156906 6.150000 -0.682015
v -0.156906 6.000000 -0.682015
v -0.095055 6.000000 -0.648110
v -0.108189 6.000000 -0.578809
v -0.178156 6.000000 -0.569884
v -0.208265 6.000000 -0.633669
v -0.156906 6.000000 -0.682015
v -0.156906 5.850000 -0.682015
v -0.095055 5.850000 -0.648110
v -0.108189 5.850000 -0.578809
v -0.178156 5.850000 -0.569884
v -0.208265 5.850000 -0.633669
v -0.156906 5.850000 -0.682015
v -0.977205 7.653620 0.592881
v -0.936241 7.709825 0.581136
v -0.869056 7.688356 0.581826
v -0.868499 7.618883 0.593999
v -0.935338 7.597414 0.600831
v -0.977205 7.653620 0.592881
v -0.980526 7.633703 0.471974
v -0.937896 7.688257 0.458499
v -0.871510 7.667419 0.470064
v -0.873112 7.599986 0.490687
v -0.940487 7.579148 0.491867
v -0.980526 7.633703 0.471974
v -0.968915 7.572779 0.312118
v -0.922254 7.623073 0.295735
v -0.859514 7.603862 0.321614
v -0.867400 7.541696 0.353992
v -0.935014 7.522486 0.348123
v -0.968915 7.572779 0.312118
v -0.944137 7.496174 0.199794
v -0.890263 7.533371 0.173545
v -0.833048 7.519163 0.212270
v -0.851561 7.473185 0.262453
v -0.920218 7.458977 0.254742
v -0.944137 7.496174 0.199794
v -1.019083 7.372689 0.099038
v -0.960628 7.398528 0.069197
v -0.907079 7.388658 0.114031
v -0.932438 7.356720 0.171581
v -1.001661 7.346851 0.162314
v -1.019083 7.372689 0.099038
v -0.985748 7.278551 0.053361
v -0.925622 7.303263 0.025989
v -0.874480 7.293823 0.073638
v -0.902999 7.263278 0.130460
v -0.971766 7.253838 0.117928
v -0.985748 7.278551 0.053361
v -0.947455 7.172678 0.021264
v -0.892966 7.215633 0.008582
v -0.841311 7.199225 0.053722
v -0.863876 7.146130 0.094303
v -0.929476 7.129722 0.074242
v -0.947455 7.172678 0.021264
v -1.058389 7.087441 -0.249448
v -0.997451 7.120879 -0.261427
v -0.954506 7.108107 -0.206950
v -0.988903 7.066775 -0.161304
v -1.053106 7.054003 -0.187569
v -1.058389 7.087441 -0.249448
v -0.921835 6.971135 -0.152589
v -0.873234 7.022048 -0.148017
v -0.825785 7.002601 -0.099587
v -0.845061 6.939669 -0.074228
v -0.904423 6.920222 -0.106985
v -0.921835 6.971135 -0.152589
v -0.842457 7.002618 -0.306860
v -0.796519 7.054554 -0.293922
v -0.755867 7.034716 -0.239802
v -0.776681 6.970519 -0.219292
v -0.830197 6.950681 -0.260736
v -0.842457 7.002618 -0.306860
v -0.842457 6.900000 -0.306860
v -0.772712 6.900000 -0.317381
v -0.741154 6.900000 -0.254300
v -0.791395 6.900000 -0.204794
v -0.854004 6.900000 -0.237277
v -0.842457 6.900000 -0.306860
v -0.842457 6.750000 -0.306860
v -0.772712 6.750000 -0.317381
v -0.741154 6.750000 -0.254300
v -0.791395 6.750000 -0.204794
v -0.854004 6.750000 -0.237277
v -0.842457 6.750000 -0.306860
v -0.842457 6.600000 -0.306860
v -0.772712 6.600000 -0.317381
v -0.741154 6.600000 -0.254300
v -0.791395 6.600000 -0.204794
v -0.854004 6.600000 -0.237277
v -0.842457 6.600000 -0.306860
v -0.842457 6.450000 -0.306860
v -0.772712 6.450000 -0.317381
v -0.741154 6.450000 -0.254300
v -0.791395 6.450000 -0.204794
v -0.854004 6.450000 -0.237277
v -0.842457 6.450000 -0.306860
v -0.842457 6.300000 -0.306860
v -0.772712 6.300000 -0.317381
v -0.741154 6.300000 -0.254300
v -0.791395 6.300000 -0.204794
v -0.854004 6.300000 -0.237277
v -0.842457 6.300000 -0.306860
v -0.842457 6.150000 -0.306860
v -0.772712 6.150000 -0.317381
v -0.741154 6.150000 -0.254300
v -0.791395 6.150000 -0.204794
v -0.854004 6.150000 -0.237277
v -0.842457 6.150000 -0.306860
v -0.842457 6.000000 -0.306860
v -0.772712 6.000000 -0.317381
v -0.741154 6.000000 -0.254300
v -0.791395 6.000000 -0.204794
v -0.854004 6.000000 -0.237277
v -0.842457 6.000000 -0.306860
v -0.842457 5.850000 -0.306860
v -0.772712 5.850000 -0.317381
v -0.741154 5.850000 -0.254300
v -0.791395 5.850000 -0.204794
v -0.854004 5.850000 -0.237277
v -0.842457 5.850000 -0.306860
v -0.213082 8.179694 -0.575191
v -0.149704 8.186602 -0.545015
v -0.158459 8.183963 -0.475076
v -0.227247 8.175425 -0.462027
v -0.261007 8.172787 -0.523901
v -0.213082 8.179694 -0.575191
v -0.194294 7.850469 -0.702288
v -0.131820 7.856136 -0.670039
v -0.142951 7.853971 -0.600423
v -0.212305 7.846966 -0.589646
v -0.244036 7.844801 -0.652602
v -0.194294 7.850469 -0.702288
v -0.174515 7.589142 -0.731152
v -0.118774 7.562765 -0.696913
v -0.128858 7.572840 -0.627834
v -0.190830 7.605444 -0.619380
v -0.219048 7.615519 -0.683234
v -0.174515 7.589142 -0.731152
v -0.399350 7.533095 -0.933139
v -0.383464 7.476276 -0.894482
v -0.367947 7.497979 -0.829189
v -0.374243 7.568211 -0.827491
v -0.393651 7.589914 -0.891736
v -0.399350 7.533095 -0.933139
v -0.442815 7.561843 -0.539032
v -0.389388 7.521950 -0.516028
v -0.378516 7.537188 -0.448023
v -0.425223 7.586499 -0.428998
v -0.464962 7.601737 -0.485245
v -0.442815 7.561843 -0.539032
v -0.417731 7.367352 -0.531914
v -0.349628 7.370348 -0.513803
v -0.345729 7.369203 -0.443386
v -0.411423 7.365500 -0.417977
v -0.455923 7.364355 -0.472690
v -0.417731 7.367352 -0.531914
v -0.404112 7.185845 -0.496727
v -0.335935 7.185846 -0.478644
v -0.332065 7.185845 -0.408216
v -0.397851 7.185844 -0.382772
v -0.442378 7.185843 -0.437475
v -0.404112 7.185845 -0.496727
v -0.404112 7.050000 -0.496727
v -0.335935 7.050000 -0.478644
v -0.332065 7.050000 -0.408216
v -0.397851 7.050000 -0.382772
v -0.442378 7.050000 -0.437475
v -0.404112 7.050000 -0.496727
v -0.404112 6.900000 -0.496727
v -0.335935 6.900000 -0.478644
v -0.332065 6.900000 -0.408216
v -0.397851 6.900000 -0.382772
v -0.442378 6.900000 -0.437475
v -0.404112 6.900000 -0.496727
v -0.404112 6.750000 -0.496727
v -0.335935 6.750000 -0.478644
v -0.332065 6.750000 -0.408216
v -0.397851 6.750000 -0.382772
v -0.442378 6.750000 -0.437475
v -0.404112 6.750000 -0.496727
v -0.404112 6.600000 -0.496727
v -0.335935 6.600000 -0.478644
v -0.332065 6.600000 -0.408216
v -0.397851 6.600000 -0.382772
v -0.442378 6.600000 -0.437475
v -0.404112 6.600000 -0.496727
v -0.404112 6.450000 -0.496727
v -0.335935 6.450000 -0.478644
v -0.332065 6.450000 -0.408216
v -0.397851 6.450000 -0.382772
v -0.442378 6.450000 -0.437475
v -0.404112 6.450000 -0.496727
v -0.404112 6.300000 -0.496727
v -0.335935 6.300000 -0.478644
v -0.332065 6.300000 -0.408216
v -0.397851 6.300000 -0.382772
v -0.442378 6.300000 -0.437475
v -0.404112 6.300000 -0.496727
v -0.404112 6.150000 -0.496727
v -0.335935 6.150000 -0.478644
v -0.332065 6.150000 -0.408216
v -0.397851 6.150000 -0.382772
v -0.442378 6.150000 -0.437475
v -0.404112 6.150000 -0.496727
v -0.404112 6.000000 -0.496727
v -0.335935 6.000000 -0.478644
v -0.332065 6.000000 -0.408216
v -0.397851 6.000000 -0.382772
v -0.442378 6.000000 -0.437475
v -0.404112 6.000000 -0.496727
v -0.404112 5.850000 -0.496727
v -0.335935 5.850000 -0.478644
v -0.332065 5.850000 -0.408216
v -0.397851 5.850000 -0.382772
v -0.442378 5.850000 -0.437475
v -0.404112 5.850000 -0.496727
v 0.483284 7.069296 -0.691019
v 0.521383 7.069296 -0.631659
v 0.476701 7.069296 -0.577082
v 0.410988 7.069296 -0.602711
v 0.415057 7.069296 -0.673128
v 0.483284 7.069296 -0.691019
v 0.483284 7.050000 -0.691019
v 0.521383 7.050000 -0.631659
v 0.476701 7.050000 -0.577082
v 0.410988 7.050000 -0.602711
v 0.415057 7.050000 -0.673128
v 0.483284 7.050000 -0.691019
v 0.483284 6.900000 -0.691019
v 0.521383 6.900000 -0.631659
v 0.476701 6.900000 -0.577082
v 0.410988 6.900000 -0.602711
v 0.415057 6.900000 -0.673128
v 0.483284 6.900000 -0.691019
v 0.483284 6.750000 -0.691019
v 0.521383 6.750000 -0.631659
v 0.476701 6.750000 -0.577082
v 0.410988 6.750000 -0.602711
v 0.415057 6.750000 -0.673128
v 0.483284 6.750000 -0.691019
v 0.483284 6.600000 -0.691019
v 0.521383 6.600000 -0.631659
v 0.476701 6.600000 -0.577082
v 0.410988 6.600000 -0.602711
v 0.415057 6.600000 -0.673128
v 0.483284 6.600000 -0.691019
v 0.483284 6.450000 -0.691019
v 0.521383 6.450000 -0.631659
v 0.476701 6.450000 -0.577082
v 0.410988 6.450000 -0.602711
v 0.415057 6.450000 -0.673128
v 0.483284 6.450000 -0.691019
v 0.483284 6.300000 -0.691019
v 0.521383 6.300000 -0.631659
v 0.476701 6.300000 -0.577082
v 0.410988 6.300000 -0.602711
v 0.415057 6.300000 -0.673128
v 0.483284 6.300000 -0.691019
v 0.483284 6.150000 -0.691019
v 0.521383 6.150000 -0.631659
v 0.476701 6.150000 -0.577082
v 0.410988 6.150000 -0.602711
v 0.415057 6.150000 -0.673128
v 0.483284 6.150000 -0.691019
v 0.483284 6.000000 -0.691019
v 0.521383 6.000000 -0.631659
v 0.476701 6.000000 -0.577082
v 0.410988 6.000000 -0.602711
v 0.415057 6.000000 -0.673128
v 0.483284 6.000000 -0.691019
v 0.483284 5.850000 -0.691019
v 0.521383 5.850000 -0.631659
v 0.476701 5.850000 -0.577082
v 0.410988 5.850000 -0.602711
v 0.415057 5.850000 -0.673128
v 0.483284 5.850000 -0.691019
v -0.589047 7.308757 -0.553197
v -0.519192 7.307300 -0.543543
v -0.506766 7.307856 -0.474114
v -0.568943 7.309658 -0.440858
v -0.619795 7.310215 -0.489734
v -0.589047 7.308757 -0.553197
v -0.567306 7.119645 -0.501761
v -0.497404 7.118527 -0.492409
v -0.484685 7.118954 -0.423032
v -0.546727 7.120336 -0.389507
v -0.597790 7.120763 -0.438164
v -0.567306 7.119645 -0.501761
v -0.567306 7.050000 -0.501761
v -0.497394 7.050000 -0.492414
v -0.484679 7.050000 -0.423035
v -0.546733 7.050000 -0.389504
v -0.597800 7.050000 -0.438159
v -0.567306 7.050000 -0.501761
v -0.567306 6.900000 -0.501761
v -0.497394 6.900000 -0.492414
v -0.484679 6.900000 -0.423035
v -0.546733 6.900000 -0.389504
v -0.597800 6.900000 -0.438159
v -0.567306 6.900000 -0.501761
v -0.567306 6.750000 -0.501761
v -0.497394 6.750000 -0.492414
v -0.484679 6.750000 -0.423035
v -0.546733 6.750000 -0.389504
v -0.597800 6.750000 -0.438159
v -0.567306 6.750000 -0.501761
v -0.567306 6.600000 -0.501761
v -0.497394 6.600000 -0.492414
v -0.484679 6.600000 -0.423035
v -0.546733 6.600000 -0.389504
v -0.597800 6.600000 -0.438159
v -0.567306 6.600000 -0.501761
v -0.567306 6.450000 -0.501761
v -0.497394 6.450000 -0.492414
v -0.484679 6.450000 -0.423035
v -0.546733 6.450000 -0.389504
v -0.597800 6.450000 -0.438159
v -0.567306 6.450000 -0.501761
v -0.567306 6.300000 -0.501761
v -0.497394 6.300000 -0.492414
v -0.484679 6.300000 -0.423035
v -0.546733 6.300000 -0.389504
v -0.597800 6.300000 -0.438159
v -0.567306 6.300000 -0.501761
v -0.567306 6.150000 -0.501761
v -0.497394 6.150000 -0.492414
v -0.484679 6.150000 -0.423035
v -0.546733 6.150000 -0.389504
v -0.597800 6.150000 -0.438159
v -0.567306 6.150000 -0.501761
v -0.567306 6.000000 -0.501761
v -0.497394 6.000000 -0.492414
v -0.484679 6.000000 -0.423035
v -0.546733 6.000000 -0.389504
v -0.597800 6.000000 -0.438159
v -0.567306 6.000000 -0.501761
v -0.567306 5.850000 -0.501761
v -0.497394 5.850000 -0.492414
v -0.484679 5.850000 -0.423035
v -0.546733 5.850000 -0.389504
v -0.597800 5.850000 -0.438159
v -0.567306 5.850000 -0.501761
v 0.772222 7.232017 -0.514608
v 0.745069 7.288977 -0.483090
v 0.706698 7.267220 -0.428050
v 0.710135 7.196814 -0.425553
v 0.750631 7.175057 -0.479048
v 0.772222 7.232017 -0.514608
v 0.805920 7.241449 -0.280565
v 0.784226 7.297618 -0.243830
v 0.734702 7.276163 -0.198420
v 0.725788 7.206734 -0.207089
v 0.769803 7.185279 -0.257857
v 0.805920 7.241449 -0.280565
v 0.805920 7.200000 -0.280565
v 0.817922 7.200000 -0.211059
v 0.755527 7.200000 -0.178166
v 0.704963 7.200000 -0.227342
v 0.736107 7.200000 -0.290628
v 0.805920 7.200000 -0.280565
v 0.805920 7.050000 -0.280565
v 0.817922 7.050000 -0.211059
v 0.755527 7.050000 -0.178166
v 0.704963 7.050000 -0.227342
v 0.736107 7.050000 -0.290628
v 0.805920 7.050000 -0.280565
v 0.805920 6.900000 -0.280565
v 0.817922 6.900000 -0.211059
v 0.755527 6.900000 -0.178166
v 0.704963 6.900000 -0.227342
v 0.736107 6.900000 -0.290628
v 0.805920 6.900000 -0.280565
v 0.805920 6.750000 -0.280565
v 0.817922 6.750000 -0.211059
v 0.755527 6.750000 -0.178166
v 0.704963 6.750000 -0.227342
v 0.736107 6.750000 -0.290628
v 0.805920 6.750000 -0.280565
v 0.805920 6.600000 -0.280565
v 0.817922 6.600000 -0.211059
v 0.755527 6.600000 -0.178166
v 0.704963 6.600000 -0.227342
v 0.736107 6.600000 -0.290628
v 0.805920 6.600000 -0.280565
v 0.805920 6.450000 -0.280565
v 0.817922 6.450000 -0.211059
v 0.755527 6.450000 -0.178166
v 0.704963 6.450000 -0.227342
v 0.736107 6.450000 -0.290628
v 0.805920 6.450000 -0.280565
v 0.805920 6.300000 -0.280565
v 0.817922 6.300000 -0.211059
v 0.755527 6.300000 -0.178166
v 0.704963 6.300000 -0.227342
v 0.736107 6.300000 -0.290628
v 0.805920 6.300000 -0.280565
v 0.805920 6.150000 -0.280565
v 0.817922 6.150000 -0.211059
v 0.755527 6.150000 -0.178166
v 0.704963 6.150000 -0.227342
v 0.736107 6.150000 -0.290628
v 0.805920 6.150000 -0.280565
v 0.805920 6.000000 -0.280565
v 0.817922 6.000000 -0.211059
v 0.755527 6.000000 -0.178166
v 0.704963 6.000000 -0.227342
v 0.736107 6.000000 -0.290628
v 0.805920 6.000000 -0.280565
v 0.805920 5.850000 -0.280565
v 0.817922 5.850000 -0.211059
v 0.755527 5.850000 -0.178166
v 0.704963 5.850000 -0.227342
v 0.736107 5.850000 -0.290628
v 0.805920 5.850000 -0.280565
v -0.424053 8.716853 0.787478
v -0.384310 8.773434 0.773545
v -0.327283 8.751822 0.738106
v -0.331782 8.681884 0.730136
v -0.391589 8.660272 0.760650
v -0.424053 8.716853 0.787478
v -0.511994 8.786200 0.165502
v -0.471061 8.841786 0.179986
v -0.420275 8.820554 0.224089
v -0.429820 8.751845 0.236861
v -0.486505 8.730613 0.200653
v -0.511994 8.786200 0.165502
v -0.488713 8.532211 -0.354019
v -0.428229 8.565526 -0.339634
v -0.411836 8.552801 -0.272222
v -0.462187 8.511622 -0.244944
v -0.509700 8.498897 -0.295498
v -0.488713 8.532211 -0.354019
v -0.434596 8.195246 -0.655369
v -0.369361 8.212519 -0.634847
v -0.366115 8.205921 -0.564697
v -0.429344 8.184570 -0.541864
v -0.471667 8.177972 -0.597902
v -0.434596 8.195246 -0.655369
v -0.400630 7.842166 -0.791631
v -0.334788 7.851320 -0.768047
v -0.336181 7.847824 -0.697613
v -0.402884 7.836508 -0.677666
v -0.442715 7.833011 -0.735773
v -0.400630 7.842166 -0.791631
v -0.431274 7.515071 -1.047402
v -0.365650 7.520824 -1.022194
v -0.369079 7.518627 -0.951777
v -0.436823 7.511515 -0.933466
v -0.475261 7.509318 -0.992565
v -0.431274 7.515071 -1.047402
v -0.368776 7.252283 -0.912830
v -0.303354 7.254784 -0.886584
v -0.308049 7.253829 -0.816213
v -0.376372 7.250737 -0.798967
v -0.413904 7.249781 -0.858679
v -0.368776 7.252283 -0.912830
v -0.360331 7.006756 -0.860827
v -0.294776 7.007234 -0.834799
v -0.299271 7.007051 -0.764409
v -0.367603 7.006461 -0.746933
v -0.405340 7.006278 -0.806523
v -0.360331 7.006756 -0.860827
v -0.305585 6.871436 -0.679409
v -0.272392 6.923259 -0.644948
v -0.265040 6.903464 -0.577649
v -0.293689 6.839407 -0.570517
v -0.318748 6.819612 -0.633408
v -0.305585 6.871436 -0.679409
v -0.137462 6.938831 -0.608374
v -0.143098 6.994900 -0.565953
v -0.131158 6.973484 -0.499818
v -0.118143 6.904178 -0.501365
v -0.122039 6.882761 -0.568456
v -0.137462 6.938831 -0.608374
v -0.137462 6.900000 -0.608374
v -0.075904 6.900000 -0.573940
v -0.089630 6.900000 -0.504754
v -0.159671 6.900000 -0.496429
v -0.189233 6.900000 -0.560470
v -0.137462 6.900000 -0.608374
v -0.137462 6.750000 -0.608374
v -0.075904 6.750000 -0.573940
v -0.089630 6.750000 -0.504754
v -0.159671 6.750000 -0.496429
v -0.189233 6.750000 -0.560470
v -0.137462 6.750000 -0.608374
v -0.137462 6.600000 -0.608374
v -0.075904 6.600000 -0.573940
v -0.089630 6.600000 -0.504754
v -0.159671 6.600000 -0.496429
v -0.189233 6.600000 -0.560470
v -0.137462 6.600000 -0.608374
v -0.137462 6.450000 -0.608374
v -0.075904 6.450000 -0.573940
v -0.089630 6.450000 -0.504754
v -0.159671 6.450000 -0.496429
v -0.189233 6.450000 -0.560470
v -0.137462 6.450000 -0.608374
v -0.137462 6.300000 -0.608374
v -0.075904 6.300000 -0.573940
v -0.089630 6.300000 -0.504754
v -0.159671 6.300000 -0.496429
v -0.189233 6.300000 -0.560470
v -0.137462 6.300000 -0.608374
v -0.137462 6.150000 -0.608374
v -0.075904 6.150000 -0.573940
v -0.089630 6.150000 -0.504754
v -0.159671 6.150000 -0.496429
v -0.189233 6.150000 -0.560470
v -0.137462 6.150000 -0.608374
v -0.137462 6.000000 -0.608374
v -0.075904 6.000000 -0.573940
v -0.089630 6.000000 -0.504754
v -0.159671 6.000000 -0.496429
v -0.189233 6.000000 -0.560470
v -0.137462 6.000000 -0.608374
v -0.137462 5.850000 -0.608374
v -0.075904 5.850000 -0.573940
v -0.089630 5.850000 -0.504754
v -0.159671 5.850000 -0.496429
v -0.189233 5.850000 -0.560470
v -0.137462 5.850000 -0.608374
v -1.001218 6.900492 -0.208347
v -0.933740 6.900492 -0.228885
v -0.893356 6.900492 -0.171056
v -0.935876 6.900492 -0.114778
v -1.002538 6.900492 -0.137825
v -1.001218 6.900492 -0.208347
v -1.001218 6.900000 -0.208347
v -0.933740 6.900000 -0.228885
v -0.893356 6.900000 -0.171056
v -0.935876 6.900000 -0.114778
v -1.002538 6.900000 -0.137825
v -1.001218 6.900000 -0.208347
v -1.001218 6.750000 -0.208347
v -0.933740 6.750000 -0.228885
v -0.893356 6.750000 -0.171056
v -0.935876 6.750000 -0.114778
v -1.002538 6.750000 -0.137825
v -1.001218 6.750000 -0.208347
v -1.001218 6.600000 -0.208347
v -0.933740 6.600000 -0.228885
v -0.893356 6.600000 -0.171056
v -0.935876 6.600000 -0.114778
v -1.002538 6.600000 -0.137825
v -1.001218 6.600000 -0.208347
v -1.001218 6.450000 -0.208347
v -0.933740 6.450000 -0.228885
v -0.893356 6.450000 -0.171056
v -0.935876 6.450000 -0.114778
v -1.002538 6.450000 -0.137825
v -1.001218 6.450000 -0.208347
v -1.001218 6.300000 -0.208347
v -0.933740 6.300000 -0.228885
v -0.893356 6.300000 -0.171056
v -0.935876 6.300000 -0.114778
v -1.002538 6.300000 -0.137825
v -1.001218 6.300000 -0.208347
v -1.001218 6.150000 -0.208347
v -0.933740 6.150000 -0.228885
v -0.893356 6.150000 -0.171056
v -0.935876 6.150000 -0.114778
v -1.002538 6.150000 -0.137825
v -1.001218 6.150000 -0.208347
v -1.001218 6.000000 -0.208347
v -0.933740 6.000000 -0.228885
v -0.893356 6.000000 -0.171056
v -0.935876 6.000000 -0.114778
v -1.002538 6.000000 -0.137825
v -1.001218 6.000000 -0.208347
v -1.001218 5.850000 -0.208347
v -0.933740 5.850000 -0.228885
v -0.893356 5.850000 -0.171056
v -0.935876 5.850000 -0.114778
v -1.002538 5.850000 -0.137825
v -1.001218 5.850000 -0.208347
v -0.261141 6.706045 -0.587932
v -0.196240 6.706045 -0.560311
v -0.202454 6.706045 -0.490051
v -0.271195 6.706045 -0.474249
v -0.307466 6.706045 -0.534743
v -0.261141 6.706045 -0.587932
v -0.261141 6.600000 -0.587932
v -0.196240 6.600000 -0.560311
v -0.202454 6.600000 -0.490051
v -0.271195 6.600000 -0.474249
v -0.307466 6.600000 -0.534743
v -0.261141 6.600000 -0.587932
v -0.261141 6.450000 -0.587932
v -0.196240 6.450000 -0.560311
v -0.202454 6.450000 -0.490051
v -0.271195 6.450000 -0.474249
v -0.307466 6.450000 -0.534743
v -0.261141 6.450000 -0.587932
v -0.261141 6.300000 -0.587932
v -0.196240 6.300000 -0.560311
v -0.202454 6.300000 -0.490051
v -0.271195 6.300000 -0.474249
v -0.307466 6.300000 -0.534743
v -0.261141 6.300000 -0.587932
v -0.261141 6.150000 -0.587932
v -0.196240 6.150000 -0.560311
v -0.202454 6.150000 -0.490051
v -0.271195 6.150000 -0.474249
v -0.307466 6.150000 -0.534743
v -0.261141 6.150000 -0.587932
v -0.261141 6.000000 -0.587932
v -0.196240 6.000000 -0.560311
v -0.202454 6.000000 -0.490051
v -0.271195 6.000000 -0.474249
v -0.307466 6.000000 -0.534743
v -0.261141 6.000000 -0.587932
v -0.261141 5.850000 -0.587932
v -0.196240 5.850000 -0.560311
v -0.202454 5.850000 -0.490051
v -0.271195 5.850000 -0.474249
v -0.307466 5.850000 -0.534743
v -0.261141 5.850000 -0.587932
vt 0.465668 0.440943
vt 0.433522 0.589751
vt 0.454421 0.576213
vt 0.411082 0.609485
vt 0.388700 0.637991
vt 0.419079 0.520653
vt 0.445080 0.503450
vt 0.392654 0.549487
vt 0.368836 0.592842
vt 0.473147 0.568843
vt 0.500000 0.564287
vt 0.489921 0.564855
vt 0.336419 0.699735
vt 0.349252 0.643043
vt 0.337497 0.624781
vt 0.060366 0.994442
vt 0.000000 1.000000
vt 0.232294 0.725919
vt 0.145263 0.416213
vt 0.118587 0.365110
vt 0.207556 0.606342
vt 0.191105 0.546316
vt 0.240089 0.771236
vt 0.255352 0.755964
vt 0.228118 0.785202
vt 0.216330 0.816080
vt 0.220014 0.412347
vt 0.187171 0.253921
vt 0.001152 0.094785
vt 0.206562 0.329278
vt 0.499416 0.092407
vt 0.499943 0.229650
vt 0.379662 0.294191
vt 0.084990 0.982500
vt 0.060689 0.981925
vt 0.000000 0.983334
vt 0.131869 0.920600
vt 0.106606 0.909246
vt 0.083130 0.901498
vt 0.060639 0.901063
vt 0.000049 0.904886
vt 0.155096 0.892058
vt 0.130619 0.881010
vt 0.106135 0.866978
vt 0.084141 0.854331
vt 0.062879 0.848559
vt 0.000004 0.848775
vt 0.194723 0.872975
vt 0.152271 0.845205
vt 0.129568 0.829055
vt 0.107339 0.811535
vt 0.085250 0.796818
vt 0.063888 0.790021
vt 0.999758 0.787108
vt 0.202986 0.794277
vt 0.159748 0.739606
vt 0.135603 0.714234
vt 0.112469 0.693746
vt 0.088559 0.676607
vt 0.065644 0.663794
vt 0.000041 0.645263
vt 0.216243 0.749143
vt 0.184554 0.649192
vt 0.163731 0.601260
vt 0.139851 0.554359
vt 0.111437 0.511270
vt 0.085113 0.478211
vt 0.000011 0.439159
vt 0.307186 0.230839
vt 0.289619 0.309023
vt 0.347599 0.347493
vt 0.355607 0.565495
vt 0.277791 0.393948
vt 0.269351 0.483889
vt 0.379840 0.513456
vt 0.229285 0.497697
vt 0.237861 0.574115
vt 0.251134 0.709027
vt 0.408021 0.477568
vt 0.436862 0.454360
vt 0.471321 0.498755
vt 0.500010 0.491918
vt 0.488891 0.493449
vt 0.301386 0.494452
vt 0.321459 0.414931
vt 0.265709 0.567076
vt 0.289173 0.572283
vt 0.176543 0.897458
vt 0.174893 0.859372
vt 0.183290 0.766320
vt 0.202868 0.699701
vt 0.246123 0.647352
vt 0.350148 0.450253
vt 0.325074 0.515752
vt 0.308753 0.585284
vt 0.380230 0.399348
vt 0.500006 0.331987
vt 0.486367 0.434022
vt 0.500119 0.433754
vt 0.412783 0.364324
vt 0.013493 0.999633
vt 0.475980 0.337534
vt 0.030701 0.445202
vt 0.021617 0.648225
vt 0.013706 0.984934
vt 0.389589 0.118749
vt 0.116120 0.132874
vt 0.020473 0.789039
vt 0.019575 0.849830
vt 0.016052 0.904235
vt 0.458963 0.238817
vt 0.036565 0.997940
vt 0.422031 0.257942
vt 0.036888 0.984179
vt 0.037644 0.901019
vt 0.042953 0.654557
vt 0.042003 0.788463
vt 0.041050 0.847380
vt 0.057301 0.457170
vt 0.159285 0.185159
vt 0.342449 0.164301
vt 0.449106 0.346408
vt 0.437501 0.614649
vt 0.500000 0.595555
vt 0.490326 0.596699
vt 0.474147 0.596770
vt 0.456878 0.603172
vt 0.402876 0.582184
vt 0.379664 0.617509
vt 0.427661 0.559766
vt 0.451418 0.544897
vt 0.361372 0.661915
vt 0.500000 0.535453
vt 0.489418 0.536082
vt 0.473371 0.538468
vt 0.000000 0.957834
vt 0.013967 0.957302
vt 0.036758 0.954574
vt 0.060795 0.952153
vt 0.084495 0.954620
vt 0.108846 0.959895
vt 0.085029 0.970182
vt 0.060670 0.967852
vt 0.037061 0.969425
vt 0.013800 0.970744
vt 0.000000 0.970476
vt 0.171666 0.476599
vt 0.000245 0.285835
vt 0.221292 0.669982
vt 0.047800 0.302812
vt 0.083232 0.326540
vt 0.221568 0.799410
vt 0.071592 0.581835
vt 0.096477 0.602126
vt 0.168756 0.693937
vt 0.208460 0.768818
vt 0.123024 0.629880
vt 0.146319 0.659960
vt 0.000002 0.552613
vt 0.191640 0.732808
vt 0.024720 0.562988
vt 0.047525 0.569439
vt 0.212035 0.837743
vt 0.153368 0.787813
vt 0.196211 0.820551
vt 0.084808 0.736588
vt 0.107776 0.749945
vt 0.130810 0.767045
vt 0.999886 0.721449
vt 0.063149 0.729312
vt 0.176086 0.803629
vt 0.019700 0.723417
vt 0.040859 0.725928
vt 0.325060 0.687221
vt 0.265225 0.640918
vt 0.283677 0.646237
vt 0.299964 0.656882
vt 0.265988 0.705347
vt 0.280047 0.708366
vt 0.294296 0.719421
vt 0.266676 0.752946
vt 0.277463 0.756729
vt 0.246788 0.778271
vt 0.259737 0.786559
vt 0.232464 0.784680
vt 0.225358 0.803250
vt 0.220659 0.836508
vt 0.228812 0.793373
vt 0.223023 0.815821
vt 0.246787 0.781426
vt 0.259991 0.790418
vt 0.235619 0.782746
vt 0.227596 0.803546
vt 0.223108 0.834146
vt 0.230594 0.794315
vt 0.225497 0.815802
vt 0.246804 0.787205
vt 0.260237 0.796873
vt 0.237355 0.788373
vt 0.229692 0.809206
vt 0.226949 0.834975
vt 0.232219 0.798217
vt 0.227757 0.821562
vt 0.246730 0.801587
vt 0.239192 0.802676
vt 0.232401 0.819115
vt 0.235581 0.804567
vt 0.231343 0.829535
vt 0.000000 0.941554
vt 0.014431 0.940120
vt 0.036332 0.936135
vt 0.060245 0.932794
vt 0.367102 0.482471
vt 0.397054 0.440789
vt 0.083465 0.933113
vt 0.342127 0.539744
vt 0.324787 0.603895
vt 0.107838 0.939384
vt 0.500535 0.384490
vt 0.427228 0.412541
vt 0.481716 0.385989
vt 0.459085 0.395507
vt 0.313094 0.671697
vt 0.305410 0.734249
vt 0.237251 0.822363
vt 0.240023 0.815255
vt 0.243702 0.812618
vt 0.248080 0.811430
vt 0.246721 0.797818
vt 0.234287 0.802214
vt 0.229969 0.827399
vt 0.238733 0.795391
vt 0.231450 0.813634
vt 0.233143 0.830764
vt 0.237117 0.810942
vt 0.234171 0.820161
vt 0.240616 0.807185
vt 0.247621 0.805490
vt 0.237975 0.797883
vt 0.247286 0.797040
vt 0.232213 0.804686
vt 0.229962 0.816968
vt 0.227874 0.832468
vt 0.237829 0.808669
vt 0.229339 0.829519
vt 0.256768 0.789062
vt 0.242791 0.796146
vt 0.232836 0.817804
vt 0.267714 0.786887
vt 0.534230 0.440560
vt 0.566478 0.589751
vt 0.545579 0.576213
vt 0.588918 0.609485
vt 0.611300 0.637991
vt 0.580936 0.520688
vt 0.554944 0.503477
vt 0.607362 0.549552
vt 0.631164 0.592842
vt 0.526853 0.568843
vt 0.510079 0.564855
vt 0.663581 0.699735
vt 0.650748 0.643043
vt 0.662503 0.624781
vt 0.939634 0.994442
vt 0.767745 0.725948
vt 0.854697 0.415585
vt 0.881752 0.364678
vt 0.792640 0.607116
vt 0.809091 0.544414
vt 0.759911 0.771236
vt 0.744648 0.755964
vt 0.771882 0.785202
vt 0.783670 0.816080
vt 0.779510 0.411815
vt 0.812669 0.254524
vt 0.792867 0.330123
vt 0.620554 0.294904
vt 0.915010 0.982500
vt 0.939311 0.981925
vt 0.868131 0.920600
vt 0.893394 0.909246
vt 0.916885 0.901473
vt 0.939508 0.901097
vt 0.844904 0.892058
vt 0.869381 0.881010
vt 0.893844 0.866960
vt 0.916021 0.854097
vt 0.937696 0.848810
vt 0.805277 0.872975
vt 0.847725 0.845201
vt 0.870230 0.828921
vt 0.892473 0.811609
vt 0.914425 0.797571
vt 0.936321 0.790122
vt 0.797014 0.794277
vt 0.840296 0.739723
vt 0.864056 0.713881
vt 0.887774 0.693931
vt 0.911829 0.677080
vt 0.934346 0.663876
vt 0.783809 0.749132
vt 0.815429 0.649285
vt 0.836850 0.601126
vt 0.859873 0.554402
vt 0.888333 0.510981
vt 0.915092 0.478157
vt 0.693872 0.232408
vt 0.711028 0.311486
vt 0.652719 0.349030
vt 0.644400 0.565468
vt 0.722433 0.394881
vt 0.730528 0.483858
vt 0.620275 0.513727
vt 0.770451 0.496295
vt 0.762445 0.575319
vt 0.748876 0.709055
vt 0.592126 0.478178
vt 0.563288 0.454775
vt 0.528673 0.498774
vt 0.511110 0.493458
vt 0.698069 0.495001
vt 0.678268 0.416567
vt 0.734101 0.568101
vt 0.710502 0.572306
vt 0.823457 0.897458
vt 0.825107 0.859372
vt 0.816763 0.766412
vt 0.797365 0.699661
vt 0.754061 0.648363
vt 0.649652 0.453271
vt 0.674551 0.517075
vt 0.690938 0.584920
vt 0.619534 0.400888
vt 0.513474 0.433563
vt 0.586296 0.364555
vt 0.986507 0.999633
vt 0.523806 0.338251
vt 0.969487 0.445230
vt 0.978261 0.648111
vt 0.986294 0.984934
vt 0.609067 0.118335
vt 0.885675 0.132385
vt 0.979221 0.789101
vt 0.980514 0.849882
vt 0.984043 0.904317
vt 0.540675 0.238752
vt 0.963435 0.997940
vt 0.578099 0.258254
vt 0.963112 0.984179
vt 0.962571 0.901304
vt 0.956808 0.654399
vt 0.958362 0.788128
vt 0.959562 0.848191
vt 0.942888 0.457254
vt 0.841886 0.184793
vt 0.657969 0.163274
vt 0.550444 0.347231
vt 0.562499 0.614649
vt 0.509674 0.596699
vt 0.525853 0.596770
vt 0.543122 0.603172
vt 0.597124 0.582184
vt 0.620336 0.617509
vt 0.572339 0.559766
vt 0.548582 0.544897
vt 0.638628 0.661915
vt 0.510582 0.536082
vt 0.526629 0.538468
vt 0.986033 0.957302
vt 0.963242 0.954574
vt 0.939205 0.952153
vt 0.915505 0.954620
vt 0.891154 0.959895
vt 0.914971 0.970182
vt 0.939330 0.967852
vt 0.962939 0.969425
vt 0.986200 0.970744
vt 0.827907 0.475439
vt 0.778981 0.670597
vt 0.952737 0.302169
vt 0.916896 0.326428
vt 0.778432 0.799410
vt 0.927976 0.581590
vt 0.903387 0.602116
vt 0.831056 0.694058
vt 0.791548 0.768815
vt 0.877395 0.630172
vt 0.853810 0.659985
vt 0.808471 0.732978
vt 0.975150 0.562938
vt 0.952299 0.569259
vt 0.787965 0.837743
vt 0.846648 0.787816
vt 0.803789 0.820551
vt 0.915104 0.737509
vt 0.891996 0.749964
vt 0.868938 0.766950
vt 0.936992 0.729253
vt 0.823916 0.803597
vt 0.980095 0.723664
vt 0.959167 0.725302
vt 0.674940 0.687221
vt 0.734703 0.641238
vt 0.716242 0.646151
vt 0.700025 0.656878
vt 0.734012 0.705347
vt 0.719953 0.708366
vt 0.705704 0.719421
vt 0.733324 0.752946
vt 0.722537 0.756729
vt 0.753212 0.778271
vt 0.740263 0.786559
vt 0.767536 0.784680
vt 0.774642 0.803250
vt 0.779341 0.836508
vt 0.771188 0.793373
vt 0.776977 0.815821
vt 0.753213 0.781426
vt 0.740009 0.790418
vt 0.764381 0.782746
vt 0.772404 0.803546
vt 0.776892 0.834146
vt 0.769406 0.794315
vt 0.774503 0.815802
vt 0.753196 0.787205
vt 0.739763 0.796873
vt 0.762645 0.788373
vt 0.770308 0.809206
vt 0.773051 0.834975
vt 0.767781 0.798217
vt 0.772243 0.821562
vt 0.753270 0.801587
vt 0.760808 0.802676
vt 0.767599 0.819115
vt 0.764419 0.804567
vt 0.768657 0.829535
vt 0.985569 0.940120
vt 0.963668 0.936135
vt 0.939755 0.932794
vt 0.632715 0.485073
vt 0.603036 0.442591
vt 0.916535 0.933113
vt 0.657930 0.540455
vt 0.675290 0.603879
vt 0.892162 0.939384
vt 0.572665 0.412562
vt 0.518432 0.386371
vt 0.540947 0.395520
vt 0.686906 0.671697
vt 0.694590 0.734249
vt 0.762749 0.822363
vt 0.759977 0.815255
vt 0.756298 0.812618
vt 0.751920 0.811430
vt 0.753279 0.797818
vt 0.765713 0.802214
vt 0.770031 0.827399
vt 0.761267 0.795391
vt 0.768550 0.813634
vt 0.766857 0.830764
vt 0.762883 0.810942
vt 0.765829 0.820161
vt 0.759384 0.807185
vt 0.752379 0.805490
vt 0.762025 0.797883
vt 0.752714 0.797040
vt 0.767787 0.804686
vt 0.770038 0.816968
vt 0.772126 0.832468
vt 0.762171 0.808669
vt 0.770661 0.829519
vt 0.743232 0.789062
vt 0.757209 0.796146
vt 0.767164 0.817804
vt 0.732286 0.786887
vt 0.000000 0.000000
vt 0.200000 0.000000
vt 0.400000 0.000000
vt 0.600000 0.000000
vt 0.800000 0.000000
vt 1.000000 0.000000
vt 0.000000 0.045455
vt 0.200000 0.045455
vt 0.400000 0.045455
vt 0.600000 0.045455
vt 0.800000 0.045455
vt 1.000000 0.045455
vt 0.000000 0.090909
vt 0.200000 0.090909
vt 0.400000 0.090909
vt 0.600000 0.090909
vt 0.800000 0.090909
vt 1.000000 0.090909
vt 0.000000 0.136364
vt 0.200000 0.136364
vt 0.400000 0.136364
vt 0.600000 0.136364
vt 0.800000 0.136364
vt 1.000000 0.136364
vt 0.000000 0.181818
vt 0.200000 0.181818
vt 0.400000 0.181818
vt 0.600000 0.181818
vt 0.800000 0.181818
vt 1.000000 0.181818
vt 0.000000 0.227273
vt 0.200000 0.227273
vt 0.400000 0.227273
vt 0.600000 0.227273
vt 0.800000 0.227273
vt 1.000000 0.227273
vt 0.000000 0.272727
vt 0.200000 0.272727
vt 0.400000 0.272727
vt 0.600000 0.272727
vt 0.800000 0.272727
vt 1.000000 0.272727
vt 0.000000 0.318182
vt 0.200000 0.318182
vt 0.400000 0.318182
vt 0.600000 0.318182
vt 0.800000 0.318182
vt 1.000000 0.318182
vt 0.000000 0.363636
vt 0.200000 0.363636
vt 0.400000 0.363636
vt 0.600000 0.363636
vt 0.800000 0.363636
vt 1.000000 0.363636
vt 0.000000 0.409091
vt 0.200000 0.409091
vt 0.400000 0.409091
vt 0.600000 0.409091
vt 0.800000 0.409091
vt 1.000000 0.409091
vt 0.000000 0.454545
vt 0.200000 0.454545
vt 0.400000 0.454545
vt 0.600000 0.454545
vt 0.800000 0.454545
vt 1.000000 0.454545
vt 0.000000 0.500000
vt 0.200000 0.500000
vt 0.400000 0.500000
vt 0.600000 0.500000
vt 0.800000 0.500000
vt 1.000000 0.500000
vt 0.000000 0.545455
vt 0.200000 0.545455
vt 0.400000 0.545455
vt 0.600000 0.545455
vt 0.800000 0.545455
vt 1.000000 0.545455
vt 0.000000 0.590909
vt 0.200000 0.590909
vt 0.400000 0.590909
vt 0.600000 0.590909
vt 0.800000 0.590909
vt 1.000000 0.590909
vt 0.000000 0.636364
vt 0.200000 0.636364
vt 0.400000 0.636364
vt 0.600000 0.636364
vt 0.800000 0.636364
vt 1.000000 0.636364
vt 0.000000 0.681818
vt 0.200000 0.681818
vt 0.400000 0.681818
vt 0.600000 0.681818
vt 0.800000 0.681818
vt 1.000000 0.681818
vt 0.000000 0.727273
vt 0.200000 0.727273
vt 0.400000 0.727273
vt 0.600000 0.727273
vt 0.800000 0.727273
vt 1.000000 0.727273
vt 0.000000 0.772727
vt 0.200000 0.772727
vt 0.400000 0.772727
vt 0.600000 0.772727
vt 0.800000 0.772727
vt 1.000000 0.772727
vt 0.000000 0.818182
vt 0.200000 0.818182
vt 0.400000 0.818182
vt 0.600000 0.818182
vt 0.800000 0.818182
vt 1.000000 0.818182
vt 0.000000 0.863636
vt 0.200000 0.863636
vt 0.400000 0.863636
vt 0.600000 0.863636
vt 0.800000 0.863636
vt 1.000000 0.863636
vt 0.000000 0.909091
vt 0.200000 0.909091
vt 0.400000 0.909091
vt 0.600000 0.909091
vt 0.800000 0.909091
vt 1.000000 0.909091
vt 0.000000 0.954545
vt 0.200000 0.954545
vt 0.400000 0.954545
vt 0.600000 0.954545
vt 0.800000 0.954545
vt 1.000000 0.954545
vt 0.000000 1.000000
vt 0.200000 1.000000
vt 0.400000 1.000000
vt 0.600000 1.000000
vt 0.800000 1.000000
vt 1.000000 1.000000
vt 0.000000 0.000000
vt 0.200000 0.000000
vt 0.400000 0.000000
vt 0.600000 0.000000
vt 0.800000 0.000000
vt 1.000000 0.000000
vt 0.000000 0.142857
vt 0.200000 0.142857
vt 0.400000 0.142857
vt 0.600000 0.142857
vt 0.800000 0.142857
vt 1.000000 0.142857
vt 0.000000 0.285714
vt 0.200000 0.285714
vt 0.400000 0.285714
vt 0.600000 0.285714
vt 0.800000 0.285714
vt 1.000000 0.285714
vt 0.000000 0.428571
vt 0.200000 0.428571
vt 0.400000 0.428571
vt 0.600000 0.428571
vt 0.800000 0.428571
vt 1.000000 0.428571
vt 0.000000 0.571429
vt 0.200000 0.571429
vt 0.400000 0.571429
vt 0.600000 0.571429
vt 0.800000 0.571429
vt 1.000000 0.571429
vt 0.000000 0.714286
vt 0.200000 0.714286
vt 0.400000 0.714286
vt 0.600000 0.714286
vt 0.800000 0.714286
vt 1.000000 0.714286
vt 0.000000 0.857143
vt 0.200000 0.857143
vt 0.400000 0.857143
vt 0.600000 0.857143
vt 0.800000 0.857143
vt 1.000000 0.857143
vt 0.000000 1.000000
vt 0.200000 1.000000
vt 0.400000 1.000000
vt 0.600000 1.000000
vt 0.800000 1.000000
vt 1.000000 1.000000
vt 0.000000 0.000000
vt 0.200000 0.000000
vt 0.400000 0.000000
vt 0.600000 0.000000
vt 0.800000 0.000000
vt 1.000000 0.000000
vt 0.000000 0.076923
vt 0.200000 0.076923
vt 0.400000 0.076923
vt 0.600000 0.076923
vt 0.800000 0.076923
vt 1.000000 0.076923
vt 0.000000 0.153846
vt 0.200000 0.153846
vt 0.400000 0.153846
vt 0.600000 0.153846
vt 0.800000 0.153846
vt 1.000000 0.153846
vt 0.000000 0.230769
vt 0.200000 0.230769
vt 0.400000 0.230769
vt 0.600000 0.230769
vt 0.800000 0.230769
vt 1.000000 0.230769
vt 0.000000 0.307692
vt 0.200000 0.307692
vt 0.400000 0.307692
vt 0.600000 0.307692
vt 0.800000 0.307692
vt 1.000000 0.307692
vt 0.000000 0.384615
vt 0.200000 0.384615
vt 0.400000 0.384615
vt 0.600000 0.384615
vt 0.800000 0.384615
vt 1.000000 0.384615
vt 0.000000 0.461538
vt 0.200000 0.461538
vt 0.400000 0.461538
vt 0.600000 0.461538
vt 0.800000 0.461538
vt 1.000000 0.461538
vt 0.000000 0.538462
vt 0.200000 0.538462
vt 0.400000 0.538462
vt 0.600000 0.538462
vt 0.800000 0.538462
vt 1.000000 0.538462
vt 0.000000 0.615385
vt 0.200000 0.615385
vt 0.400000 0.615385
vt 0.600000 0.615385
vt 0.800000 0.615385
vt 1.000000 0.615385
vt 0.000000 0.692308
vt 0.200000 0.692308
vt 0.400000 0.692308
vt 0.600000 0.692308
vt 0.800000 0.692308
vt 1.000000 0.692308
vt 0.000000 0.769231
vt 0.200000 0.769231
vt 0.400000 0.769231
vt 0.600000 0.769231
vt 0.800000 0.769231
vt 1.000000 0.769231
vt 0.000000 0.846154
vt 0.200000 0.846154
vt 0.400000 0.846154
vt 0.600000 0.846154
vt 0.800000 0.846154
vt 1.000000 0.846154
vt 0.000000 0.923077
vt 0.200000 0.923077
vt 0.400000 0.923077
vt 0.600000 0.923077
vt 0.800000 0.923077
vt 1.000000 0.923077
vt 0.000000 1.000000
vt 0.200000 1.000000
vt 0.400000 1.000000
vt 0.600000 1.000000
vt 0.800000 1.000000
vt 1.000000 1.000000
vt 0.000000 0.000000
vt 0.200000 0.000000
vt 0.400000 0.000000
vt 0.600000 0.000000
vt 0.800000 0.000000
vt 1.000000 0.000000
vt 0.000000 0.055556
vt 0.200000 0.055556
vt 0.400000 0.055556
vt 0.600000 0.055556
vt 0.800000 0.055556
vt 1.000000 0.055556
vt 0.000000 0.111111
vt 0.200000 0.111111
vt 0.400000 0.111111
vt 0.600000 0.111111
vt 0.800000 0.111111
vt 1.000000 0.111111
vt 0.000000 0.166667
vt 0.200000 0.166667
vt 0.400000 0.166667
vt 0.600000 0.166667
vt 0.800000 0.166667
vt 1.000000 0.166667
vt 0.000000 0.222222
vt 0.200000 0.222222
vt 0.400000 0.222222
vt 0.600000 0.222222
vt 0.800000 0.222222
vt 1.000000 0.222222
vt 0.000000 0.277778
vt 0.200000 0.277778
vt 0.400000 0.277778
vt 0.600000 0.277778
vt 0.800000 0.277778
vt 1.000000 0.277778
vt 0.000000 0.333333
vt 0.200000 0.333333
vt 0.400000 0.333333
vt 0.600000 0.333333
vt 0.800000 0.333333
vt 1.000000 0.333333
vt 0.000000 0.388889
vt 0.200000 0.388889
vt 0.400000 0.388889
vt 0.600000 0.388889
vt 0.800000 0.388889
vt 1.000000 0.388889
vt 0.000000 0.444444
vt 0.200000 0.444444
vt 0.400000 0.444444
vt 0.600000 0.444444
vt 0.800000 0.444444
vt 1.000000 0.444444
vt 0.000000 0.500000
vt 0.200000 0.500000
vt 0.400000 0.500000
vt 0.600000 0.500000
vt 0.800000 0.500000
vt 1.000000 0.500000
vt 0.000000 0.555556
vt 0.200000 0.555556
vt 0.400000 0.555556
vt 0.600000 0.555556
vt 0.800000 0.555556
vt 1.000000 0.555556
vt 0.000000 0.611111
vt 0.200000 0.611111
vt 0.400000 0.611111
vt 0.600000 0.611111
vt 0.800000 0.611111
vt 1.000000 0.611111
vt 0.000000 0.666667
vt 0.200000 0.666667
vt 0.400000 0.666667
vt 0.600000 0.666667
vt 0.800000 0.666667
vt 1.000000 0.666667
vt 0.000000 0.722222
vt 0.200000 0.722222
vt 0.400000 0.722222
vt 0.600000 0.722222
vt 0.800000 0.722222
vt 1.000000 0.722222
vt 0.000000 0.777778
vt 0.200000 0.777778
vt 0.400000 0.777778
vt 0.600000 0.777778
vt 0.800000 0.777778
vt 1.000000 0.777778
vt 0.000000 0.833333
vt 0.200000 0.833333
vt 0.400000 0.833333
vt 0.600000 0.833333
vt 0.800000 0.833333
vt 1.000000 0.833333
vt 0.000000 0.888889
vt 0.200000 0.888889
vt 0.400000 0.888889
vt 0.600000 0.888889
vt 0.800000 0.888889
vt 1.000000 0.888889
vt 0.000000 0.944444
vt 0.200000 0.944444
vt 0.400000 0.944444
vt 0.600000 0.944444
vt 0.800000 0.944444
vt 1.000000 0.944444
vt 0.000000 1.000000
vt 0.200000 1.000000
vt 0.400000 1.000000
vt 0.600000 1.000000
vt 0.800000 1.000000
vt 1.000000 1.000000
vt 0.000000 0.000000
vt 0.200000 0.000000
vt 0.400000 0.000000
vt 0.600000 0.000000
vt 0.800000 0.000000
vt 1.000000 0.000000
vt 0.000000 0.071429
vt 0.200000 0.071429
vt 0.400000 0.071429
vt 0.600000 0.071429
vt 0.800000 0.071429
vt 1.000000 0.071429
vt 0.000000 0.142857
vt 0.200000 0.142857
vt 0.400000 0.142857
vt 0.600000 0.142857
vt 0.800000 0.142857
vt 1.000000 0.142857
vt 0.000000 0.214286
vt 0.200000 0.214286
vt 0.400000 0.214286
vt 0.600000 0.214286
vt 0.800000 0.214286
vt 1.000000 0.214286
vt 0.000000 0.285714
vt 0.200000 0.285714
vt 0.400000 0.285714
vt 0.600000 0.285714
vt 0.800000 0.285714
vt 1.000000 0.285714
vt 0.000000 0.357143
vt 0.200000 0.357143
vt 0.400000 0.357143
vt 0.600000 0.357143
vt 0.800000 0.357143
vt 1.000000 0.357143
vt 0.000000 0.428571
vt 0.200000 0.428571
vt 0.400000 0.428571
vt 0.600000 0.428571
vt 0.800000 0.428571
vt 1.000000 0.428571
vt 0.000000 0.500000
vt 0.200000 0.500000
vt 0.400000 0.500000
vt 0.600000 0.500000
vt 0.800000 0.500000
vt 1.000000 0.500000
vt 0.000000 0.571429
vt 0.200000 0.571429
vt 0.400000 0.571429
vt 0.600000 0.571429
vt 0.800000 0.571429
vt 1.000000 0.571429
vt 0.000000 0.642857
vt 0.200000 0.642857
vt 0.400000 0.642857
vt 0.600000 0.642857
vt 0.800000 0.642857
vt 1.000000 0.642857
vt 0.000000 0.714286
vt 0.200000 0.714286
vt 0.400000 0.714286
vt 0.600000 0.714286
vt 0.800000 0.714286
vt 1.000000 0.714286
vt 0.000000 0.785714
vt 0.200000 0.785714
vt 0.400000 0.785714
vt 0.600000 0.785714
vt 0.800000 0.785714
vt 1.000000 0.785714
vt 0.000000 0.857143
vt 0.200000 0.857143
vt 0.400000 0.857143
vt 0.600000 0.857143
vt 0.800000 0.857143
vt 1.000000 0.857143
vt 0.000000 0.928571
vt 0.200000 0.928571
vt 0.400000 0.928571
vt 0.600000 0.928571
vt 0.800000 0.928571
vt 1.000000 0.928571
vt 0.000000 1.000000
vt 0.200000 1.000000
vt 0.400000 1.000000
vt 0.600000 1.000000
vt 0.800000 1.000000
vt 1.000000 1.000000
vt 0.000000 0.000000
vt 0.200000 0.000000
vt 0.400000 0.000000
vt 0.600000 0.000000
vt 0.800000 0.000000
vt 1.000000 0.000000
vt 0.000000 0.062500
vt 0.200000 0.062500
vt 0.400000 0.062500
vt 0.600000 0.062500
vt 0.800000 0.062500
vt 1.000000 0.062500
vt 0.000000 0.125000
vt 0.200000 0.125000
vt 0.400000 0.125000
vt 0.600000 0.125000
vt 0.800000 0.125000
vt 1.000000 0.125000
vt 0.000000 0.187500
vt 0.200000 0.187500
vt 0.400000 0.187500
vt 0.600000 0.187500
vt 0.800000 0.187500
vt 1.000000 0.187500
vt 0.000000 0.250000
vt 0.200000 0.250000
vt 0.400000 0.250000
vt 0.600000 0.250000
vt 0.800000 0.250000
vt 1.000000 0.250000
vt 0.000000 0.312500
vt 0.200000 0.312500
vt 0.400000 0.312500
vt 0.600000 0.312500
vt 0.800000 0.312500
vt 1.000000 0.312500
vt 0.000000 0.375000
vt 0.200000 0.375000
vt 0.400000 0.375000
vt 0.600000 0.375000
vt 0.800000 0.375000
vt 1.000000 0.375000
vt 0.000000 0.437500
vt 0.200000 0.437500
vt 0.400000 0.437500
vt 0.600000 0.437500
vt 0.800000 0.437500
vt 1.000000 0.437500
vt 0.000000 0.500000
vt 0.200000 0.500000
vt 0.400000 0.500000
vt 0.600000 0.500000
vt 0.800000 0.500000
vt 1.000000 0.500000
vt 0.000000 0.562500
vt 0.200000 0.562500
vt 0.400000 0.562500
vt 0.600000 0.562500
vt 0.800000 0.562500
vt 1.000000 0.562500
vt 0.000000 0.625000
vt 0.200000 0.625000
vt 0.400000 0.625000
vt 0.600000 0.625000
vt 0.800000 0.625000
vt 1.000000 0.625000
vt 0.000000 0.687500
vt 0.200000 0.687500
vt 0.400000 0.687500
vt 0.600000 0.687500
vt 0.800000 0.687500
vt 1.000000 0.687500
vt 0.000000 0.750000
vt 0.200000 0.750000
vt 0.400000 0.750000
vt 0.600000 0.750000
vt 0.800000 0.750000
vt 1.000000 0.750000
vt 0.000000 0.812500
vt 0.200000 0.812500
vt 0.400000 0.812500
vt 0.600000 0.812500
vt 0.800000 0.812500
vt 1.000000 0.812500
vt 0.000000 0.875000
vt 0.200000 0.875000
vt 0.400000 0.875000
vt 0.600000 0.875000
vt 0.800000 0.875000
vt 1.000000 0.875000
vt 0.000000 0.937500
vt 0.200000 0.937500
vt 0.400000 0.937500
vt 0.600000 0.937500
vt 0.800000 0.937500
vt 1.000000 0.937500
vt 0.000000 1.000000
vt 0.200000 1.000000
vt 0.400000 1.000000
vt 0.600000 1.000000
vt 0.800000 1.000000
vt 1.000000 1.000000
vt 0.000000 0.000000
vt 0.200000 0.000000
vt 0.400000 0.000000
vt 0.600000 0.000000
vt 0.800000 0.000000
vt 1.000000 0.000000
vt 0.000000 0.083333
vt 0.200000 0.083333
vt 0.400000 0.083333
vt 0.600000 0.083333
vt 0.800000 0.083333
vt 1.000000 0.083333
vt 0.000000 0.166667
vt 0.200000 0.166667
vt 0.400000 0.166667
vt 0.600000 0.166667
vt 0.800000 0.166667
vt 1.000000 0.166667
vt 0.000000 0.250000
vt 0.200000 0.250000
vt 0.400000 0.250000
vt 0.600000 0.250000
vt 0.800000 0.250000
vt 1.000000 0.250000
vt 0.000000 0.333333
vt 0.200000 0.333333
vt 0.400000 0.333333
vt 0.600000 0.333333
vt 0.800000 0.333333
vt 1.000000 0.333333
vt 0.000000 0.416667
vt 0.200000 0.416667
vt 0.400000 0.416667
vt 0.600000 0.416667
vt 0.800000 0.416667
vt 1.000000 0.416667
vt 0.000000 0.500000
vt 0.200000 0.500000
vt 0.400000 0.500000
vt 0.600000 0.500000
vt 0.800000 0.500000
vt 1.000000 0.500000
vt 0.000000 0.583333
vt 0.200000 0.583333
vt 0.400000 0.583333
vt 0.600000 0.583333
vt 0.800000 0.583333
vt 1.000000 0.583333
vt 0.000000 0.666667
vt 0.200000 0.666667
vt 0.400000 0.666667
vt 0.600000 0.666667
vt 0.800000 0.666667
vt 1.000000 0.666667
vt 0.000000 0.750000
vt 0.200000 0.750000
vt 0.400000 0.750000
vt 0.600000 0.750000
vt 0.800000 0.750000
vt 1.000000 0.750000
vt 0.000000 0.833333
vt 0.200000 0.833333
vt 0.400000 0.833333
vt 0.600000 0.833333
vt 0.800000 0.833333
vt 1.000000 0.833333
vt 0.000000 0.916667
vt 0.200000 0.916667
vt 0.400000 0.916667
vt 0.600000 0.916667
vt 0.800000 0.916667
vt 1.000000 0.916667
vt 0.000000 1.000000
vt 0.200000 1.000000
vt 0.400000 1.000000
vt 0.600000 1.000000
vt 0.800000 1.000000
vt 1.000000 1.000000
vt 0.000000 0.000000
vt 0.200000 0.000000
vt 0.400000 0.000000
vt 0.600000 0.000000
vt 0.800000 0.000000
vt 1.000000 0.000000
vt 0.000000 0.055556
vt 0.200000 0.055556
vt 0.400000 0.055556
vt 0.600000 0.055556
vt 0.800000 0.055556
vt 1.000000 0.055556
vt 0.000000 0.111111
vt 0.200000 0.111111
vt 0.400000 0.111111
vt 0.600000 0.111111
vt 0.800000 0.111111
vt 1.000000 0.111111
vt 0.000000 0.166667
vt 0.200000 0.166667
vt 0.400000 0.166667
vt 0.600000 0.166667
vt 0.800000 0.166667
vt 1.000000 0.166667
vt 0.000000 0.222222
vt 0.200000 0.222222
vt 0.400000 0.222222
vt 0.600000 0.222222
vt 0.800000 0.222222
vt 1.000000 0.222222
vt 0.000000 0.277778
vt 0.200000 0.277778
vt 0.400000 0.277778
vt 0.600000 0.277778
vt 0.800000 0.277778
vt 1.000000 0.277778
vt 0.000000 0.333333
vt 0.200000 0.333333
vt 0.400000 0.333333
vt 0.600000 0.333333
vt 0.800000 0.333333
vt 1.000000 0.333333
vt 0.000000 0.388889
vt 0.200000 0.388889
vt 0.400000 0.388889
vt 0.600000 0.388889
vt 0.800000 0.388889
vt 1.000000 0.388889
vt 0.000000 0.444444
vt 0.200000 0.444444
vt 0.400000 0.444444
vt 0.600000 0.444444
vt 0.800000 0.444444
vt 1.000000 0.444444
vt 0.000000 0.500000
vt 0.200000 0.500000
vt 0.400000 0.500000
vt 0.600000 0.500000
vt 0.800000 0.500000
vt 1.000000 0.500000
vt 0.000000 0.555556
vt 0.200000 0.555556
vt 0.400000 0.555556
vt 0.600000 0.555556
vt 0.800000 0.555556
vt 1.000000 0.555556
vt 0.000000 0.611111
vt 0.200000 0.611111
vt 0.400000 0.611111
vt 0.600000 0.611111
vt 0.800000 0.611111
vt 1.000000 0.611111
vt 0.000000 0.666667
vt 0.200000 0.666667
vt 0.400000 0.666667
vt 0.600000 0.666667
vt 0.800000 0.666667
vt 1.000000 0.666667
vt 0.000000 0.722222
vt 0.200000 0.722222
vt 0.400000 0.722222
vt 0.600000 0.722222
vt 0.800000 0.722222
vt 1.000000 0.722222
vt 0.000000 0.777778
vt 0.200000 0.777778
vt 0.400000 0.777778
vt 0.600000 0.777778
vt 0.800000 0.777778
vt 1.000000 0.777778
vt 0.000000 0.833333
vt 0.200000 0.833333
vt 0.400000 0.833333
vt 0.600000 0.833333
vt 0.800000 0.833333
vt 1.000000 0.833333
vt 0.000000 0.888889
vt 0.200000 0.888889
vt 0.400000 0.888889
vt 0.600000 0.888889
vt 0.800000 0.888889
vt 1.000000 0.888889
vt 0.000000 0.944444
vt 0.200000 0.944444
vt 0.400000 0.944444
vt 0.600000 0.944444
vt 0.800000 0.944444
vt 1.000000 0.944444
vt 0.000000 1.000000
vt 0.200000 1.000000
vt 0.400000 1.000000
vt 0.600000 1.000000
vt 0.800000 1.000000
vt 1.000000 1.000000
vt 0.000000 0.000000
vt 0.200000 0.000000
vt 0.400000 0.000000
vt 0.600000 0.000000
vt 0.800000 0.000000
vt 1.000000 0.000000
vt 0.000000 0.090909
vt 0.200000 0.090909
vt 0.400000 0.090909
vt 0.600000 0.090909
vt 0.800000 0.090909
vt 1.000000 0.090909
vt 0.000000 0.181818
vt 0.200000 0.181818
vt 0.400000 0.181818
vt 0.600000 0.181818
vt 0.800000 0.181818
vt 1.000000 0.181818
vt 0.000000 0.272727
vt 0.200000 0.272727
vt 0.400000 0.272727
vt 0.600000 0.272727
vt 0.800000 0.272727
vt 1.000000 0.272727
vt 0.000000 0.363636
vt 0.200000 0.363636
vt 0.400000 0.363636
vt 0.600000 0.363636
vt 0.800000 0.363636
vt 1.000000 0.363636
vt 0.000000 0.454545
vt 0.200000 0.454545
vt 0.400000 0.454545
vt 0.600000 0.454545
vt 0.800000 0.454545
vt 1.000000 0.454545
vt 0.000000 0.545455
vt 0.200000 0.545455
vt 0.400000 0.545455
vt 0.600000 0.545455
vt 0.800000 0.545455
vt 1.000000 0.545455
vt 0.000000 0.636364
vt 0.200000 0.636364
vt 0.400000 0.636364
vt 0.600000 0.636364
vt 0.800000 0.636364
vt 1.000000 0.636364
vt 0.000000 0.727273
vt 0.200000 0.727273
vt 0.400000 0.727273
vt 0.600000 0.727273
vt 0.800000 0.727273
vt 1.000000 0.727273
vt 0.000000 0.818182
vt 0.200000 0.818182
vt 0.400000 0.818182
vt 0.600000 0.818182
vt 0.800000 0.818182
vt 1.000000 0.818182
vt 0.000000 0.909091
vt 0.200000 0.909091
vt 0.400000 0.909091
vt 0.600000 0.909091
vt 0.800000 0.909091
vt 1.000000 0.909091
vt 0.000000 1.000000
vt 0.200000 1.000000
vt 0.400000 1.000000
vt 0.600000 1.000000
vt 0.800000 1.000000
vt 1.000000 1.000000
vt 0.000000 0.000000
vt 0.200000 0.000000
vt 0.400000 0.000000
vt 0.600000 0.000000
vt 0.800000 0.000000
vt 1.000000 0.000000
vt 0.000000 0.038462
vt 0.200000 0.038462
vt 0.400000 0.038462
vt 0.600000 0.038462
vt 0.800000 0.038462
vt 1.000000 0.038462
vt 0.000000 0.076923
vt 0.200000 0.076923
vt 0.400000 0.076923
vt 0.600000 0.076923
vt 0.800000 0.076923
vt 1.000000 0.076923
vt 0.000000 0.115385
vt 0.200000 0.115385
vt 0.400000 0.115385
vt 0.600000 0.115385
vt 0.800000 0.115385
vt 1.000000 0.115385
vt 0.000000 0.153846
vt 0.200000 0.153846
vt 0.400000 0.153846
vt 0.600000 0.153846
vt 0.800000 0.153846
vt 1.000000 0.153846
vt 0.000000 0.192308
vt 0.200000 0.192308
vt 0.400000 0.192308
vt 0.600000 0.192308
vt 0.800000 0.192308
vt 1.000000 0.192308
vt 0.000000 0.230769
vt 0.200000 0.230769
vt 0.400000 0.230769
vt 0.600000 0.230769
vt 0.800000 0.230769
vt 1.000000 0.230769
vt 0.000000 0.269231
vt 0.200000 0.269231
vt 0.400000 0.269231
vt 0.600000 0.269231
vt 0.800000 0.269231
vt 1.000000 0.269231
vt 0.000000 0.307692
vt 0.200000 0.307692
vt 0.400000 0.307692
vt 0.600000 0.307692
vt 0.800000 0.307692
vt 1.000000 0.307692
vt 0.000000 0.346154
vt 0.200000 0.346154
vt 0.400000 0.346154
vt 0.600000 0.346154
vt 0.800000 0.346154
vt 1.000000 0.346154
vt 0.000000 0.384615
vt 0.200000 0.384615
vt 0.400000 0.384615
vt 0.600000 0.384615
vt 0.800000 0.384615
vt 1.000000 0.384615
vt 0.000000 0.423077
vt 0.200000 0.423077
vt 0.400000 0.423077
vt 0.600000 0.423077
vt 0.800000 0.423077
vt 1.000000 0.423077
vt 0.000000 0.461538
vt 0.200000 0.461538
vt 0.400000 0.461538
vt 0.600000 0.461538
vt 0.800000 0.461538
vt 1.000000 0.461538
vt 0.000000 0.500000
vt 0.200000 0.500000
vt 0.400000 0.500000
vt 0.600000 0.500000
vt 0.800000 0.500000
vt 1.000000 0.500000
vt 0.000000 0.538462
vt 0.200000 0.538462
vt 0.400000 0.538462
vt 0.600000 0.538462
vt 0.800000 0.538462
vt 1.000000 0.538462
vt 0.000000 0.576923
vt 0.200000 0.576923
vt 0.400000 0.576923
vt 0.600000 0.576923
vt 0.800000 0.576923
vt 1.000000 0.576923
vt 0.000000 0.615385
vt 0.200000 0.615385
vt 0.400000 0.615385
vt 0.600000 0.615385
vt 0.800000 0.615385
vt 1.000000 0.615385
vt 0.000000 0.653846
vt 0.200000 0.653846
vt 0.400000 0.653846
vt 0.600000 0.653846
vt 0.800000 0.653846
vt 1.000000 0.653846
vt 0.000000 0.692308
vt 0.200000 0.692308
vt 0.400000 0.692308
vt 0.600000 0.692308
vt 0.800000 0.692308
vt 1.000000 0.692308
vt 0.000000 0.730769
vt 0.200000 0.730769
vt 0.400000 0.730769
vt 0.600000 0.730769
vt 0.800000 0.730769
vt 1.000000 0.730769
vt 0.000000 0.769231
vt 0.200000 0.769231
vt 0.400000 0.769231
vt 0.600000 0.769231
vt 0.800000 0.769231
vt 1.000000 0.769231
vt 0.000000 0.807692
vt 0.200000 0.807692
vt 0.400000 0.807692
vt 0.600000 0.807692
vt 0.800000 0.807692
vt 1.000000 0.807692
vt 0.000000 0.846154
vt 0.200000 0.846154
vt 0.400000 0.846154
vt 0.600000 0.846154
vt 0.800000 0.846154
vt 1.000000 0.846154
vt 0.000000 0.884615
vt 0.200000 0.884615
vt 0.400000 0.884615
vt 0.600000 0.884615
vt 0.800000 0.884615
vt 1.000000 0.884615
vt 0.000000 0.923077
vt 0.200000 0.923077
vt 0.400000 0.923077
vt 0.600000 0.923077
vt 0.800000 0.923077
vt 1.000000 0.923077
vt 0.000000 0.961538
vt 0.200000 0.961538
vt 0.400000 0.961538
vt 0.600000 0.961538
vt 0.800000 0.961538
vt 1.000000 0.961538
vt 0.000000 1.000000
vt 0.200000 1.000000
vt 0.400000 1.000000
vt 0.600000 1.000000
vt 0.800000 1.000000
vt 1.000000 1.000000
vt 0.000000 0.000000
vt 0.200000 0.000000
vt 0.400000 0.000000
vt 0.600000 0.000000
vt 0.800000 0.000000
vt 1.000000 0.000000
vt 0.000000 0.125000
vt 0.200000 0.125000
vt 0.400000 0.125000
vt 0.600000 0.125000
vt 0.800000 0.125000
vt 1.000000 0.125000
vt 0.000000 0.250000
vt 0.200000 0.250000
vt 0.400000 0.250000
vt 0.600000 0.250000
vt 0.800000 0.250000
vt 1.000000 0.250000
vt 0.000000 0.375000
vt 0.200000 0.375000
vt 0.400000 0.375000
vt 0.600000 0.375000
vt 0.800000 0.375000
vt 1.000000 0.375000
vt 0.000000 0.500000
vt 0.200000 0.500000
vt 0.400000 0.500000
vt 0.600000 0.500000
vt 0.800000 0.500000
vt 1.000000 0.500000
vt 0.000000 0.625000
vt 0.200000 0.625000
vt 0.400000 0.625000
vt 0.600000 0.625000
vt 0.800000 0.625000
vt 1.000000 0.625000
vt 0.000000 0.750000
vt 0.200000 0.750000
vt 0.400000 0.750000
vt 0.600000 0.750000
vt 0.800000 0.750000
vt 1.000000 0.750000
vt 0.000000 0.875000
vt 0.200000 0.875000
vt 0.400000 0.875000
vt 0.600000 0.875000
vt 0.800000 0.875000
vt 1.000000 0.875000
vt 0.000000 1.000000
vt 0.200000 1.000000
vt 0.400000 1.000000
vt 0.600000 1.000000
vt 0.800000 1.000000
vt 1.000000 1.000000
vt 0.000000 0.000000
vt 0.200000 0.000000
vt 0.400000 0.000000
vt 0.600000 0.000000
vt 0.800000 0.000000
vt 1.000000 0.000000
vt 0.000000 0.125000
vt 0.200000 0.125000
vt 0.400000 0.125000
vt 0.600000 0.125000
vt 0.800000 0.125000
vt 1.000000 0.125000
vt 0.000000 0.250000
vt 0.200000 0.250000
vt 0.400000 0.250000
vt 0.600000 0.250000
vt 0.800000 0.250000
vt 1.000000 0.250000
vt 0.000000 0.375000
vt 0.200000 0.375000
vt 0.400000 0.375000
vt 0.600000 0.375000
vt 0.800000 0.375000
vt 1.000000 0.375000
vt 0.000000 0.500000
vt 0.200000 0.500000
vt 0.400000 0.500000
vt 0.600000 0.500000
vt 0.800000 0.500000
vt 1.000000 0.500000
vt 0.000000 0.625000
vt 0.200000 0.625000
vt 0.400000 0.625000
vt 0.600000 0.625000
vt 0.800000 0.625000
vt 1.000000 0.625000
vt 0.000000 0.750000
vt 0.200000 0.750000
vt 0.400000 0.750000
vt 0.600000 0.750000
vt 0.800000 0.750000
vt 1.000000 0.750000
vt 0.000000 0.875000
vt 0.200000 0.875000
vt 0.400000 0.875000
vt 0.600000 0.875000
vt 0.800000 0.875000
vt 1.000000 0.875000
vt 0.000000 1.000000
vt 0.200000 1.000000
vt 0.400000 1.000000
vt 0.600000 1.000000
vt 0.800000 1.000000
vt 1.000000 1.000000
vt 0.000000 0.000000
vt 0.200000 0.000000
vt 0.400000 0.000000
vt 0.600000 0.000000
vt 0.800000 0.000000
vt 1.000000 0.000000
vt 0.000000 0.066667
vt 0.200000 0.066667
vt 0.400000 0.066667
vt 0.600000 0.066667
vt 0.800000 0.066667
vt 1.000000 0.066667
vt 0.000000 0.133333
vt 0.200000 0.133333
vt 0.400000 0.133333
vt 0.600000 0.133333
vt 0.800000 0.133333
vt 1.000000 0.133333
vt 0.000000 0.200000
vt 0.200000 0.200000
vt 0.400000 0.200000
vt 0.600000 0.200000
vt 0.800000 0.200000
vt 1.000000 0.200000
vt 0.000000 0.266667
vt 0.200000 0.266667
vt 0.400000 0.266667
vt 0.600000 0.266667
vt 0.800000 0.266667
vt 1.000000 0.266667
vt 0.000000 0.333333
vt 0.200000 0.333333
vt 0.400000 0.333333
vt 0.600000 0.333333
vt 0.800000 0.333333
vt 1.000000 0.333333
vt 0.000000 0.400000
vt 0.200000 0.400000
vt 0.400000 0.400000
vt 0.600000 0.400000
vt 0.800000 0.400000
vt 1.000000 0.400000
vt 0.000000 0.466667
vt 0.200000 0.466667
vt 0.400000 0.466667
vt 0.600000 0.466667
vt 0.800000 0.466667
vt 1.000000 0.466667
vt 0.000000 0.533333
vt 0.200000 0.533333
vt 0.400000 0.533333
vt 0.600000 0.533333
vt 0.800000 0.533333
vt 1.000000 0.533333
vt 0.000000 0.600000
vt 0.200000 0.600000
vt 0.400000 0.600000
vt 0.600000 0.600000
vt 0.800000 0.600000
vt 1.000000 0.600000
vt 0.000000 0.666667
vt 0.200000 0.666667
vt 0.400000 0.666667
vt 0.600000 0.666667
vt 0.800000 0.666667
vt 1.000000 0.666667
vt 0.000000 0.733333
vt 0.200000 0.733333
vt 0.400000 0.733333
vt 0.600000 0.733333
vt 0.800000 0.733333
vt 1.000000 0.733333
vt 0.000000 0.800000
vt 0.200000 0.800000
vt 0.400000 0.800000
vt 0.600000 0.800000
vt 0.800000 0.800000
vt 1.000000 0.800000
vt 0.000000 0.866667
vt 0.200000 0.866667
vt 0.400000 0.866667
vt 0.600000 0.866667
vt 0.800000 0.866667
vt 1.000000 0.866667
vt 0.000000 0.933333
vt 0.200000 0.933333
vt 0.400000 0.933333
vt 0.600000 0.933333
vt 0.800000 0.933333
vt 1.000000 0.933333
vt 0.000000 1.000000
vt 0.200000 1.000000
vt 0.400000 1.000000
vt 0.600000 1.000000
vt 0.800000 1.000000
vt 1.000000 1.000000
vt 0.000000 0.000000
vt 0.200000 0.000000
vt 0.400000 0.000000
vt 0.600000 0.000000
vt 0.800000 0.000000
vt 1.000000 0.000000
vt 0.000000 0.066667
vt 0.200000 0.066667
vt 0.400000 0.066667
vt 0.600000 0.066667
vt 0.800000 0.066667
vt 1.000000 0.066667
vt 0.000000 0.133333
vt 0.200000 0.133333
vt 0.400000 0.133333
vt 0.600000 0.133333
vt 0.800000 0.133333
vt 1.000000 0.133333
vt 0.000000 0.200000
vt 0.200000 0.200000
vt 0.400000 0.200000
vt 0.600000 0.200000
vt 0.800000 0.200000
vt 1.000000 0.200000
vt 0.000000 0.266667
vt 0.200000 0.266667
vt 0.400000 0.266667
vt 0.600000 0.266667
vt 0.800000 0.266667
vt 1.000000 0.266667
vt 0.000000 0.333333
vt 0.200000 0.333333
vt 0.400000 0.333333
vt 0.600000 0.333333
vt 0.800000 0.333333
vt 1.000000 0.333333
vt 0.000000 0.400000
vt 0.200000 0.400000
vt 0.400000 0.400000
vt 0.600000 0.400000
vt 0.800000 0.400000
vt 1.000000 0.400000
vt 0.000000 0.466667
vt 0.200000 0.466667
vt 0.400000 0.466667
vt 0.600000 0.466667
vt 0.800000 0.466667
vt 1.000000 0.466667
vt 0.000000 0.533333
vt 0.200000 0.533333
vt 0.400000 0.533333
vt 0.600000 0.533333
vt 0.800000 0.533333
vt 1.000000 0.533333
vt 0.000000 0.600000
vt 0.200000 0.600000
vt 0.400000 0.600000
vt 0.600000 0.600000
vt 0.800000 0.600000
vt 1.000000 0.600000
vt 0.000000 0.666667
vt 0.200000 0.666667
vt 0.400000 0.666667
vt 0.600000 0.666667
vt 0.800000 0.666667
vt 1.000000 0.666667
vt 0.000000 0.733333
vt 0.200000 0.733333
vt 0.400000 0.733333
vt 0.600000 0.733333
vt 0.800000 0.733333
vt 1.000000 0.733333
vt 0.000000 0.800000
vt 0.200000 0.800000
vt 0.400000 0.800000
vt 0.600000 0.800000
vt 0.800000 0.800000
vt 1.000000 0.800000
vt 0.000000 0.866667
vt 0.200000 0.866667
vt 0.400000 0.866667
vt 0.600000 0.866667
vt 0.800000 0.866667
vt 1.000000 0.866667
vt 0.000000 0.933333
vt 0.200000 0.933333
vt 0.400000 0.933333
vt 0.600000 0.933333
vt 0.800000 0.933333
vt 1.000000 0.933333
vt 0.000000 1.000000
vt 0.200000 1.000000
vt 0.400000 1.000000
vt 0.600000 1.000000
vt 0.800000 1.000000
vt 1.000000 1.000000
vt 0.000000 0.000000
vt 0.200000 0.000000
vt 0.400000 0.000000
vt 0.600000 0.000000
vt 0.800000 0.000000
vt 1.000000 0.000000
vt 0.000000 0.071429
vt 0.200000 0.071429
vt 0.400000 0.071429
vt 0.600000 0.071429
vt 0.800000 0.071429
vt 1.000000 0.071429
vt 0.000000 0.142857
vt 0.200000 0.142857
vt 0.400000 0.142857
vt 0.600000 0.142857
vt 0.800000 0.142857
vt 1.000000 0.142857
vt 0.000000 0.214286
vt 0.200000 0.214286
vt 0.400000 0.214286
vt 0.600000 0.214286
vt 0.800000 0.214286
vt 1.000000 0.214286
vt 0.000000 0.285714
vt 0.200000 0.285714
vt 0.400000 0.285714
vt 0.600000 0.285714
vt 0.800000 0.285714
vt 1.000000 0.285714
vt 0.000000 0.357143
vt 0.200000 0.357143
vt 0.400000 0.357143
vt 0.600000 0.357143
vt 0.800000 0.357143
vt 1.000000 0.357143
vt 0.000000 0.428571
vt 0.200000 0.428571
vt 0.400000 0.428571
vt 0.600000 0.428571
vt 0.800000 0.428571
vt 1.000000 0.428571
vt 0.000000 0.500000
vt 0.200000 0.500000
vt 0.400000 0.500000
vt 0.600000 0.500000
vt 0.800000 0.500000
vt 1.000000 0.500000
vt 0.000000 0.571429
vt 0.200000 0.571429
vt 0.400000 0.571429
vt 0.600000 0.571429
vt 0.800000 0.571429
vt 1.000000 0.571429
vt 0.000000 0.642857
vt 0.200000 0.642857
vt 0.400000 0.642857
vt 0.600000 0.642857
vt 0.800000 0.642857
vt 1.000000 0.642857
vt 0.000000 0.714286
vt 0.200000 0.714286
vt 0.400000 0.714286
vt 0.600000 0.714286
vt 0.800000 0.714286
vt 1.000000 0.714286
vt 0.000000 0.785714
vt 0.200000 0.785714
vt 0.400000 0.785714
vt 0.600000 0.785714
vt 0.800000 0.785714
vt 1.000000 0.785714
vt 0.000000 0.857143
vt 0.200000 0.857143
vt 0.400000 0.857143
vt 0.600000 0.857143
vt 0.800000 0.857143
vt 1.000000 0.857143
vt 0.000000 0.928571
vt 0.200000 0.928571
vt 0.400000 0.928571
vt 0.600000 0.928571
vt 0.800000 0.928571
vt 1.000000 0.928571
vt 0.000000 1.000000
vt 0.200000 1.000000
vt 0.400000 1.000000
vt 0.600000 1.000000
vt 0.800000 1.000000
vt 1.000000 1.000000
vt 0.000000 0.000000
vt 0.200000 0.000000
vt 0.400000 0.000000
vt 0.600000 0.000000
vt 0.800000 0.000000
vt 1.000000 0.000000
vt 0.000000 0.045455
vt 0.200000 0.045455
vt 0.400000 0.045455
vt 0.600000 0.045455
vt 0.800000 0.045455
vt 1.000000 0.045455
vt 0.000000 0.090909
vt 0.200000 0.090909
vt 0.400000 0.090909
vt 0.600000 0.090909
vt 0.800000 0.090909
vt 1.000000 0.090909
vt 0.000000 0.136364
vt 0.200000 0.136364
vt 0.400000 0.136364
vt 0.600000 0.136364
vt 0.800000 0.136364
vt 1.000000 0.136364
vt 0.000000 0.181818
vt 0.200000 0.181818
vt 0.400000 0.181818
vt 0.600000 0.181818
vt 0.800000 0.181818
vt 1.000000 0.181818
vt 0.000000 0.227273
vt 0.200000 0.227273
vt 0.400000 0.227273
vt 0.600000 0.227273
vt 0.800000 0.227273
vt 1.000000 0.227273
vt 0.000000 0.272727
vt 0.200000 0.272727
vt 0.400000 0.272727
vt 0.600000 0.272727
vt 0.800000 0.272727
vt 1.000000 0.272727
vt 0.000000 0.318182
vt 0.200000 0.318182
vt 0.400000 0.318182
vt 0.600000 0.318182
vt 0.800000 0.318182
vt 1.000000 0.318182
vt 0.000000 0.363636
vt 0.200000 0.363636
vt 0.400000 0.363636
vt 0.600000 0.363636
vt 0.800000 0.363636
vt 1.000000 0.363636
vt 0.000000 0.409091
vt 0.200000 0.409091
vt 0.400000 0.409091
vt 0.600000 0.409091
vt 0.800000 0.409091
vt 1.000000 0.409091
vt 0.000000 0.454545
vt 0.200000 0.454545
vt 0.400000 0.454545
vt 0.600000 0.454545
vt 0.800000 0.454545
vt 1.000000 0.454545
vt 0.000000 0.500000
vt 0.200000 0.500000
vt 0.400000 0.500000
vt 0.600000 0.500000
vt 0.800000 0.500000
vt 1.000000 0.500000
vt 0.000000 0.545455
vt 0.200000 0.545455
vt 0.400000 0.545455
vt 0.600000 0.545455
vt 0.800000 0.545455
vt 1.000000 0.545455
vt 0.000000 0.590909
vt 0.200000 0.590909
vt 0.400000 0.590909
vt 0.600000 0.590909
vt 0.800000 0.590909
vt 1.000000 0.590909
vt 0.000000 0.636364
vt 0.200000 0.636364
vt 0.400000 0.636364
vt 0.600000 0.636364
vt 0.800000 0.636364
vt 1.000000 0.636364
vt 0.000000 0.681818
vt 0.200000 0.681818
vt 0.400000 0.681818
vt 0.600000 0.681818
vt 0.800000 0.681818
vt 1.000000 0.681818
vt 0.000000 0.727273
vt 0.200000 0.727273
vt 0.400000 0.727273
vt 0.600000 0.727273
vt 0.800000 0.727273
vt 1.000000 0.727273
vt 0.000000 0.772727
vt 0.200000 0.772727
vt 0.400000 0.772727
vt 0.600000 0.772727
vt 0.800000 0.772727
vt 1.000000 0.772727
vt 0.000000 0.818182
vt 0.200000 0.818182
vt 0.400000 0.818182
vt 0.600000 0.818182
vt 0.800000 0.818182
vt 1.000000 0.818182
vt 0.000000 0.863636
vt 0.200000 0.863636
vt 0.400000 0.863636
vt 0.600000 0.863636
vt 0.800000 0.863636
vt 1.000000 0.863636
vt 0.000000 0.909091
vt 0.200000 0.909091
vt 0.400000 0.909091
vt 0.600000 0.909091
vt 0.800000 0.909091
vt 1.000000 0.909091
vt 0.000000 0.954545
vt 0.200000 0.954545
vt 0.400000 0.954545
vt 0.600000 0.954545
vt 0.800000 0.954545
vt 1.000000 0.954545
vt 0.000000 1.000000
vt 0.200000 1.000000
vt 0.400000 1.000000
vt 0.600000 1.000000
vt 0.800000 1.000000
vt 1.000000 1.000000
vt 0.000000 0.000000
vt 0.200000 0.000000
vt 0.400000 0.000000
vt 0.600000 0.000000
vt 0.800000 0.000000
vt 1.000000 0.000000
vt 0.000000 0.055556
vt 0.200000 0.055556
vt 0.400000 0.055556
vt 0.600000 0.055556
vt 0.800000 0.055556
vt 1.000000 0.055556
vt 0.000000 0.111111
vt 0.200000 0.111111
vt 0.400000 0.111111
vt 0.600000 0.111111
vt 0.800000 0.111111
vt 1.000000 0.111111
vt 0.000000 0.166667
vt 0.200000 0.166667
vt 0.400000 0.166667
vt 0.600000 0.166667
vt 0.800000 0.166667
vt 1.000000 0.166667
vt 0.000000 0.222222
vt 0.200000 0.222222
vt 0.400000 0.222222
vt 0.600000 0.222222
vt 0.800000 0.222222
vt 1.000000 0.222222
vt 0.000000 0.277778
vt 0.200000 0.277778
vt 0.400000 0.277778
vt 0.600000 0.277778
vt 0.800000 0.277778
vt 1.000000 0.277778
vt 0.000000 0.333333
vt 0.200000 0.333333
vt 0.400000 0.333333
vt 0.600000 0.333333
vt 0.800000 0.333333
vt 1.000000 0.333333
vt 0.000000 0.388889
vt 0.200000 0.388889
vt 0.400000 0.388889
vt 0.600000 0.388889
vt 0.800000 0.388889
vt 1.000000 0.388889
vt 0.000000 0.444444
vt 0.200000 0.444444
vt 0.400000 0.444444
vt 0.600000 0.444444
vt 0.800000 0.444444
vt 1.000000 0.444444
vt 0.000000 0.500000
vt 0.200000 0.500000
vt 0.400000 0.500000
vt 0.600000 0.500000
vt 0.800000 0.500000
vt 1.000000 0.500000
vt 0.000000 0.555556
vt 0.200000 0.555556
vt 0.400000 0.555556
vt 0.600000 0.555556
vt 0.800000 0.555556
vt 1.000000 0.555556
vt 0.000000 0.611111
vt 0.200000 0.611111
vt 0.400000 0.611111
vt 0.600000 0.611111
vt 0.800000 0.611111
vt 1.000000 0.611111
vt 0.000000 0.666667
vt 0.200000 0.666667
vt 0.400000 0.666667
vt 0.600000 0.666667
vt 0.800000 0.666667
vt 1.000000 0.666667
vt 0.000000 0.722222
vt 0.200000 0.722222
vt 0.400000 0.722222
vt 0.600000 0.722222
vt 0.800000 0.722222
vt 1.000000 0.722222
vt 0.000000 0.777778
vt 0.200000 0.777778
vt 0.400000 0.777778
vt 0.600000 0.777778
vt 0.800000 0.777778
vt 1.000000 0.777778
vt 0.000000 0.833333
vt 0.200000 0.833333
vt 0.400000 0.833333
vt 0.600000 0.833333
vt 0.800000 0.833333
vt 1.000000 0.833333
vt 0.000000 0.888889
vt 0.200000 0.888889
vt 0.400000 0.888889
vt 0.600000 0.888889
vt 0.800000 0.888889
vt 1.000000 0.888889
vt 0.000000 0.944444
vt 0.200000 0.944444
vt 0.400000 0.944444
vt 0.600000 0.944444
vt 0.800000 0.944444
vt 1.000000 0.944444
vt 0.000000 1.000000
vt 0.200000 1.000000
vt 0.400000 1.000000
vt 0.600000 1.000000
vt 0.800000 1.000000
vt 1.000000 1.000000
vt 0.000000 0.000000
vt 0.200000 0.000000
vt 0.400000 0.000000
vt 0.600000 0.000000
vt 0.800000 0.000000
vt 1.000000 0.000000
vt 0.000000 0.052632
vt 0.200000 0.052632
vt 0.400000 0.052632
vt 0.600000 0.052632
vt 0.800000 0.052632
vt 1.000000 0.052632
vt 0.000000 0.105263
vt 0.200000 0.105263
vt 0.400000 0.105263
vt 0.600000 0.105263
vt 0.800000 0.105263
vt 1.000000 0.105263
vt 0.000000 0.157895
vt 0.200000 0.157895
vt 0.400000 0.157895
vt 0.600000 0.157895
vt 0.800000 0.157895
vt 1.000000 0.157895
vt 0.000000 0.210526
vt 0.200000 0.210526
vt 0.400000 0.210526
vt 0.600000 0.210526
vt 0.800000 0.210526
vt 1.000000 0.210526
vt 0.000000 0.263158
vt 0.200000 0.263158
vt 0.400000 0.263158
vt 0.600000 0.263158
vt 0.800000 0.263158
vt 1.000000 0.263158
vt 0.000000 0.315789
vt 0.200000 0.315789
vt 0.400000 0.315789
vt 0.600000 0.315789
vt 0.800000 0.315789
vt 1.000000 0.315789
vt 0.000000 0.368421
vt 0.200000 0.368421
vt 0.400000 0.368421
vt 0.600000 0.368421
vt 0.800000 0.368421
vt 1.000000 0.368421
vt 0.000000 0.421053
vt 0.200000 0.421053
vt 0.400000 0.421053
vt 0.600000 0.421053
vt 0.800000 0.421053
vt 1.000000 0.421053
vt 0.000000 0.473684
vt 0.200000 0.473684
vt 0.400000 0.473684
vt 0.600000 0.473684
vt 0.800000 0.473684
vt 1.000000 0.473684
vt 0.000000 0.526316
vt 0.200000 0.526316
vt 0.400000 0.526316
vt 0.600000 0.526316
vt 0.800000 0.526316
vt 1.000000 0.526316
vt 0.000000 0.578947
vt 0.200000 0.578947
vt 0.400000 0.578947
vt 0.600000 0.578947
vt 0.800000 0.578947
vt 1.000000 0.578947
vt 0.000000 0.631579
vt 0.200000 0.631579
vt 0.400000 0.631579
vt 0.600000 0.631579
vt 0.800000 0.631579
vt 1.000000 0.631579
vt 0.000000 0.684211
vt 0.200000 0.684211
vt 0.400000 0.684211
vt 0.600000 0.684211
vt 0.800000 0.684211
vt 1.000000 0.684211
vt 0.000000 0.736842
vt 0.200000 0.736842
vt 0.400000 0.736842
vt 0.600000 0.736842
vt 0.800000 0.736842
vt 1.000000 0.736842
vt 0.000000 0.789474
vt 0.200000 0.789474
vt 0.400000 0.789474
vt 0.600000 0.789474
vt 0.800000 0.789474
vt 1.000000 0.789474
vt 0.000000 0.842105
vt 0.200000 0.842105
vt 0.400000 0.842105
vt 0.600000 0.842105
vt 0.800000 0.842105
vt 1.000000 0.842105
vt 0.000000 0.894737
vt 0.200000 0.894737
vt 0.400000 0.894737
vt 0.600000 0.894737
vt 0.800000 0.894737
vt 1.000000 0.894737
vt 0.000000 0.947368
vt 0.200000 0.947368
vt 0.400000 0.947368
vt 0.600000 0.947368
vt 0.800000 0.947368
vt 1.000000 0.947368
vt 0.000000 1.000000
vt 0.200000 1.000000
vt 0.400000 1.000000
vt 0.600000 1.000000
vt 0.800000 1.000000
vt 1.000000 1.000000
vt 0.000000 0.000000
vt 0.200000 0.000000
vt 0.400000 0.000000
vt 0.600000 0.000000
vt 0.800000 0.000000
vt 1.000000 0.000000
vt 0.000000 0.100000
vt 0.200000 0.100000
vt 0.400000 0.100000
vt 0.600000 0.100000
vt 0.800000 0.100000
vt 1.000000 0.100000
vt 0.000000 0.200000
vt 0.200000 0.200000
vt 0.400000 0.200000
vt 0.600000 0.200000
vt 0.800000 0.200000
vt 1.000000 0.200000
vt 0.000000 0.300000
vt 0.200000 0.300000
vt 0.400000 0.300000
vt 0.600000 0.300000
vt 0.800000 0.300000
vt 1.000000 0.300000
vt 0.000000 0.400000
vt 0.200000 0.400000
vt 0.400000 0.400000
vt 0.600000 0.400000
vt 0.800000 0.400000
vt 1.000000 0.400000
vt 0.000000 0.500000
vt 0.200000 0.500000
vt 0.400000 0.500000
vt 0.600000 0.500000
vt 0.800000 0.500000
vt 1.000000 0.500000
vt 0.000000 0.600000
vt 0.200000 0.600000
vt 0.400000 0.600000
vt 0.600000 0.600000
vt 0.800000 0.600000
vt 1.000000 0.600000
vt 0.000000 0.700000
vt 0.200000 0.700000
vt 0.400000 0.700000
vt 0.600000 0.700000
vt 0.800000 0.700000
vt 1.000000 0.700000
vt 0.000000 0.800000
vt 0.200000 0.800000
vt 0.400000 0.800000
vt 0.600000 0.800000
vt 0.800000 0.800000
vt 1.000000 0.800000
vt 0.000000 0.900000
vt 0.200000 0.900000
vt 0.400000 0.900000
vt 0.600000 0.900000
vt 0.800000 0.900000
vt 1.000000 0.900000
vt 0.000000 1.000000
vt 0.200000 1.000000
vt 0.400000 1.000000
vt 0.600000 1.000000
vt 0.800000 1.000000
vt 1.000000 1.000000
vt 0.000000 0.000000
vt 0.200000 0.000000
vt 0.400000 0.000000
vt 0.600000 0.000000
vt 0.800000 0.000000
vt 1.000000 0.000000
vt 0.000000 0.043478
vt 0.200000 0.043478
vt 0.400000 0.043478
vt 0.600000 0.043478
vt 0.800000 0.043478
vt 1.000000 0.043478
vt 0.000000 0.086957
vt 0.200000 0.086957
vt 0.400000 0.086957
vt 0.600000 0.086957
vt 0.800000 0.086957
vt 1.000000 0.086957
vt 0.000000 0.130435
vt 0.200000 0.130435
vt 0.400000 0.130435
vt 0.600000 0.130435
vt 0.800000 0.130435
vt 1.000000 0.130435
vt 0.000000 0.173913
vt 0.200000 0.173913
vt 0.400000 0.173913
vt 0.600000 0.173913
vt 0.800000 0.173913
vt 1.000000 0.173913
vt 0.000000 0.217391
vt 0.200000 0.217391
vt 0.400000 0.217391
vt 0.600000 0.217391
vt 0.800000 0.217391
vt 1.000000 0.217391
vt 0.000000 0.260870
vt 0.200000 0.260870
vt 0.400000 0.260870
vt 0.600000 0.260870
vt 0.800000 0.260870
vt 1.000000 0.260870
vt 0.000000 0.304348
vt 0.200000 0.304348
vt 0.400000 0.304348
vt 0.600000 0.304348
vt 0.800000 0.304348
vt 1.000000 0.304348
vt 0.000000 0.347826
vt 0.200000 0.347826
vt 0.400000 0.347826
vt 0.600000 0.347826
vt 0.800000 0.347826
vt 1.000000 0.347826
vt 0.000000 0.391304
vt 0.200000 0.391304
vt 0.400000 0.391304
vt 0.600000 0.391304
vt 0.800000 0.391304
vt 1.000000 0.391304
vt 0.000000 0.434783
vt 0.200000 0.434783
vt 0.400000 0.434783
vt 0.600000 0.434783
vt 0.800000 0.434783
vt 1.000000 0.434783
vt 0.000000 0.478261
vt 0.200000 0.478261
vt 0.400000 0.478261
vt 0.600000 0.478261
vt 0.800000 0.478261
vt 1.000000 0.478261
vt 0.000000 0.521739
vt 0.200000 0.521739
vt 0.400000 0.521739
vt 0.600000 0.521739
vt 0.800000 0.521739
vt 1.000000 0.521739
vt 0.000000 0.565217
vt 0.200000 0.565217
vt 0.400000 0.565217
vt 0.600000 0.565217
vt 0.800000 0.565217
vt 1.000000 0.565217
vt 0.000000 0.608696
vt 0.200000 0.608696
vt 0.400000 0.608696
vt 0.600000 0.608696
vt 0.800000 0.608696
vt 1.000000 0.608696
vt 0.000000 0.652174
vt 0.200000 0.652174
vt 0.400000 0.652174
vt 0.600000 0.652174
vt 0.800000 0.652174
vt 1.000000 0.652174
vt 0.000000 0.695652
vt 0.200000 0.695652
vt 0.400000 0.695652
vt 0.600000 0.695652
vt 0.800000 0.695652
vt 1.000000 0.695652
vt 0.000000 0.739130
vt 0.200000 0.739130
vt 0.400000 0.739130
vt 0.600000 0.739130
vt 0.800000 0.739130
vt 1.000000 0.739130
vt 0.000000 0.782609
vt 0.200000 0.782609
vt 0.400000 0.782609
vt 0.600000 0.782609
vt 0.800000 0.782609
vt 1.000000 0.782609
vt 0.000000 0.826087
vt 0.200000 0.826087
vt 0.400000 0.826087
vt 0.600000 0.826087
vt 0.800000 0.826087
vt 1.000000 0.826087
vt 0.000000 0.869565
vt 0.200000 0.869565
vt 0.400000 0.869565
vt 0.600000 0.869565
vt 0.800000 0.869565
vt 1.000000 0.869565
vt 0.000000 0.913043
vt 0.200000 0.913043
vt 0.400000 0.913043
vt 0.600000 0.913043
vt 0.800000 0.913043
vt 1.000000 0.913043
vt 0.000000 0.956522
vt 0.200000 0.956522
vt 0.400000 0.956522
vt 0.600000 0.956522
vt 0.800000 0.956522
vt 1.000000 0.956522
vt 0.000000 1.000000
vt 0.200000 1.000000
vt 0.400000 1.000000
vt 0.600000 1.000000
vt 0.800000 1.000000
vt 1.000000 1.000000
vt 0.000000 0.000000
vt 0.200000 0.000000
vt 0.400000 0.000000
vt 0.600000 0.000000
vt 0.800000 0.000000
vt 1.000000 0.000000
vt 0.000000 0.047619
vt 0.200000 0.047619
vt 0.400000 0.047619
vt 0.600000 0.047619
vt 0.800000 0.047619
vt 1.000000 0.047619
vt 0.000000 0.095238
vt 0.200000 0.095238
vt 0.400000 0.095238
vt 0.600000 0.095238
vt 0.800000 0.095238
vt 1.000000 0.095238
vt 0.000000 0.142857
vt 0.200000 0.142857
vt 0.400000 0.142857
vt 0.600000 0.142857
vt 0.800000 0.142857
vt 1.000000 0.142857
vt 0.000000 0.190476
vt 0.200000 0.190476
vt 0.400000 0.190476
vt 0.600000 0.190476
vt 0.800000 0.190476
vt 1.000000 0.190476
vt 0.000000 0.238095
vt 0.200000 0.238095
vt 0.400000 0.238095
vt 0.600000 0.238095
vt 0.800000 0.238095
vt 1.000000 0.238095
vt 0.000000 0.285714
vt 0.200000 0.285714
vt 0.400000 0.285714
vt 0.600000 0.285714
vt 0.800000 0.285714
vt 1.000000 0.285714
vt 0.000000 0.333333
vt 0.200000 0.333333
vt 0.400000 0.333333
vt 0.600000 0.333333
vt 0.800000 0.333333
vt 1.000000 0.333333
vt 0.000000 0.380952
vt 0.200000 0.380952
vt 0.400000 0.380952
vt 0.600000 0.380952
vt 0.800000 0.380952
vt 1.000000 0.380952
vt 0.000000 0.428571
vt 0.200000 0.428571
vt 0.400000 0.428571
vt 0.600000 0.428571
vt 0.800000 0.428571
vt 1.000000 0.428571
vt 0.000000 0.476190
vt 0.200000 0.476190
vt 0.400000 0.476190
vt 0.600000 0.476190
vt 0.800000 0.476190
vt 1.000000 0.476190
vt 0.000000 0.523810
vt 0.200000 0.523810
vt 0.400000 0.523810
vt 0.600000 0.523810
vt 0.800000 0.523810
vt 1.000000 0.523810
vt 0.000000 0.571429
vt 0.200000 0.571429
vt 0.400000 0.571429
vt 0.600000 0.571429
vt 0.800000 0.571429
vt 1.000000 0.571429
vt 0.000000 0.619048
vt 0.200000 0.619048
vt 0.400000 0.619048
vt 0.600000 0.619048
vt 0.800000 0.619048
vt 1.000000 0.619048
vt 0.000000 0.666667
vt 0.200000 0.666667
vt 0.400000 0.666667
vt 0.600000 0.666667
vt 0.800000 0.666667
vt 1.000000 0.666667
vt 0.000000 0.714286
vt 0.200000 0.714286
vt 0.400000 0.714286
vt 0.600000 0.714286
vt 0.800000 0.714286
vt 1.000000 0.714286
vt 0.000000 0.761905
vt 0.200000 0.761905
vt 0.400000 0.761905
vt 0.600000 0.761905
vt 0.800000 0.761905
vt 1.000000 0.761905
vt 0.000000 0.809524
vt 0.200000 0.809524
vt 0.400000 0.809524
vt 0.600000 0.809524
vt 0.800000 0.809524
vt 1.000000 0.809524
vt 0.000000 0.857143
vt 0.200000 0.857143
vt 0.400000 0.857143
vt 0.600000 0.857143
vt 0.800000 0.857143
vt 1.000000 0.857143
vt 0.000000 0.904762
vt 0.200000 0.904762
vt 0.400000 0.904762
vt 0.600000 0.904762
vt 0.800000 0.904762
vt 1.000000 0.904762
vt 0.000000 0.952381
vt 0.200000 0.952381
vt 0.400000 0.952381
vt 0.600000 0.952381
vt 0.800000 0.952381
vt 1.000000 0.952381
vt 0.000000 1.000000
vt 0.200000 1.000000
vt 0.400000 1.000000
vt 0.600000 1.000000
vt 0.800000 1.000000
vt 1.000000 1.000000
vt 0.000000 0.000000
vt 0.200000 0.000000
vt 0.400000 0.000000
vt 0.600000 0.000000
vt 0.800000 0.000000
vt 1.000000 0.000000
vt 0.000000 0.066667
vt 0.200000 0.066667
vt 0.400000 0.066667
vt 0.600000 0.066667
vt 0.800000 0.066667
vt 1.000000 0.066667
vt 0.000000 0.133333
vt 0.200000 0.133333
vt 0.400000 0.133333
vt 0.600000 0.133333
vt 0.800000 0.133333
vt 1.000000 0.133333
vt 0.000000 0.200000
vt 0.200000 0.200000
vt 0.400000 0.200000
vt 0.600000 0.200000
vt 0.800000 0.200000
vt 1.000000 0.200000
vt 0.000000 0.266667
vt 0.200000 0.266667
vt 0.400000 0.266667
vt 0.600000 0.266667
vt 0.800000 0.266667
vt 1.000000 0.266667
vt 0.000000 0.333333
vt 0.200000 0.333333
vt 0.400000 0.333333
vt 0.600000 0.333333
vt 0.800000 0.333333
vt 1.000000 0.333333
vt 0.000000 0.400000
vt 0.200000 0.400000
vt 0.400000 0.400000
vt 0.600000 0.400000
vt 0.800000 0.400000
vt 1.000000 0.400000
vt 0.000000 0.466667
vt 0.200000 0.466667
vt 0.400000 0.466667
vt 0.600000 0.466667
vt 0.800000 0.466667
vt 1.000000 0.466667
vt 0.000000 0.533333
vt 0.200000 0.533333
vt 0.400000 0.533333
vt 0.600000 0.533333
vt 0.800000 0.533333
vt 1.000000 0.533333
vt 0.000000 0.600000
vt 0.200000 0.600000
vt 0.400000 0.600000
vt 0.600000 0.600000
vt 0.800000 0.600000
vt 1.000000 0.600000
vt 0.000000 0.666667
vt 0.200000 0.666667
vt 0.400000 0.666667
vt 0.600000 0.666667
vt 0.800000 0.666667
vt 1.000000 0.666667
vt 0.000000 0.733333
vt 0.200000 0.733333
vt 0.400000 0.733333
vt 0.600000 0.733333
vt 0.800000 0.733333
vt 1.000000 0.733333
vt 0.000000 0.800000
vt 0.200000 0.800000
vt 0.400000 0.800000
vt 0.600000 0.800000
vt 0.800000 0.800000
vt 1.000000 0.800000
vt 0.000000 0.866667
vt 0.200000 0.866667
vt 0.400000 0.866667
vt 0.600000 0.866667
vt 0.800000 0.866667
vt 1.000000 0.866667
vt 0.000000 0.933333
vt 0.200000 0.933333
vt 0.400000 0.933333
vt 0.600000 0.933333
vt 0.800000 0.933333
vt 1.000000 0.933333
vt 0.000000 1.000000
vt 0.200000 1.000000
vt 0.400000 1.000000
vt 0.600000 1.000000
vt 0.800000 1.000000
vt 1.000000 1.000000
vt 0.000000 0.000000
vt 0.200000 0.000000
vt 0.400000 0.000000
vt 0.600000 0.000000
vt 0.800000 0.000000
vt 1.000000 0.000000
vt 0.000000 0.076923
vt 0.200000 0.076923
vt 0.400000 0.076923
vt 0.600000 0.076923
vt 0.800000 0.076923
vt 1.000000 0.076923
vt 0.000000 0.153846
vt 0.200000 0.153846
vt 0.400000 0.153846
vt 0.600000 0.153846
vt 0.800000 0.153846
vt 1.000000 0.153846
vt 0.000000 0.230769
vt 0.200000 0.230769
vt 0.400000 0.230769
vt 0.600000 0.230769
vt 0.800000 0.230769
vt 1.000000 0.230769
vt 0.000000 0.307692
vt 0.200000 0.307692
vt 0.400000 0.307692
vt 0.600000 0.307692
vt 0.800000 0.307692
vt 1.000000 0.307692
vt 0.000000 0.384615
vt 0.200000 0.384615
vt 0.400000 0.384615
vt 0.600000 0.384615
vt 0.800000 0.384615
vt 1.000000 0.384615
vt 0.000000 0.461538
vt 0.200000 0.461538
vt 0.400000 0.461538
vt 0.600000 0.461538
vt 0.800000 0.461538
vt 1.000000 0.461538
vt 0.000000 0.538462
vt 0.200000 0.538462
vt 0.400000 0.538462
vt 0.600000 0.538462
vt 0.800000 0.538462
vt 1.000000 0.538462
vt 0.000000 0.615385
vt 0.200000 0.615385
vt 0.400000 0.615385
vt 0.600000 0.615385
vt 0.800000 0.615385
vt 1.000000 0.615385
vt 0.000000 0.692308
vt 0.200000 0.692308
vt 0.400000 0.692308
vt 0.600000 0.692308
vt 0.800000 0.692308
vt 1.000000 0.692308
vt 0.000000 0.769231
vt 0.200000 0.769231
vt 0.400000 0.769231
vt 0.600000 0.769231
vt 0.800000 0.769231
vt 1.000000 0.769231
vt 0.000000 0.846154
vt 0.200000 0.846154
vt 0.400000 0.846154
vt 0.600000 0.846154
vt 0.800000 0.846154
vt 1.000000 0.846154
vt 0.000000 0.923077
vt 0.200000 0.923077
vt 0.400000 0.923077
vt 0.600000 0.923077
vt 0.800000 0.923077
vt 1.000000 0.923077
vt 0.000000 1.000000
vt 0.200000 1.000000
vt 0.400000 1.000000
vt 0.600000 1.000000
vt 0.800000 1.000000
vt 1.000000 1.000000
vt 0.000000 0.000000
vt 0.200000 0.000000
vt 0.400000 0.000000
vt 0.600000 0.000000
vt 0.800000 0.000000
vt 1.000000 0.000000
vt 0.000000 0.058824
vt 0.200000 0.058824
vt 0.400000 0.058824
vt 0.600000 0.058824
vt 0.800000 0.058824
vt 1.000000 0.058824
vt 0.000000 0.117647
vt 0.200000 0.117647
vt 0.400000 0.117647
vt 0.600000 0.117647
vt 0.800000 0.117647
vt 1.000000 0.117647
vt 0.000000 0.176471
vt 0.200000 0.176471
vt 0.400000 0.176471
vt 0.600000 0.176471
vt 0.800000 0.176471
vt 1.000000 0.176471
vt 0.000000 0.235294
vt 0.200000 0.235294
vt 0.400000 0.235294
vt 0.600000 0.235294
vt 0.800000 0.235294
vt 1.000000 0.235294
vt 0.000000 0.294118
vt 0.200000 0.294118
vt 0.400000 0.294118
vt 0.600000 0.294118
vt 0.800000 0.294118
vt 1.000000 0.294118
vt 0.000000 0.352941
vt 0.200000 0.352941
vt 0.400000 0.352941
vt 0.600000 0.352941
vt 0.800000 0.352941
vt 1.000000 0.352941
vt 0.000000 0.411765
vt 0.200000 0.411765
vt 0.400000 0.411765
vt 0.600000 0.411765
vt 0.800000 0.411765
vt 1.000000 0.411765
vt 0.000000 0.470588
vt 0.200000 0.470588
vt 0.400000 0.470588
vt 0.600000 0.470588
vt 0.800000 0.470588
vt 1.000000 0.470588
vt 0.000000 0.529412
vt 0.200000 0.529412
vt 0.400000 0.529412
vt 0.600000 0.529412
vt 0.800000 0.529412
vt 1.000000 0.529412
vt 0.000000 0.588235
vt 0.200000 0.588235
vt 0.400000 0.588235
vt 0.600000 0.588235
vt 0.800000 0.588235
vt 1.000000 0.588235
vt 0.000000 0.647059
vt 0.200000 0.647059
vt 0.400000 0.647059
vt 0.600000 0.647059
vt 0.800000 0.647059
vt 1.000000 0.647059
vt 0.000000 0.705882
vt 0.200000 0.705882
vt 0.400000 0.705882
vt 0.600000 0.705882
vt 0.800000 0.705882
vt 1.000000 0.705882
vt 0.000000 0.764706
vt 0.200000 0.764706
vt 0.400000 0.764706
vt 0.600000 0.764706
vt 0.800000 0.764706
vt 1.000000 0.764706
vt 0.000000 0.823529
vt 0.200000 0.823529
vt 0.400000 0.823529
vt 0.600000 0.823529
vt 0.800000 0.823529
vt 1.000000 0.823529
vt 0.000000 0.882353
vt 0.200000 0.882353
vt 0.400000 0.882353
vt 0.600000 0.882353
vt 0.800000 0.882353
vt 1.000000 0.882353
vt 0.000000 0.941176
vt 0.200000 0.941176
vt 0.400000 0.941176
vt 0.600000 0.941176
vt 0.800000 0.941176
vt 1.000000 0.941176
vt 0.000000 1.000000
vt 0.200000 1.000000
vt 0.400000 1.000000
vt 0.600000 1.000000
vt 0.800000 1.000000
vt 1.000000 1.000000
vt 0.000000 0.000000
vt 0.200000 0.000000
vt 0.400000 0.000000
vt 0.600000 0.000000
vt 0.800000 0.000000
vt 1.000000 0.000000
vt 0.000000 0.076923
vt 0.200000 0.076923
vt 0.400000 0.076923
vt 0.600000 0.076923
vt 0.800000 0.076923
vt 1.000000 0.076923
vt 0.000000 0.153846
vt 0.200000 0.153846
vt 0.400000 0.153846
vt 0.600000 0.153846
vt 0.800000 0.153846
vt 1.000000 0.153846
vt 0.000000 0.230769
vt 0.200000 0.230769
vt 0.400000 0.230769
vt 0.600000 0.230769
vt 0.800000 0.230769
vt 1.000000 0.230769
vt 0.000000 0.307692
vt 0.200000 0.307692
vt 0.400000 0.307692
vt 0.600000 0.307692
vt 0.800000 0.307692
vt 1.000000 0.307692
vt 0.000000 0.384615
vt 0.200000 0.384615
vt 0.400000 0.384615
vt 0.600000 0.384615
vt 0.800000 0.384615
vt 1.000000 0.384615
vt 0.000000 0.461538
vt 0.200000 0.461538
vt 0.400000 0.461538
vt 0.600000 0.461538
vt 0.800000 0.461538
vt 1.000000 0.461538
vt 0.000000 0.538462
vt 0.200000 0.538462
vt 0.400000 0.538462
vt 0.600000 0.538462
vt 0.800000 0.538462
vt 1.000000 0.538462
vt 0.000000 0.615385
vt 0.200000 0.615385
vt 0.400000 0.615385
vt 0.600000 0.615385
vt 0.800000 0.615385
vt 1.000000 0.615385
vt 0.000000 0.692308
vt 0.200000 0.692308
vt 0.400000 0.692308
vt 0.600000 0.692308
vt 0.800000 0.692308
vt 1.000000 0.692308
vt 0.000000 0.769231
vt 0.200000 0.769231
vt 0.400000 0.769231
vt 0.600000 0.769231
vt 0.800000 0.769231
vt 1.000000 0.769231
vt 0.000000 0.846154
vt 0.200000 0.846154
vt 0.400000 0.846154
vt 0.600000 0.846154
vt 0.800000 0.846154
vt 1.000000 0.846154
vt 0.000000 0.923077
vt 0.200000 0.923077
vt 0.400000 0.923077
vt 0.600000 0.923077
vt 0.800000 0.923077
vt 1.000000 0.923077
vt 0.000000 1.000000
vt 0.200000 1.000000
vt 0.400000 1.000000
vt 0.600000 1.000000
vt 0.800000 1.000000
vt 1.000000 1.000000
vt 0.000000 0.000000
vt 0.200000 0.000000
vt 0.400000 0.000000
vt 0.600000 0.000000
vt 0.800000 0.000000
vt 1.000000 0.000000
vt 0.000000 0.037037
vt 0.200000 0.037037
vt 0.400000 0.037037
vt 0.600000 0.037037
vt 0.800000 0.037037
vt 1.000000 0.037037
vt 0.000000 0.074074
vt 0.200000 0.074074
vt 0.400000 0.074074
vt 0.600000 0.074074
vt 0.800000 0.074074
vt 1.000000 0.074074
vt 0.000000 0.111111
vt 0.200000 0.111111
vt 0.400000 0.111111
vt 0.600000 0.111111
vt 0.800000 0.111111
vt 1.000000 0.111111
vt 0.000000 0.148148
vt 0.200000 0.148148
vt 0.400000 0.148148
vt 0.600000 0.148148
vt 0.800000 0.148148
vt 1.000000 0.148148
vt 0.000000 0.185185
vt 0.200000 0.185185
vt 0.400000 0.185185
vt 0.600000 0.185185
vt 0.800000 0.185185
vt 1.000000 0.185185
vt 0.000000 0.222222
vt 0.200000 0.222222
vt 0.400000 0.222222
vt 0.600000 0.222222
vt 0.800000 0.222222
vt 1.000000 0.222222
vt 0.000000 0.259259
vt 0.200000 0.259259
vt 0.400000 0.259259
vt 0.600000 0.259259
vt 0.800000 0.259259
vt 1.000000 0.259259
vt 0.000000 0.296296
vt 0.200000 0.296296
vt 0.400000 0.296296
vt 0.600000 0.296296
vt 0.800000 0.296296
vt 1.000000 0.296296
vt 0.000000 0.333333
vt 0.200000 0.333333
vt 0.400000 0.333333
vt 0.600000 0.333333
vt 0.800000 0.333333
vt 1.000000 0.333333
vt 0.000000 0.370370
vt 0.200000 0.370370
vt 0.400000 0.370370
vt 0.600000 0.370370
vt 0.800000 0.370370
vt 1.000000 0.370370
vt 0.000000 0.407407
vt 0.200000 0.407407
vt 0.400000 0.407407
vt 0.600000 0.407407
vt 0.800000 0.407407
vt 1.000000 0.407407
vt 0.000000 0.444444
vt 0.200000 0.444444
vt 0.400000 0.444444
vt 0.600000 0.444444
vt 0.800000 0.444444
vt 1.000000 0.444444
vt 0.000000 0.481481
vt 0.200000 0.481481
vt 0.400000 0.481481
vt 0.600000 0.481481
vt 0.800000 0.481481
vt 1.000000 0.481481
vt 0.000000 0.518519
vt 0.200000 0.518519
vt 0.400000 0.518519
vt 0.600000 0.518519
vt 0.800000 0.518519
vt 1.000000 0.518519
vt 0.000000 0.555556
vt 0.200000 0.555556
vt 0.400000 0.555556
vt 0.600000 0.555556
vt 0.800000 0.555556
vt 1.000000 0.555556
vt 0.000000 0.592593
vt 0.200000 0.592593
vt 0.400000 0.592593
vt 0.600000 0.592593
vt 0.800000 0.592593
vt 1.000000 0.592593
vt 0.000000 0.629630
vt 0.200000 0.629630
vt 0.400000 0.629630
vt 0.600000 0.629630
vt 0.800000 0.629630
vt 1.000000 0.629630
vt 0.000000 0.666667
vt 0.200000 0.666667
vt 0.400000 0.666667
vt 0.600000 0.666667
vt 0.800000 0.666667
vt 1.000000 0.666667
vt 0.000000 0.703704
vt 0.200000 0.703704
vt 0.400000 0.703704
vt 0.600000 0.703704
vt 0.800000 0.703704
vt 1.000000 0.703704
vt 0.000000 0.740741
vt 0.200000 0.740741
vt 0.400000 0.740741
vt 0.600000 0.740741
vt 0.800000 0.740741
vt 1.000000 0.740741
vt 0.000000 0.777778
vt 0.200000 0.777778
vt 0.400000 0.777778
vt 0.600000 0.777778
vt 0.800000 0.777778
vt 1.000000 0.777778
vt 0.000000 0.814815
vt 0.200000 0.814815
vt 0.400000 0.814815
vt 0.600000 0.814815
vt 0.800000 0.814815
vt 1.000000 0.814815
vt 0.000000 0.851852
vt 0.200000 0.851852
vt 0.400000 0.851852
vt 0.600000 0.851852
vt 0.800000 0.851852
vt 1.000000 0.851852
vt 0.000000 0.888889
vt 0.200000 0.888889
vt 0.400000 0.888889
vt 0.600000 0.888889
vt 0.800000 0.888889
vt 1.000000 0.888889
vt 0.000000 0.925926
vt 0.200000 0.925926
vt 0.400000 0.925926
vt 0.600000 0.925926
vt 0.800000 0.925926
vt 1.000000 0.925926
vt 0.000000 0.962963
vt 0.200000 0.962963
vt 0.400000 0.962963
vt 0.600000 0.962963
vt 0.800000 0.962963
vt 1.000000 0.962963
vt 0.000000 1.000000
vt 0.200000 1.000000
vt 0.400000 1.000000
vt 0.600000 1.000000
vt 0.800000 1.000000
vt 1.000000 1.000000
vt 0.000000 0.000000
vt 0.200000 0.000000
vt 0.400000 0.000000
vt 0.600000 0.000000
vt 0.800000 0.000000
vt 1.000000 0.000000
vt 0.000000 0.083333
vt 0.200000 0.083333
vt 0.400000 0.083333
vt 0.600000 0.083333
vt 0.800000 0.083333
vt 1.000000 0.083333
vt 0.000000 0.166667
vt 0.200000 0.166667
vt 0.400000 0.166667
vt 0.600000 0.166667
vt 0.800000 0.166667
vt 1.000000 0.166667
vt 0.000000 0.250000
vt 0.200000 0.250000
vt 0.400000 0.250000
vt 0.600000 0.250000
vt 0.800000 0.250000
vt 1.000000 0.250000
vt 0.000000 0.333333
vt 0.200000 0.333333
vt 0.400000 0.333333
vt 0.600000 0.333333
vt 0.800000 0.333333
vt 1.000000 0.333333
vt 0.000000 0.416667
vt 0.200000 0.416667
vt 0.400000 0.416667
vt 0.600000 0.416667
vt 0.800000 0.416667
vt 1.000000 0.416667
vt 0.000000 0.500000
vt 0.200000 0.500000
vt 0.400000 0.500000
vt 0.600000 0.500000
vt 0.800000 0.500000
vt 1.000000 0.500000
vt 0.000000 0.583333
vt 0.200000 0.583333
vt 0.400000 0.583333
vt 0.600000 0.583333
vt 0.800000 0.583333
vt 1.000000 0.583333
vt 0.000000 0.666667
vt 0.200000 0.666667
vt 0.400000 0.666667
vt 0.600000 0.666667
vt 0.800000 0.666667
vt 1.000000 0.666667
vt 0.000000 0.750000
vt 0.200000 0.750000
vt 0.400000 0.750000
vt 0.600000 0.750000
vt 0.800000 0.750000
vt 1.000000 0.750000
vt 0.000000 0.833333
vt 0.200000 0.833333
vt 0.400000 0.833333
vt 0.600000 0.833333
vt 0.800000 0.833333
vt 1.000000 0.833333
vt 0.000000 0.916667
vt 0.200000 0.916667
vt 0.400000 0.916667
vt 0.600000 0.916667
vt 0.800000 0.916667
vt 1.000000 0.916667
vt 0.000000 1.000000
vt 0.200000 1.000000
vt 0.400000 1.000000
vt 0.600000 1.000000
vt 0.800000 1.000000
vt 1.000000 1.000000
vt 0.000000 0.000000
vt 0.200000 0.000000
vt 0.400000 0.000000
vt 0.600000 0.000000
vt 0.800000 0.000000
vt 1.000000 0.000000
vt 0.000000 0.045455
vt 0.200000 0.045455
vt 0.400000 0.045455
vt 0.600000 0.045455
vt 0.800000 0.045455
vt 1.000000 0.045455
vt 0.000000 0.090909
vt 0.200000 0.090909
vt 0.400000 0.090909
vt 0.600000 0.090909
vt 0.800000 0.090909
vt 1.000000 0.090909
vt 0.000000 0.136364
vt 0.200000 0.136364
vt 0.400000 0.136364
vt 0.600000 0.136364
vt 0.800000 0.136364
vt 1.000000 0.136364
vt 0.000000 0.181818
vt 0.200000 0.181818
vt 0.400000 0.181818
vt 0.600000 0.181818
vt 0.800000 0.181818
vt 1.000000 0.181818
vt 0.000000 0.227273
vt 0.200000 0.227273
vt 0.400000 0.227273
vt 0.600000 0.227273
vt 0.800000 0.227273
vt 1.000000 0.227273
vt 0.000000 0.272727
vt 0.200000 0.272727
vt 0.400000 0.272727
vt 0.600000 0.272727
vt 0.800000 0.272727
vt 1.000000 0.272727
vt 0.000000 0.318182
vt 0.200000 0.318182
vt 0.400000 0.318182
vt 0.600000 0.318182
vt 0.800000 0.318182
vt 1.000000 0.318182
vt 0.000000 0.363636
vt 0.200000 0.363636
vt 0.400000 0.363636
vt 0.600000 0.363636
vt 0.800000 0.363636
vt 1.000000 0.363636
vt 0.000000 0.409091
vt 0.200000 0.409091
vt 0.400000 0.409091
vt 0.600000 0.409091
vt 0.800000 0.409091
vt 1.000000 0.409091
vt 0.000000 0.454545
vt 0.200000 0.454545
vt 0.400000 0.454545
vt 0.600000 0.454545
vt 0.800000 0.454545
vt 1.000000 0.454545
vt 0.000000 0.500000
vt 0.200000 0.500000
vt 0.400000 0.500000
vt 0.600000 0.500000
vt 0.800000 0.500000
vt 1.000000 0.500000
vt 0.000000 0.545455
vt 0.200000 0.545455
vt 0.400000 0.545455
vt 0.600000 0.545455
vt 0.800000 0.545455
vt 1.000000 0.545455
vt 0.000000 0.590909
vt 0.200000 0.590909
vt 0.400000 0.590909
vt 0.600000 0.590909
vt 0.800000 0.590909
vt 1.000000 0.590909
vt 0.000000 0.636364
vt 0.200000 0.636364
vt 0.400000 0.636364
vt 0.600000 0.636364
vt 0.800000 0.636364
vt 1.000000 0.636364
vt 0.000000 0.681818
vt 0.200000 0.681818
vt 0.400000 0.681818
vt 0.600000 0.681818
vt 0.800000 0.681818
vt 1.000000 0.681818
vt 0.000000 0.727273
vt 0.200000 0.727273
vt 0.400000 0.727273
vt 0.600000 0.727273
vt 0.800000 0.727273
vt 1.000000 0.727273
vt 0.000000 0.772727
vt 0.200000 0.772727
vt 0.400000 0.772727
vt 0.600000 0.772727
vt 0.800000 0.772727
vt 1.000000 0.772727
vt 0.000000 0.818182
vt 0.200000 0.818182
vt 0.400000 0.818182
vt 0.600000 0.818182
vt 0.800000 0.818182
vt 1.000000 0.818182
vt 0.000000 0.863636
vt 0.200000 0.863636
vt 0.400000 0.863636
vt 0.600000 0.863636
vt 0.800000 0.863636
vt 1.000000 0.863636
vt 0.000000 0.909091
vt 0.200000 0.909091
vt 0.400000 0.909091
vt 0.600000 0.909091
vt 0.800000 0.909091
vt 1.000000 0.909091
vt 0.000000 0.954545
vt 0.200000 0.954545
vt 0.400000 0.954545
vt 0.600000 0.954545
vt 0.800000 0.954545
vt 1.000000 0.954545
vt 0.000000 1.000000
vt 0.200000 1.000000
vt 0.400000 1.000000
vt 0.600000 1.000000
vt 0.800000 1.000000
vt 1.000000 1.000000
vt 0.000000 0.000000
vt 0.200000 0.000000
vt 0.400000 0.000000
vt 0.600000 0.000000
vt 0.800000 0.000000
vt 1.000000 0.000000
vt 0.000000 0.090909
vt 0.200000 0.090909
vt 0.400000 0.090909
vt 0.600000 0.090909
vt 0.800000 0.090909
vt 1.000000 0.090909
vt 0.000000 0.181818
vt 0.200000 0.181818
vt 0.400000 0.181818
vt 0.600000 0.181818
vt 0.800000 0.181818
vt 1.000000 0.181818
vt 0.000000 0.272727
vt 0.200000 0.272727
vt 0.400000 0.272727
vt 0.600000 0.272727
vt 0.800000 0.272727
vt 1.000000 0.272727
vt 0.000000 0.363636
vt 0.200000 0.363636
vt 0.400000 0.363636
vt 0.600000 0.363636
vt 0.800000 0.363636
vt 1.000000 0.363636
vt 0.000000 0.454545
vt 0.200000 0.454545
vt 0.400000 0.454545
vt 0.600000 0.454545
vt 0.800000 0.454545
vt 1.000000 0.454545
vt 0.000000 0.545455
vt 0.200000 0.545455
vt 0.400000 0.545455
vt 0.600000 0.545455
vt 0.800000 0.545455
vt 1.000000 0.545455
vt 0.000000 0.636364
vt 0.200000 0.636364
vt 0.400000 0.636364
vt 0.600000 0.636364
vt 0.800000 0.636364
vt 1.000000 0.636364
vt 0.000000 0.727273
vt 0.200000 0.727273
vt 0.400000 0.727273
vt 0.600000 0.727273
vt 0.800000 0.727273
vt 1.000000 0.727273
vt 0.000000 0.818182
vt 0.200000 0.818182
vt 0.400000 0.818182
vt 0.600000 0.818182
vt 0.800000 0.818182
vt 1.000000 0.818182
vt 0.000000 0.909091
vt 0.200000 0.909091
vt 0.400000 0.909091
vt 0.600000 0.909091
vt 0.800000 0.909091
vt 1.000000 0.909091
vt 0.000000 1.000000
vt 0.200000 1.000000
vt 0.400000 1.000000
vt 0.600000 1.000000
vt 0.800000 1.000000
vt 1.000000 1.000000
vt 0.000000 0.000000
vt 0.200000 0.000000
vt 0.400000 0.000000
vt 0.600000 0.000000
vt 0.800000 0.000000
vt 1.000000 0.000000
vt 0.000000 0.055556
vt 0.200000 0.055556
vt 0.400000 0.055556
vt 0.600000 0.055556
vt 0.800000 0.055556
vt 1.000000 0.055556
vt 0.000000 0.111111
vt 0.200000 0.111111
vt 0.400000 0.111111
vt 0.600000 0.111111
vt 0.800000 0.111111
vt 1.000000 0.111111
vt 0.000000 0.166667
vt 0.200000 0.166667
vt 0.400000 0.166667
vt 0.600000 0.166667
vt 0.800000 0.166667
vt 1.000000 0.166667
vt 0.000000 0.222222
vt 0.200000 0.222222
vt 0.400000 0.222222
vt 0.600000 0.222222
vt 0.800000 0.222222
vt 1.000000 0.222222
vt 0.000000 0.277778
vt 0.200000 0.277778
vt 0.400000 0.277778
vt 0.600000 0.277778
vt 0.800000 0.277778
vt 1.000000 0.277778
vt 0.000000 0.333333
vt 0.200000 0.333333
vt 0.400000 0.333333
vt 0.600000 0.333333
vt 0.800000 0.333333
vt 1.000000 0.333333
vt 0.000000 0.388889
vt 0.200000 0.388889
vt 0.400000 0.388889
vt 0.600000 0.388889
vt 0.800000 0.388889
vt 1.000000 0.388889
vt 0.000000 0.444444
vt 0.200000 0.444444
vt 0.400000 0.444444
vt 0.600000 0.444444
vt 0.800000 0.444444
vt 1.000000 0.444444
vt 0.000000 0.500000
vt 0.200000 0.500000
vt 0.400000 0.500000
vt 0.600000 0.500000
vt 0.800000 0.500000
vt 1.000000 0.500000
vt 0.000000 0.555556
vt 0.200000 0.555556
vt 0.400000 0.555556
vt 0.600000 0.555556
vt 0.800000 0.555556
vt 1.000000 0.555556
vt 0.000000 0.611111
vt 0.200000 0.611111
vt 0.400000 0.611111
vt 0.600000 0.611111
vt 0.800000 0.611111
vt 1.000000 0.611111
vt 0.000000 0.666667
vt 0.200000 0.666667
vt 0.400000 0.666667
vt 0.600000 0.666667
vt 0.800000 0.666667
vt 1.000000 0.666667
vt 0.000000 0.722222
vt 0.200000 0.722222
vt 0.400000 0.722222
vt 0.600000 0.722222
vt 0.800000 0.722222
vt 1.000000 0.722222
vt 0.000000 0.777778
vt 0.200000 0.777778
vt 0.400000 0.777778
vt 0.600000 0.777778
vt 0.800000 0.777778
vt 1.000000 0.777778
vt 0.000000 0.833333
vt 0.200000 0.833333
vt 0.400000 0.833333
vt 0.600000 0.833333
vt 0.800000 0.833333
vt 1.000000 0.833333
vt 0.000000 0.888889
vt 0.200000 0.888889
vt 0.400000 0.888889
vt 0.600000 0.888889
vt 0.800000 0.888889
vt 1.000000 0.888889
vt 0.000000 0.944444
vt 0.200000 0.944444
vt 0.400000 0.944444
vt 0.600000 0.944444
vt 0.800000 0.944444
vt 1.000000 0.944444
vt 0.000000 1.000000
vt 0.200000 1.000000
vt 0.400000 1.000000
vt 0.600000 1.000000
vt 0.800000 1.000000
vt 1.000000 1.000000
vt 0.000000 0.000000
vt 0.200000 0.000000
vt 0.400000 0.000000
vt 0.600000 0.000000
vt 0.800000 0.000000
vt 1.000000 0.000000
vt 0.000000 0.066667
vt 0.200000 0.066667
vt 0.400000 0.066667
vt 0.600000 0.066667
vt 0.800000 0.066667
vt 1.000000 0.066667
vt 0.000000 0.133333
vt 0.200000 0.133333
vt 0.400000 0.133333
vt 0.600000 0.133333
vt 0.800000 0.133333
vt 1.000000 0.133333
vt 0.000000 0.200000
vt 0.200000 0.200000
vt 0.400000 0.200000
vt 0.600000 0.200000
vt 0.800000 0.200000
vt 1.000000 0.200000
vt 0.000000 0.266667
vt 0.200000 0.266667
vt 0.400000 0.266667
vt 0.600000 0.266667
vt 0.800000 0.266667
vt 1.000000 0.266667
vt 0.000000 0.333333
vt 0.200000 0.333333
vt 0.400000 0.333333
vt 0.600000 0.333333
vt 0.800000 0.333333
vt 1.000000 0.333333
vt 0.000000 0.400000
vt 0.200000 0.400000
vt 0.400000 0.400000
vt 0.600000 0.400000
vt 0.800000 0.400000
vt 1.000000 0.400000
vt 0.000000 0.466667
vt 0.200000 0.466667
vt 0.400000 0.466667
vt 0.600000 0.466667
vt 0.800000 0.466667
vt 1.000000 0.466667
vt 0.000000 0.533333
vt 0.200000 0.533333
vt 0.400000 0.533333
vt 0.600000 0.533333
vt 0.800000 0.533333
vt 1.000000 0.533333
vt 0.000000 0.600000
vt 0.200000 0.600000
vt 0.400000 0.600000
vt 0.600000 0.600000
vt 0.800000 0.600000
vt 1.000000 0.600000
vt 0.000000 0.666667
vt 0.200000 0.666667
vt 0.400000 0.666667
vt 0.600000 0.666667
vt 0.800000 0.666667
vt 1.000000 0.666667
vt 0.000000 0.733333
vt 0.200000 0.733333
vt 0.400000 0.733333
vt 0.600000 0.733333
vt 0.800000 0.733333
vt 1.000000 0.733333
vt 0.000000 0.800000
vt 0.200000 0.800000
vt 0.400000 0.800000
vt 0.600000 0.800000
vt 0.800000 0.800000
vt 1.000000 0.800000
vt 0.000000 0.866667
vt 0.200000 0.866667
vt 0.400000 0.866667
vt 0.600000 0.866667
vt 0.800000 0.866667
vt 1.000000 0.866667
vt 0.000000 0.933333
vt 0.200000 0.933333
vt 0.400000 0.933333
vt 0.600000 0.933333
vt 0.800000 0.933333
vt 1.000000 0.933333
vt 0.000000 1.000000
vt 0.200000 1.000000
vt 0.400000 1.000000
vt 0.600000 1.000000
vt 0.800000 1.000000
vt 1.000000 1.000000
vt 0.000000 0.000000
vt 0.200000 0.000000
vt 0.400000 0.000000
vt 0.600000 0.000000
vt 0.800000 0.000000
vt 1.000000 0.000000
vt 0.000000 0.076923
vt 0.200000 0.076923
vt 0.400000 0.076923
vt 0.600000 0.076923
vt 0.800000 0.076923
vt 1.000000 0.076923
vt 0.000000 0.153846
vt 0.200000 0.153846
vt 0.400000 0.153846
vt 0.600000 0.153846
vt 0.800000 0.153846
vt 1.000000 0.153846
vt 0.000000 0.230769
vt 0.200000 0.230769
vt 0.400000 0.230769
vt 0.600000 0.230769
vt 0.800000 0.230769
vt 1.000000 0.230769
vt 0.000000 0.307692
vt 0.200000 0.307692
vt 0.400000 0.307692
vt 0.600000 0.307692
vt 0.800000 0.307692
vt 1.000000 0.307692
vt 0.000000 0.384615
vt 0.200000 0.384615
vt 0.400000 0.384615
vt 0.600000 0.384615
vt 0.800000 0.384615
vt 1.000000 0.384615
vt 0.000000 0.461538
vt 0.200000 0.461538
vt 0.400000 0.461538
vt 0.600000 0.461538
vt 0.800000 0.461538
vt 1.000000 0.461538
vt 0.000000 0.538462
vt 0.200000 0.538462
vt 0.400000 0.538462
vt 0.600000 0.538462
vt 0.800000 0.538462
vt 1.000000 0.538462
vt 0.000000 0.615385
vt 0.200000 0.615385
vt 0.400000 0.615385
vt 0.600000 0.615385
vt 0.800000 0.615385
vt 1.000000 0.615385
vt 0.000000 0.692308
vt 0.200000 0.692308
vt 0.400000 0.692308
vt 0.600000 0.692308
vt 0.800000 0.692308
vt 1.000000 0.692308
vt 0.000000 0.769231
vt 0.200000 0.769231
vt 0.400000 0.769231
vt 0.600000 0.769231
vt 0.800000 0.769231
vt 1.000000 0.769231
vt 0.000000 0.846154
vt 0.200000 0.846154
vt 0.400000 0.846154
vt 0.600000 0.846154
vt 0.800000 0.846154
vt 1.000000 0.846154
vt 0.000000 0.923077
vt 0.200000 0.923077
vt 0.400000 0.923077
vt 0.600000 0.923077
vt 0.800000 0.923077
vt 1.000000 0.923077
vt 0.000000 1.000000
vt 0.200000 1.000000
vt 0.400000 1.000000
vt 0.600000 1.000000
vt 0.800000 1.000000
vt 1.000000 1.000000
vt 0.000000 0.000000
vt 0.200000 0.000000
vt 0.400000 0.000000
vt 0.600000 0.000000
vt 0.800000 0.000000
vt 1.000000 0.000000
vt 0.000000 0.111111
vt 0.200000 0.111111
vt 0.400000 0.111111
vt 0.600000 0.111111
vt 0.800000 0.111111
vt 1.000000 0.111111
vt 0.000000 0.222222
vt 0.200000 0.222222
vt 0.400000 0.222222
vt 0.600000 0.222222
vt 0.800000 0.222222
vt 1.000000 0.222222
vt 0.000000 0.333333
vt 0.200000 0.333333
vt 0.400000 0.333333
vt 0.600000 0.333333
vt 0.800000 0.333333
vt 1.000000 0.333333
vt 0.000000 0.444444
vt 0.200000 0.444444
vt 0.400000 0.444444
vt 0.600000 0.444444
vt 0.800000 0.444444
vt 1.000000 0.444444
vt 0.000000 0.555556
vt 0.200000 0.555556
vt 0.400000 0.555556
vt 0.600000 0.555556
vt 0.800000 0.555556
vt 1.000000 0.555556
vt 0.000000 0.666667
vt 0.200000 0.666667
vt 0.400000 0.666667
vt 0.600000 0.666667
vt 0.800000 0.666667
vt 1.000000 0.666667
vt 0.000000 0.777778
vt 0.200000 0.777778
vt 0.400000 0.777778
vt 0.600000 0.777778
vt 0.800000 0.777778
vt 1.000000 0.777778
vt 0.000000 0.888889
vt 0.200000 0.888889
vt 0.400000 0.888889
vt 0.600000 0.888889
vt 0.800000 0.888889
vt 1.000000 0.888889
vt 0.000000 1.000000
vt 0.200000 1.000000
vt 0.400000 1.000000
vt 0.600000 1.000000
vt 0.800000 1.000000
vt 1.000000 1.000000
vt 0.000000 0.000000
vt 0.200000 0.000000
vt 0.400000 0.000000
vt 0.600000 0.000000
vt 0.800000 0.000000
vt 1.000000 0.000000
vt 0.000000 0.058824
vt 0.200000 0.058824
vt 0.400000 0.058824
vt 0.600000 0.058824
vt 0.800000 0.058824
vt 1.000000 0.058824
vt 0.000000 0.117647
vt 0.200000 0.117647
vt 0.400000 0.117647
vt 0.600000 0.117647
vt 0.800000 0.117647
vt 1.000000 0.117647
vt 0.000000 0.176471
vt 0.200000 0.176471
vt 0.400000 0.176471
vt 0.600000 0.176471
vt 0.800000 0.176471
vt 1.000000 0.176471
vt 0.000000 0.235294
vt 0.200000 0.235294
vt 0.400000 0.235294
vt 0.600000 0.235294
vt 0.800000 0.235294
vt 1.000000 0.235294
vt 0.000000 0.294118
vt 0.200000 0.294118
vt 0.400000 0.294118
vt 0.600000 0.294118
vt 0.800000 0.294118
vt 1.000000 0.294118
vt 0.000000 0.352941
vt 0.200000 0.352941
vt 0.400000 0.352941
vt 0.600000 0.352941
vt 0.800000 0.352941
vt 1.000000 0.352941
vt 0.000000 0.411765
vt 0.200000 0.411765
vt 0.400000 0.411765
vt 0.600000 0.411765
vt 0.800000 0.411765
vt 1.000000 0.411765
vt 0.000000 0.470588
vt 0.200000 0.470588
vt 0.400000 0.470588
vt 0.600000 0.470588
vt 0.800000 0.470588
vt 1.000000 0.470588
vt 0.000000 0.529412
vt 0.200000 0.529412
vt 0.400000 0.529412
vt 0.600000 0.529412
vt 0.800000 0.529412
vt 1.000000 0.529412
vt 0.000000 0.588235
vt 0.200000 0.588235
vt 0.400000 0.588235
vt 0.600000 0.588235
vt 0.800000 0.588235
vt 1.000000 0.588235
vt 0.000000 0.647059
vt 0.200000 0.647059
vt 0.400000 0.647059
vt 0.600000 0.647059
vt 0.800000 0.647059
vt 1.000000 0.647059
vt 0.000000 0.705882
vt 0.200000 0.705882
vt 0.400000 0.705882
vt 0.600000 0.705882
vt 0.800000 0.705882
vt 1.000000 0.705882
vt 0.000000 0.764706
vt 0.200000 0.764706
vt 0.400000 0.764706
vt 0.600000 0.764706
vt 0.800000 0.764706
vt 1.000000 0.764706
vt 0.000000 0.823529
vt 0.200000 0.823529
vt 0.400000 0.823529
vt 0.600000 0.823529
vt 0.800000 0.823529
vt 1.000000 0.823529
vt 0.000000 0.882353
vt 0.200000 0.882353
vt 0.400000 0.882353
vt 0.600000 0.882353
vt 0.800000 0.882353
vt 1.000000 0.882353
vt 0.000000 0.941176
vt 0.200000 0.941176
vt 0.400000 0.941176
vt 0.600000 0.941176
vt 0.800000 0.941176
vt 1.000000 0.941176
vt 0.000000 1.000000
vt 0.200000 1.000000
vt 0.400000 1.000000
vt 0.600000 1.000000
vt 0.800000 1.000000
vt 1.000000 1.000000
vt 0.000000 0.000000
vt 0.200000 0.000000
vt 0.400000 0.000000
vt 0.600000 0.000000
vt 0.800000 0.000000
vt 1.000000 0.000000
vt 0.000000 0.066667
vt 0.200000 0.066667
vt 0.400000 0.066667
vt 0.600000 0.066667
vt 0.800000 0.066667
vt 1.000000 0.066667
vt 0.000000 0.133333
vt 0.200000 0.133333
vt 0.400000 0.133333
vt 0.600000 0.133333
vt 0.800000 0.133333
vt 1.000000 0.133333
vt 0.000000 0.200000
vt 0.200000 0.200000
vt 0.400000 0.200000
vt 0.600000 0.200000
vt 0.800000 0.200000
vt 1.000000 0.200000
vt 0.000000 0.266667
vt 0.200000 0.266667
vt 0.400000 0.266667
vt 0.600000 0.266667
vt 0.800000 0.266667
vt 1.000000 0.266667
vt 0.000000 0.333333
vt 0.200000 0.333333
vt 0.400000 0.333333
vt 0.600000 0.333333
vt 0.800000 0.333333
vt 1.000000 0.333333
vt 0.000000 0.400000
vt 0.200000 0.400000
vt 0.400000 0.400000
vt 0.600000 0.400000
vt 0.800000 0.400000
vt 1.000000 0.400000
vt 0.000000 0.466667
vt 0.200000 0.466667
vt 0.400000 0.466667
vt 0.600000 0.466667
vt 0.800000 0.466667
vt 1.000000 0.466667
vt 0.000000 0.533333
vt 0.200000 0.533333
vt 0.400000 0.533333
vt 0.600000 0.533333
vt 0.800000 0.533333
vt 1.000000 0.533333
vt 0.000000 0.600000
vt 0.200000 0.600000
vt 0.400000 0.600000
vt 0.600000 0.600000
vt 0.800000 0.600000
vt 1.000000 0.600000
vt 0.000000 0.666667
vt 0.200000 0.666667
vt 0.400000 0.666667
vt 0.600000 0.666667
vt 0.800000 0.666667
vt 1.000000 0.666667
vt 0.000000 0.733333
vt 0.200000 0.733333
vt 0.400000 0.733333
vt 0.600000 0.733333
vt 0.800000 0.733333
vt 1.000000 0.733333
vt 0.000000 0.800000
vt 0.200000 0.800000
vt 0.400000 0.800000
vt 0.600000 0.800000
vt 0.800000 0.800000
vt 1.000000 0.800000
vt 0.000000 0.866667
vt 0.200000 0.866667
vt 0.400000 0.866667
vt 0.600000 0.866667
vt 0.800000 0.866667
vt 1.000000 0.866667
vt 0.000000 0.933333
vt 0.200000 0.933333
vt 0.400000 0.933333
vt 0.600000 0.933333
vt 0.800000 0.933333
vt 1.000000 0.933333
vt 0.000000 1.000000
vt 0.200000 1.000000
vt 0.400000 1.000000
vt 0.600000 1.000000
vt 0.800000 1.000000
vt 1.000000 1.000000
vt 0.000000 0.000000
vt 0.200000 0.000000
vt 0.400000 0.000000
vt 0.600000 0.000000
vt 0.800000 0.000000
vt 1.000000 0.000000
vt 0.000000 0.111111
vt 0.200000 0.111111
vt 0.400000 0.111111
vt 0.600000 0.111111
vt 0.800000 0.111111
vt 1.000000 0.111111
vt 0.000000 0.222222
vt 0.200000 0.222222
vt 0.400000 0.222222
vt 0.600000 0.222222
vt 0.800000 0.222222
vt 1.000000 0.222222
vt 0.000000 0.333333
vt 0.200000 0.333333
vt 0.400000 0.333333
vt 0.600000 0.333333
vt 0.800000 0.333333
vt 1.000000 0.333333
vt 0.000000 0.444444
vt 0.200000 0.444444
vt 0.400000 0.444444
vt 0.600000 0.444444
vt 0.800000 0.444444
vt 1.000000 0.444444
vt 0.000000 0.555556
vt 0.200000 0.555556
vt 0.400000 0.555556
vt 0.600000 0.555556
vt 0.800000 0.555556
vt 1.000000 0.555556
vt 0.000000 0.666667
vt 0.200000 0.666667
vt 0.400000 0.666667
vt 0.600000 0.666667
vt 0.800000 0.666667
vt 1.000000 0.666667
vt 0.000000 0.777778
vt 0.200000 0.777778
vt 0.400000 0.777778
vt 0.600000 0.777778
vt 0.800000 0.777778
vt 1.000000 0.777778
vt 0.000000 0.888889
vt 0.200000 0.888889
vt 0.400000 0.888889
vt 0.600000 0.888889
vt 0.800000 0.888889
vt 1.000000 0.888889
vt 0.000000 1.000000
vt 0.200000 1.000000
vt 0.400000 1.000000
vt 0.600000 1.000000
vt 0.800000 1.000000
vt 1.000000 1.000000
vt 0.000000 0.000000
vt 0.200000 0.000000
vt 0.400000 0.000000
vt 0.600000 0.000000
vt 0.800000 0.000000
vt 1.000000 0.000000
vt 0.000000 0.100000
vt 0.200000 0.100000
vt 0.400000 0.100000
vt 0.600000 0.100000
vt 0.800000 0.100000
vt 1.000000 0.100000
vt 0.000000 0.200000
vt 0.200000 0.200000
vt 0.400000 0.200000
vt 0.600000 0.200000
vt 0.800000 0.200000
vt 1.000000 0.200000
vt 0.000000 0.300000
vt 0.200000 0.300000
vt 0.400000 0.300000
vt 0.600000 0.300000
vt 0.800000 0.300000
vt 1.000000 0.300000
vt 0.000000 0.400000
vt 0.200000 0.400000
vt 0.400000 0.400000
vt 0.600000 0.400000
vt 0.800000 0.400000
vt 1.000000 0.400000
vt 0.000000 0.500000
vt 0.200000 0.500000
vt 0.400000 0.500000
vt 0.600000 0.500000
vt 0.800000 0.500000
vt 1.000000 0.500000
vt 0.000000 0.600000
vt 0.200000 0.600000
vt 0.400000 0.600000
vt 0.600000 0.600000
vt 0.800000 0.600000
vt 1.000000 0.600000
vt 0.000000 0.700000
vt 0.200000 0.700000
vt 0.400000 0.700000
vt 0.600000 0.700000
vt 0.800000 0.700000
vt 1.000000 0.700000
vt 0.000000 0.800000
vt 0.200000 0.800000
vt 0.400000 0.800000
vt 0.600000 0.800000
vt 0.800000 0.800000
vt 1.000000 0.800000
vt 0.000000 0.900000
vt 0.200000 0.900000
vt 0.400000 0.900000
vt 0.600000 0.900000
vt 0.800000 0.900000
vt 1.000000 0.900000
vt 0.000000 1.000000
vt 0.200000 1.000000
vt 0.400000 1.000000
vt 0.600000 1.000000
vt 0.800000 1.000000
vt 1.000000 1.000000
vt 0.000000 0.000000
vt 0.200000 0.000000
vt 0.400000 0.000000
vt 0.600000 0.000000
vt 0.800000 0.000000
vt 1.000000 0.000000
vt 0.000000 0.090909
vt 0.200000 0.090909
vt 0.400000 0.090909
vt 0.600000 0.090909
vt 0.800000 0.090909
vt 1.000000 0.090909
vt 0.000000 0.181818
vt 0.200000 0.181818
vt 0.400000 0.181818
vt 0.600000 0.181818
vt 0.800000 0.181818
vt 1.000000 0.181818
vt 0.000000 0.272727
vt 0.200000 0.272727
vt 0.400000 0.272727
vt 0.600000 0.272727
vt 0.800000 0.272727
vt 1.000000 0.272727
vt 0.000000 0.363636
vt 0.200000 0.363636
vt 0.400000 0.363636
vt 0.600000 0.363636
vt 0.800000 0.363636
vt 1.000000 0.363636
vt 0.000000 0.454545
vt 0.200000 0.454545
vt 0.400000 0.454545
vt 0.600000 0.454545
vt 0.800000 0.454545
vt 1.000000 0.454545
vt 0.000000 0.545455
vt 0.200000 0.545455
vt 0.400000 0.545455
vt 0.600000 0.545455
vt 0.800000 0.545455
vt 1.000000 0.545455
vt 0.000000 0.636364
vt 0.200000 0.636364
vt 0.400000 0.636364
vt 0.600000 0.636364
vt 0.800000 0.636364
vt 1.000000 0.636364
vt 0.000000 0.727273
vt 0.200000 0.727273
vt 0.400000 0.727273
vt 0.600000 0.727273
vt 0.800000 0.727273
vt 1.000000 0.727273
vt 0.000000 0.818182
vt 0.200000 0.818182
vt 0.400000 0.818182
vt 0.600000 0.818182
vt 0.800000 0.818182
vt 1.000000 0.818182
vt 0.000000 0.909091
vt 0.200000 0.909091
vt 0.400000 0.909091
vt 0.600000 0.909091
vt 0.800000 0.909091
vt 1.000000 0.909091
vt 0.000000 1.000000
vt 0.200000 1.000000
vt 0.400000 1.000000
vt 0.600000 1.000000
vt 0.800000 1.000000
vt 1.000000 1.000000
vt 0.000000 0.000000
vt 0.200000 0.000000
vt 0.400000 0.000000
vt 0.600000 0.000000
vt 0.800000 0.000000
vt 1.000000 0.000000
vt 0.000000 0.058824
vt 0.200000 0.058824
vt 0.400000 0.058824
vt 0.600000 0.058824
vt 0.800000 0.058824
vt 1.000000 0.058824
vt 0.000000 0.117647
vt 0.200000 0.117647
vt 0.400000 0.117647
vt 0.600000 0.117647
vt 0.800000 0.117647
vt 1.000000 0.117647
vt 0.000000 0.176471
vt 0.200000 0.176471
vt 0.400000 0.176471
vt 0.600000 0.176471
vt 0.800000 0.176471
vt 1.000000 0.176471
vt 0.000000 0.235294
vt 0.200000 0.235294
vt 0.400000 0.235294
vt 0.600000 0.235294
vt 0.800000 0.235294
vt 1.000000 0.235294
vt 0.000000 0.294118
vt 0.200000 0.294118
vt 0.400000 0.294118
vt 0.600000 0.294118
vt 0.800000 0.294118
vt 1.000000 0.294118
vt 0.000000 0.352941
vt 0.200000 0.352941
vt 0.400000 0.352941
vt 0.600000 0.352941
vt 0.800000 0.352941
vt 1.000000 0.352941
vt 0.000000 0.411765
vt 0.200000 0.411765
vt 0.400000 0.411765
vt 0.600000 0.411765
vt 0.800000 0.411765
vt 1.000000 0.411765
vt 0.000000 0.470588
vt 0.200000 0.470588
vt 0.400000 0.470588
vt 0.600000 0.470588
vt 0.800000 0.470588
vt 1.000000 0.470588
vt 0.000000 0.529412
vt 0.200000 0.529412
vt 0.400000 0.529412
vt 0.600000 0.529412
vt 0.800000 0.529412
vt 1.000000 0.529412
vt 0.000000 0.588235
vt 0.200000 0.588235
vt 0.400000 0.588235
vt 0.600000 0.588235
vt 0.800000 0.588235
vt 1.000000 0.588235
vt 0.000000 0.647059
vt 0.200000 0.647059
vt 0.400000 0.647059
vt 0.600000 0.647059
vt 0.800000 0.647059
vt 1.000000 0.647059
vt 0.000000 0.705882
vt 0.200000 0.705882
vt 0.400000 0.705882
vt 0.600000 0.705882
vt 0.800000 0.705882
vt 1.000000 0.705882
vt 0.000000 0.764706
vt 0.200000 0.764706
vt 0.400000 0.764706
vt 0.600000 0.764706
vt 0.800000 0.764706
vt 1.000000 0.764706
vt 0.000000 0.823529
vt 0.200000 0.823529
vt 0.400000 0.823529
vt 0.600000 0.823529
vt 0.800000 0.823529
vt 1.000000 0.823529
vt 0.000000 0.882353
vt 0.200000 0.882353
vt 0.400000 0.882353
vt 0.600000 0.882353
vt 0.800000 0.882353
vt 1.000000 0.882353
vt 0.000000 0.941176
vt 0.200000 0.941176
vt 0.400000 0.941176
vt 0.600000 0.941176
vt 0.800000 0.941176
vt 1.000000 0.941176
vt 0.000000 1.000000
vt 0.200000 1.000000
vt 0.400000 1.000000
vt 0.600000 1.000000
vt 0.800000 1.000000
vt 1.000000 1.000000
vt 0.000000 0.000000
vt 0.200000 0.000000
vt 0.400000 0.000000
vt 0.600000 0.000000
vt 0.800000 0.000000
vt 1.000000 0.000000
vt 0.000000 0.125000
vt 0.200000 0.125000
vt 0.400000 0.125000
vt 0.600000 0.125000
vt 0.800000 0.125000
vt 1.000000 0.125000
vt 0.000000 0.250000
vt 0.200000 0.250000
vt 0.400000 0.250000
vt 0.600000 0.250000
vt 0.800000 0.250000
vt 1.000000 0.250000
vt 0.000000 0.375000
vt 0.200000 0.375000
vt 0.400000 0.375000
vt 0.600000 0.375000
vt 0.800000 0.375000
vt 1.000000 0.375000
vt 0.000000 0.500000
vt 0.200000 0.500000
vt 0.400000 0.500000
vt 0.600000 0.500000
vt 0.800000 0.500000
vt 1.000000 0.500000
vt 0.000000 0.625000
vt 0.200000 0.625000
vt 0.400000 0.625000
vt 0.600000 0.625000
vt 0.800000 0.625000
vt 1.000000 0.625000
vt 0.000000 0.750000
vt 0.200000 0.750000
vt 0.400000 0.750000
vt 0.600000 0.750000
vt 0.800000 0.750000
vt 1.000000 0.750000
vt 0.000000 0.875000
vt 0.200000 0.875000
vt 0.400000 0.875000
vt 0.600000 0.875000
vt 0.800000 0.875000
vt 1.000000 0.875000
vt 0.000000 1.000000
vt 0.200000 1.000000
vt 0.400000 1.000000
vt 0.600000 1.000000
vt 0.800000 1.000000
vt 1.000000 1.000000
vt 0.000000 0.000000
vt 0.200000 0.000000
vt 0.400000 0.000000
vt 0.600000 0.000000
vt 0.800000 0.000000
vt 1.000000 0.000000
vt 0.000000 0.166667
vt 0.200000 0.166667
vt 0.400000 0.166667
vt 0.600000 0.166667
vt 0.800000 0.166667
vt 1.000000 0.166667
vt 0.000000 0.333333
vt 0.200000 0.333333
vt 0.400000 0.333333
vt 0.600000 0.333333
vt 0.800000 0.333333
vt 1.000000 0.333333
vt 0.000000 0.500000
vt 0.200000 0.500000
vt 0.400000 0.500000
vt 0.600000 0.500000
vt 0.800000 0.500000
vt 1.000000 0.500000
vt 0.000000 0.666667
vt 0.200000 0.666667
vt 0.400000 0.666667
vt 0.600000 0.666667
vt 0.800000 0.666667
vt 1.000000 0.666667
vt 0.000000 0.833333
vt 0.200000 0.833333
vt 0.400000 0.833333
vt 0.600000 0.833333
vt 0.800000 0.833333
vt 1.000000 0.833333
vt 0.000000 1.000000
vt 0.200000 1.000000
vt 0.400000 1.000000
vt 0.600000 1.000000
vt 0.800000 1.000000
vt 1.000000 1.000000
f 129/129 5/5 4/4 128/128
f 128/128 4/4 2/2 130/130
f 130/130 2/2 3/3 131/131
f 129/129 9/9 14/14 132/132
f 30/30 70/70 69/69 28/28
f 131/131 3/3 10/10 135/135
f 9/9 129/129 128/128 8/8
f 67/67 20/20 151/151 119/119
f 119/119 151/151 150/150 103/103
f 65/65 147/147 19/19 66/66
f 91/91 149/149 21/21 63/63
f 66/66 19/19 20/20 67/67
f 63/63 21/21 22/22 64/64
f 74/74 76/76 77/77 86/86
f 27/27 73/73 70/70 30/30
f 76/76 74/74 73/73 27/27
f 43/43 44/44 38/38 37/37
f 62/62 18/18 149/149 91/91
f 25/25 23/23 18/18 62/62
f 103/103 150/150 148/148 68/68
f 64/64 22/22 147/147 65/65
f 58/58 157/157 154/154 59/59
f 145/145 146/146 36/36 105/105
f 211/211 115/115 110/110 210/210
f 212/212 40/40 115/115 211/211
f 142/142 143/143 35/35 34/34
f 112/112 16/16 35/35 114/114
f 43/43 50/50 51/51 44/44
f 109/109 108/108 54/54 47/47
f 42/42 49/49 50/50 43/43
f 45/45 52/52 53/53 46/46
f 88/88 89/89 49/49 42/42
f 44/44 51/51 52/52 45/45
f 171/171 90/90 56/56 164/164
f 167/167 58/58 59/59 166/166
f 168/168 57/57 58/58 167/167
f 172/172 104/104 61/61 169/169
f 164/164 56/56 57/57 168/168
f 166/166 59/59 60/60 170/170
f 154/154 66/66 67/67 153/153
f 160/160 91/91 63/63 155/155
f 157/157 65/65 66/66 154/154
f 158/158 64/64 65/65 157/157
f 161/161 103/103 68/68 159/159
f 155/155 63/63 64/64 158/158
f 111/111 32/32 31/31 106/106
f 71/71 33/33 69/69 70/70
f 8/8 6/6 79/79 75/75
f 72/72 15/15 14/14 9/9
f 72/72 9/9 8/8 75/75
f 121/121 120/120 28/28 69/69
f 44/44 45/45 39/39 38/38
f 45/45 46/46 40/40 39/39
f 134/134 12/12 11/11 133/133
f 79/79 6/6 7/7 80/80
f 135/135 10/10 12/12 134/134
f 216/216 72/72 75/75 213/213
f 216/216 217/217 15/15 72/72
f 40/40 46/46 118/118 115/115
f 87/87 84/84 74/74 86/86
f 84/84 85/85 73/73 74/74
f 213/213 75/75 79/79 214/214
f 115/115 118/118 109/109 110/110
f 165/165 55/55 90/90 171/171
f 156/156 62/62 91/91 160/160
f 84/84 94/94 93/93 85/85
f 84/84 87/87 95/95 94/94
f 110/110 109/109 47/47 41/41
f 85/85 93/93 96/96 71/71
f 221/221 98/98 99/99 219/219
f 31/31 29/29 107/107 106/106
f 113/113 33/33 100/100 122/122
f 98/98 83/83 82/82 99/99
f 118/118 117/117 108/108 109/109
f 33/33 71/71 96/96 100/100
f 162/162 119/119 103/103 161/161
f 85/85 71/71 70/70 73/73
f 102/102 97/97 32/32 111/111
f 173/173 116/116 104/104 172/172
f 17/17 101/101 105/105 36/36
f 113/113 111/111 106/106 121/121
f 214/214 220/220 100/100 96/96
f 163/163 26/26 55/55 165/165
f 90/90 160/160 155/155 56/56
f 83/83 98/98 1/1 81/81
f 81/81 1/1 80/80 7/7
f 101/101 112/112 114/114 105/105
f 106/106 107/107 120/120 121/121
f 111/111 113/113 122/122 102/102
f 46/46 53/53 117/117 118/118
f 153/153 67/67 119/119 162/162
f 170/170 60/60 116/116 173/173
f 33/33 113/113 121/121 69/69
f 221/221 102/102 122/122 222/222
f 222/222 122/122 100/100 220/220
f 12/12 125/125 124/124 11/11
f 10/10 126/126 125/125 12/12
f 2/2 123/123 127/127 3/3
f 3/3 127/127 126/126 10/10
f 8/8 128/128 130/130 6/6
f 6/6 130/130 131/131 7/7
f 7/7 131/131 135/135 81/81
f 83/83 134/134 133/133 82/82
f 81/81 135/135 134/134 83/83
f 210/210 209/209 136/136 137/137
f 144/144 138/138 137/137 145/145
f 143/143 139/139 138/138 144/144
f 215/215 212/212 139/139 140/140
f 218/218 215/215 140/140 141/141
f 140/140 139/139 143/143 142/142
f 137/137 136/136 146/146 145/145
f 114/114 144/144 145/145 105/105
f 35/35 143/143 144/144 114/114
f 59/59 154/154 153/153 60/60
f 57/57 158/158 157/157 58/58
f 104/104 161/161 159/159 61/61
f 56/56 155/155 158/158 57/57
f 55/55 156/156 160/160 90/90
f 116/116 162/162 161/161 104/104
f 60/60 153/153 162/162 116/116
f 25/25 62/62 156/156 152/152
f 156/156 55/55 26/26 152/152
f 217/217 223/223 174/174 15/15
f 177/177 95/95 87/87 176/176
f 86/86 175/175 176/176 87/87
f 175/175 178/178 179/179 176/176
f 180/180 177/177 176/176 179/179
f 178/178 181/181 182/182 179/179
f 181/181 178/178 78/78 24/24
f 86/86 77/77 92/92 175/175
f 92/92 78/78 178/178 175/175
f 13/13 14/14 15/15 174/174
f 247/247 23/23 25/25 244/244
f 242/242 186/186 188/188 241/241
f 243/243 189/189 186/186 242/242
f 244/244 25/25 152/152 248/248
f 189/189 196/196 193/193 186/186
f 192/192 185/185 188/188 195/195
f 186/186 193/193 195/195 188/188
f 190/190 183/183 185/185 192/192
f 197/197 190/190 192/192 199/199
f 196/196 203/203 200/200 193/193
f 199/199 192/192 195/195 202/202
f 193/193 200/200 202/202 195/195
f 233/233 206/206 207/207 230/230
f 231/231 208/208 206/206 233/233
f 237/237 205/205 207/207 235/235
f 238/238 204/204 205/205 237/237
f 138/138 211/211 210/210 137/137
f 139/139 212/212 211/211 138/138
f 94/94 216/216 213/213 93/93
f 94/94 95/95 217/217 216/216
f 93/93 213/213 214/214 96/96
f 102/102 221/221 219/219 97/97
f 79/79 80/80 220/220 214/214
f 98/98 221/221 222/222 1/1
f 1/1 222/222 220/220 80/80
f 110/110 41/41 209/209 210/210
f 39/39 40/40 212/212 215/215
f 38/38 39/39 215/215 218/218
f 95/95 177/177 223/223 217/217
f 177/177 180/180 224/224 223/223
f 236/236 225/225 226/226 235/235
f 205/205 232/232 230/230 207/207
f 204/204 229/229 232/232 205/205
f 231/231 233/233 200/200 203/203
f 233/233 230/230 202/202 200/200
f 199/199 202/202 230/230 232/232
f 197/197 199/199 232/232 229/229
f 227/227 237/237 235/235 226/226
f 228/228 238/238 237/237 227/227
f 208/208 234/234 236/236 206/206
f 206/206 236/236 235/235 207/207
f 183/183 240/240 239/239 185/185
f 245/245 242/242 241/241 248/248
f 185/185 239/239 241/241 188/188
f 240/240 247/247 244/244 239/239
f 239/239 244/244 248/248 241/241
f 26/26 245/245 248/248 152/152
f 24/24 246/246 249/249 181/181
f 194/194 201/201 203/203 196/196
f 196/196 189/189 187/187 194/194
f 89/89 48/48 165/165 171/171
f 171/171 164/164 49/49 89/89
f 164/164 168/168 50/50 49/49
f 198/198 191/191 190/190 197/197
f 183/183 190/190 191/191 184/184
f 246/246 24/24 23/23 247/247
f 18/18 23/23 24/24 78/78
f 149/149 18/18 78/78 92/92
f 21/21 149/149 92/92 77/77
f 22/22 21/21 77/77 76/76
f 147/147 22/22 76/76 27/27
f 19/19 147/147 27/27 30/30
f 20/20 19/19 30/30 28/28
f 151/151 20/20 28/28 120/120
f 150/150 151/151 120/120 107/107
f 148/148 150/150 107/107 29/29
f 168/168 167/167 51/51 50/50
f 167/167 166/166 52/52 51/51
f 166/166 170/170 53/53 52/52
f 117/117 53/53 170/170 173/173
f 173/173 172/172 108/108 117/117
f 172/172 169/169 54/54 108/108
f 363/363 362/362 253/253 254/254
f 362/362 364/364 251/251 253/253
f 364/364 365/365 252/252 251/251
f 363/363 366/366 262/262 258/258
f 276/276 275/275 307/307 308/308
f 365/365 368/368 259/259 252/252
f 258/258 257/257 362/362 363/363
f 306/306 354/354 381/381 267/267
f 354/354 338/338 380/380 381/381
f 304/304 305/305 266/266 378/378
f 328/328 302/302 268/268 379/379
f 305/305 306/306 267/267 266/266
f 302/302 303/303 269/269 268/268
f 312/312 323/323 315/315 314/314
f 274/274 276/276 308/308 311/311
f 314/314 274/274 311/311 312/312
f 285/285 280/280 281/281 286/286
f 301/301 328/328 379/379 265/265
f 272/272 301/301 265/265 270/270
f 338/338 68/68 148/148 380/380
f 303/303 304/304 378/378 269/269
f 298/298 299/299 384/384 387/387
f 377/377 340/340 36/36 146/146
f 438/438 437/437 345/345 350/350
f 439/439 438/438 350/350 283/283
f 374/374 278/278 279/279 375/375
f 347/347 349/349 279/279 264/264
f 285/285 286/286 292/292 291/291
f 344/344 47/47 54/54 343/343
f 284/284 285/285 291/291 290/290
f 287/287 288/288 294/294 293/293
f 325/325 284/284 290/290 326/326
f 286/286 287/287 293/293 292/292
f 399/399 393/393 296/296 327/327
f 396/396 395/395 299/299 298/298
f 397/397 396/396 298/298 297/297
f 400/400 169/169 61/61 339/339
f 393/393 397/397 297/297 296/296
f 395/395 398/398 300/300 299/299
f 384/384 383/383 306/306 305/305
f 389/389 385/385 302/302 328/328
f 387/387 384/384 305/305 304/304
f 388/388 387/387 304/304 303/303
f 390/390 159/159 68/68 338/338
f 385/385 388/388 303/303 302/302
f 346/346 341/341 31/31 32/32
f 309/309 308/308 307/307 277/277
f 257/257 313/313 317/317 255/255
f 310/310 258/258 262/262 263/263
f 310/310 313/313 257/257 258/258
f 356/356 307/307 275/275 355/355
f 286/286 281/281 282/282 287/287
f 287/287 282/282 283/283 288/288
f 367/367 133/133 11/11 260/260
f 317/317 318/318 256/256 255/255
f 368/368 367/367 260/260 259/259
f 443/443 440/440 313/313 310/310
f 443/443 310/310 263/263 444/444
f 283/283 350/350 353/353 288/288
f 324/324 323/323 312/312 321/321
f 321/321 312/312 311/311 322/322
f 440/440 441/441 317/317 313/313
f 350/350 345/345 344/344 353/353
f 394/394 399/399 327/327 295/295
f 386/386 389/389 328/328 301/301
f 321/321 322/322 330/330 331/331
f 321/321 331/331 332/332 324/324
f 345/345 41/41 47/47 344/344
f 322/322 309/309 333/333 330/330
f 447/447 219/219 99/99 334/334
f 31/31 341/341 342/342 29/29
f 348/348 357/357 335/335 277/277
f 334/334 99/99 82/82 320/320
f 353/353 344/344 343/343 352/352
f 277/277 335/335 333/333 309/309
f 391/391 390/390 338/338 354/354
f 322/322 311/311 308/308 309/309
f 337/337 346/346 32/32 97/97
f 401/401 400/400 339/339 351/351
f 17/17 36/36 340/340 336/336
f 348/348 356/356 341/341 346/346
f 441/441 333/333 335/335 446/446
f 392/392 394/394 295/295 273/273
f 327/327 296/296 385/385 389/389
f 320/320 319/319 250/250 334/334
f 319/319 256/256 318/318 250/250
f 336/336 340/340 349/349 347/347
f 341/341 356/356 355/355 342/342
f 346/346 337/337 357/357 348/348
f 288/288 353/353 352/352 294/294
f 383/383 391/391 354/354 306/306
f 398/398 401/401 351/351 300/300
f 277/277 307/307 356/356 348/348
f 447/447 448/448 357/357 337/337
f 448/448 446/446 335/335 357/357
f 260/260 11/11 124/124 359/359
f 259/259 260/260 359/359 360/360
f 251/251 252/252 361/361 358/358
f 252/252 259/259 360/360 361/361
f 257/257 255/255 364/364 362/362
f 255/255 256/256 365/365 364/364
f 256/256 319/319 368/368 365/365
f 320/320 82/82 133/133 367/367
f 319/319 320/320 367/367 368/368
f 437/437 369/369 136/136 209/209
f 376/376 377/377 369/369 370/370
f 375/375 376/376 370/370 371/371
f 442/442 372/372 371/371 439/439
f 445/445 373/373 372/372 442/442
f 372/372 374/374 375/375 371/371
f 369/369 377/377 146/146 136/136
f 349/349 340/340 377/377 376/376
f 279/279 349/349 376/376 375/375
f 299/299 300/300 383/383 384/384
f 297/297 298/298 387/387 388/388
f 339/339 61/61 159/159 390/390
f 296/296 297/297 388/388 385/385
f 295/295 327/327 389/389 386/386
f 351/351 339/339 390/390 391/391
f 300/300 351/351 391/391 383/383
f 272/272 382/382 386/386 301/301
f 386/386 382/382 273/273 295/295
f 444/444 263/263 402/402 449/449
f 405/405 404/404 324/324 332/332
f 323/323 324/324 404/404 403/403
f 403/403 404/404 407/407 406/406
f 408/408 407/407 404/404 405/405
f 406/406 407/407 410/410 409/409
f 409/409 271/271 316/316 406/406
f 323/323 403/403 329/329 315/315
f 329/329 403/403 406/406 316/316
f 261/261 402/402 263/263 262/262
f 473/473 470/470 272/272 270/270
f 468/468 467/467 416/416 414/414
f 469/469 468/468 414/414 417/417
f 470/470 474/474 382/382 272/272
f 417/417 414/414 421/421 424/424
f 420/420 423/423 416/416 413/413
f 414/414 416/416 423/423 421/421
f 418/418 420/420 413/413 411/411
f 425/425 427/427 420/420 418/418
f 424/424 421/421 428/428 431/431
f 427/427 430/430 423/423 420/420
f 421/421 423/423 430/430 428/428
f 459/459 456/456 435/435 434/434
f 457/457 459/459 434/434 436/436
f 463/463 461/461 435/435 433/433
f 464/464 463/463 433/433 432/432
f 370/370 369/369 437/437 438/438
f 371/371 370/370 438/438 439/439
f 331/331 330/330 440/440 443/443
f 331/331 443/443 444/444 332/332
f 330/330 333/333 441/441 440/440
f 337/337 97/97 219/219 447/447
f 317/317 441/441 446/446 318/318
f 334/334 250/250 448/448 447/447
f 250/250 318/318 446/446 448/448
f 345/345 437/437 209/209 41/41
f 282/282 442/442 439/439 283/283
f 281/281 445/445 442/442 282/282
f 332/332 444/444 449/449 405/405
f 405/405 449/449 450/450 408/408
f 462/462 461/461 452/452 451/451
f 433/433 435/435 456/456 458/458
f 432/432 433/433 458/458 455/455
f 457/457 431/431 428/428 459/459
f 459/459 428/428 430/430 456/456
f 427/427 458/458 456/456 430/430
f 425/425 455/455 458/458 427/427
f 453/453 452/452 461/461 463/463
f 454/454 453/453 463/463 464/464
f 436/436 434/434 462/462 460/460
f 434/434 435/435 461/461 462/462
f 411/411 413/413 465/465 466/466
f 471/471 474/474 467/467 468/468
f 413/413 416/416 467/467 465/465
f 466/466 465/465 470/470 473/473
f 465/465 467/467 474/474 470/470
f 273/273 382/382 474/474 471/471
f 271/271 409/409 475/475 472/472
f 422/422 424/424 431/431 429/429
f 424/424 422/422 415/415 417/417
f 326/326 399/399 394/394 289/289
f 399/399 326/326 290/290 393/393
f 393/393 290/290 291/291 397/397
f 426/426 425/425 418/418 419/419
f 411/411 412/412 419/419 418/418
f 472/472 473/473 270/270 271/271
f 265/265 316/316 271/271 270/270
f 379/379 329/329 316/316 265/265
f 268/268 315/315 329/329 379/379
f 269/269 314/314 315/315 268/268
f 378/378 274/274 314/314 269/269
f 266/266 276/276 274/274 378/378
f 267/267 275/275 276/276 266/266
f 381/381 355/355 275/275 267/267
f 380/380 342/342 355/355 381/381
f 148/148 29/29 342/342 380/380
f 397/397 291/291 292/292 396/396
f 396/396 292/292 293/293 395/395
f 395/395 293/293 294/294 398/398
f 352/352 401/401 398/398 294/294
f 401/401 352/352 343/343 400/400
f 400/400 343/343 54/54 169/169
f 476/476 477/477 483/483 482/482
f 477/477 478/478 484/484 483/483
f 478/478 479/479 485/485 484/484
f 479/479 480/480 486/486 485/485
f 480/480 481/481 487/487 486/486
f 482/482 483/483 489/489 488/488
f 483/483 484/484 490/490 489/489
f 484/484 485/485 491/491 490/490
f 485/485 486/486 492/492 491/491
f 486/486 487/487 493/493 492/492
f 488/488 489/489 495/495 494/494
f 489/489 490/490 496/496 495/495
f 490/490 491/491 497/497 496/496
f 491/491 492/492 498/498 497/497
f 492/492 493/493 499/499 498/498
f 494/494 495/495 501/501 500/500
f 495/495 496/496 502/502 501/501
f 496/496 497/497 503/503 502/502
f 497/497 498/498 504/504 503/503
f 498/498 499/499 505/505 504/504
f 500/500 501/501 507/507 506/506
f 501/501 502/502 508/508 507/507
f 502/502 503/503 509/509 508/508
f 503/503 504/504 510/510 509/509
f 504/504 505/505 511/511 510/510
f 506/506 507/507 513/513 512/512
f 507/507 508/508 514/514 513/513
f 508/508 509/509 515/515 514/514
f 509/509 510/510 516/516 515/515
f 510/510 511/511 517/517 516/516
f 512/512 513/513 519/519 518/518
f 513/513 514/514 520/520 519/519
f 514/514 515/515 521/521 520/520
f 515/515 516/516 522/522 521/521
f 516/516 517/517 523/523 522/522
f 518/518 519/519 525/525 524/524
f 519/519 520/520 526/526 525/525
f 520/520 521/521 527/527 526/526
f 521/521 522/522 528/528 527/527
f 522/522 523/523 529/529 528/528
f 524/524 525/525 531/531 530/530
f 525/525 526/526 532/532 531/531
f 526/526 527/527 533/533 532/532
f 527/527 528/528 534/534 533/533
f 528/528 529/529 535/535 534/534
f 530/530 531/531 537/537 536/536
f 531/531 532/532 538/538 537/537
f 532/532 533/533 539/539 538/538
f 533/533 534/534 540/540 539/539
f 534/534 535/535 541/541 540/540
f 536/536 537/537 543/543 542/542
f 537/537 538/538 544/544 543/543
f 538/538 539/539 545/545 544/544
f 539/539 540/540 546/546 545/545
f 540/540 541/541 547/547 546/546
f 542/542 543/543 549/549 548/548
f 543/543 544/544 550/550 549/549
f 544/544 545/545 551/551 550/550
f 545/545 546/546 552/552 551/551
f 546/546 547/547 553/553 552/552
f 548/548 549/549 555/555 554/554
f 549/549 550/550 556/556 555/555
f 550/550 551/551 557/557 556/556
f 551/551 552/552 558/558 557/557
f 552/552 553/553 559/559 558/558
f 554/554 555/555 561/561 560/560
f 555/555 556/556 562/562 561/561
f 556/556 557/557 563/563 562/562
f 557/557 558/558 564/564 563/563
f 558/558 559/559 565/565 564/564
f 560/560 561/561 567/567 566/566
f 561/561 562/562 568/568 567/567
f 562/562 563/563 569/569 568/568
f 563/563 564/564 570/570 569/569
f 564/564 565/565 571/571 570/570
f 566/566 567/567 573/573 572/572
f 567/567 568/568 574/574 573/573
f 568/568 569/569 575/575 574/574
f 569/569 570/570 576/576 575/575
f 570/570 571/571 577/577 576/576
f 572/572 573/573 579/579 578/578
f 573/573 574/574 580/580 579/579
f 574/574 575/575 581/581 580/580
f 575/575 576/576 582/582 581/581
f 576/576 577/577 583/583 582/582
f 578/578 579/579 585/585 584/584
f 579/579 580/580 586/586 585/585
f 580/580 581/581 587/587 586/586
f 581/581 582/582 588/588 587/587
f 582/582 583/583 589/589 588/588
f 584/584 585/585 591/591 590/590
f 585/585 586/586 592/592 591/591
f 586/586 587/587 593/593 592/592
f 587/587 588/588 594/594 593/593
f 588/588 589/589 595/595 594/594
f 590/590 591/591 597/597 596/596
f 591/591 592/592 598/598 597/597
f 592/592 593/593 599/599 598/598
f 593/593 594/594 600/600 599/599
f 594/594 595/595 601/601 600/600
f 596/596 597/597 603/603 602/602
f 597/597 598/598 604/604 603/603
f 598/598 599/599 605/605 604/604
f 599/599 600/600 606/606 605/605
f 600/600 601/601 607/607 606/606
f 602/602 603/603 609/609 608/608
f 603/603 604/604 610/610 609/609
f 604/604 605/605 611/611 610/610
f 605/605 606/606 612/612 611/611
f 606/606 607/607 613/613 612/612
f 614/614 615/615 621/621 620/620
f 615/615 616/616 622/622 621/621
f 616/616 617/617 623/623 622/622
f 617/617 618/618 624/624 623/623
f 618/618 619/619 625/625 624/624
f 620/620 621/621 627/627 626/626
f 621/621 622/622 628/628 627/627
f 622/622 623/623 629/629 628/628
f 623/623 624/624 630/630 629/629
f 624/624 625/625 631/631 630/630
f 626/626 627/627 633/633 632/632
f 627/627 628/628 634/634 633/633
f 628/628 629/629 635/635 634/634
f 629/629 630/630 636/636 635/635
f 630/630 631/631 637/637 636/636
f 632/632 633/633 639/639 638/638
f 633/633 634/634 640/640 639/639
f 634/634 635/635 641/641 640/640
f 635/635 636/636 642/642 641/641
f 636/636 637/637 643/643 642/642
f 638/638 639/639 645/645 644/644
f 639/639 640/640 646/646 645/645
f 640/640 641/641 647/647 646/646
f 641/641 642/642 648/648 647/647
f 642/642 643/643 649/649 648/648
f 644/644 645/645 651/651 650/650
f 645/645 646/646 652/652 651/651
f 646/646 647/647 653/653 652/652
f 647/647 648/648 654/654 653/653
f 648/648 649/649 655/655 654/654
f 650/650 651/651 657/657 656/656
f 651/651 652/652 658/658 657/657
f 652/652 653/653 659/659 658/658
f 653/653 654/654 660/660 659/659
f 654/654 655/655 661/661 660/660
f 662/662 663/663 669/669 668/668
f 663/663 664/664 670/670 669/669
f 664/664 665/665 671/671 670/670
f 665/665 666/666 672/672 671/671
f 666/666 667/667 673/673 672/672
f 668/668 669/669 675/675 674/674
f 669/669 670/670 676/676 675/675
f 670/670 671/671 677/677 676/676
f 671/671 672/672 678/678 677/677
f 672/672 673/673 679/679 678/678
f 674/674 675/675 681/681 680/680
f 675/675 676/676 682/682 681/681
f 676/676 677/677 683/683 682/682
f 677/677 678/678 684/684 683/683
f 678/678 679/679 685/685 684/684
f 680/680 681/681 687/687 686/686
f 681/681 682/682 688/688 687/687
f 682/682 683/683 689/689 688/688
f 683/683 684/684 690/690 689/689
f 684/684 685/685 691/691 690/690
f 686/686 687/687 693/693 692/692
f 687/687 688/688 694/694 693/693
f 688/688 689/689 695/695 694/694
f 689/689 690/690 696/696 695/695
f 690/690 691/691 697/697 696/696
f 692/692 693/693 699/699 698/698
f 693/693 694/694 700/700 699/699
f 694/694 695/695 701/701 700/700
f 695/695 696/696 702/702 701/701
f 696/696 697/697 703/703 702/702
f 698/698 699/699 705/705 704/704
f 699/699 700/700 706/706 705/705
f 700/700 701/701 707/707 706/706
f 701/701 702/702 708/708 707/707
f 702/702 703/703 709/709 708/708
f 704/704 705/705 711/711 710/710
f 705/705 706/706 712/712 711/711
f 706/706 707/707 713/713 712/712
f 707/707 708/708 714/714 713/713
f 708/708 709/709 715/715 714/714
f 710/710 711/711 717/717 716/716
f 711/711 712/712 718/718 717/717
f 712/712 713/713 719/719 718/718
f 713/713 714/714 720/720 719/719
f 714/714 715/715 721/721 720/720
f 716/716 717/717 723/723 722/722
f 717/717 718/718 724/724 723/723
f 718/718 719/719 725/725 724/724
f 719/719 720/720 726/726 725/725
f 720/720 721/721 727/727 726/726
f 722/722 723/723 729/729 728/728
f 723/723 724/724 730/730 729/729
f 724/724 725/725 731/731 730/730
f 725/725 726/726 732/732 731/731
f 726/726 727/727 733/733 732/732
f 728/728 729/729 735/735 734/734
f 729/729 730/730 736/736 735/735
f 730/730 731/731 737/737 736/736
f 731/731 732/732 738/738 737/737
f 732/732 733/733 739/739 738/738
f 734/734 735/735 741/741 740/740
f 735/735 736/736 742/742 741/741
f 736/736 737/737 743/743 742/742
f 737/737 738/738 744/744 743/743
f 738/738 739/739 745/745 744/744
f 746/746 747/747 753/753 752/752
f 747/747 748/748 754/754 753/753
f 748/748 749/749 755/755 754/754
f 749/749 750/750 756/756 755/755
f 750/750 751/751 757/757 756/756
f 752/752 753/753 759/759 758/758
f 753/753 754/754 760/760 759/759
f 754/754 755/755 761/761 760/760
f 755/755 756/756 762/762 761/761
f 756/756 757/757 763/763 762/762
f 758/758 759/759 765/765 764/764
f 759/759 760/760 766/766 765/765
f 760/760 761/761 767/767 766/766
f 761/761 762/762 768/768 767/767
f 762/762 763/763 769/769 768/768
f 764/764 765/765 771/771 770/770
f 765/765 766/766 772/772 771/771
f 766/766 767/767 773/773 772/772
f 767/767 768/768 774/774 773/773
f 768/768 769/769 775/775 774/774
f 770/770 771/771 777/777 776/776
f 771/771 772/772 778/778 777/777
f 772/772 773/773 779/779 778/778
f 773/773 774/774 780/780 779/779
f 774/774 775/775 781/781 780/780
f 776/776 777/777 783/783 782/782
f 777/777 778/778 784/784 783/783
f 778/778 779/779 785/785 784/784
f 779/779 780/780 786/786 785/785
f 780/780 781/781 787/787 786/786
f 782/782 783/783 789/789 788/788
f 783/783 784/784 790/790 789/789
f 784/784 785/785 791/791 790/790
f 785/785 786/786 792/792 791/791
f 786/786 787/787 793/793 792/792
f 788/788 789/789 795/795 794/794
f 789/789 790/790 796/796 795/795
f 790/790 791/791 797/797 796/796
f 791/791 792/792 798/798 797/797
f 792/792 793/793 799/799 798/798
f 794/794 795/795 801/801 800/800
f 795/795 796/796 802/802 801/801
f 796/796 797/797 803/803 802/802
f 797/797 798/798 804/804 803/803
f 798/798 799/799 805/805 804/804
f 800/800 801/801 807/807 806/806
f 801/801 802/802 808/808 807/807
f 802/802 803/803 809/809 808/808
f 803/803 804/804 810/810 809/809
f 804/804 805/805 811/811 810/810
f 806/806 807/807 813/813 812/812
f 807/807 808/808 814/814 813/813
f 808/808 809/809 815/815 814/814
f 809/809 810/810 816/816 815/815
f 810/810 811/811 817/817 816/816
f 812/812 813/813 819/819 818/818
f 813/813 814/814 820/820 819/819
f 814/814 815/815 821/821 820/820
f 815/815 816/816 822/822 821/821
f 816/816 817/817 823/823 822/822
f 818/818 819/819 825/825 824/824
f 819/819 820/820 826/826 825/825
f 820/820 821/821 827/827 826/826
f 821/821 822/822 828/828 827/827
f 822/822 823/823 829/829 828/828
f 824/824 825/825 831/831 830/830
f 825/825 826/826 832/832 831/831
f 826/826 827/827 833/833 832/832
f 827/827 828/828 834/834 833/833
f 828/828 829/829 835/835 834/834
f 830/830 831/831 837/837 836/836
f 831/831 832/832 838/838 837/837
f 832/832 833/833 839/839 838/838
f 833/833 834/834 840/840 839/839
f 834/834 835/835 841/841 840/840
f 836/836 837/837 843/843 842/842
f 837/837 838/838 844/844 843/843
f 838/838 839/839 845/845 844/844
f 839/839 840/840 846/846 845/845
f 840/840 841/841 847/847 846/846
f 842/842 843/843 849/849 848/848
f 843/843 844/844 850/850 849/849
f 844/844 845/845 851/851 850/850
f 845/845 846/846 852/852 851/851
f 846/846 847/847 853/853 852/852
f 848/848 849/849 855/855 854/854
f 849/849 850/850 856/856 855/855
f 850/850 851/851 857/857 856/856
f 851/851 852/852 858/858 857/857
f 852/852 853/853 859/859 858/858
f 860/860 861/861 867/867 866/866
f 861/861 862/862 868/868 867/867
f 862/862 863/863 869/869 868/868
f 863/863 864/864 870/870 869/869
f 864/864 865/865 871/871 870/870
f 866/866 867/867 873/873 872/872
f 867/867 868/868 874/874 873/873
f 868/868 869/869 875/875 874/874
f 869/869 870/870 876/876 875/875
f 870/870 871/871 877/877 876/876
f 872/872 873/873 879/879 878/878
f 873/873 874/874 880/880 879/879
f 874/874 875/875 881/881 880/880
f 875/875 876/876 882/882 881/881
f 876/876 877/877 883/883 882/882
f 878/878 879/879 885/885 884/884
f 879/879 880/880 886/886 885/885
f 880/880 881/881 887/887 886/886
f 881/881 882/882 888/888 887/887
f 882/882 883/883 889/889 888/888
f 884/884 885/885 891/891 890/890
f 885/885 886/886 892/892 891/891
f 886/886 887/887 893/893 892/892
f 887/887 888/888 894/894 893/893
f 888/888 889/889 895/895 894/894
f 890/890 891/891 897/897 896/896
f 891/891 892/892 898/898 897/897
f 892/892 893/893 899/899 898/898
f 893/893 894/894 900/900 899/899
f 894/894 895/895 901/901 900/900
f 896/896 897/897 903/903 902/902
f 897/897 898/898 904/904 903/903
f 898/898 899/899 905/905 904/904
f 899/899 900/900 906/906 905/905
f 900/900 901/901 907/907 906/906
f 902/902 903/903 909/909 908/908
f 903/903 904/904 910/910 909/909
f 904/904 905/905 911/911 910/910
f 905/905 906/906 912/912 911/911
f 906/906 907/907 913/913 912/912
f 908/908 909/909 915/915 914/914
f 909/909 910/910 916/916 915/915
f 910/910 911/911 917/917 916/916
f 911/911 912/912 918/918 917/917
f 912/912 913/913 919/919 918/918
f 914/914 915/915 921/921 920/920
f 915/915 916/916 922/922 921/921
f 916/916 917/917 923/923 922/922
f 917/917 918/918 924/924 923/923
f 918/918 919/919 925/925 924/924
f 920/920 921/921 927/927 926/926
f 921/921 922/922 928/928 927/927
f 922/922 923/923 929/929 928/928
f 923/923 924/924 930/930 929/929
f 924/924 925/925 931/931 930/930
f 926/926 927/927 933/933 932/932
f 927/927 928/928 934/934 933/933
f 928/928 929/929 935/935 934/934
f 929/929 930/930 936/936 935/935
f 930/930 931/931 937/937 936/936
f 932/932 933/933 939/939 938/938
f 933/933 934/934 940/940 939/939
f 934/934 935/935 941/941 940/940
f 935/935 936/936 942/942 941/941
f 936/936 937/937 943/943 942/942
f 938/938 939/939 945/945 944/944
f 939/939 940/940 946/946 945/945
f 940/940 941/941 947/947 946/946
f 941/941 942/942 948/948 947/947
f 942/942 943/943 949/949 948/948
f 950/950 951/951 957/957 956/956
f 951/951 952/952 958/958 957/957
f 952/952 953/953 959/959 958/958
f 953/953 954/954 960/960 959/959
f 954/954 955/955 961/961 960/960
f 956/956 957/957 963/963 962/962
f 957/957 958/958 964/964 963/963
f 958/958 959/959 965/965 964/964
f 959/959 960/960 966/966 965/965
f 960/960 961/961 967/967 966/966
f 962/962 963/963 969/969 968/968
f 963/963 964/964 970/970 969/969
f 964/964 965/965 971/971 970/970
f 965/965 966/966 972/972 971/971
f 966/966 967/967 973/973 972/972
f 968/968 969/969 975/975 974/974
f 969/969 970/970 976/976 975/975
f 970/970 971/971 977/977 976/976
f 971/971 972/972 978/978 977/977
f 972/972 973/973 979/979 978/978
f 974/974 975/975 981/981 980/980
f 975/975 976/976 982/982 981/981
f 976/976 977/977 983/983 982/982
f 977/977 978/978 984/984 983/983
f 978/978 979/979 985/985 984/984
f 980/980 981/981 987/987 986/986
f 981/981 982/982 988/988 987/987
f 982/982 983/983 989/989 988/988
f 983/983 984/984 990/990 989/989
f 984/984 985/985 991/991 990/990
f 986/986 987/987 993/993 992/992
f 987/987 988/988 994/994 993/993
f 988/988 989/989 995/995 994/994
f 989/989 990/990 996/996 995/995
f 990/990 991/991 997/997 996/996
f 992/992 993/993 999/999 998/998
f 993/993 994/994 1000/1000 999/999
f 994/994 995/995 1001/1001 1000/1000
f 995/995 996/996 1002/1002 1001/1001
f 996/996 997/997 1003/1003 1002/1002
f 998/998 999/999 1005/1005 1004/1004
f 999/999 1000/1000 1006/1006 1005/1005
f 1000/1000 1001/1001 1007/1007 1006/1006
f 1001/1001 1002/1002 1008/1008 1007/1007
f 1002/1002 1003/1003 1009/1009 1008/1008
f 1004/1004 1005/1005 1011/1011 1010/1010
f 1005/1005 1006/1006 1012/1012 1011/1011
f 1006/1006 1007/1007 1013/1013 1012/1012
f 1007/1007 1008/1008 1014/1014 1013/1013
f 1008/1008 1009/1009 1015/1015 1014/1014
f 1010/1010 1011/1011 1017/1017 1016/1016
f 1011/1011 1012/1012 1018/1018 1017/1017
f 1012/1012 1013/1013 1019/1019 1018/1018
f 1013/1013 1014/1014 1020/1020 1019/1019
f 1014/1014 1015/1015 1021/1021 1020/1020
f 1016/1016 1017/1017 1023/1023 1022/1022
f 1017/1017 1018/1018 1024/1024 1023/1023
f 1018/1018 1019/1019 1025/1025 1024/1024
f 1019/1019 1020/1020 1026/1026 1025/1025
f 1020/1020 1021/1021 1027/1027 1026/1026
f 1022/1022 1023/1023 1029/1029 1028/1028
f 1023/1023 1024/1024 1030/1030 1029/1029
f 1024/1024 1025/1025 1031/1031 1030/1030
f 1025/1025 1026/1026 1032/1032 1031/1031
f 1026/1026 1027/1027 1033/1033 1032/1032
f 1028/1028 1029/1029 1035/1035 1034/1034
f 1029/1029 1030/1030 1036/1036 1035/1035
f 1030/1030 1031/1031 1037/1037 1036/1036
f 1031/1031 1032/1032 1038/1038 1037/1037
f 1032/1032 1033/1033 1039/1039 1038/1038
f 1034/1034 1035/1035 1041/1041 1040/1040
f 1035/1035 1036/1036 1042/1042 1041/1041
f 1036/1036 1037/1037 1043/1043 1042/1042
f 1037/1037 1038/1038 1044/1044 1043/1043
f 1038/1038 1039/1039 1045/1045 1044/1044
f 1040/1040 1041/1041 1047/1047 1046/1046
f 1041/1041 1042/1042 1048/1048 1047/1047
f 1042/1042 1043/1043 1049/1049 1048/1048
f 1043/1043 1044/1044 1050/1050 1049/1049
f 1044/1044 1045/1045 1051/1051 1050/1050
f 1052/1052 1053/1053 1059/1059 1058/1058
f 1053/1053 1054/1054 1060/1060 1059/1059
f 1054/1054 1055/1055 1061/1061 1060/1060
f 1055/1055 1056/1056 1062/1062 1061/1061
f 1056/1056 1057/1057 1063/1063 1062/1062
f 1058/1058 1059/1059 1065/1065 1064/1064
f 1059/1059 1060/1060 1066/1066 1065/1065
f 1060/1060 1061/1061 1067/1067 1066/1066
f 1061/1061 1062/1062 1068/1068 1067/1067
f 1062/1062 1063/1063 1069/1069 1068/1068
f 1064/1064 1065/1065 1071/1071 1070/1070
f 1065/1065 1066/1066 1072/1072 1071/1071
f 1066/1066 1067/1067 1073/1073 1072/1072
f 1067/1067 1068/1068 1074/1074 1073/1073
f 1068/1068 1069/1069 1075/1075 1074/1074
f 1070/1070 1071/1071 1077/1077 1076/1076
f 1071/1071 1072/1072 1078/1078 1077/1077
f 1072/1072 1073/1073 1079/1079 1078/1078
f 1073/1073 1074/1074 1080/1080 1079/1079
f 1074/1074 1075/1075 1081/1081 1080/1080
f 1076/1076 1077/1077 1083/1083 1082/1082
f 1077/1077 1078/1078 1084/1084 1083/1083
f 1078/1078 1079/1079 1085/1085 1084/1084
f 1079/1079 1080/1080 1086/1086 1085/1085
f 1080/1080 1081/1081 1087/1087 1086/1086
f 1082/1082 1083/1083 1089/1089 1088/1088
f 1083/1083 1084/1084 1090/1090 1089/1089
f 1084/1084 1085/1085 1091/1091 1090/1090
f 1085/1085 1086/1086 1092/1092 1091/1091
f 1086/1086 1087/1087 1093/1093 1092/1092
f 1088/1088 1089/1089 1095/1095 1094/1094
f 1089/1089 1090/1090 1096/1096 1095/1095
f 1090/1090 1091/1091 1097/1097 1096/1096
f 1091/1091 1092/1092 1098/1098 1097/1097
f 1092/1092 1093/1093 1099/1099 1098/1098
f 1094/1094 1095/1095 1101/1101 1100/1100
f 1095/1095 1096/1096 1102/1102 1101/1101
f 1096/1096 1097/1097 1103/1103 1102/1102
f 1097/1097 1098/1098 1104/1104 1103/1103
f 1098/1098 1099/1099 1105/1105 1104/1104
f 1100/1100 1101/1101 1107/1107 1106/1106
f 1101/1101 1102/1102 1108/1108 1107/1107
f 1102/1102 1103/1103 1109/1109 1108/1108
f 1103/1103 1104/1104 1110/1110 1109/1109
f 1104/1104 1105/1105 1111/1111 1110/1110
f 1106/1106 1107/1107 1113/1113 1112/1112
f 1107/1107 1108/1108 1114/1114 1113/1113
f 1108/1108 1109/1109 1115/1115 1114/1114
f 1109/1109 1110/1110 1116/1116 1115/1115
f 1110/1110 1111/1111 1117/1117 1116/1116
f 1112/1112 1113/1113 1119/1119 1118/1118
f 1113/1113 1114/1114 1120/1120 1119/1119
f 1114/1114 1115/1115 1121/1121 1120/1120
f 1115/1115 1116/1116 1122/1122 1121/1121
f 1116/1116 1117/1117 1123/1123 1122/1122
f 1118/1118 1119/1119 1125/1125 1124/1124
f 1119/1119 1120/1120 1126/1126 1125/1125
f 1120/1120 1121/1121 1127/1127 1126/1126
f 1121/1121 1122/1122 1128/1128 1127/1127
f 1122/1122 1123/1123 1129/1129 1128/1128
f 1130/1130 1131/1131 1137/1137 1136/1136
f 1131/1131 1132/1132 1138/1138 1137/1137
f 1132/1132 1133/1133 1139/1139 1138/1138
f 1133/1133 1134/1134 1140/1140 1139/1139
f 1134/1134 1135/1135 1141/1141 1140/1140
f 1136/1136 1137/1137 1143/1143 1142/1142
f 1137/1137 1138/1138 1144/1144 1143/1143
f 1138/1138 1139/1139 1145/1145 1144/1144
f 1139/1139 1140/1140 1146/1146 1145/1145
f 1140/1140 1141/1141 1147/1147 1146/1146
f 1142/1142 1143/1143 1149/1149 1148/1148
f 1143/1143 1144/1144 1150/1150 1149/1149
f 1144/1144 1145/1145 1151/1151 1150/1150
f 1145/1145 1146/1146 1152/1152 1151/1151
f 1146/1146 1147/1147 1153/1153 1152/1152
f 1148/1148 1149/1149 1155/1155 1154/1154
f 1149/1149 1150/1150 1156/1156 1155/1155
f 1150/1150 1151/1151 1157/1157 1156/1156
f 1151/1151 1152/1152 1158/1158 1157/1157
f 1152/1152 1153/1153 1159/1159 1158/1158
f 1154/1154 1155/1155 1161/1161 1160/1160
f 1155/1155 1156/1156 1162/1162 1161/1161
f 1156/1156 1157/1157 1163/1163 1162/1162
f 1157/1157 1158/1158 1164/1164 1163/1163
f 1158/1158 1159/1159 1165/1165 1164/1164
f 1160/1160 1161/1161 1167/1167 1166/1166
f 1161/1161 1162/1162 1168/1168 1167/1167
f 1162/1162 1163/1163 1169/1169 1168/1168
f 1163/1163 1164/1164 1170/1170 1169/1169
f 1164/1164 1165/1165 1171/1171 1170/1170
f 1166/1166 1167/1167 1173/1173 1172/1172
f 1167/1167 1168/1168 1174/1174 1173/1173
f 1168/1168 1169/1169 1175/1175 1174/1174
f 1169/1169 1170/1170 1176/1176 1175/1175
f 1170/1170 1171/1171 1177/1177 1176/1176
f 1172/1172 1173/1173 1179/1179 1178/1178
f 1173/1173 1174/1174 1180/1180 1179/1179
f 1174/1174 1175/1175 1181/1181 1180/1180
f 1175/1175 1176/1176 1182/1182 1181/1181
f 1176/1176 1177/1177 1183/1183 1182/1182
f 1178/1178 1179/1179 1185/1185 1184/1184
f 1179/1179 1180/1180 1186/1186 1185/1185
f 1180/1180 1181/1181 1187/1187 1186/1186
f 1181/1181 1182/1182 1188/1188 1187/1187
f 1182/1182 1183/1183 1189/1189 1188/1188
f 1184/1184 1185/1185 1191/1191 1190/1190
f 1185/1185 1186/1186 1192/1192 1191/1191
f 1186/1186 1187/1187 1193/1193 1192/1192
f 1187/1187 1188/1188 1194/1194 1193/1193
f 1188/1188 1189/1189 1195/1195 1194/1194
f 1190/1190 1191/1191 1197/1197 1196/1196
f 1191/1191 1192/1192 1198/1198 1197/1197
f 1192/1192 1193/1193 1199/1199 1198/1198
f 1193/1193 1194/1194 1200/1200 1199/1199
f 1194/1194 1195/1195 1201/1201 1200/1200
f 1196/1196 1197/1197 1203/1203 1202/1202
f 1197/1197 1198/1198 1204/1204 1203/1203
f 1198/1198 1199/1199 1205/1205 1204/1204
f 1199/1199 1200/1200 1206/1206 1205/1205
f 1200/1200 1201/1201 1207/1207 1206/1206
f 1202/1202 1203/1203 1209/1209 1208/1208
f 1203/1203 1204/1204 1210/1210 1209/1209
f 1204/1204 1205/1205 1211/1211 1210/1210
f 1205/1205 1206/1206 1212/1212 1211/1211
f 1206/1206 1207/1207 1213/1213 1212/1212
f 1208/1208 1209/1209 1215/1215 1214/1214
f 1209/1209 1210/1210 1216/1216 1215/1215
f 1210/1210 1211/1211 1217/1217 1216/1216
f 1211/1211 1212/1212 1218/1218 1217/1217
f 1212/1212 1213/1213 1219/1219 1218/1218
f 1214/1214 1215/1215 1221/1221 1220/1220
f 1215/1215 1216/1216 1222/1222 1221/1221
f 1216/1216 1217/1217 1223/1223 1222/1222
f 1217/1217 1218/1218 1224/1224 1223/1223
f 1218/1218 1219/1219 1225/1225 1224/1224
f 1220/1220 1221/1221 1227/1227 1226/1226
f 1221/1221 1222/1222 1228/1228 1227/1227
f 1222/1222 1223/1223 1229/1229 1228/1228
f 1223/1223 1224/1224 1230/1230 1229/1229
f 1224/1224 1225/1225 1231/1231 1230/1230
f 1226/1226 1227/1227 1233/1233 1232/1232
f 1227/1227 1228/1228 1234/1234 1233/1233
f 1228/1228 1229/1229 1235/1235 1234/1234
f 1229/1229 1230/1230 1236/1236 1235/1235
f 1230/1230 1231/1231 1237/1237 1236/1236
f 1232/1232 1233/1233 1239/1239 1238/1238
f 1233/1233 1234/1234 1240/1240 1239/1239
f 1234/1234 1235/1235 1241/1241 1240/1240
f 1235/1235 1236/1236 1242/1242 1241/1241
f 1236/1236 1237/1237 1243/1243 1242/1242
f 1244/1244 1245/1245 1251/1251 1250/1250
f 1245/1245 1246/1246 1252/1252 1251/1251
f 1246/1246 1247/1247 1253/1253 1252/1252
f 1247/1247 1248/1248 1254/1254 1253/1253
f 1248/1248 1249/1249 1255/1255 1254/1254
f 1250/1250 1251/1251 1257/1257 1256/1256
f 1251/1251 1252/1252 1258/1258 1257/1257
f 1252/1252 1253/1253 1259/1259 1258/1258
f 1253/1253 1254/1254 1260/1260 1259/1259
f 1254/1254 1255/1255 1261/1261 1260/1260
f 1256/1256 1257/1257 1263/1263 1262/1262
f 1257/1257 1258/1258 1264/1264 1263/1263
f 1258/1258 1259/1259 1265/1265 1264/1264
f 1259/1259 1260/1260 1266/1266 1265/1265
f 1260/1260 1261/1261 1267/1267 1266/1266
f 1262/1262 1263/1263 1269/1269 1268/1268
f 1263/1263 1264/1264 1270/1270 1269/1269
f 1264/1264 1265/1265 1271/1271 1270/1270
f 1265/1265 1266/1266 1272/1272 1271/1271
f 1266/1266 1267/1267 1273/1273 1272/1272
f 1268/1268 1269/1269 1275/1275 1274/1274
f 1269/1269 1270/1270 1276/1276 1275/1275
f 1270/1270 1271/1271 1277/1277 1276/1276
f 1271/1271 1272/1272 1278/1278 1277/1277
f 1272/1272 1273/1273 1279/1279 1278/1278
f 1274/1274 1275/1275 1281/1281 1280/1280
f 1275/1275 1276/1276 1282/1282 1281/1281
f 1276/1276 1277/1277 1283/1283 1282/1282
f 1277/1277 1278/1278 1284/1284 1283/1283
f 1278/1278 1279/1279 1285/1285 1284/1284
f 1280/1280 1281/1281 1287/1287 1286/1286
f 1281/1281 1282/1282 1288/1288 1287/1287
f 1282/1282 1283/1283 1289/1289 1288/1288
f 1283/1283 1284/1284 1290/1290 1289/1289
f 1284/1284 1285/1285 1291/1291 1290/1290
f 1286/1286 1287/1287 1293/1293 1292/1292
f 1287/1287 1288/1288 1294/1294 1293/1293
f 1288/1288 1289/1289 1295/1295 1294/1294
f 1289/1289 1290/1290 1296/1296 1295/1295
f 1290/1290 1291/1291 1297/1297 1296/1296
f 1292/1292 1293/1293 1299/1299 1298/1298
f 1293/1293 1294/1294 1300/1300 1299/1299
f 1294/1294 1295/1295 1301/1301 1300/1300
f 1295/1295 1296/1296 1302/1302 1301/1301
f 1296/1296 1297/1297 1303/1303 1302/1302
f 1298/1298 1299/1299 1305/1305 1304/1304
f 1299/1299 1300/1300 1306/1306 1305/1305
f 1300/1300 1301/1301 1307/1307 1306/1306
f 1301/1301 1302/1302 1308/1308 1307/1307
f 1302/1302 1303/1303 1309/1309 1308/1308
f 1304/1304 1305/1305 1311/1311 1310/1310
f 1305/1305 1306/1306 1312/1312 1311/1311
f 1306/1306 1307/1307 1313/1313 1312/1312
f 1307/1307 1308/1308 1314/1314 1313/1313
f 1308/1308 1309/1309 1315/1315 1314/1314
f 1316/1316 1317/1317 1323/1323 1322/1322
f 1317/1317 1318/1318 1324/1324 1323/1323
f 1318/1318 1319/1319 1325/1325 1324/1324
f 1319/1319 1320/1320 1326/1326 1325/1325
f 1320/1320 1321/1321 1327/1327 1326/1326
f 1322/1322 1323/1323 1329/1329 1328/1328
f 1323/1323 1324/1324 1330/1330 1329/1329
f 1324/1324 1325/1325 1331/1331 1330/1330
f 1325/1325 1326/1326 1332/1332 1331/1331
f 1326/1326 1327/1327 1333/1333 1332/1332
f 1328/1328 1329/1329 1335/1335 1334/1334
f 1329/1329 1330/1330 1336/1336 1335/1335
f 1330/1330 1331/1331 1337/1337 1336/1336
f 1331/1331 1332/1332 1338/1338 1337/1337
f 1332/1332 1333/1333 1339/1339 1338/1338
f 1334/1334 1335/1335 1341/1341 1340/1340
f 1335/1335 1336/1336 1342/1342 1341/1341
f 1336/1336 1337/1337 1343/1343 1342/1342
f 1337/1337 1338/1338 1344/1344 1343/1343
f 1338/1338 1339/1339 1345/1345 1344/1344
f 1340/1340 1341/1341 1347/1347 1346/1346
f 1341/1341 1342/1342 1348/1348 1347/1347
f 1342/1342 1343/1343 1349/1349 1348/1348
f 1343/1343 1344/1344 1350/1350 1349/1349
f 1344/1344 1345/1345 1351/1351 1350/1350
f 1346/1346 1347/1347 1353/1353 1352/1352
f 1347/1347 1348/1348 1354/1354 1353/1353
f 1348/1348 1349/1349 1355/1355 1354/1354
f 1349/1349 1350/1350 1356/1356 1355/1355
f 1350/1350 1351/1351 1357/1357 1356/1356
f 1352/1352 1353/1353 1359/1359 1358/1358
f 1353/1353 1354/1354 1360/1360 1359/1359
f 1354/1354 1355/1355 1361/1361 1360/1360
f 1355/1355 1356/1356 1362/1362 1361/1361
f 1356/1356 1357/1357 1363/1363 1362/1362
f 1358/1358 1359/1359 1365/1365 1364/1364
f 1359/1359 1360/1360 1366/1366 1365/1365
f 1360/1360 1361/1361 1367/1367 1366/1366
f 1361/1361 1362/1362 1368/1368 1367/1367
f 1362/1362 1363/1363 1369/1369 1368/1368
f 1364/1364 1365/1365 1371/1371 1370/1370
f 1365/1365 1366/1366 1372/1372 1371/1371
f 1366/1366 1367/1367 1373/1373 1372/1372
f 1367/1367 1368/1368 1374/1374 1373/1373
f 1368/1368 1369/1369 1375/1375 1374/1374
f 1370/1370 1371/1371 1377/1377 1376/1376
f 1371/1371 1372/1372 1378/1378 1377/1377
f 1372/1372 1373/1373 1379/1379 1378/1378
f 1373/1373 1374/1374 1380/1380 1379/1379
f 1374/1374 1375/1375 1381/1381 1380/1380
f 1376/1376 1377/1377 1383/1383 1382/1382
f 1377/1377 1378/1378 1384/1384 1383/1383
f 1378/1378 1379/1379 1385/1385 1384/1384
f 1379/1379 1380/1380 1386/1386 1385/1385
f 1380/1380 1381/1381 1387/1387 1386/1386
f 1382/1382 1383/1383 1389/1389 1388/1388
f 1383/1383 1384/1384 1390/1390 1389/1389
f 1384/1384 1385/1385 1391/1391 1390/1390
f 1385/1385 1386/1386 1392/1392 1391/1391
f 1386/1386 1387/1387 1393/1393 1392/1392
f 1388/1388 1389/1389 1395/1395 1394/1394
f 1389/1389 1390/1390 1396/1396 1395/1395
f 1390/1390 1391/1391 1397/1397 1396/1396
f 1391/1391 1392/1392 1398/1398 1397/1397
f 1392/1392 1393/1393 1399/1399 1398/1398
f 1394/1394 1395/1395 1401/1401 1400/1400
f 1395/1395 1396/1396 1402/1402 1401/1401
f 1396/1396 1397/1397 1403/1403 1402/1402
f 1397/1397 1398/1398 1404/1404 1403/1403
f 1398/1398 1399/1399 1405/1405 1404/1404
f 1400/1400 1401/1401 1407/1407 1406/1406
f 1401/1401 1402/1402 1408/1408 1407/1407
f 1402/1402 1403/1403 1409/1409 1408/1408
f 1403/1403 1404/1404 1410/1410 1409/1409
f 1404/1404 1405/1405 1411/1411 1410/1410
f 1406/1406 1407/1407 1413/1413 1412/1412
f 1407/1407 1408/1408 1414/1414 1413/1413
f 1408/1408 1409/1409 1415/1415 1414/1414
f 1409/1409 1410/1410 1416/1416 1415/1415
f 1410/1410 1411/1411 1417/1417 1416/1416
f 1412/1412 1413/1413 1419/1419 1418/1418
f 1413/1413 1414/1414 1420/1420 1419/1419
f 1414/1414 1415/1415 1421/1421 1420/1420
f 1415/1415 1416/1416 1422/1422 1421/1421
f 1416/1416 1417/1417 1423/1423 1422/1422
f 1418/1418 1419/1419 1425/1425 1424/1424
f 1419/1419 1420/1420 1426/1426 1425/1425
f 1420/1420 1421/1421 1427/1427 1426/1426
f 1421/1421 1422/1422 1428/1428 1427/1427
f 1422/1422 1423/1423 1429/1429 1428/1428
f 1424/1424 1425/1425 1431/1431 1430/1430
f 1425/1425 1426/1426 1432/1432 1431/1431
f 1426/1426 1427/1427 1433/1433 1432/1432
f 1427/1427 1428/1428 1434/1434 1433/1433
f 1428/1428 1429/1429 1435/1435 1434/1434
f 1430/1430 1431/1431 1437/1437 1436/1436
f 1431/1431 1432/1432 1438/1438 1437/1437
f 1432/1432 1433/1433 1439/1439 1438/1438
f 1433/1433 1434/1434 1440/1440 1439/1439
f 1434/1434 1435/1435 1441/1441 1440/1440
f 1436/1436 1437/1437 1443/1443 1442/1442
f 1437/1437 1438/1438 1444/1444 1443/1443
f 1438/1438 1439/1439 1445/1445 1444/1444
f 1439/1439 1440/1440 1446/1446 1445/1445
f 1440/1440 1441/1441 1447/1447 1446/1446
f 1442/1442 1443/1443 1449/1449 1448/1448
f 1443/1443 1444/1444 1450/1450 1449/1449
f 1444/1444 1445/1445 1451/1451 1450/1450
f 1445/1445 1446/1446 1452/1452 1451/1451
f 1446/1446 1447/1447 1453/1453 1452/1452
f 1448/1448 1449/1449 1455/1455 1454/1454
f 1449/1449 1450/1450 1456/1456 1455/1455
f 1450/1450 1451/1451 1457/1457 1456/1456
f 1451/1451 1452/1452 1458/1458 1457/1457
f 1452/1452 1453/1453 1459/1459 1458/1458
f 1454/1454 1455/1455 1461/1461 1460/1460
f 1455/1455 1456/1456 1462/1462 1461/1461
f 1456/1456 1457/1457 1463/1463 1462/1462
f 1457/1457 1458/1458 1464/1464 1463/1463
f 1458/1458 1459/1459 1465/1465 1464/1464
f 1460/1460 1461/1461 1467/1467 1466/1466
f 1461/1461 1462/1462 1468/1468 1467/1467
f 1462/1462 1463/1463 1469/1469 1468/1468
f 1463/1463 1464/1464 1470/1470 1469/1469
f 1464/1464 1465/1465 1471/1471 1470/1470
f 1466/1466 1467/1467 1473/1473 1472/1472
f 1467/1467 1468/1468 1474/1474 1473/1473
f 1468/1468 1469/1469 1475/1475 1474/1474
f 1469/1469 1470/1470 1476/1476 1475/1475
f 1470/1470 1471/1471 1477/1477 1476/1476
f 1478/1478 1479/1479 1485/1485 1484/1484
f 1479/1479 1480/1480 1486/1486 1485/1485
f 1480/1480 1481/1481 1487/1487 1486/1486
f 1481/1481 1482/1482 1488/1488 1487/1487
f 1482/1482 1483/1483 1489/1489 1488/1488
f 1484/1484 1485/1485 1491/1491 1490/1490
f 1485/1485 1486/1486 1492/1492 1491/1491
f 1486/1486 1487/1487 1493/1493 1492/1492
f 1487/1487 1488/1488 1494/1494 1493/1493
f 1488/1488 1489/1489 1495/1495 1494/1494
f 1490/1490 1491/1491 1497/1497 1496/1496
f 1491/1491 1492/1492 1498/1498 1497/1497
f 1492/1492 1493/1493 1499/1499 1498/1498
f 1493/1493 1494/1494 1500/1500 1499/1499
f 1494/1494 1495/1495 1501/1501 1500/1500
f 1496/1496 1497/1497 1503/1503 1502/1502
f 1497/1497 1498/1498 1504/1504 1503/1503
f 1498/1498 1499/1499 1505/1505 1504/1504
f 1499/1499 1500/1500 1506/1506 1505/1505
f 1500/1500 1501/1501 1507/1507 1506/1506
f 1502/1502 1503/1503 1509/1509 1508/1508
f 1503/1503 1504/1504 1510/1510 1509/1509
f 1504/1504 1505/1505 1511/1511 1510/1510
f 1505/1505 1506/1506 1512/1512 1511/1511
f 1506/1506 1507/1507 1513/1513 1512/1512
f 1508/1508 1509/1509 1515/1515 1514/1514
f 1509/1509 1510/1510 1516/1516 1515/1515
f 1510/1510 1511/1511 1517/1517 1516/1516
f 1511/1511 1512/1512 1518/1518 1517/1517
f 1512/1512 1513/1513 1519/1519 1518/1518
f 1514/1514 1515/1515 1521/1521 1520/1520
f 1515/1515 1516/1516 1522/1522 1521/1521
f 1516/1516 1517/1517 1523/1523 1522/1522
f 1517/1517 1518/1518 1524/1524 1523/1523
f 1518/1518 1519/1519 1525/1525 1524/1524
f 1520/1520 1521/1521 1527/1527 1526/1526
f 1521/1521 1522/1522 1528/1528 1527/1527
f 1522/1522 1523/1523 1529/1529 1528/1528
f 1523/1523 1524/1524 1530/1530 1529/1529
f 1524/1524 1525/1525 1531/1531 1530/1530
f 1532/1532 1533/1533 1539/1539 1538/1538
f 1533/1533 1534/1534 1540/1540 1539/1539
f 1534/1534 1535/1535 1541/1541 1540/1540
f 1535/1535 1536/1536 1542/1542 1541/1541
f 1536/1536 1537/1537 1543/1543 1542/1542
f 1538/1538 1539/1539 1545/1545 1544/1544
f 1539/1539 1540/1540 1546/1546 1545/1545
f 1540/1540 1541/1541 1547/1547 1546/1546
f 1541/1541 1542/1542 1548/1548 1547/1547
f 1542/1542 1543/1543 1549/1549 1548/1548
f 1544/1544 1545/1545 1551/1551 1550/1550
f 1545/1545 1546/1546 1552/1552 1551/1551
f 1546/1546 1547/1547 1553/1553 1552/1552
f 1547/1547 1548/1548 1554/1554 1553/1553
f 1548/1548 1549/1549 1555/1555 1554/1554
f 1550/1550 1551/1551 1557/1557 1556/1556
f 1551/1551 1552/1552 1558/1558 1557/1557
f 1552/1552 1553/1553 1559/1559 1558/1558
f 1553/1553 1554/1554 1560/1560 1559/1559
f 1554/1554 1555/1555 1561/1561 1560/1560
f 1556/1556 1557/1557 1563/1563 1562/1562
f 1557/1557 1558/1558 1564/1564 1563/1563
f 1558/1558 1559/1559 1565/1565 1564/1564
f 1559/1559 1560/1560 1566/1566 1565/1565
f 1560/1560 1561/1561 1567/1567 1566/1566
f 1562/1562 1563/1563 1569/1569 1568/1568
f 1563/1563 1564/1564 1570/1570 1569/1569
f 1564/1564 1565/1565 1571/1571 1570/1570
f 1565/1565 1566/1566 1572/1572 1571/1571
f 1566/1566 1567/1567 1573/1573 1572/1572
f 1568/1568 1569/1569 1575/1575 1574/1574
f 1569/1569 1570/1570 1576/1576 1575/1575
f 1570/1570 1571/1571 1577/1577 1576/1576
f 1571/1571 1572/1572 1578/1578 1577/1577
f 1572/1572 1573/1573 1579/1579 1578/1578
f 1574/1574 1575/1575 1581/1581 1580/1580
f 1575/1575 1576/1576 1582/1582 1581/1581
f 1576/1576 1577/1577 1583/1583 1582/1582
f 1577/1577 1578/1578 1584/1584 1583/1583
f 1578/1578 1579/1579 1585/1585 1584/1584
f 1586/1586 1587/1587 1593/1593 1592/1592
f 1587/1587 1588/1588 1594/1594 1593/1593
f 1588/1588 1589/1589 1595/1595 1594/1594
f 1589/1589 1590/1590 1596/1596 1595/1595
f 1590/1590 1591/1591 1597/1597 1596/1596
f 1592/1592 1593/1593 1599/1599 1598/1598
f 1593/1593 1594/1594 1600/1600 1599/1599
f 1594/1594 1595/1595 1601/1601 1600/1600
f 1595/1595 1596/1596 1602/1602 1601/1601
f 1596/1596 1597/1597 1603/1603 1602/1602
f 1598/1598 1599/1599 1605/1605 1604/1604
f 1599/1599 1600/1600 1606/1606 1605/1605
f 1600/1600 1601/1601 1607/1607 1606/1606
f 1601/1601 1602/1602 1608/1608 1607/1607
f 1602/1602 1603/1603 1609/1609 1608/1608
f 1604/1604 1605/1605 1611/1611 1610/1610
f 1605/1605 1606/1606 1612/1612 1611/1611
f 1606/1606 1607/1607 1613/1613 1612/1612
f 1607/1607 1608/1608 1614/1614 1613/1613
f 1608/1608 1609/1609 1615/1615 1614/1614
f 1610/1610 1611/1611 1617/1617 1616/1616
f 1611/1611 1612/1612 1618/1618 1617/1617
f 1612/1612 1613/1613 1619/1619 1618/1618
f 1613/1613 1614/1614 1620/1620 1619/1619
f 1614/1614 1615/1615 1621/1621 1620/1620
f 1616/1616 1617/1617 1623/1623 1622/1622
f 1617/1617 1618/1618 1624/1624 1623/1623
f 1618/1618 1619/1619 1625/1625 1624/1624
f 1619/1619 1620/1620 1626/1626 1625/1625
f 1620/1620 1621/1621 1627/1627 1626/1626
f 1622/1622 1623/1623 1629/1629 1628/1628
f 1623/1623 1624/1624 1630/1630 1629/1629
f 1624/1624 1625/1625 1631/1631 1630/1630
f 1625/1625 1626/1626 1632/1632 1631/1631
f 1626/1626 1627/1627 1633/1633 1632/1632
f 1628/1628 1629/1629 1635/1635 1634/1634
f 1629/1629 1630/1630 1636/1636 1635/1635
f 1630/1630 1631/1631 1637/1637 1636/1636
f 1631/1631 1632/1632 1638/1638 1637/1637
f 1632/1632 1633/1633 1639/1639 1638/1638
f 1634/1634 1635/1635 1641/1641 1640/1640
f 1635/1635 1636/1636 1642/1642 1641/1641
f 1636/1636 1637/1637 1643/1643 1642/1642
f 1637/1637 1638/1638 1644/1644 1643/1643
f 1638/1638 1639/1639 1645/1645 1644/1644
f 1640/1640 1641/1641 1647/1647 1646/1646
f 1641/1641 1642/1642 1648/1648 1647/1647
f 1642/1642 1643/1643 1649/1649 1648/1648
f 1643/1643 1644/1644 1650/1650 1649/1649
f 1644/1644 1645/1645 1651/1651 1650/1650
f 1646/1646 1647/1647 1653/1653 1652/1652
f 1647/1647 1648/1648 1654/1654 1653/1653
f 1648/1648 1649/1649 1655/1655 1654/1654
f 1649/1649 1650/1650 1656/1656 1655/1655
f 1650/1650 1651/1651 1657/1657 1656/1656
f 1652/1652 1653/1653 1659/1659 1658/1658
f 1653/1653 1654/1654 1660/1660 1659/1659
f 1654/1654 1655/1655 1661/1661 1660/1660
f 1655/1655 1656/1656 1662/1662 1661/1661
f 1656/1656 1657/1657 1663/1663 1662/1662
f 1658/1658 1659/1659 1665/1665 1664/1664
f 1659/1659 1660/1660 1666/1666 1665/1665
f 1660/1660 1661/1661 1667/1667 1666/1666
f 1661/1661 1662/1662 1668/1668 1667/1667
f 1662/1662 1663/1663 1669/1669 1668/1668
f 1664/1664 1665/1665 1671/1671 1670/1670
f 1665/1665 1666/1666 1672/1672 1671/1671
f 1666/1666 1667/1667 1673/1673 1672/1672
f 1667/1667 1668/1668 1674/1674 1673/1673
f 1668/1668 1669/1669 1675/1675 1674/1674
f 1670/1670 1671/1671 1677/1677 1676/1676
f 1671/1671 1672/1672 1678/1678 1677/1677
f 1672/1672 1673/1673 1679/1679 1678/1678
f 1673/1673 1674/1674 1680/1680 1679/1679
f 1674/1674 1675/1675 1681/1681 1680/1680
f 1682/1682 1683/1683 1689/1689 1688/1688
f 1683/1683 1684/1684 1690/1690 1689/1689
f 1684/1684 1685/1685 1691/1691 1690/1690
f 1685/1685 1686/1686 1692/1692 1691/1691
f 1686/1686 1687/1687 1693/1693 1692/1692
f 1688/1688 1689/1689 1695/1695 1694/1694
f 1689/1689 1690/1690 1696/1696 1695/1695
f 1690/1690 1691/1691 1697/1697 1696/1696
f 1691/1691 1692/1692 1698/1698 1697/1697
f 1692/1692 1693/1693 1699/1699 1698/1698
f 1694/1694 1695/1695 1701/1701 1700/1700
f 1695/1695 1696/1696 1702/1702 1701/1701
f 1696/1696 1697/1697 1703/1703 1702/1702
f 1697/1697 1698/1698 1704/1704 1703/1703
f 1698/1698 1699/1699 1705/1705 1704/1704
f 1700/1700 1701/1701 1707/1707 1706/1706
f 1701/1701 1702/1702 1708/1708 1707/1707
f 1702/1702 1703/1703 1709/1709 1708/1708
f 1703/1703 1704/1704 1710/1710 1709/1709
f 1704/1704 1705/1705 1711/1711 1710/1710
f 1706/1706 1707/1707 1713/1713 1712/1712
f 1707/1707 1708/1708 1714/1714 1713/1713
f 1708/1708 1709/1709 1715/1715 1714/1714
f 1709/1709 1710/1710 1716/1716 1715/1715
f 1710/1710 1711/1711 1717/1717 1716/1716
f 1712/1712 1713/1713 1719/1719 1718/1718
f 1713/1713 1714/1714 1720/1720 1719/1719
f 1714/1714 1715/1715 1721/1721 1720/1720
f 1715/1715 1716/1716 1722/1722 1721/1721
f 1716/1716 1717/1717 1723/1723 1722/1722
f 1718/1718 1719/1719 1725/1725 1724/1724
f 1719/1719 1720/1720 1726/1726 1725/1725
f 1720/1720 1721/1721 1727/1727 1726/1726
f 1721/1721 1722/1722 1728/1728 1727/1727
f 1722/1722 1723/1723 1729/1729 1728/1728
f 1724/1724 1725/1725 1731/1731 1730/1730
f 1725/1725 1726/1726 1732/1732 1731/1731
f 1726/1726 1727/1727 1733/1733 1732/1732
f 1727/1727 1728/1728 1734/1734 1733/1733
f 1728/1728 1729/1729 1735/1735 1734/1734
f 1730/1730 1731/1731 1737/1737 1736/1736
f 1731/1731 1732/1732 1738/1738 1737/1737
f 1732/1732 1733/1733 1739/1739 1738/1738
f 1733/1733 1734/1734 1740/1740 1739/1739
f 1734/1734 1735/1735 1741/1741 1740/1740
f 1736/1736 1737/1737 1743/1743 1742/1742
f 1737/1737 1738/1738 1744/1744 1743/1743
f 1738/1738 1739/1739 1745/1745 1744/1744
f 1739/1739 1740/1740 1746/1746 1745/1745
f 1740/1740 1741/1741 1747/1747 1746/1746
f 1742/1742 1743/1743 1749/1749 1748/1748
f 1743/1743 1744/1744 1750/1750 1749/1749
f 1744/1744 1745/1745 1751/1751 1750/1750
f 1745/1745 1746/1746 1752/1752 1751/1751
f 1746/1746 1747/1747 1753/1753 1752/1752
f 1748/1748 1749/1749 1755/1755 1754/1754
f 1749/1749 1750/1750 1756/1756 1755/1755
f 1750/1750 1751/1751 1757/1757 1756/1756
f 1751/1751 1752/1752 1758/1758 1757/1757
f 1752/1752 1753/1753 1759/1759 1758/1758
f 1754/1754 1755/1755 1761/1761 1760/1760
f 1755/1755 1756/1756 1762/1762 1761/1761
f 1756/1756 1757/1757 1763/1763 1762/1762
f 1757/1757 1758/1758 1764/1764 1763/1763
f 1758/1758 1759/1759 1765/1765 1764/1764
f 1760/1760 1761/1761 1767/1767 1766/1766
f 1761/1761 1762/1762 1768/1768 1767/1767
f 1762/1762 1763/1763 1769/1769 1768/1768
f 1763/1763 1764/1764 1770/1770 1769/1769
f 1764/1764 1765/1765 1771/1771 1770/1770
f 1766/1766 1767/1767 1773/1773 1772/1772
f 1767/1767 1768/1768 1774/1774 1773/1773
f 1768/1768 1769/1769 1775/1775 1774/1774
f 1769/1769 1770/1770 1776/1776 1775/1775
f 1770/1770 1771/1771 1777/1777 1776/1776
f 1778/1778 1779/1779 1785/1785 1784/1784
f 1779/1779 1780/1780 1786/1786 1785/1785
f 1780/1780 1781/1781 1787/1787 1786/1786
f 1781/1781 1782/1782 1788/1788 1787/1787
f 1782/1782 1783/1783 1789/1789 1788/1788
f 1784/1784 1785/1785 1791/1791 1790/1790
f 1785/1785 1786/1786 1792/1792 1791/1791
f 1786/1786 1787/1787 1793/1793 1792/1792
f 1787/1787 1788/1788 1794/1794 1793/1793
f 1788/1788 1789/1789 1795/1795 1794/1794
f 1790/1790 1791/1791 1797/1797 1796/1796
f 1791/1791 1792/1792 1798/1798 1797/1797
f 1792/1792 1793/1793 1799/1799 1798/1798
f 1793/1793 1794/1794 1800/1800 1799/1799
f 1794/1794 1795/1795 1801/1801 1800/1800
f 1796/1796 1797/1797 1803/1803 1802/1802
f 1797/1797 1798/1798 1804/1804 1803/1803
f 1798/1798 1799/1799 1805/1805 1804/1804
f 1799/1799 1800/1800 1806/1806 1805/1805
f 1800/1800 1801/1801 1807/1807 1806/1806
f 1802/1802 1803/1803 1809/1809 1808/1808
f 1803/1803 1804/1804 1810/1810 1809/1809
f 1804/1804 1805/1805 1811/1811 1810/1810
f 1805/1805 1806/1806 1812/1812 1811/1811
f 1806/1806 1807/1807 1813/1813 1812/1812
f 1808/1808 1809/1809 1815/1815 1814/1814
f 1809/1809 1810/1810 1816/1816 1815/1815
f 1810/1810 1811/1811 1817/1817 1816/1816
f 1811/1811 1812/1812 1818/1818 1817/1817
f 1812/1812 1813/1813 1819/1819 1818/1818
f 1814/1814 1815/1815 1821/1821 1820/1820
f 1815/1815 1816/1816 1822/1822 1821/1821
f 1816/1816 1817/1817 1823/1823 1822/1822
f 1817/1817 1818/1818 1824/1824 1823/1823
f 1818/1818 1819/1819 1825/1825 1824/1824
f 1820/1820 1821/1821 1827/1827 1826/1826
f 1821/1821 1822/1822 1828/1828 1827/1827
f 1822/1822 1823/1823 1829/1829 1828/1828
f 1823/1823 1824/1824 1830/1830 1829/1829
f 1824/1824 1825/1825 1831/1831 1830/1830
f 1826/1826 1827/1827 1833/1833 1832/1832
f 1827/1827 1828/1828 1834/1834 1833/1833
f 1828/1828 1829/1829 1835/1835 1834/1834
f 1829/1829 1830/1830 1836/1836 1835/1835
f 1830/1830 1831/1831 1837/1837 1836/1836
f 1832/1832 1833/1833 1839/1839 1838/1838
f 1833/1833 1834/1834 1840/1840 1839/1839
f 1834/1834 1835/1835 1841/1841 1840/1840
f 1835/1835 1836/1836 1842/1842 1841/1841
f 1836/1836 1837/1837 1843/1843 1842/1842
f 1838/1838 1839/1839 1845/1845 1844/1844
f 1839/1839 1840/1840 1846/1846 1845/1845
f 1840/1840 1841/1841 1847/1847 1846/1846
f 1841/1841 1842/1842 1848/1848 1847/1847
f 1842/1842 1843/1843 1849/1849 1848/1848
f 1844/1844 1845/1845 1851/1851 1850/1850
f 1845/1845 1846/1846 1852/1852 1851/1851
f 1846/1846 1847/1847 1853/1853 1852/1852
f 1847/1847 1848/1848 1854/1854 1853/1853
f 1848/1848 1849/1849 1855/1855 1854/1854
f 1850/1850 1851/1851 1857/1857 1856/1856
f 1851/1851 1852/1852 1858/1858 1857/1857
f 1852/1852 1853/1853 1859/1859 1858/1858
f 1853/1853 1854/1854 1860/1860 1859/1859
f 1854/1854 1855/1855 1861/1861 1860/1860
f 1856/1856 1857/1857 1863/1863 1862/1862
f 1857/1857 1858/1858 1864/1864 1863/1863
f 1858/1858 1859/1859 1865/1865 1864/1864
f 1859/1859 1860/1860 1866/1866 1865/1865
f 1860/1860 1861/1861 1867/1867 1866/1866
f 1868/1868 1869/1869 1875/1875 1874/1874
f 1869/1869 1870/1870 1876/1876 1875/1875
f 1870/1870 1871/1871 1877/1877 1876/1876
f 1871/1871 1872/1872 1878/1878 1877/1877
f 1872/1872 1873/1873 1879/1879 1878/1878
f 1874/1874 1875/1875 1881/1881 1880/1880
f 1875/1875 1876/1876 1882/1882 1881/1881
f 1876/1876 1877/1877 1883/1883 1882/1882
f 1877/1877 1878/1878 1884/1884 1883/1883
f 1878/1878 1879/1879 1885/1885 1884/1884
f 1880/1880 1881/1881 1887/1887 1886/1886
f 1881/1881 1882/1882 1888/1888 1887/1887
f 1882/1882 1883/1883 1889/1889 1888/1888
f 1883/1883 1884/1884 1890/1890 1889/1889
f 1884/1884 1885/1885 1891/1891 1890/1890
f 1886/1886 1887/1887 1893/1893 1892/1892
f 1887/1887 1888/1888 1894/1894 1893/1893
f 1888/1888 1889/1889 1895/1895 1894/1894
f 1889/1889 1890/1890 1896/1896 1895/1895
f 1890/1890 1891/1891 1897/1897 1896/1896
f 1892/1892 1893/1893 1899/1899 1898/1898
f 1893/1893 1894/1894 1900/1900 1899/1899
f 1894/1894 1895/1895 1901/1901 1900/1900
f 1895/1895 1896/1896 1902/1902 1901/1901
f 1896/1896 1897/1897 1903/1903 1902/1902
f 1898/1898 1899/1899 1905/1905 1904/1904
f 1899/1899 1900/1900 1906/1906 1905/1905
f 1900/1900 1901/1901 1907/1907 1906/1906
f 1901/1901 1902/1902 1908/1908 1907/1907
f 1902/1902 1903/1903 1909/1909 1908/1908
f 1904/1904 1905/1905 1911/1911 1910/1910
f 1905/1905 1906/1906 1912/1912 1911/1911
f 1906/1906 1907/1907 1913/1913 1912/1912
f 1907/1907 1908/1908 1914/1914 1913/1913
f 1908/1908 1909/1909 1915/1915 1914/1914
f 1910/1910 1911/1911 1917/1917 1916/1916
f 1911/1911 1912/1912 1918/1918 1917/1917
f 1912/1912 1913/1913 1919/1919 1918/1918
f 1913/1913 1914/1914 1920/1920 1919/1919
f 1914/1914 1915/1915 1921/1921 1920/1920
f 1916/1916 1917/1917 1923/1923 1922/1922
f 1917/1917 1918/1918 1924/1924 1923/1923
f 1918/1918 1919/1919 1925/1925 1924/1924
f 1919/1919 1920/1920 1926/1926 1925/1925
f 1920/1920 1921/1921 1927/1927 1926/1926
f 1922/1922 1923/1923 1929/1929 1928/1928
f 1923/1923 1924/1924 1930/1930 1929/1929
f 1924/1924 1925/1925 1931/1931 1930/1930
f 1925/1925 1926/1926 1932/1932 1931/1931
f 1926/1926 1927/1927 1933/1933 1932/1932
f 1928/1928 1929/1929 1935/1935 1934/1934
f 1929/1929 1930/1930 1936/1936 1935/1935
f 1930/1930 1931/1931 1937/1937 1936/1936
f 1931/1931 1932/1932 1938/1938 1937/1937
f 1932/1932 1933/1933 1939/1939 1938/1938
f 1934/1934 1935/1935 1941/1941 1940/1940
f 1935/1935 1936/1936 1942/1942 1941/1941
f 1936/1936 1937/1937 1943/1943 1942/1942
f 1937/1937 1938/1938 1944/1944 1943/1943
f 1938/1938 1939/1939 1945/1945 1944/1944
f 1940/1940 1941/1941 1947/1947 1946/1946
f 1941/1941 1942/1942 1948/1948 1947/1947
f 1942/1942 1943/1943 1949/1949 1948/1948
f 1943/1943 1944/1944 1950/1950 1949/1949
f 1944/1944 1945/1945 1951/1951 1950/1950
f 1946/1946 1947/1947 1953/1953 1952/1952
f 1947/1947 1948/1948 1954/1954 1953/1953
f 1948/1948 1949/1949 1955/1955 1954/1954
f 1949/1949 1950/1950 1956/1956 1955/1955
f 1950/1950 1951/1951 1957/1957 1956/1956
f 1952/1952 1953/1953 1959/1959 1958/1958
f 1953/1953 1954/1954 1960/1960 1959/1959
f 1954/1954 1955/1955 1961/1961 1960/1960
f 1955/1955 1956/1956 1962/1962 1961/1961
f 1956/1956 1957/1957 1963/1963 1962/1962
f 1958/1958 1959/1959 1965/1965 1964/1964
f 1959/1959 1960/1960 1966/1966 1965/1965
f 1960/1960 1961/1961 1967/1967 1966/1966
f 1961/1961 1962/1962 1968/1968 1967/1967
f 1962/1962 1963/1963 1969/1969 1968/1968
f 1964/1964 1965/1965 1971/1971 1970/1970
f 1965/1965 1966/1966 1972/1972 1971/1971
f 1966/1966 1967/1967 1973/1973 1972/1972
f 1967/1967 1968/1968 1974/1974 1973/1973
f 1968/1968 1969/1969 1975/1975 1974/1974
f 1970/1970 1971/1971 1977/1977 1976/1976
f 1971/1971 1972/1972 1978/1978 1977/1977
f 1972/1972 1973/1973 1979/1979 1978/1978
f 1973/1973 1974/1974 1980/1980 1979/1979
f 1974/1974 1975/1975 1981/1981 1980/1980
f 1976/1976 1977/1977 1983/1983 1982/1982
f 1977/1977 1978/1978 1984/1984 1983/1983
f 1978/1978 1979/1979 1985/1985 1984/1984
f 1979/1979 1980/1980 1986/1986 1985/1985
f 1980/1980 1981/1981 1987/1987 1986/1986
f 1982/1982 1983/1983 1989/1989 1988/1988
f 1983/1983 1984/1984 1990/1990 1989/1989
f 1984/1984 1985/1985 1991/1991 1990/1990
f 1985/1985 1986/1986 1992/1992 1991/1991
f 1986/1986 1987/1987 1993/1993 1992/1992
f 1988/1988 1989/1989 1995/1995 1994/1994
f 1989/1989 1990/1990 1996/1996 1995/1995
f 1990/1990 1991/1991 1997/1997 1996/1996
f 1991/1991 1992/1992 1998/1998 1997/1997
f 1992/1992 1993/1993 1999/1999 1998/1998
f 1994/1994 1995/1995 2001/2001 2000/2000
f 1995/1995 1996/1996 2002/2002 2001/2001
f 1996/1996 1997/1997 2003/2003 2002/2002
f 1997/1997 1998/1998 2004/2004 2003/2003
f 1998/1998 1999/1999 2005/2005 2004/2004
f 2006/2006 2007/2007 2013/2013 2012/2012
f 2007/2007 2008/2008 2014/2014 2013/2013
f 2008/2008 2009/2009 2015/2015 2014/2014
f 2009/2009 2010/2010 2016/2016 2015/2015
f 2010/2010 2011/2011 2017/2017 2016/2016
f 2012/2012 2013/2013 2019/2019 2018/2018
f 2013/2013 2014/2014 2020/2020 2019/2019
f 2014/2014 2015/2015 2021/2021 2020/2020
f 2015/2015 2016/2016 2022/2022 2021/2021
f 2016/2016 2017/2017 2023/2023 2022/2022
f 2018/2018 2019/2019 2025/2025 2024/2024
f 2019/2019 2020/2020 2026/2026 2025/2025
f 2020/2020 2021/2021 2027/2027 2026/2026
f 2021/2021 2022/2022 2028/2028 2027/2027
f 2022/2022 2023/2023 2029/2029 2028/2028
f 2024/2024 2025/2025 2031/2031 2030/2030
f 2025/2025 2026/2026 2032/2032 2031/2031
f 2026/2026 2027/2027 2033/2033 2032/2032
f 2027/2027 2028/2028 2034/2034 2033/2033
f 2028/2028 2029/2029 2035/2035 2034/2034
f 2030/2030 2031/2031 2037/2037 2036/2036
f 2031/2031 2032/2032 2038/2038 2037/2037
f 2032/2032 2033/2033 2039/2039 2038/2038
f 2033/2033 2034/2034 2040/2040 2039/2039
f 2034/2034 2035/2035 2041/2041 2040/2040
f 2036/2036 2037/2037 2043/2043 2042/2042
f 2037/2037 2038/2038 2044/2044 2043/2043
f 2038/2038 2039/2039 2045/2045 2044/2044
f 2039/2039 2040/2040 2046/2046 2045/2045
f 2040/2040 2041/2041 2047/2047 2046/2046
f 2042/2042 2043/2043 2049/2049 2048/2048
f 2043/2043 2044/2044 2050/2050 2049/2049
f 2044/2044 2045/2045 2051/2051 2050/2050
f 2045/2045 2046/2046 2052/2052 2051/2051
f 2046/2046 2047/2047 2053/2053 2052/2052
f 2048/2048 2049/2049 2055/2055 2054/2054
f 2049/2049 2050/2050 2056/2056 2055/2055
f 2050/2050 2051/2051 2057/2057 2056/2056
f 2051/2051 2052/2052 2058/2058 2057/2057
f 2052/2052 2053/2053 2059/2059 2058/2058
f 2054/2054 2055/2055 2061/2061 2060/2060
f 2055/2055 2056/2056 2062/2062 2061/2061
f 2056/2056 2057/2057 2063/2063 2062/2062
f 2057/2057 2058/2058 2064/2064 2063/2063
f 2058/2058 2059/2059 2065/2065 2064/2064
f 2060/2060 2061/2061 2067/2067 2066/2066
f 2061/2061 2062/2062 2068/2068 2067/2067
f 2062/2062 2063/2063 2069/2069 2068/2068
f 2063/2063 2064/2064 2070/2070 2069/2069
f 2064/2064 2065/2065 2071/2071 2070/2070
f 2066/2066 2067/2067 2073/2073 2072/2072
f 2067/2067 2068/2068 2074/2074 2073/2073
f 2068/2068 2069/2069 2075/2075 2074/2074
f 2069/2069 2070/2070 2076/2076 2075/2075
f 2070/2070 2071/2071 2077/2077 2076/2076
f 2072/2072 2073/2073 2079/2079 2078/2078
f 2073/2073 2074/2074 2080/2080 2079/2079
f 2074/2074 2075/2075 2081/2081 2080/2080
f 2075/2075 2076/2076 2082/2082 2081/2081
f 2076/2076 2077/2077 2083/2083 2082/2082
f 2078/2078 2079/2079 2085/2085 2084/2084
f 2079/2079 2080/2080 2086/2086 2085/2085
f 2080/2080 2081/2081 2087/2087 2086/2086
f 2081/2081 2082/2082 2088/2088 2087/2087
f 2082/2082 2083/2083 2089/2089 2088/2088
f 2084/2084 2085/2085 2091/2091 2090/2090
f 2085/2085 2086/2086 2092/2092 2091/2091
f 2086/2086 2087/2087 2093/2093 2092/2092
f 2087/2087 2088/2088 2094/2094 2093/2093
f 2088/2088 2089/2089 2095/2095 2094/2094
f 2090/2090 2091/2091 2097/2097 2096/2096
f 2091/2091 2092/2092 2098/2098 2097/2097
f 2092/2092 2093/2093 2099/2099 2098/2098
f 2093/2093 2094/2094 2100/2100 2099/2099
f 2094/2094 2095/2095 2101/2101 2100/2100
f 2096/2096 2097/2097 2103/2103 2102/2102
f 2097/2097 2098/2098 2104/2104 2103/2103
f 2098/2098 2099/2099 2105/2105 2104/2104
f 2099/2099 2100/2100 2106/2106 2105/2105
f 2100/2100 2101/2101 2107/2107 2106/2106
f 2102/2102 2103/2103 2109/2109 2108/2108
f 2103/2103 2104/2104 2110/2110 2109/2109
f 2104/2104 2105/2105 2111/2111 2110/2110
f 2105/2105 2106/2106 2112/2112 2111/2111
f 2106/2106 2107/2107 2113/2113 2112/2112
f 2108/2108 2109/2109 2115/2115 2114/2114
f 2109/2109 2110/2110 2116/2116 2115/2115
f 2110/2110 2111/2111 2117/2117 2116/2116
f 2111/2111 2112/2112 2118/2118 2117/2117
f 2112/2112 2113/2113 2119/2119 2118/2118
f 2120/2120 2121/2121 2127/2127 2126/2126
f 2121/2121 2122/2122 2128/2128 2127/2127
f 2122/2122 2123/2123 2129/2129 2128/2128
f 2123/2123 2124/2124 2130/2130 2129/2129
f 2124/2124 2125/2125 2131/2131 2130/2130
f 2126/2126 2127/2127 2133/2133 2132/2132
f 2127/2127 2128/2128 2134/2134 2133/2133
f 2128/2128 2129/2129 2135/2135 2134/2134
f 2129/2129 2130/2130 2136/2136 2135/2135
f 2130/2130 2131/2131 2137/2137 2136/2136
f 2132/2132 2133/2133 2139/2139 2138/2138
f 2133/2133 2134/2134 2140/2140 2139/2139
f 2134/2134 2135/2135 2141/2141 2140/2140
f 2135/2135 2136/2136 2142/2142 2141/2141
f 2136/2136 2137/2137 2143/2143 2142/2142
f 2138/2138 2139/2139 2145/2145 2144/2144
f 2139/2139 2140/2140 2146/2146 2145/2145
f 2140/2140 2141/2141 2147/2147 2146/2146
f 2141/2141 2142/2142 2148/2148 2147/2147
f 2142/2142 2143/2143 2149/2149 2148/2148
f 2144/2144 2145/2145 2151/2151 2150/2150
f 2145/2145 2146/2146 2152/2152 2151/2151
f 2146/2146 2147/2147 2153/2153 2152/2152
f 2147/2147 2148/2148 2154/2154 2153/2153
f 2148/2148 2149/2149 2155/2155 2154/2154
f 2150/2150 2151/2151 2157/2157 2156/2156
f 2151/2151 2152/2152 2158/2158 2157/2157
f 2152/2152 2153/2153 2159/2159 2158/2158
f 2153/2153 2154/2154 2160/2160 2159/2159
f 2154/2154 2155/2155 2161/2161 2160/2160
f 2156/2156 2157/2157 2163/2163 2162/2162
f 2157/2157 2158/2158 2164/2164 2163/2163
f 2158/2158 2159/2159 2165/2165 2164/2164
f 2159/2159 2160/2160 2166/2166 2165/2165
f 2160/2160 2161/2161 2167/2167 2166/2166
f 2162/2162 2163/2163 2169/2169 2168/2168
f 2163/2163 2164/2164 2170/2170 2169/2169
f 2164/2164 2165/2165 2171/2171 2170/2170
f 2165/2165 2166/2166 2172/2172 2171/2171
f 2166/2166 2167/2167 2173/2173 2172/2172
f 2168/2168 2169/2169 2175/2175 2174/2174
f 2169/2169 2170/2170 2176/2176 2175/2175
f 2170/2170 2171/2171 2177/2177 2176/2176
f 2171/2171 2172/2172 2178/2178 2177/2177
f 2172/2172 2173/2173 2179/2179 2178/2178
f 2174/2174 2175/2175 2181/2181 2180/2180
f 2175/2175 2176/2176 2182/2182 2181/2181
f 2176/2176 2177/2177 2183/2183 2182/2182
f 2177/2177 2178/2178 2184/2184 2183/2183
f 2178/2178 2179/2179 2185/2185 2184/2184
f 2180/2180 2181/2181 2187/2187 2186/2186
f 2181/2181 2182/2182 2188/2188 2187/2187
f 2182/2182 2183/2183 2189/2189 2188/2188
f 2183/2183 2184/2184 2190/2190 2189/2189
f 2184/2184 2185/2185 2191/2191 2190/2190
f 2186/2186 2187/2187 2193/2193 2192/2192
f 2187/2187 2188/2188 2194/2194 2193/2193
f 2188/2188 2189/2189 2195/2195 2194/2194
f 2189/2189 2190/2190 2196/2196 2195/2195
f 2190/2190 2191/2191 2197/2197 2196/2196
f 2192/2192 2193/2193 2199/2199 2198/2198
f 2193/2193 2194/2194 2200/2200 2199/2199
f 2194/2194 2195/2195 2201/2201 2200/2200
f 2195/2195 2196/2196 2202/2202 2201/2201
f 2196/2196 2197/2197 2203/2203 2202/2202
f 2198/2198 2199/2199 2205/2205 2204/2204
f 2199/2199 2200/2200 2206/2206 2205/2205
f 2200/2200 2201/2201 2207/2207 2206/2206
f 2201/2201 2202/2202 2208/2208 2207/2207
f 2202/2202 2203/2203 2209/2209 2208/2208
f 2204/2204 2205/2205 2211/2211 2210/2210
f 2205/2205 2206/2206 2212/2212 2211/2211
f 2206/2206 2207/2207 2213/2213 2212/2212
f 2207/2207 2208/2208 2214/2214 2213/2213
f 2208/2208 2209/2209 2215/2215 2214/2214
f 2210/2210 2211/2211 2217/2217 2216/2216
f 2211/2211 2212/2212 2218/2218 2217/2217
f 2212/2212 2213/2213 2219/2219 2218/2218
f 2213/2213 2214/2214 2220/2220 2219/2219
f 2214/2214 2215/2215 2221/2221 2220/2220
f 2216/2216 2217/2217 2223/2223 2222/2222
f 2217/2217 2218/2218 2224/2224 2223/2223
f 2218/2218 2219/2219 2225/2225 2224/2224
f 2219/2219 2220/2220 2226/2226 2225/2225
f 2220/2220 2221/2221 2227/2227 2226/2226
f 2222/2222 2223/2223 2229/2229 2228/2228
f 2223/2223 2224/2224 2230/2230 2229/2229
f 2224/2224 2225/2225 2231/2231 2230/2230
f 2225/2225 2226/2226 2232/2232 2231/2231
f 2226/2226 2227/2227 2233/2233 2232/2232
f 2228/2228 2229/2229 2235/2235 2234/2234
f 2229/2229 2230/2230 2236/2236 2235/2235
f 2230/2230 2231/2231 2237/2237 2236/2236
f 2231/2231 2232/2232 2238/2238 2237/2237
f 2232/2232 2233/2233 2239/2239 2238/2238
f 2240/2240 2241/2241 2247/2247 2246/2246
f 2241/2241 2242/2242 2248/2248 2247/2247
f 2242/2242 2243/2243 2249/2249 2248/2248
f 2243/2243 2244/2244 2250/2250 2249/2249
f 2244/2244 2245/2245 2251/2251 2250/2250
f 2246/2246 2247/2247 2253/2253 2252/2252
f 2247/2247 2248/2248 2254/2254 2253/2253
f 2248/2248 2249/2249 2255/2255 2254/2254
f 2249/2249 2250/2250 2256/2256 2255/2255
f 2250/2250 2251/2251 2257/2257 2256/2256
f 2252/2252 2253/2253 2259/2259 2258/2258
f 2253/2253 2254/2254 2260/2260 2259/2259
f 2254/2254 2255/2255 2261/2261 2260/2260
f 2255/2255 2256/2256 2262/2262 2261/2261
f 2256/2256 2257/2257 2263/2263 2262/2262
f 2258/2258 2259/2259 2265/2265 2264/2264
f 2259/2259 2260/2260 2266/2266 2265/2265
f 2260/2260 2261/2261 2267/2267 2266/2266
f 2261/2261 2262/2262 2268/2268 2267/2267
f 2262/2262 2263/2263 2269/2269 2268/2268
f 2264/2264 2265/2265 2271/2271 2270/2270
f 2265/2265 2266/2266 2272/2272 2271/2271
f 2266/2266 2267/2267 2273/2273 2272/2272
f 2267/2267 2268/2268 2274/2274 2273/2273
f 2268/2268 2269/2269 2275/2275 2274/2274
f 2270/2270 2271/2271 2277/2277 2276/2276
f 2271/2271 2272/2272 2278/2278 2277/2277
f 2272/2272 2273/2273 2279/2279 2278/2278
f 2273/2273 2274/2274 2280/2280 2279/2279
f 2274/2274 2275/2275 2281/2281 2280/2280
f 2276/2276 2277/2277 2283/2283 2282/2282
f 2277/2277 2278/2278 2284/2284 2283/2283
f 2278/2278 2279/2279 2285/2285 2284/2284
f 2279/2279 2280/2280 2286/2286 2285/2285
f 2280/2280 2281/2281 2287/2287 2286/2286
f 2282/2282 2283/2283 2289/2289 2288/2288
f 2283/2283 2284/2284 2290/2290 2289/2289
f 2284/2284 2285/2285 2291/2291 2290/2290
f 2285/2285 2286/2286 2292/2292 2291/2291
f 2286/2286 2287/2287 2293/2293 2292/2292
f 2288/2288 2289/2289 2295/2295 2294/2294
f 2289/2289 2290/2290 2296/2296 2295/2295
f 2290/2290 2291/2291 2297/2297 2296/2296
f 2291/2291 2292/2292 2298/2298 2297/2297
f 2292/2292 2293/2293 2299/2299 2298/2298
f 2294/2294 2295/2295 2301/2301 2300/2300
f 2295/2295 2296/2296 2302/2302 2301/2301
f 2296/2296 2297/2297 2303/2303 2302/2302
f 2297/2297 2298/2298 2304/2304 2303/2303
f 2298/2298 2299/2299 2305/2305 2304/2304
f 2306/2306 2307/2307 2313/2313 2312/2312
f 2307/2307 2308/2308 2314/2314 2313/2313
f 2308/2308 2309/2309 2315/2315 2314/2314
f 2309/2309 2310/2310 2316/2316 2315/2315
f 2310/2310 2311/2311 2317/2317 2316/2316
f 2312/2312 2313/2313 2319/2319 2318/2318
f 2313/2313 2314/2314 2320/2320 2319/2319
f 2314/2314 2315/2315 2321/2321 2320/2320
f 2315/2315 2316/2316 2322/2322 2321/2321
f 2316/2316 2317/2317 2323/2323 2322/2322
f 2318/2318 2319/2319 2325/2325 2324/2324
f 2319/2319 2320/2320 2326/2326 2325/2325
f 2320/2320 2321/2321 2327/2327 2326/2326
f 2321/2321 2322/2322 2328/2328 2327/2327
f 2322/2322 2323/2323 2329/2329 2328/2328
f 2324/2324 2325/2325 2331/2331 2330/2330
f 2325/2325 2326/2326 2332/2332 2331/2331
f 2326/2326 2327/2327 2333/2333 2332/2332
f 2327/2327 2328/2328 2334/2334 2333/2333
f 2328/2328 2329/2329 2335/2335 2334/2334
f 2330/2330 2331/2331 2337/2337 2336/2336
f 2331/2331 2332/2332 2338/2338 2337/2337
f 2332/2332 2333/2333 2339/2339 2338/2338
f 2333/2333 2334/2334 2340/2340 2339/2339
f 2334/2334 2335/2335 2341/2341 2340/2340
f 2336/2336 2337/2337 2343/2343 2342/2342
f 2337/2337 2338/2338 2344/2344 2343/2343
f 2338/2338 2339/2339 2345/2345 2344/2344
f 2339/2339 2340/2340 2346/2346 2345/2345
f 2340/2340 2341/2341 2347/2347 2346/2346
f 2342/2342 2343/2343 2349/2349 2348/2348
f 2343/2343 2344/2344 2350/2350 2349/2349
f 2344/2344 2345/2345 2351/2351 2350/2350
f 2345/2345 2346/2346 2352/2352 2351/2351
f 2346/2346 2347/2347 2353/2353 2352/2352
f 2348/2348 2349/2349 2355/2355 2354/2354
f 2349/2349 2350/2350 2356/2356 2355/2355
f 2350/2350 2351/2351 2357/2357 2356/2356
f 2351/2351 2352/2352 2358/2358 2357/2357
f 2352/2352 2353/2353 2359/2359 2358/2358
f 2354/2354 2355/2355 2361/2361 2360/2360
f 2355/2355 2356/2356 2362/2362 2361/2361
f 2356/2356 2357/2357 2363/2363 2362/2362
f 2357/2357 2358/2358 2364/2364 2363/2363
f 2358/2358 2359/2359 2365/2365 2364/2364
f 2360/2360 2361/2361 2367/2367 2366/2366
f 2361/2361 2362/2362 2368/2368 2367/2367
f 2362/2362 2363/2363 2369/2369 2368/2368
f 2363/2363 2364/2364 2370/2370 2369/2369
f 2364/2364 2365/2365 2371/2371 2370/2370
f 2366/2366 2367/2367 2373/2373 2372/2372
f 2367/2367 2368/2368 2374/2374 2373/2373
f 2368/2368 2369/2369 2375/2375 2374/2374
f 2369/2369 2370/2370 2376/2376 2375/2375
f 2370/2370 2371/2371 2377/2377 2376/2376
f 2372/2372 2373/2373 2379/2379 2378/2378
f 2373/2373 2374/2374 2380/2380 2379/2379
f 2374/2374 2375/2375 2381/2381 2380/2380
f 2375/2375 2376/2376 2382/2382 2381/2381
f 2376/2376 2377/2377 2383/2383 2382/2382
f 2378/2378 2379/2379 2385/2385 2384/2384
f 2379/2379 2380/2380 2386/2386 2385/2385
f 2380/2380 2381/2381 2387/2387 2386/2386
f 2381/2381 2382/2382 2388/2388 2387/2387
f 2382/2382 2383/2383 2389/2389 2388/2388
f 2384/2384 2385/2385 2391/2391 2390/2390
f 2385/2385 2386/2386 2392/2392 2391/2391
f 2386/2386 2387/2387 2393/2393 2392/2392
f 2387/2387 2388/2388 2394/2394 2393/2393
f 2388/2388 2389/2389 2395/2395 2394/2394
f 2390/2390 2391/2391 2397/2397 2396/2396
f 2391/2391 2392/2392 2398/2398 2397/2397
f 2392/2392 2393/2393 2399/2399 2398/2398
f 2393/2393 2394/2394 2400/2400 2399/2399
f 2394/2394 2395/2395 2401/2401 2400/2400
f 2396/2396 2397/2397 2403/2403 2402/2402
f 2397/2397 2398/2398 2404/2404 2403/2403
f 2398/2398 2399/2399 2405/2405 2404/2404
f 2399/2399 2400/2400 2406/2406 2405/2405
f 2400/2400 2401/2401 2407/2407 2406/2406
f 2402/2402 2403/2403 2409/2409 2408/2408
f 2403/2403 2404/2404 2410/2410 2409/2409
f 2404/2404 2405/2405 2411/2411 2410/2410
f 2405/2405 2406/2406 2412/2412 2411/2411
f 2406/2406 2407/2407 2413/2413 2412/2412
f 2408/2408 2409/2409 2415/2415 2414/2414
f 2409/2409 2410/2410 2416/2416 2415/2415
f 2410/2410 2411/2411 2417/2417 2416/2416
f 2411/2411 2412/2412 2418/2418 2417/2417
f 2412/2412 2413/2413 2419/2419 2418/2418
f 2414/2414 2415/2415 2421/2421 2420/2420
f 2415/2415 2416/2416 2422/2422 2421/2421
f 2416/2416 2417/2417 2423/2423 2422/2422
f 2417/2417 2418/2418 2424/2424 2423/2423
f 2418/2418 2419/2419 2425/2425 2424/2424
f 2420/2420 2421/2421 2427/2427 2426/2426
f 2421/2421 2422/2422 2428/2428 2427/2427
f 2422/2422 2423/2423 2429/2429 2428/2428
f 2423/2423 2424/2424 2430/2430 2429/2429
f 2424/2424 2425/2425 2431/2431 2430/2430
f 2426/2426 2427/2427 2433/2433 2432/2432
f 2427/2427 2428/2428 2434/2434 2433/2433
f 2428/2428 2429/2429 2435/2435 2434/2434
f 2429/2429 2430/2430 2436/2436 2435/2435
f 2430/2430 2431/2431 2437/2437 2436/2436
f 2432/2432 2433/2433 2439/2439 2438/2438
f 2433/2433 2434/2434 2440/2440 2439/2439
f 2434/2434 2435/2435 2441/2441 2440/2440
f 2435/2435 2436/2436 2442/2442 2441/2441
f 2436/2436 2437/2437 2443/2443 2442/2442
f 2438/2438 2439/2439 2445/2445 2444/2444
f 2439/2439 2440/2440 2446/2446 2445/2445
f 2440/2440 2441/2441 2447/2447 2446/2446
f 2441/2441 2442/2442 2448/2448 2447/2447
f 2442/2442 2443/2443 2449/2449 2448/2448
f 2450/2450 2451/2451 2457/2457 2456/2456
f 2451/2451 2452/2452 2458/2458 2457/2457
f 2452/2452 2453/2453 2459/2459 2458/2458
f 2453/2453 2454/2454 2460/2460 2459/2459
f 2454/2454 2455/2455 2461/2461 2460/2460
f 2456/2456 2457/2457 2463/2463 2462/2462
f 2457/2457 2458/2458 2464/2464 2463/2463
f 2458/2458 2459/2459 2465/2465 2464/2464
f 2459/2459 2460/2460 2466/2466 2465/2465
f 2460/2460 2461/2461 2467/2467 2466/2466
f 2462/2462 2463/2463 2469/2469 2468/2468
f 2463/2463 2464/2464 2470/2470 2469/2469
f 2464/2464 2465/2465 2471/2471 2470/2470
f 2465/2465 2466/2466 2472/2472 2471/2471
f 2466/2466 2467/2467 2473/2473 2472/2472
f 2468/2468 2469/2469 2475/2475 2474/2474
f 2469/2469 2470/2470 2476/2476 2475/2475
f 2470/2470 2471/2471 2477/2477 2476/2476
f 2471/2471 2472/2472 2478/2478 2477/2477
f 2472/2472 2473/2473 2479/2479 2478/2478
f 2474/2474 2475/2475 2481/2481 2480/2480
f 2475/2475 2476/2476 2482/2482 2481/2481
f 2476/2476 2477/2477 2483/2483 2482/2482
f 2477/2477 2478/2478 2484/2484 2483/2483
f 2478/2478 2479/2479 2485/2485 2484/2484
f 2480/2480 2481/2481 2487/2487 2486/2486
f 2481/2481 2482/2482 2488/2488 2487/2487
f 2482/2482 2483/2483 2489/2489 2488/2488
f 2483/2483 2484/2484 2490/2490 2489/2489
f 2484/2484 2485/2485 2491/2491 2490/2490
f 2486/2486 2487/2487 2493/2493 2492/2492
f 2487/2487 2488/2488 2494/2494 2493/2493
f 2488/2488 2489/2489 2495/2495 2494/2494
f 2489/2489 2490/2490 2496/2496 2495/2495
f 2490/2490 2491/2491 2497/2497 2496/2496
f 2492/2492 2493/2493 2499/2499 2498/2498
f 2493/2493 2494/2494 2500/2500 2499/2499
f 2494/2494 2495/2495 2501/2501 2500/2500
f 2495/2495 2496/2496 2502/2502 2501/2501
f 2496/2496 2497/2497 2503/2503 2502/2502
f 2498/2498 2499/2499 2505/2505 2504/2504
f 2499/2499 2500/2500 2506/2506 2505/2505
f 2500/2500 2501/2501 2507/2507 2506/2506
f 2501/2501 2502/2502 2508/2508 2507/2507
f 2502/2502 2503/2503 2509/2509 2508/2508
f 2504/2504 2505/2505 2511/2511 2510/2510
f 2505/2505 2506/2506 2512/2512 2511/2511
f 2506/2506 2507/2507 2513/2513 2512/2512
f 2507/2507 2508/2508 2514/2514 2513/2513
f 2508/2508 2509/2509 2515/2515 2514/2514
f 2510/2510 2511/2511 2517/2517 2516/2516
f 2511/2511 2512/2512 2518/2518 2517/2517
f 2512/2512 2513/2513 2519/2519 2518/2518
f 2513/2513 2514/2514 2520/2520 2519/2519
f 2514/2514 2515/2515 2521/2521 2520/2520
f 2516/2516 2517/2517 2523/2523 2522/2522
f 2517/2517 2518/2518 2524/2524 2523/2523
f 2518/2518 2519/2519 2525/2525 2524/2524
f 2519/2519 2520/2520 2526/2526 2525/2525
f 2520/2520 2521/2521 2527/2527 2526/2526
f 2522/2522 2523/2523 2529/2529 2528/2528
f 2523/2523 2524/2524 2530/2530 2529/2529
f 2524/2524 2525/2525 2531/2531 2530/2530
f 2525/2525 2526/2526 2532/2532 2531/2531
f 2526/2526 2527/2527 2533/2533 2532/2532
f 2528/2528 2529/2529 2535/2535 2534/2534
f 2529/2529 2530/2530 2536/2536 2535/2535
f 2530/2530 2531/2531 2537/2537 2536/2536
f 2531/2531 2532/2532 2538/2538 2537/2537
f 2532/2532 2533/2533 2539/2539 2538/2538
f 2534/2534 2535/2535 2541/2541 2540/2540
f 2535/2535 2536/2536 2542/2542 2541/2541
f 2536/2536 2537/2537 2543/2543 2542/2542
f 2537/2537 2538/2538 2544/2544 2543/2543
f 2538/2538 2539/2539 2545/2545 2544/2544
f 2540/2540 2541/2541 2547/2547 2546/2546
f 2541/2541 2542/2542 2548/2548 2547/2547
f 2542/2542 2543/2543 2549/2549 2548/2548
f 2543/2543 2544/2544 2550/2550 2549/2549
f 2544/2544 2545/2545 2551/2551 2550/2550
f 2546/2546 2547/2547 2553/2553 2552/2552
f 2547/2547 2548/2548 2554/2554 2553/2553
f 2548/2548 2549/2549 2555/2555 2554/2554
f 2549/2549 2550/2550 2556/2556 2555/2555
f 2550/2550 2551/2551 2557/2557 2556/2556
f 2552/2552 2553/2553 2559/2559 2558/2558
f 2553/2553 2554/2554 2560/2560 2559/2559
f 2554/2554 2555/2555 2561/2561 2560/2560
f 2555/2555 2556/2556 2562/2562 2561/2561
f 2556/2556 2557/2557 2563/2563 2562/2562
f 2558/2558 2559/2559 2565/2565 2564/2564
f 2559/2559 2560/2560 2566/2566 2565/2565
f 2560/2560 2561/2561 2567/2567 2566/2566
f 2561/2561 2562/2562 2568/2568 2567/2567
f 2562/2562 2563/2563 2569/2569 2568/2568
f 2564/2564 2565/2565 2571/2571 2570/2570
f 2565/2565 2566/2566 2572/2572 2571/2571
f 2566/2566 2567/2567 2573/2573 2572/2572
f 2567/2567 2568/2568 2574/2574 2573/2573
f 2568/2568 2569/2569 2575/2575 2574/2574
f 2570/2570 2571/2571 2577/2577 2576/2576
f 2571/2571 2572/2572 2578/2578 2577/2577
f 2572/2572 2573/2573 2579/2579 2578/2578
f 2573/2573 2574/2574 2580/2580 2579/2579
f 2574/2574 2575/2575 2581/2581 2580/2580
f 2582/2582 2583/2583 2589/2589 2588/2588
f 2583/2583 2584/2584 2590/2590 2589/2589
f 2584/2584 2585/2585 2591/2591 2590/2590
f 2585/2585 2586/2586 2592/2592 2591/2591
f 2586/2586 2587/2587 2593/2593 2592/2592
f 2588/2588 2589/2589 2595/2595 2594/2594
f 2589/2589 2590/2590 2596/2596 2595/2595
f 2590/2590 2591/2591 2597/2597 2596/2596
f 2591/2591 2592/2592 2598/2598 2597/2597
f 2592/2592 2593/2593 2599/2599 2598/2598
f 2594/2594 2595/2595 2601/2601 2600/2600
f 2595/2595 2596/2596 2602/2602 2601/2601
f 2596/2596 2597/2597 2603/2603 2602/2602
f 2597/2597 2598/2598 2604/2604 2603/2603
f 2598/2598 2599/2599 2605/2605 2604/2604
f 2600/2600 2601/2601 2607/2607 2606/2606
f 2601/2601 2602/2602 2608/2608 2607/2607
f 2602/2602 2603/2603 2609/2609 2608/2608
f 2603/2603 2604/2604 2610/2610 2609/2609
f 2604/2604 2605/2605 2611/2611 2610/2610
f 2606/2606 2607/2607 2613/2613 2612/2612
f 2607/2607 2608/2608 2614/2614 2613/2613
f 2608/2608 2609/2609 2615/2615 2614/2614
f 2609/2609 2610/2610 2616/2616 2615/2615
f 2610/2610 2611/2611 2617/2617 2616/2616
f 2612/2612 2613/2613 2619/2619 2618/2618
f 2613/2613 2614/2614 2620/2620 2619/2619
f 2614/2614 2615/2615 2621/2621 2620/2620
f 2615/2615 2616/2616 2622/2622 2621/2621
f 2616/2616 2617/2617 2623/2623 2622/2622
f 2618/2618 2619/2619 2625/2625 2624/2624
f 2619/2619 2620/2620 2626/2626 2625/2625
f 2620/2620 2621/2621 2627/2627 2626/2626
f 2621/2621 2622/2622 2628/2628 2627/2627
f 2622/2622 2623/2623 2629/2629 2628/2628
f 2624/2624 2625/2625 2631/2631 2630/2630
f 2625/2625 2626/2626 2632/2632 2631/2631
f 2626/2626 2627/2627 2633/2633 2632/2632
f 2627/2627 2628/2628 2634/2634 2633/2633
f 2628/2628 2629/2629 2635/2635 2634/2634
f 2630/2630 2631/2631 2637/2637 2636/2636
f 2631/2631 2632/2632 2638/2638 2637/2637
f 2632/2632 2633/2633 2639/2639 2638/2638
f 2633/2633 2634/2634 2640/2640 2639/2639
f 2634/2634 2635/2635 2641/2641 2640/2640
f 2636/2636 2637/2637 2643/2643 2642/2642
f 2637/2637 2638/2638 2644/2644 2643/2643
f 2638/2638 2639/2639 2645/2645 2644/2644
f 2639/2639 2640/2640 2646/2646 2645/2645
f 2640/2640 2641/2641 2647/2647 2646/2646
f 2642/2642 2643/2643 2649/2649 2648/2648
f 2643/2643 2644/2644 2650/2650 2649/2649
f 2644/2644 2645/2645 2651/2651 2650/2650
f 2645/2645 2646/2646 2652/2652 2651/2651
f 2646/2646 2647/2647 2653/2653 2652/2652
f 2648/2648 2649/2649 2655/2655 2654/2654
f 2649/2649 2650/2650 2656/2656 2655/2655
f 2650/2650 2651/2651 2657/2657 2656/2656
f 2651/2651 2652/2652 2658/2658 2657/2657
f 2652/2652 2653/2653 2659/2659 2658/2658
f 2654/2654 2655/2655 2661/2661 2660/2660
f 2655/2655 2656/2656 2662/2662 2661/2661
f 2656/2656 2657/2657 2663/2663 2662/2662
f 2657/2657 2658/2658 2664/2664 2663/2663
f 2658/2658 2659/2659 2665/2665 2664/2664
f 2660/2660 2661/2661 2667/2667 2666/2666
f 2661/2661 2662/2662 2668/2668 2667/2667
f 2662/2662 2663/2663 2669/2669 2668/2668
f 2663/2663 2664/2664 2670/2670 2669/2669
f 2664/2664 2665/2665 2671/2671 2670/2670
f 2666/2666 2667/2667 2673/2673 2672/2672
f 2667/2667 2668/2668 2674/2674 2673/2673
f 2668/2668 2669/2669 2675/2675 2674/2674
f 2669/2669 2670/2670 2676/2676 2675/2675
f 2670/2670 2671/2671 2677/2677 2676/2676
f 2678/2678 2679/2679 2685/2685 2684/2684
f 2679/2679 2680/2680 2686/2686 2685/2685
f 2680/2680 2681/2681 2687/2687 2686/2686
f 2681/2681 2682/2682 2688/2688 2687/2687
f 2682/2682 2683/2683 2689/2689 2688/2688
f 2684/2684 2685/2685 2691/2691 2690/2690
f 2685/2685 2686/2686 2692/2692 2691/2691
f 2686/2686 2687/2687 2693/2693 2692/2692
f 2687/2687 2688/2688 2694/2694 2693/2693
f 2688/2688 2689/2689 2695/2695 2694/2694
f 2690/2690 2691/2691 2697/2697 2696/2696
f 2691/2691 2692/2692 2698/2698 2697/2697
f 2692/2692 2693/2693 2699/2699 2698/2698
f 2693/2693 2694/2694 2700/2700 2699/2699
f 2694/2694 2695/2695 2701/2701 2700/2700
f 2696/2696 2697/2697 2703/2703 2702/2702
f 2697/2697 2698/2698 2704/2704 2703/2703
f 2698/2698 2699/2699 2705/2705 2704/2704
f 2699/2699 2700/2700 2706/2706 2705/2705
f 2700/2700 2701/2701 2707/2707 2706/2706
f 2702/2702 2703/2703 2709/2709 2708/2708
f 2703/2703 2704/2704 2710/2710 2709/2709
f 2704/2704 2705/2705 2711/2711 2710/2710
f 2705/2705 2706/2706 2712/2712 2711/2711
f 2706/2706 2707/2707 2713/2713 2712/2712
f 2708/2708 2709/2709 2715/2715 2714/2714
f 2709/2709 2710/2710 2716/2716 2715/2715
f 2710/2710 2711/2711 2717/2717 2716/2716
f 2711/2711 2712/2712 2718/2718 2717/2717
f 2712/2712 2713/2713 2719/2719 2718/2718
f 2714/2714 2715/2715 2721/2721 2720/2720
f 2715/2715 2716/2716 2722/2722 2721/2721
f 2716/2716 2717/2717 2723/2723 2722/2722
f 2717/2717 2718/2718 2724/2724 2723/2723
f 2718/2718 2719/2719 2725/2725 2724/2724
f 2720/2720 2721/2721 2727/2727 2726/2726
f 2721/2721 2722/2722 2728/2728 2727/2727
f 2722/2722 2723/2723 2729/2729 2728/2728
f 2723/2723 2724/2724 2730/2730 2729/2729
f 2724/2724 2725/2725 2731/2731 2730/2730
f 2726/2726 2727/2727 2733/2733 2732/2732
f 2727/2727 2728/2728 2734/2734 2733/2733
f 2728/2728 2729/2729 2735/2735 2734/2734
f 2729/2729 2730/2730 2736/2736 2735/2735
f 2730/2730 2731/2731 2737/2737 2736/2736
f 2732/2732 2733/2733 2739/2739 2738/2738
f 2733/2733 2734/2734 2740/2740 2739/2739
f 2734/2734 2735/2735 2741/2741 2740/2740
f 2735/2735 2736/2736 2742/2742 2741/2741
f 2736/2736 2737/2737 2743/2743 2742/2742
f 2738/2738 2739/2739 2745/2745 2744/2744
f 2739/2739 2740/2740 2746/2746 2745/2745
f 2740/2740 2741/2741 2747/2747 2746/2746
f 2741/2741 2742/2742 2748/2748 2747/2747
f 2742/2742 2743/2743 2749/2749 2748/2748
f 2744/2744 2745/2745 2751/2751 2750/2750
f 2745/2745 2746/2746 2752/2752 2751/2751
f 2746/2746 2747/2747 2753/2753 2752/2752
f 2747/2747 2748/2748 2754/2754 2753/2753
f 2748/2748 2749/2749 2755/2755 2754/2754
f 2750/2750 2751/2751 2757/2757 2756/2756
f 2751/2751 2752/2752 2758/2758 2757/2757
f 2752/2752 2753/2753 2759/2759 2758/2758
f 2753/2753 2754/2754 2760/2760 2759/2759
f 2754/2754 2755/2755 2761/2761 2760/2760
f 2762/2762 2763/2763 2769/2769 2768/2768
f 2763/2763 2764/2764 2770/2770 2769/2769
f 2764/2764 2765/2765 2771/2771 2770/2770
f 2765/2765 2766/2766 2772/2772 2771/2771
f 2766/2766 2767/2767 2773/2773 2772/2772
f 2768/2768 2769/2769 2775/2775 2774/2774
f 2769/2769 2770/2770 2776/2776 2775/2775
f 2770/2770 2771/2771 2777/2777 2776/2776
f 2771/2771 2772/2772 2778/2778 2777/2777
f 2772/2772 2773/2773 2779/2779 2778/2778
f 2774/2774 2775/2775 2781/2781 2780/2780
f 2775/2775 2776/2776 2782/2782 2781/2781
f 2776/2776 2777/2777 2783/2783 2782/2782
f 2777/2777 2778/2778 2784/2784 2783/2783
f 2778/2778 2779/2779 2785/2785 2784/2784
f 2780/2780 2781/2781 2787/2787 2786/2786
f 2781/2781 2782/2782 2788/2788 2787/2787
f 2782/2782 2783/2783 2789/2789 2788/2788
f 2783/2783 2784/2784 2790/2790 2789/2789
f 2784/2784 2785/2785 2791/2791 2790/2790
f 2786/2786 2787/2787 2793/2793 2792/2792
f 2787/2787 2788/2788 2794/2794 2793/2793
f 2788/2788 2789/2789 2795/2795 2794/2794
f 2789/2789 2790/2790 2796/2796 2795/2795
f 2790/2790 2791/2791 2797/2797 2796/2796
f 2792/2792 2793/2793 2799/2799 2798/2798
f 2793/2793 2794/2794 2800/2800 2799/2799
f 2794/2794 2795/2795 2801/2801 2800/2800
f 2795/2795 2796/2796 2802/2802 2801/2801
f 2796/2796 2797/2797 2803/2803 2802/2802
f 2798/2798 2799/2799 2805/2805 2804/2804
f 2799/2799 2800/2800 2806/2806 2805/2805
f 2800/2800 2801/2801 2807/2807 2806/2806
f 2801/2801 2802/2802 2808/2808 2807/2807
f 2802/2802 2803/2803 2809/2809 2808/2808
f 2804/2804 2805/2805 2811/2811 2810/2810
f 2805/2805 2806/2806 2812/2812 2811/2811
f 2806/2806 2807/2807 2813/2813 2812/2812
f 2807/2807 2808/2808 2814/2814 2813/2813
f 2808/2808 2809/2809 2815/2815 2814/2814
f 2810/2810 2811/2811 2817/2817 2816/2816
f 2811/2811 2812/2812 2818/2818 2817/2817
f 2812/2812 2813/2813 2819/2819 2818/2818
f 2813/2813 2814/2814 2820/2820 2819/2819
f 2814/2814 2815/2815 2821/2821 2820/2820
f 2816/2816 2817/2817 2823/2823 2822/2822
f 2817/2817 2818/2818 2824/2824 2823/2823
f 2818/2818 2819/2819 2825/2825 2824/2824
f 2819/2819 2820/2820 2826/2826 2825/2825
f 2820/2820 2821/2821 2827/2827 2826/2826
f 2822/2822 2823/2823 2829/2829 2828/2828
f 2823/2823 2824/2824 2830/2830 2829/2829
f 2824/2824 2825/2825 2831/2831 2830/2830
f 2825/2825 2826/2826 2832/2832 2831/2831
f 2826/2826 2827/2827 2833/2833 2832/2832
f 2828/2828 2829/2829 2835/2835 2834/2834
f 2829/2829 2830/2830 2836/2836 2835/2835
f 2830/2830 2831/2831 2837/2837 2836/2836
f 2831/2831 2832/2832 2838/2838 2837/2837
f 2832/2832 2833/2833 2839/2839 2838/2838
f 2834/2834 2835/2835 2841/2841 2840/2840
f 2835/2835 2836/2836 2842/2842 2841/2841
f 2836/2836 2837/2837 2843/2843 2842/2842
f 2837/2837 2838/2838 2844/2844 2843/2843
f 2838/2838 2839/2839 2845/2845 2844/2844
f 2840/2840 2841/2841 2847/2847 2846/2846
f 2841/2841 2842/2842 2848/2848 2847/2847
f 2842/2842 2843/2843 2849/2849 2848/2848
f 2843/2843 2844/2844 2850/2850 2849/2849
f 2844/2844 2845/2845 2851/2851 2850/2850
f 2846/2846 2847/2847 2853/2853 2852/2852
f 2847/2847 2848/2848 2854/2854 2853/2853
f 2848/2848 2849/2849 2855/2855 2854/2854
f 2849/2849 2850/2850 2856/2856 2855/2855
f 2850/2850 2851/2851 2857/2857 2856/2856
f 2852/2852 2853/2853 2859/2859 2858/2858
f 2853/2853 2854/2854 2860/2860 2859/2859
f 2854/2854 2855/2855 2861/2861 2860/2860
f 2855/2855 2856/2856 2862/2862 2861/2861
f 2856/2856 2857/2857 2863/2863 2862/2862
f 2858/2858 2859/2859 2865/2865 2864/2864
f 2859/2859 2860/2860 2866/2866 2865/2865
f 2860/2860 2861/2861 2867/2867 2866/2866
f 2861/2861 2862/2862 2868/2868 2867/2867
f 2862/2862 2863/2863 2869/2869 2868/2868
f 2870/2870 2871/2871 2877/2877 2876/2876
f 2871/2871 2872/2872 2878/2878 2877/2877
f 2872/2872 2873/2873 2879/2879 2878/2878
f 2873/2873 2874/2874 2880/2880 2879/2879
f 2874/2874 2875/2875 2881/2881 2880/2880
f 2876/2876 2877/2877 2883/2883 2882/2882
f 2877/2877 2878/2878 2884/2884 2883/2883
f 2878/2878 2879/2879 2885/2885 2884/2884
f 2879/2879 2880/2880 2886/2886 2885/2885
f 2880/2880 2881/2881 2887/2887 2886/2886
f 2882/2882 2883/2883 2889/2889 2888/2888
f 2883/2883 2884/2884 2890/2890 2889/2889
f 2884/2884 2885/2885 2891/2891 2890/2890
f 2885/2885 2886/2886 2892/2892 2891/2891
f 2886/2886 2887/2887 2893/2893 2892/2892
f 2888/2888 2889/2889 2895/2895 2894/2894
f 2889/2889 2890/2890 2896/2896 2895/2895
f 2890/2890 2891/2891 2897/2897 2896/2896
f 2891/2891 2892/2892 2898/2898 2897/2897
f 2892/2892 2893/2893 2899/2899 2898/2898
f 2894/2894 2895/2895 2901/2901 2900/2900
f 2895/2895 2896/2896 2902/2902 2901/2901
f 2896/2896 2897/2897 2903/2903 2902/2902
f 2897/2897 2898/2898 2904/2904 2903/2903
f 2898/2898 2899/2899 2905/2905 2904/2904
f 2900/2900 2901/2901 2907/2907 2906/2906
f 2901/2901 2902/2902 2908/2908 2907/2907
f 2902/2902 2903/2903 2909/2909 2908/2908
f 2903/2903 2904/2904 2910/2910 2909/2909
f 2904/2904 2905/2905 2911/2911 2910/2910
f 2906/2906 2907/2907 2913/2913 2912/2912
f 2907/2907 2908/2908 2914/2914 2913/2913
f 2908/2908 2909/2909 2915/2915 2914/2914
f 2909/2909 2910/2910 2916/2916 2915/2915
f 2910/2910 2911/2911 2917/2917 2916/2916
f 2912/2912 2913/2913 2919/2919 2918/2918
f 2913/2913 2914/2914 2920/2920 2919/2919
f 2914/2914 2915/2915 2921/2921 2920/2920
f 2915/2915 2916/2916 2922/2922 2921/2921
f 2916/2916 2917/2917 2923/2923 2922/2922
f 2918/2918 2919/2919 2925/2925 2924/2924
f 2919/2919 2920/2920 2926/2926 2925/2925
f 2920/2920 2921/2921 2927/2927 2926/2926
f 2921/2921 2922/2922 2928/2928 2927/2927
f 2922/2922 2923/2923 2929/2929 2928/2928
f 2924/2924 2925/2925 2931/2931 2930/2930
f 2925/2925 2926/2926 2932/2932 2931/2931
f 2926/2926 2927/2927 2933/2933 2932/2932
f 2927/2927 2928/2928 2934/2934 2933/2933
f 2928/2928 2929/2929 2935/2935 2934/2934
f 2930/2930 2931/2931 2937/2937 2936/2936
f 2931/2931 2932/2932 2938/2938 2937/2937
f 2932/2932 2933/2933 2939/2939 2938/2938
f 2933/2933 2934/2934 2940/2940 2939/2939
f 2934/2934 2935/2935 2941/2941 2940/2940
f 2936/2936 2937/2937 2943/2943 2942/2942
f 2937/2937 2938/2938 2944/2944 2943/2943
f 2938/2938 2939/2939 2945/2945 2944/2944
f 2939/2939 2940/2940 2946/2946 2945/2945
f 2940/2940 2941/2941 2947/2947 2946/2946
f 2942/2942 2943/2943 2949/2949 2948/2948
f 2943/2943 2944/2944 2950/2950 2949/2949
f 2944/2944 2945/2945 2951/2951 2950/2950
f 2945/2945 2946/2946 2952/2952 2951/2951
f 2946/2946 2947/2947 2953/2953 2952/2952
f 2954/2954 2955/2955 2961/2961 2960/2960
f 2955/2955 2956/2956 2962/2962 2961/2961
f 2956/2956 2957/2957 2963/2963 2962/2962
f 2957/2957 2958/2958 2964/2964 2963/2963
f 2958/2958 2959/2959 2965/2965 2964/2964
f 2960/2960 2961/2961 2967/2967 2966/2966
f 2961/2961 2962/2962 2968/2968 2967/2967
f 2962/2962 2963/2963 2969/2969 2968/2968
f 2963/2963 2964/2964 2970/2970 2969/2969
f 2964/2964 2965/2965 2971/2971 2970/2970
f 2966/2966 2967/2967 2973/2973 2972/2972
f 2967/2967 2968/2968 2974/2974 2973/2973
f 2968/2968 2969/2969 2975/2975 2974/2974
f 2969/2969 2970/2970 2976/2976 2975/2975
f 2970/2970 2971/2971 2977/2977 2976/2976
f 2972/2972 2973/2973 2979/2979 2978/2978
f 2973/2973 2974/2974 2980/2980 2979/2979
f 2974/2974 2975/2975 2981/2981 2980/2980
f 2975/2975 2976/2976 2982/2982 2981/2981
f 2976/2976 2977/2977 2983/2983 2982/2982
f 2978/2978 2979/2979 2985/2985 2984/2984
f 2979/2979 2980/2980 2986/2986 2985/2985
f 2980/2980 2981/2981 2987/2987 2986/2986
f 2981/2981 2982/2982 2988/2988 2987/2987
f 2982/2982 2983/2983 2989/2989 2988/2988
f 2984/2984 2985/2985 2991/2991 2990/2990
f 2985/2985 2986/2986 2992/2992 2991/2991
f 2986/2986 2987/2987 2993/2993 2992/2992
f 2987/2987 2988/2988 2994/2994 2993/2993
f 2988/2988 2989/2989 2995/2995 2994/2994
f 2990/2990 2991/2991 2997/2997 2996/2996
f 2991/2991 2992/2992 2998/2998 2997/2997
f 2992/2992 2993/2993 2999/2999 2998/2998
f 2993/2993 2994/2994 3000/3000 2999/2999
f 2994/2994 2995/2995 3001/3001 3000/3000
f 2996/2996 2997/2997 3003/3003 3002/3002
f 2997/2997 2998/2998 3004/3004 3003/3003
f 2998/2998 2999/2999 3005/3005 3004/3004
f 2999/2999 3000/3000 3006/3006 3005/3005
f 3000/3000 3001/3001 3007/3007 3006/3006
f 3002/3002 3003/3003 3009/3009 3008/3008
f 3003/3003 3004/3004 3010/3010 3009/3009
f 3004/3004 3005/3005 3011/3011 3010/3010
f 3005/3005 3006/3006 3012/3012 3011/3011
f 3006/3006 3007/3007 3013/3013 3012/3012
f 3008/3008 3009/3009 3015/3015 3014/3014
f 3009/3009 3010/3010 3016/3016 3015/3015
f 3010/3010 3011/3011 3017/3017 3016/3016
f 3011/3011 3012/3012 3018/3018 3017/3017
f 3012/3012 3013/3013 3019/3019 3018/3018
f 3014/3014 3015/3015 3021/3021 3020/3020
f 3015/3015 3016/3016 3022/3022 3021/3021
f 3016/3016 3017/3017 3023/3023 3022/3022
f 3017/3017 3018/3018 3024/3024 3023/3023
f 3018/3018 3019/3019 3025/3025 3024/3024
f 3020/3020 3021/3021 3027/3027 3026/3026
f 3021/3021 3022/3022 3028/3028 3027/3027
f 3022/3022 3023/3023 3029/3029 3028/3028
f 3023/3023 3024/3024 3030/3030 3029/3029
f 3024/3024 3025/3025 3031/3031 3030/3030
f 3026/3026 3027/3027 3033/3033 3032/3032
f 3027/3027 3028/3028 3034/3034 3033/3033
f 3028/3028 3029/3029 3035/3035 3034/3034
f 3029/3029 3030/3030 3036/3036 3035/3035
f 3030/3030 3031/3031 3037/3037 3036/3036
f 3032/3032 3033/3033 3039/3039 3038/3038
f 3033/3033 3034/3034 3040/3040 3039/3039
f 3034/3034 3035/3035 3041/3041 3040/3040
f 3035/3035 3036/3036 3042/3042 3041/3041
f 3036/3036 3037/3037 3043/3043 3042/3042
f 3038/3038 3039/3039 3045/3045 3044/3044
f 3039/3039 3040/3040 3046/3046 3045/3045
f 3040/3040 3041/3041 3047/3047 3046/3046
f 3041/3041 3042/3042 3048/3048 3047/3047
f 3042/3042 3043/3043 3049/3049 3048/3048
f 3044/3044 3045/3045 3051/3051 3050/3050
f 3045/3045 3046/3046 3052/3052 3051/3051
f 3046/3046 3047/3047 3053/3053 3052/3052
f 3047/3047 3048/3048 3054/3054 3053/3053
f 3048/3048 3049/3049 3055/3055 3054/3054
f 3050/3050 3051/3051 3057/3057 3056/3056
f 3051/3051 3052/3052 3058/3058 3057/3057
f 3052/3052 3053/3053 3059/3059 3058/3058
f 3053/3053 3054/3054 3060/3060 3059/3059
f 3054/3054 3055/3055 3061/3061 3060/3060
f 3056/3056 3057/3057 3063/3063 3062/3062
f 3057/3057 3058/3058 3064/3064 3063/3063
f 3058/3058 3059/3059 3065/3065 3064/3064
f 3059/3059 3060/3060 3066/3066 3065/3065
f 3060/3060 3061/3061 3067/3067 3066/3066
f 3062/3062 3063/3063 3069/3069 3068/3068
f 3063/3063 3064/3064 3070/3070 3069/3069
f 3064/3064 3065/3065 3071/3071 3070/3070
f 3065/3065 3066/3066 3072/3072 3071/3071
f 3066/3066 3067/3067 3073/3073 3072/3072
f 3068/3068 3069/3069 3075/3075 3074/3074
f 3069/3069 3070/3070 3076/3076 3075/3075
f 3070/3070 3071/3071 3077/3077 3076/3076
f 3071/3071 3072/3072 3078/3078 3077/3077
f 3072/3072 3073/3073 3079/3079 3078/3078
f 3074/3074 3075/3075 3081/3081 3080/3080
f 3075/3075 3076/3076 3082/3082 3081/3081
f 3076/3076 3077/3077 3083/3083 3082/3082
f 3077/3077 3078/3078 3084/3084 3083/3083
f 3078/3078 3079/3079 3085/3085 3084/3084
f 3080/3080 3081/3081 3087/3087 3086/3086
f 3081/3081 3082/3082 3088/3088 3087/3087
f 3082/3082 3083/3083 3089/3089 3088/3088
f 3083/3083 3084/3084 3090/3090 3089/3089
f 3084/3084 3085/3085 3091/3091 3090/3090
f 3086/3086 3087/3087 3093/3093 3092/3092
f 3087/3087 3088/3088 3094/3094 3093/3093
f 3088/3088 3089/3089 3095/3095 3094/3094
f 3089/3089 3090/3090 3096/3096 3095/3095
f 3090/3090 3091/3091 3097/3097 3096/3096
f 3092/3092 3093/3093 3099/3099 3098/3098
f 3093/3093 3094/3094 3100/3100 3099/3099
f 3094/3094 3095/3095 3101/3101 3100/3100
f 3095/3095 3096/3096 3102/3102 3101/3101
f 3096/3096 3097/3097 3103/3103 3102/3102
f 3098/3098 3099/3099 3105/3105 3104/3104
f 3099/3099 3100/3100 3106/3106 3105/3105
f 3100/3100 3101/3101 3107/3107 3106/3106
f 3101/3101 3102/3102 3108/3108 3107/3107
f 3102/3102 3103/3103 3109/3109 3108/3108
f 3104/3104 3105/3105 3111/3111 3110/3110
f 3105/3105 3106/3106 3112/3112 3111/3111
f 3106/3106 3107/3107 3113/3113 3112/3112
f 3107/3107 3108/3108 3114/3114 3113/3113
f 3108/3108 3109/3109 3115/3115 3114/3114
f 3110/3110 3111/3111 3117/3117 3116/3116
f 3111/3111 3112/3112 3118/3118 3117/3117
f 3112/3112 3113/3113 3119/3119 3118/3118
f 3113/3113 3114/3114 3120/3120 3119/3119
f 3114/3114 3115/3115 3121/3121 3120/3120
f 3122/3122 3123/3123 3129/3129 3128/3128
f 3123/3123 3124/3124 3130/3130 3129/3129
f 3124/3124 3125/3125 3131/3131 3130/3130
f 3125/3125 3126/3126 3132/3132 3131/3131
f 3126/3126 3127/3127 3133/3133 3132/3132
f 3128/3128 3129/3129 3135/3135 3134/3134
f 3129/3129 3130/3130 3136/3136 3135/3135
f 3130/3130 3131/3131 3137/3137 3136/3136
f 3131/3131 3132/3132 3138/3138 3137/3137
f 3132/3132 3133/3133 3139/3139 3138/3138
f 3134/3134 3135/3135 3141/3141 3140/3140
f 3135/3135 3136/3136 3142/3142 3141/3141
f 3136/3136 3137/3137 3143/3143 3142/3142
f 3137/3137 3138/3138 3144/3144 3143/3143
f 3138/3138 3139/3139 3145/3145 3144/3144
f 3140/3140 3141/3141 3147/3147 3146/3146
f 3141/3141 3142/3142 3148/3148 3147/3147
f 3142/3142 3143/3143 3149/3149 3148/3148
f 3143/3143 3144/3144 3150/3150 3149/3149
f 3144/3144 3145/3145 3151/3151 3150/3150
f 3146/3146 3147/3147 3153/3153 3152/3152
f 3147/3147 3148/3148 3154/3154 3153/3153
f 3148/3148 3149/3149 3155/3155 3154/3154
f 3149/3149 3150/3150 3156/3156 3155/3155
f 3150/3150 3151/3151 3157/3157 3156/3156
f 3152/3152 3153/3153 3159/3159 3158/3158
f 3153/3153 3154/3154 3160/3160 3159/3159
f 3154/3154 3155/3155 3161/3161 3160/3160
f 3155/3155 3156/3156 3162/3162 3161/3161
f 3156/3156 3157/3157 3163/3163 3162/3162
f 3158/3158 3159/3159 3165/3165 3164/3164
f 3159/3159 3160/3160 3166/3166 3165/3165
f 3160/3160 3161/3161 3167/3167 3166/3166
f 3161/3161 3162/3162 3168/3168 3167/3167
f 3162/3162 3163/3163 3169/3169 3168/3168
f 3164/3164 3165/3165 3171/3171 3170/3170
f 3165/3165 3166/3166 3172/3172 3171/3171
f 3166/3166 3167/3167 3173/3173 3172/3172
f 3167/3167 3168/3168 3174/3174 3173/3173
f 3168/3168 3169/3169 3175/3175 3174/3174
f 3170/3170 3171/3171 3177/3177 3176/3176
f 3171/3171 3172/3172 3178/3178 3177/3177
f 3172/3172 3173/3173 3179/3179 3178/3178
f 3173/3173 3174/3174 3180/3180 3179/3179
f 3174/3174 3175/3175 3181/3181 3180/3180
f 3176/3176 3177/3177 3183/3183 3182/3182
f 3177/3177 3178/3178 3184/3184 3183/3183
f 3178/3178 3179/3179 3185/3185 3184/3184
f 3179/3179 3180/3180 3186/3186 3185/3185
f 3180/3180 3181/3181 3187/3187 3186/3186
f 3182/3182 3183/3183 3189/3189 3188/3188
f 3183/3183 3184/3184 3190/3190 3189/3189
f 3184/3184 3185/3185 3191/3191 3190/3190
f 3185/3185 3186/3186 3192/3192 3191/3191
f 3186/3186 3187/3187 3193/3193 3192/3192
f 3188/3188 3189/3189 3195/3195 3194/3194
f 3189/3189 3190/3190 3196/3196 3195/3195
f 3190/3190 3191/3191 3197/3197 3196/3196
f 3191/3191 3192/3192 3198/3198 3197/3197
f 3192/3192 3193/3193 3199/3199 3198/3198
f 3200/3200 3201/3201 3207/3207 3206/3206
f 3201/3201 3202/3202 3208/3208 3207/3207
f 3202/3202 3203/3203 3209/3209 3208/3208
f 3203/3203 3204/3204 3210/3210 3209/3209
f 3204/3204 3205/3205 3211/3211 3210/3210
f 3206/3206 3207/3207 3213/3213 3212/3212
f 3207/3207 3208/3208 3214/3214 3213/3213
f 3208/3208 3209/3209 3215/3215 3214/3214
f 3209/3209 3210/3210 3216/3216 3215/3215
f 3210/3210 3211/3211 3217/3217 3216/3216
f 3212/3212 3213/3213 3219/3219 3218/3218
f 3213/3213 3214/3214 3220/3220 3219/3219
f 3214/3214 3215/3215 3221/3221 3220/3220
f 3215/3215 3216/3216 3222/3222 3221/3221
f 3216/3216 3217/3217 3223/3223 3222/3222
f 3218/3218 3219/3219 3225/3225 3224/3224
f 3219/3219 3220/3220 3226/3226 3225/3225
f 3220/3220 3221/3221 3227/3227 3226/3226
f 3221/3221 3222/3222 3228/3228 3227/3227
f 3222/3222 3223/3223 3229/3229 3228/3228
f 3224/3224 3225/3225 3231/3231 3230/3230
f 3225/3225 3226/3226 3232/3232 3231/3231
f 3226/3226 3227/3227 3233/3233 3232/3232
f 3227/3227 3228/3228 3234/3234 3233/3233
f 3228/3228 3229/3229 3235/3235 3234/3234
f 3230/3230 3231/3231 3237/3237 3236/3236
f 3231/3231 3232/3232 3238/3238 3237/3237
f 3232/3232 3233/3233 3239/3239 3238/3238
f 3233/3233 3234/3234 3240/3240 3239/3239
f 3234/3234 3235/3235 3241/3241 3240/3240
f 3236/3236 3237/3237 3243/3243 3242/3242
f 3237/3237 3238/3238 3244/3244 3243/3243
f 3238/3238 3239/3239 3245/3245 3244/3244
f 3239/3239 3240/3240 3246/3246 3245/3245
f 3240/3240 3241/3241 3247/3247 3246/3246
f 3242/3242 3243/3243 3249/3249 3248/3248
f 3243/3243 3244/3244 3250/3250 3249/3249
f 3244/3244 3245/3245 3251/3251 3250/3250
f 3245/3245 3246/3246 3252/3252 3251/3251
f 3246/3246 3247/3247 3253/3253 3252/3252
f 3248/3248 3249/3249 3255/3255 3254/3254
f 3249/3249 3250/3250 3256/3256 3255/3255
f 3250/3250 3251/3251 3257/3257 3256/3256
f 3251/3251 3252/3252 3258/3258 3257/3257
f 3252/3252 3253/3253 3259/3259 3258/3258
f 3254/3254 3255/3255 3261/3261 3260/3260
f 3255/3255 3256/3256 3262/3262 3261/3261
f 3256/3256 3257/3257 3263/3263 3262/3262
f 3257/3257 3258/3258 3264/3264 3263/3263
f 3258/3258 3259/3259 3265/3265 3264/3264
f 3260/3260 3261/3261 3267/3267 3266/3266
f 3261/3261 3262/3262 3268/3268 3267/3267
f 3262/3262 3263/3263 3269/3269 3268/3268
f 3263/3263 3264/3264 3270/3270 3269/3269
f 3264/3264 3265/3265 3271/3271 3270/3270
f 3266/3266 3267/3267 3273/3273 3272/3272
f 3267/3267 3268/3268 3274/3274 3273/3273
f 3268/3268 3269/3269 3275/3275 3274/3274
f 3269/3269 3270/3270 3276/3276 3275/3275
f 3270/3270 3271/3271 3277/3277 3276/3276
f 3272/3272 3273/3273 3279/3279 3278/3278
f 3273/3273 3274/3274 3280/3280 3279/3279
f 3274/3274 3275/3275 3281/3281 3280/3280
f 3275/3275 3276/3276 3282/3282 3281/3281
f 3276/3276 3277/3277 3283/3283 3282/3282
f 3278/3278 3279/3279 3285/3285 3284/3284
f 3279/3279 3280/3280 3286/3286 3285/3285
f 3280/3280 3281/3281 3287/3287 3286/3286
f 3281/3281 3282/3282 3288/3288 3287/3287
f 3282/3282 3283/3283 3289/3289 3288/3288
f 3284/3284 3285/3285 3291/3291 3290/3290
f 3285/3285 3286/3286 3292/3292 3291/3291
f 3286/3286 3287/3287 3293/3293 3292/3292
f 3287/3287 3288/3288 3294/3294 3293/3293
f 3288/3288 3289/3289 3295/3295 3294/3294
f 3290/3290 3291/3291 3297/3297 3296/3296
f 3291/3291 3292/3292 3298/3298 3297/3297
f 3292/3292 3293/3293 3299/3299 3298/3298
f 3293/3293 3294/3294 3300/3300 3299/3299
f 3294/3294 3295/3295 3301/3301 3300/3300
f 3296/3296 3297/3297 3303/3303 3302/3302
f 3297/3297 3298/3298 3304/3304 3303/3303
f 3298/3298 3299/3299 3305/3305 3304/3304
f 3299/3299 3300/3300 3306/3306 3305/3305
f 3300/3300 3301/3301 3307/3307 3306/3306
f 3302/3302 3303/3303 3309/3309 3308/3308
f 3303/3303 3304/3304 3310/3310 3309/3309
f 3304/3304 3305/3305 3311/3311 3310/3310
f 3305/3305 3306/3306 3312/3312 3311/3311
f 3306/3306 3307/3307 3313/3313 3312/3312
f 3308/3308 3309/3309 3315/3315 3314/3314
f 3309/3309 3310/3310 3316/3316 3315/3315
f 3310/3310 3311/3311 3317/3317 3316/3316
f 3311/3311 3312/3312 3318/3318 3317/3317
f 3312/3312 3313/3313 3319/3319 3318/3318
f 3314/3314 3315/3315 3321/3321 3320/3320
f 3315/3315 3316/3316 3322/3322 3321/3321
f 3316/3316 3317/3317 3323/3323 3322/3322
f 3317/3317 3318/3318 3324/3324 3323/3323
f 3318/3318 3319/3319 3325/3325 3324/3324
f 3320/3320 3321/3321 3327/3327 3326/3326
f 3321/3321 3322/3322 3328/3328 3327/3327
f 3322/3322 3323/3323 3329/3329 3328/3328
f 3323/3323 3324/3324 3330/3330 3329/3329
f 3324/3324 3325/3325 3331/3331 3330/3330
f 3326/3326 3327/3327 3333/3333 3332/3332
f 3327/3327 3328/3328 3334/3334 3333/3333
f 3328/3328 3329/3329 3335/3335 3334/3334
f 3329/3329 3330/3330 3336/3336 3335/3335
f 3330/3330 3331/3331 3337/3337 3336/3336
f 3338/3338 3339/3339 3345/3345 3344/3344
f 3339/3339 3340/3340 3346/3346 3345/3345
f 3340/3340 3341/3341 3347/3347 3346/3346
f 3341/3341 3342/3342 3348/3348 3347/3347
f 3342/3342 3343/3343 3349/3349 3348/3348
f 3344/3344 3345/3345 3351/3351 3350/3350
f 3345/3345 3346/3346 3352/3352 3351/3351
f 3346/3346 3347/3347 3353/3353 3352/3352
f 3347/3347 3348/3348 3354/3354 3353/3353
f 3348/3348 3349/3349 3355/3355 3354/3354
f 3350/3350 3351/3351 3357/3357 3356/3356
f 3351/3351 3352/3352 3358/3358 3357/3357
f 3352/3352 3353/3353 3359/3359 3358/3358
f 3353/3353 3354/3354 3360/3360 3359/3359
f 3354/3354 3355/3355 3361/3361 3360/3360
f 3356/3356 3357/3357 3363/3363 3362/3362
f 3357/3357 3358/3358 3364/3364 3363/3363
f 3358/3358 3359/3359 3365/3365 3364/3364
f 3359/3359 3360/3360 3366/3366 3365/3365
f 3360/3360 3361/3361 3367/3367 3366/3366
f 3362/3362 3363/3363 3369/3369 3368/3368
f 3363/3363 3364/3364 3370/3370 3369/3369
f 3364/3364 3365/3365 3371/3371 3370/3370
f 3365/3365 3366/3366 3372/3372 3371/3371
f 3366/3366 3367/3367 3373/3373 3372/3372
f 3368/3368 3369/3369 3375/3375 3374/3374
f 3369/3369 3370/3370 3376/3376 3375/3375
f 3370/3370 3371/3371 3377/3377 3376/3376
f 3371/3371 3372/3372 3378/3378 3377/3377
f 3372/3372 3373/3373 3379/3379 3378/3378
f 3374/3374 3375/3375 3381/3381 3380/3380
f 3375/3375 3376/3376 3382/3382 3381/3381
f 3376/3376 3377/3377 3383/3383 3382/3382
f 3377/3377 3378/3378 3384/3384 3383/3383
f 3378/3378 3379/3379 3385/3385 3384/3384
f 3380/3380 3381/3381 3387/3387 3386/3386
f 3381/3381 3382/3382 3388/3388 3387/3387
f 3382/3382 3383/3383 3389/3389 3388/3388
f 3383/3383 3384/3384 3390/3390 3389/3389
f 3384/3384 3385/3385 3391/3391 3390/3390
f 3386/3386 3387/3387 3393/3393 3392/3392
f 3387/3387 3388/3388 3394/3394 3393/3393
f 3388/3388 3389/3389 3395/3395 3394/3394
f 3389/3389 3390/3390 3396/3396 3395/3395
f 3390/3390 3391/3391 3397/3397 3396/3396
f 3392/3392 3393/3393 3399/3399 3398/3398
f 3393/3393 3394/3394 3400/3400 3399/3399
f 3394/3394 3395/3395 3401/3401 3400/3400
f 3395/3395 3396/3396 3402/3402 3401/3401
f 3396/3396 3397/3397 3403/3403 3402/3402
f 3398/3398 3399/3399 3405/3405 3404/3404
f 3399/3399 3400/3400 3406/3406 3405/3405
f 3400/3400 3401/3401 3407/3407 3406/3406
f 3401/3401 3402/3402 3408/3408 3407/3407
f 3402/3402 3403/3403 3409/3409 3408/3408
f 3410/3410 3411/3411 3417/3417 3416/3416
f 3411/3411 3412/3412 3418/3418 3417/3417
f 3412/3412 3413/3413 3419/3419 3418/3418
f 3413/3413 3414/3414 3420/3420 3419/3419
f 3414/3414 3415/3415 3421/3421 3420/3420
f 3416/3416 3417/3417 3423/3423 3422/3422
f 3417/3417 3418/3418 3424/3424 3423/3423
f 3418/3418 3419/3419 3425/3425 3424/3424
f 3419/3419 3420/3420 3426/3426 3425/3425
f 3420/3420 3421/3421 3427/3427 3426/3426
f 3422/3422 3423/3423 3429/3429 3428/3428
f 3423/3423 3424/3424 3430/3430 3429/3429
f 3424/3424 3425/3425 3431/3431 3430/3430
f 3425/3425 3426/3426 3432/3432 3431/3431
f 3426/3426 3427/3427 3433/3433 3432/3432
f 3428/3428 3429/3429 3435/3435 3434/3434
f 3429/3429 3430/3430 3436/3436 3435/3435
f 3430/3430 3431/3431 3437/3437 3436/3436
f 3431/3431 3432/3432 3438/3438 3437/3437
f 3432/3432 3433/3433 3439/3439 3438/3438
f 3434/3434 3435/3435 3441/3441 3440/3440
f 3435/3435 3436/3436 3442/3442 3441/3441
f 3436/3436 3437/3437 3443/3443 3442/3442
f 3437/3437 3438/3438 3444/3444 3443/3443
f 3438/3438 3439/3439 3445/3445 3444/3444
f 3440/3440 3441/3441 3447/3447 3446/3446
f 3441/3441 3442/3442 3448/3448 3447/3447
f 3442/3442 3443/3443 3449/3449 3448/3448
f 3443/3443 3444/3444 3450/3450 3449/3449
f 3444/3444 3445/3445 3451/3451 3450/3450
f 3446/3446 3447/3447 3453/3453 3452/3452
f 3447/3447 3448/3448 3454/3454 3453/3453
f 3448/3448 3449/3449 3455/3455 3454/3454
f 3449/3449 3450/3450 3456/3456 3455/3455
f 3450/3450 3451/3451 3457/3457 3456/3456
f 3452/3452 3453/3453 3459/3459 3458/3458
f 3453/3453 3454/3454 3460/3460 3459/3459
f 3454/3454 3455/3455 3461/3461 3460/3460
f 3455/3455 3456/3456 3462/3462 3461/3461
f 3456/3456 3457/3457 3463/3463 3462/3462
f 3458/3458 3459/3459 3465/3465 3464/3464
f 3459/3459 3460/3460 3466/3466 3465/3465
f 3460/3460 3461/3461 3467/3467 3466/3466
f 3461/3461 3462/3462 3468/3468 3467/3467
f 3462/3462 3463/3463 3469/3469 3468/3468
f 3464/3464 3465/3465 3471/3471 3470/3470
f 3465/3465 3466/3466 3472/3472 3471/3471
f 3466/3466 3467/3467 3473/3473 3472/3472
f 3467/3467 3468/3468 3474/3474 3473/3473
f 3468/3468 3469/3469 3475/3475 3474/3474
f 3470/3470 3471/3471 3477/3477 3476/3476
f 3471/3471 3472/3472 3478/3478 3477/3477
f 3472/3472 3473/3473 3479/3479 3478/3478
f 3473/3473 3474/3474 3480/3480 3479/3479
f 3474/3474 3475/3475 3481/3481 3480/3480
f 3476/3476 3477/3477 3483/3483 3482/3482
f 3477/3477 3478/3478 3484/3484 3483/3483
f 3478/3478 3479/3479 3485/3485 3484/3484
f 3479/3479 3480/3480 3486/3486 3485/3485
f 3480/3480 3481/3481 3487/3487 3486/3486
f 3482/3482 3483/3483 3489/3489 3488/3488
f 3483/3483 3484/3484 3490/3490 3489/3489
f 3484/3484 3485/3485 3491/3491 3490/3490
f 3485/3485 3486/3486 3492/3492 3491/3491
f 3486/3486 3487/3487 3493/3493 3492/3492
f 3488/3488 3489/3489 3495/3495 3494/3494
f 3489/3489 3490/3490 3496/3496 3495/3495
f 3490/3490 3491/3491 3497/3497 3496/3496
f 3491/3491 3492/3492 3498/3498 3497/3497
f 3492/3492 3493/3493 3499/3499 3498/3498
f 3494/3494 3495/3495 3501/3501 3500/3500
f 3495/3495 3496/3496 3502/3502 3501/3501
f 3496/3496 3497/3497 3503/3503 3502/3502
f 3497/3497 3498/3498 3504/3504 3503/3503
f 3498/3498 3499/3499 3505/3505 3504/3504
f 3500/3500 3501/3501 3507/3507 3506/3506
f 3501/3501 3502/3502 3508/3508 3507/3507
f 3502/3502 3503/3503 3509/3509 3508/3508
f 3503/3503 3504/3504 3510/3510 3509/3509
f 3504/3504 3505/3505 3511/3511 3510/3510
f 3506/3506 3507/3507 3513/3513 3512/3512
f 3507/3507 3508/3508 3514/3514 3513/3513
f 3508/3508 3509/3509 3515/3515 3514/3514
f 3509/3509 3510/3510 3516/3516 3515/3515
f 3510/3510 3511/3511 3517/3517 3516/3516
f 3512/3512 3513/3513 3519/3519 3518/3518
f 3513/3513 3514/3514 3520/3520 3519/3519
f 3514/3514 3515/3515 3521/3521 3520/3520
f 3515/3515 3516/3516 3522/3522 3521/3521
f 3516/3516 3517/3517 3523/3523 3522/3522
f 3524/3524 3525/3525 3531/3531 3530/3530
f 3525/3525 3526/3526 3532/3532 3531/3531
f 3526/3526 3527/3527 3533/3533 3532/3532
f 3527/3527 3528/3528 3534/3534 3533/3533
f 3528/3528 3529/3529 3535/3535 3534/3534
f 3530/3530 3531/3531 3537/3537 3536/3536
f 3531/3531 3532/3532 3538/3538 3537/3537
f 3532/3532 3533/3533 3539/3539 3538/3538
f 3533/3533 3534/3534 3540/3540 3539/3539
f 3534/3534 3535/3535 3541/3541 3540/3540
f 3536/3536 3537/3537 3543/3543 3542/3542
f 3537/3537 3538/3538 3544/3544 3543/3543
f 3538/3538 3539/3539 3545/3545 3544/3544
f 3539/3539 3540/3540 3546/3546 3545/3545
f 3540/3540 3541/3541 3547/3547 3546/3546
f 3542/3542 3543/3543 3549/3549 3548/3548
f 3543/3543 3544/3544 3550/3550 3549/3549
f 3544/3544 3545/3545 3551/3551 3550/3550
f 3545/3545 3546/3546 3552/3552 3551/3551
f 3546/3546 3547/3547 3553/3553 3552/3552
f 3548/3548 3549/3549 3555/3555 3554/3554
f 3549/3549 3550/3550 3556/3556 3555/3555
f 3550/3550 3551/3551 3557/3557 3556/3556
f 3551/3551 3552/3552 3558/3558 3557/3557
f 3552/3552 3553/3553 3559/3559 3558/3558
f 3554/3554 3555/3555 3561/3561 3560/3560
f 3555/3555 3556/3556 3562/3562 3561/3561
f 3556/3556 3557/3557 3563/3563 3562/3562
f 3557/3557 3558/3558 3564/3564 3563/3563
f 3558/3558 3559/3559 3565/3565 3564/3564
f 3560/3560 3561/3561 3567/3567 3566/3566
f 3561/3561 3562/3562 3568/3568 3567/3567
f 3562/3562 3563/3563 3569/3569 3568/3568
f 3563/3563 3564/3564 3570/3570 3569/3569
f 3564/3564 3565/3565 3571/3571 3570/3570
f 3566/3566 3567/3567 3573/3573 3572/3572
f 3567/3567 3568/3568 3574/3574 3573/3573
f 3568/3568 3569/3569 3575/3575 3574/3574
f 3569/3569 3570/3570 3576/3576 3575/3575
f 3570/3570 3571/3571 3577/3577 3576/3576
f 3572/3572 3573/3573 3579/3579 3578/3578
f 3573/3573 3574/3574 3580/3580 3579/3579
f 3574/3574 3575/3575 3581/3581 3580/3580
f 3575/3575 3576/3576 3582/3582 3581/3581
f 3576/3576 3577/3577 3583/3583 3582/3582
f 3578/3578 3579/3579 3585/3585 3584/3584
f 3579/3579 3580/3580 3586/3586 3585/3585
f 3580/3580 3581/3581 3587/3587 3586/3586
f 3581/3581 3582/3582 3588/3588 3587/3587
f 3582/3582 3583/3583 3589/3589 3588/3588
f 3584/3584 3585/3585 3591/3591 3590/3590
f 3585/3585 3586/3586 3592/3592 3591/3591
f 3586/3586 3587/3587 3593/3593 3592/3592
f 3587/3587 3588/3588 3594/3594 3593/3593
f 3588/3588 3589/3589 3595/3595 3594/3594
f 3590/3590 3591/3591 3597/3597 3596/3596
f 3591/3591 3592/3592 3598/3598 3597/3597
f 3592/3592 3593/3593 3599/3599 3598/3598
f 3593/3593 3594/3594 3600/3600 3599/3599
f 3594/3594 3595/3595 3601/3601 3600/3600
f 3596/3596 3597/3597 3603/3603 3602/3602
f 3597/3597 3598/3598 3604/3604 3603/3603
f 3598/3598 3599/3599 3605/3605 3604/3604
f 3599/3599 3600/3600 3606/3606 3605/3605
f 3600/3600 3601/3601 3607/3607 3606/3606
f 3602/3602 3603/3603 3609/3609 3608/3608
f 3603/3603 3604/3604 3610/3610 3609/3609
f 3604/3604 3605/3605 3611/3611 3610/3610
f 3605/3605 3606/3606 3612/3612 3611/3611
f 3606/3606 3607/3607 3613/3613 3612/3612
f 3608/3608 3609/3609 3615/3615 3614/3614
f 3609/3609 3610/3610 3616/3616 3615/3615
f 3610/3610 3611/3611 3617/3617 3616/3616
f 3611/3611 3612/3612 3618/3618 3617/3617
f 3612/3612 3613/3613 3619/3619 3618/3618
f 3620/3620 3621/3621 3627/3627 3626/3626
f 3621/3621 3622/3622 3628/3628 3627/3627
f 3622/3622 3623/3623 3629/3629 3628/3628
f 3623/3623 3624/3624 3630/3630 3629/3629
f 3624/3624 3625/3625 3631/3631 3630/3630
f 3626/3626 3627/3627 3633/3633 3632/3632
f 3627/3627 3628/3628 3634/3634 3633/3633
f 3628/3628 3629/3629 3635/3635 3634/3634
f 3629/3629 3630/3630 3636/3636 3635/3635
f 3630/3630 3631/3631 3637/3637 3636/3636
f 3632/3632 3633/3633 3639/3639 3638/3638
f 3633/3633 3634/3634 3640/3640 3639/3639
f 3634/3634 3635/3635 3641/3641 3640/3640
f 3635/3635 3636/3636 3642/3642 3641/3641
f 3636/3636 3637/3637 3643/3643 3642/3642
f 3638/3638 3639/3639 3645/3645 3644/3644
f 3639/3639 3640/3640 3646/3646 3645/3645
f 3640/3640 3641/3641 3647/3647 3646/3646
f 3641/3641 3642/3642 3648/3648 3647/3647
f 3642/3642 3643/3643 3649/3649 3648/3648
f 3644/3644 3645/3645 3651/3651 3650/3650
f 3645/3645 3646/3646 3652/3652 3651/3651
f 3646/3646 3647/3647 3653/3653 3652/3652
f 3647/3647 3648/3648 3654/3654 3653/3653
f 3648/3648 3649/3649 3655/3655 3654/3654
f 3650/3650 3651/3651 3657/3657 3656/3656
f 3651/3651 3652/3652 3658/3658 3657/3657
f 3652/3652 3653/3653 3659/3659 3658/3658
f 3653/3653 3654/3654 3660/3660 3659/3659
f 3654/3654 3655/3655 3661/3661 3660/3660
f 3656/3656 3657/3657 3663/3663 3662/3662
f 3657/3657 3658/3658 3664/3664 3663/3663
f 3658/3658 3659/3659 3665/3665 3664/3664
f 3659/3659 3660/3660 3666/3666 3665/3665
f 3660/3660 3661/3661 3667/3667 3666/3666
f 3662/3662 3663/3663 3669/3669 3668/3668
f 3663/3663 3664/3664 3670/3670 3669/3669
f 3664/3664 3665/3665 3671/3671 3670/3670
f 3665/3665 3666/3666 3672/3672 3671/3671
f 3666/3666 3667/3667 3673/3673 3672/3672
f 3668/3668 3669/3669 3675/3675 3674/3674
f 3669/3669 3670/3670 3676/3676 3675/3675
f 3670/3670 3671/3671 3677/3677 3676/3676
f 3671/3671 3672/3672 3678/3678 3677/3677
f 3672/3672 3673/3673 3679/3679 3678/3678
f 3674/3674 3675/3675 3681/3681 3680/3680
f 3675/3675 3676/3676 3682/3682 3681/3681
f 3676/3676 3677/3677 3683/3683 3682/3682
f 3677/3677 3678/3678 3684/3684 3683/3683
f 3678/3678 3679/3679 3685/3685 3684/3684
f 3680/3680 3681/3681 3687/3687 3686/3686
f 3681/3681 3682/3682 3688/3688 3687/3687
f 3682/3682 3683/3683 3689/3689 3688/3688
f 3683/3683 3684/3684 3690/3690 3689/3689
f 3684/3684 3685/3685 3691/3691 3690/3690
f 3686/3686 3687/3687 3693/3693 3692/3692
f 3687/3687 3688/3688 3694/3694 3693/3693
f 3688/3688 3689/3689 3695/3695 3694/3694
f 3689/3689 3690/3690 3696/3696 3695/3695
f 3690/3690 3691/3691 3697/3697 3696/3696
f 3692/3692 3693/3693 3699/3699 3698/3698
f 3693/3693 3694/3694 3700/3700 3699/3699
f 3694/3694 3695/3695 3701/3701 3700/3700
f 3695/3695 3696/3696 3702/3702 3701/3701
f 3696/3696 3697/3697 3703/3703 3702/3702
f 3704/3704 3705/3705 3711/3711 3710/3710
f 3705/3705 3706/3706 3712/3712 3711/3711
f 3706/3706 3707/3707 3713/3713 3712/3712
f 3707/3707 3708/3708 3714/3714 3713/3713
f 3708/3708 3709/3709 3715/3715 3714/3714
f 3710/3710 3711/3711 3717/3717 3716/3716
f 3711/3711 3712/3712 3718/3718 3717/3717
f 3712/3712 3713/3713 3719/3719 3718/3718
f 3713/3713 3714/3714 3720/3720 3719/3719
f 3714/3714 3715/3715 3721/3721 3720/3720
f 3716/3716 3717/3717 3723/3723 3722/3722
f 3717/3717 3718/3718 3724/3724 3723/3723
f 3718/3718 3719/3719 3725/3725 3724/3724
f 3719/3719 3720/3720 3726/3726 3725/3725
f 3720/3720 3721/3721 3727/3727 3726/3726
f 3722/3722 3723/3723 3729/3729 3728/3728
f 3723/3723 3724/3724 3730/3730 3729/3729
f 3724/3724 3725/3725 3731/3731 3730/3730
f 3725/3725 3726/3726 3732/3732 3731/3731
f 3726/3726 3727/3727 3733/3733 3732/3732
f 3728/3728 3729/3729 3735/3735 3734/3734
f 3729/3729 3730/3730 3736/3736 3735/3735
f 3730/3730 3731/3731 3737/3737 3736/3736
f 3731/3731 3732/3732 3738/3738 3737/3737
f 3732/3732 3733/3733 3739/3739 3738/3738
f 3734/3734 3735/3735 3741/3741 3740/3740
f 3735/3735 3736/3736 3742/3742 3741/3741
f 3736/3736 3737/3737 3743/3743 3742/3742
f 3737/3737 3738/3738 3744/3744 3743/3743
f 3738/3738 3739/3739 3745/3745 3744/3744
f 3740/3740 3741/3741 3747/3747 3746/3746
f 3741/3741 3742/3742 3748/3748 3747/3747
f 3742/3742 3743/3743 3749/3749 3748/3748
f 3743/3743 3744/3744 3750/3750 3749/3749
f 3744/3744 3745/3745 3751/3751 3750/3750
f 3746/3746 3747/3747 3753/3753 3752/3752
f 3747/3747 3748/3748 3754/3754 3753/3753
f 3748/3748 3749/3749 3755/3755 3754/3754
f 3749/3749 3750/3750 3756/3756 3755/3755
f 3750/3750 3751/3751 3757/3757 3756/3756
f 3752/3752 3753/3753 3759/3759 3758/3758
f 3753/3753 3754/3754 3760/3760 3759/3759
f 3754/3754 3755/3755 3761/3761 3760/3760
f 3755/3755 3756/3756 3762/3762 3761/3761
f 3756/3756 3757/3757 3763/3763 3762/3762
f 3764/3764 3765/3765 3771/3771 3770/3770
f 3765/3765 3766/3766 3772/3772 3771/3771
f 3766/3766 3767/3767 3773/3773 3772/3772
f 3767/3767 3768/3768 3774/3774 3773/3773
f 3768/3768 3769/3769 3775/3775 3774/3774
f 3770/3770 3771/3771 3777/3777 3776/3776
f 3771/3771 3772/3772 3778/3778 3777/3777
f 3772/3772 3773/3773 3779/3779 3778/3778
f 3773/3773 3774/3774 3780/3780 3779/3779
f 3774/3774 3775/3775 3781/3781 3780/3780
f 3776/3776 3777/3777 3783/3783 3782/3782
f 3777/3777 3778/3778 3784/3784 3783/3783
f 3778/3778 3779/3779 3785/3785 3784/3784
f 3779/3779 3780/3780 3786/3786 3785/3785
f 3780/3780 3781/3781 3787/3787 3786/3786
f 3782/3782 3783/3783 3789/3789 3788/3788
f 3783/3783 3784/3784 3790/3790 3789/3789
f 3784/3784 3785/3785 3791/3791 3790/3790
f 3785/3785 3786/3786 3792/3792 3791/3791
f 3786/3786 3787/3787 3793/3793 3792/3792
f 3788/3788 3789/3789 3795/3795 3794/3794
f 3789/3789 3790/3790 3796/3796 3795/3795
f 3790/3790 3791/3791 3797/3797 3796/3796
f 3791/3791 3792/3792 3798/3798 3797/3797
f 3792/3792 3793/3793 3799/3799 3798/3798
f 3794/3794 3795/3795 3801/3801 3800/3800
f 3795/3795 3796/3796 3802/3802 3801/3801
f 3796/3796 3797/3797 3803/3803 3802/3802
f 3797/3797 3798/3798 3804/3804 3803/3803
f 3798/3798 3799/3799 3805/3805 3804/3804
f 3800/3800 3801/3801 3807/3807 3806/3806
f 3801/3801 3802/3802 3808/3808 3807/3807
f 3802/3802 3803/3803 3809/3809 3808/3808
f 3803/3803 3804/3804 3810/3810 3809/3809
f 3804/3804 3805/3805 3811/3811 3810/3810
f 3806/3806 3807/3807 3813/3813 3812/3812
f 3807/3807 3808/3808 3814/3814 3813/3813
f 3808/3808 3809/3809 3815/3815 3814/3814
f 3809/3809 3810/3810 3816/3816 3815/3815
f 3810/3810 3811/3811 3817/3817 3816/3816
f 3812/3812 3813/3813 3819/3819 3818/3818
f 3813/3813 3814/3814 3820/3820 3819/3819
f 3814/3814 3815/3815 3821/3821 3820/3820
f 3815/3815 3816/3816 3822/3822 3821/3821
f 3816/3816 3817/3817 3823/3823 3822/3822
f 3818/3818 3819/3819 3825/3825 3824/3824
f 3819/3819 3820/3820 3826/3826 3825/3825
f 3820/3820 3821/3821 3827/3827 3826/3826
f 3821/3821 3822/3822 3828/3828 3827/3827
f 3822/3822 3823/3823 3829/3829 3828/3828
f 3824/3824 3825/3825 3831/3831 3830/3830
f 3825/3825 3826/3826 3832/3832 3831/3831
f 3826/3826 3827/3827 3833/3833 3832/3832
f 3827/3827 3828/3828 3834/3834 3833/3833
f 3828/3828 3829/3829 3835/3835 3834/3834
f 3830/3830 3831/3831 3837/3837 3836/3836
f 3831/3831 3832/3832 3838/3838 3837/3837
f 3832/3832 3833/3833 3839/3839 3838/3838
f 3833/3833 3834/3834 3840/3840 3839/3839
f 3834/3834 3835/3835 3841/3841 3840/3840
f 3836/3836 3837/3837 3843/3843 3842/3842
f 3837/3837 3838/3838 3844/3844 3843/3843
f 3838/3838 3839/3839 3845/3845 3844/3844
f 3839/3839 3840/3840 3846/3846 3845/3845
f 3840/3840 3841/3841 3847/3847 3846/3846
f 3842/3842 3843/3843 3849/3849 3848/3848
f 3843/3843 3844/3844 3850/3850 3849/3849
f 3844/3844 3845/3845 3851/3851 3850/3850
f 3845/3845 3846/3846 3852/3852 3851/3851
f 3846/3846 3847/3847 3853/3853 3852/3852
f 3848/3848 3849/3849 3855/3855 3854/3854
f 3849/3849 3850/3850 3856/3856 3855/3855
f 3850/3850 3851/3851 3857/3857 3856/3856
f 3851/3851 3852/3852 3858/3858 3857/3857
f 3852/3852 3853/3853 3859/3859 3858/3858
f 3854/3854 3855/3855 3861/3861 3860/3860
f 3855/3855 3856/3856 3862/3862 3861/3861
f 3856/3856 3857/3857 3863/3863 3862/3862
f 3857/3857 3858/3858 3864/3864 3863/3863
f 3858/3858 3859/3859 3865/3865 3864/3864
f 3860/3860 3861/3861 3867/3867 3866/3866
f 3861/3861 3862/3862 3868/3868 3867/3867
f 3862/3862 3863/3863 3869/3869 3868/3868
f 3863/3863 3864/3864 3870/3870 3869/3869
f 3864/3864 3865/3865 3871/3871 3870/3870
f 3872/3872 3873/3873 3879/3879 3878/3878
f 3873/3873 3874/3874 3880/3880 3879/3879
f 3874/3874 3875/3875 3881/3881 3880/3880
f 3875/3875 3876/3876 3882/3882 3881/3881
f 3876/3876 3877/3877 3883/3883 3882/3882
f 3878/3878 3879/3879 3885/3885 3884/3884
f 3879/3879 3880/3880 3886/3886 3885/3885
f 3880/3880 3881/3881 3887/3887 3886/3886
f 3881/3881 3882/3882 3888/3888 3887/3887
f 3882/3882 3883/3883 3889/3889 3888/3888
f 3884/3884 3885/3885 3891/3891 3890/3890
f 3885/3885 3886/3886 3892/3892 3891/3891
f 3886/3886 3887/3887 3893/3893 3892/3892
f 3887/3887 3888/3888 3894/3894 3893/3893
f 3888/3888 3889/3889 3895/3895 3894/3894
f 3890/3890 3891/3891 3897/3897 3896/3896
f 3891/3891 3892/3892 3898/3898 3897/3897
f 3892/3892 3893/3893 3899/3899 3898/3898
f 3893/3893 3894/3894 3900/3900 3899/3899
f 3894/3894 3895/3895 3901/3901 3900/3900
f 3896/3896 3897/3897 3903/3903 3902/3902
f 3897/3897 3898/3898 3904/3904 3903/3903
f 3898/3898 3899/3899 3905/3905 3904/3904
f 3899/3899 3900/3900 3906/3906 3905/3905
f 3900/3900 3901/3901 3907/3907 3906/3906
f 3902/3902 3903/3903 3909/3909 3908/3908
f 3903/3903 3904/3904 3910/3910 3909/3909
f 3904/3904 3905/3905 3911/3911 3910/3910
f 3905/3905 3906/3906 3912/3912 3911/3911
f 3906/3906 3907/3907 3913/3913 3912/3912
f 3908/3908 3909/3909 3915/3915 3914/3914
f 3909/3909 3910/3910 3916/3916 3915/3915
f 3910/3910 3911/3911 3917/3917 3916/3916
f 3911/3911 3912/3912 3918/3918 3917/3917
f 3912/3912 3913/3913 3919/3919 3918/3918
f 3914/3914 3915/3915 3921/3921 3920/3920
f 3915/3915 3916/3916 3922/3922 3921/3921
f 3916/3916 3917/3917 3923/3923 3922/3922
f 3917/3917 3918/3918 3924/3924 3923/3923
f 3918/3918 3919/3919 3925/3925 3924/3924
f 3920/3920 3921/3921 3927/3927 3926/3926
f 3921/3921 3922/3922 3928/3928 3927/3927
f 3922/3922 3923/3923 3929/3929 3928/3928
f 3923/3923 3924/3924 3930/3930 3929/3929
f 3924/3924 3925/3925 3931/3931 3930/3930
f 3926/3926 3927/3927 3933/3933 3932/3932
f 3927/3927 3928/3928 3934/3934 3933/3933
f 3928/3928 3929/3929 3935/3935 3934/3934
f 3929/3929 3930/3930 3936/3936 3935/3935
f 3930/3930 3931/3931 3937/3937 3936/3936
f 3932/3932 3933/3933 3939/3939 3938/3938
f 3933/3933 3934/3934 3940/3940 3939/3939
f 3934/3934 3935/3935 3941/3941 3940/3940
f 3935/3935 3936/3936 3942/3942 3941/3941
f 3936/3936 3937/3937 3943/3943 3942/3942
f 3938/3938 3939/3939 3945/3945 3944/3944
f 3939/3939 3940/3940 3946/3946 3945/3945
f 3940/3940 3941/3941 3947/3947 3946/3946
f 3941/3941 3942/3942 3948/3948 3947/3947
f 3942/3942 3943/3943 3949/3949 3948/3948
f 3944/3944 3945/3945 3951/3951 3950/3950
f 3945/3945 3946/3946 3952/3952 3951/3951
f 3946/3946 3947/3947 3953/3953 3952/3952
f 3947/3947 3948/3948 3954/3954 3953/3953
f 3948/3948 3949/3949 3955/3955 3954/3954
f 3950/3950 3951/3951 3957/3957 3956/3956
f 3951/3951 3952/3952 3958/3958 3957/3957
f 3952/3952 3953/3953 3959/3959 3958/3958
f 3953/3953 3954/3954 3960/3960 3959/3959
f 3954/3954 3955/3955 3961/3961 3960/3960
f 3956/3956 3957/3957 3963/3963 3962/3962
f 3957/3957 3958/3958 3964/3964 3963/3963
f 3958/3958 3959/3959 3965/3965 3964/3964
f 3959/3959 3960/3960 3966/3966 3965/3965
f 3960/3960 3961/3961 3967/3967 3966/3966
f 3968/3968 3969/3969 3975/3975 3974/3974
f 3969/3969 3970/3970 3976/3976 3975/3975
f 3970/3970 3971/3971 3977/3977 3976/3976
f 3971/3971 3972/3972 3978/3978 3977/3977
f 3972/3972 3973/3973 3979/3979 3978/3978
f 3974/3974 3975/3975 3981/3981 3980/3980
f 3975/3975 3976/3976 3982/3982 3981/3981
f 3976/3976 3977/3977 3983/3983 3982/3982
f 3977/3977 3978/3978 3984/3984 3983/3983
f 3978/3978 3979/3979 3985/3985 3984/3984
f 3980/3980 3981/3981 3987/3987 3986/3986
f 3981/3981 3982/3982 3988/3988 3987/3987
f 3982/3982 3983/3983 3989/3989 3988/3988
f 3983/3983 3984/3984 3990/3990 3989/3989
f 3984/3984 3985/3985 3991/3991 3990/3990
f 3986/3986 3987/3987 3993/3993 3992/3992
f 3987/3987 3988/3988 3994/3994 3993/3993
f 3988/3988 3989/3989 3995/3995 3994/3994
f 3989/3989 3990/3990 3996/3996 3995/3995
f 3990/3990 3991/3991 3997/3997 3996/3996
f 3992/3992 3993/3993 3999/3999 3998/3998
f 3993/3993 3994/3994 4000/4000 3999/3999
f 3994/3994 3995/3995 4001/4001 4000/4000
f 3995/3995 3996/3996 4002/4002 4001/4001
f 3996/3996 3997/3997 4003/4003 4002/4002
f 3998/3998 3999/3999 4005/4005 4004/4004
f 3999/3999 4000/4000 4006/4006 4005/4005
f 4000/4000 4001/4001 4007/4007 4006/4006
f 4001/4001 4002/4002 4008/4008 4007/4007
f 4002/4002 4003/4003 4009/4009 4008/4008
f 4004/4004 4005/4005 4011/4011 4010/4010
f 4005/4005 4006/4006 4012/4012 4011/4011
f 4006/4006 4007/4007 4013/4013 4012/4012
f 4007/4007 4008/4008 4014/4014 4013/4013
f 4008/4008 4009/4009 4015/4015 4014/4014
f 4010/4010 4011/4011 4017/4017 4016/4016
f 4011/4011 4012/4012 4018/4018 4017/4017
f 4012/4012 4013/4013 4019/4019 4018/4018
f 4013/4013 4014/4014 4020/4020 4019/4019
f 4014/4014 4015/4015 4021/4021 4020/4020
f 4016/4016 4017/4017 4023/4023 4022/4022
f 4017/4017 4018/4018 4024/4024 4023/4023
f 4018/4018 4019/4019 4025/4025 4024/4024
f 4019/4019 4020/4020 4026/4026 4025/4025
f 4020/4020 4021/4021 4027/4027 4026/4026
f 4028/4028 4029/4029 4035/4035 4034/4034
f 4029/4029 4030/4030 4036/4036 4035/4035
f 4030/4030 4031/4031 4037/4037 4036/4036
f 4031/4031 4032/4032 4038/4038 4037/4037
f 4032/4032 4033/4033 4039/4039 4038/4038
f 4034/4034 4035/4035 4041/4041 4040/4040
f 4035/4035 4036/4036 4042/4042 4041/4041
f 4036/4036 4037/4037 4043/4043 4042/4042
f 4037/4037 4038/4038 4044/4044 4043/4043
f 4038/4038 4039/4039 4045/4045 4044/4044
f 4040/4040 4041/4041 4047/4047 4046/4046
f 4041/4041 4042/4042 4048/4048 4047/4047
f 4042/4042 4043/4043 4049/4049 4048/4048
f 4043/4043 4044/4044 4050/4050 4049/4049
f 4044/4044 4045/4045 4051/4051 4050/4050
f 4046/4046 4047/4047 4053/4053 4052/4052
f 4047/4047 4048/4048 4054/4054 4053/4053
f 4048/4048 4049/4049 4055/4055 4054/4054
f 4049/4049 4050/4050 4056/4056 4055/4055
f 4050/4050 4051/4051 4057/4057 4056/4056
f 4052/4052 4053/4053 4059/4059 4058/4058
f 4053/4053 4054/4054 4060/4060 4059/4059
f 4054/4054 4055/4055 4061/4061 4060/4060
f 4055/4055 4056/4056 4062/4062 4061/4061
f 4056/4056 4057/4057 4063/4063 4062/4062
f 4058/4058 4059/4059 4065/4065 4064/4064
f 4059/4059 4060/4060 4066/4066 4065/4065
f 4060/4060 4061/4061 4067/4067 4066/4066
f 4061/4061 4062/4062 4068/4068 4067/4067
f 4062/4062 4063/4063 4069/4069 4068/4068
f 4064/4064 4065/4065 4071/4071 4070/4070
f 4065/4065 4066/4066 4072/4072 4071/4071
f 4066/4066 4067/4067 4073/4073 4072/4072
f 4067/4067 4068/4068 4074/4074 4073/4073
f 4068/4068 4069/4069 4075/4075 4074/4074
f 4070/4070 4071/4071 4077/4077 4076/4076
f 4071/4071 4072/4072 4078/4078 4077/4077
f 4072/4072 4073/4073 4079/4079 4078/4078
f 4073/4073 4074/4074 4080/4080 4079/4079
f 4074/4074 4075/4075 4081/4081 4080/4080
f 4076/4076 4077/4077 4083/4083 4082/4082
f 4077/4077 4078/4078 4084/4084 4083/4083
f 4078/4078 4079/4079 4085/4085 4084/4084
f 4079/4079 4080/4080 4086/4086 4085/4085
f 4080/4080 4081/4081 4087/4087 4086/4086
f 4082/4082 4083/4083 4089/4089 4088/4088
f 4083/4083 4084/4084 4090/4090 4089/4089
f 4084/4084 4085/4085 4091/4091 4090/4090
f 4085/4085 4086/4086 4092/4092 4091/4091
f 4086/4086 4087/4087 4093/4093 4092/4092
f 4094/4094 4095/4095 4101/4101 4100/4100
f 4095/4095 4096/4096 4102/4102 4101/4101
f 4096/4096 4097/4097 4103/4103 4102/4102
f 4097/4097 4098/4098 4104/4104 4103/4103
f 4098/4098 4099/4099 4105/4105 4104/4104
f 4100/4100 4101/4101 4107/4107 4106/4106
f 4101/4101 4102/4102 4108/4108 4107/4107
f 4102/4102 4103/4103 4109/4109 4108/4108
f 4103/4103 4104/4104 4110/4110 4109/4109
f 4104/4104 4105/4105 4111/4111 4110/4110
f 4106/4106 4107/4107 4113/4113 4112/4112
f 4107/4107 4108/4108 4114/4114 4113/4113
f 4108/4108 4109/4109 4115/4115 4114/4114
f 4109/4109 4110/4110 4116/4116 4115/4115
f 4110/4110 4111/4111 4117/4117 4116/4116
f 4112/4112 4113/4113 4119/4119 4118/4118
f 4113/4113 4114/4114 4120/4120 4119/4119
f 4114/4114 4115/4115 4121/4121 4120/4120
f 4115/4115 4116/4116 4122/4122 4121/4121
f 4116/4116 4117/4117 4123/4123 4122/4122
f 4118/4118 4119/4119 4125/4125 4124/4124
f 4119/4119 4120/4120 4126/4126 4125/4125
f 4120/4120 4121/4121 4127/4127 4126/4126
f 4121/4121 4122/4122 4128/4128 4127/4127
f 4122/4122 4123/4123 4129/4129 4128/4128
f 4124/4124 4125/4125 4131/4131 4130/4130
f 4125/4125 4126/4126 4132/4132 4131/4131
f 4126/4126 4127/4127 4133/4133 4132/4132
f 4127/4127 4128/4128 4134/4134 4133/4133
f 4128/4128 4129/4129 4135/4135 4134/4134
f 4130/4130 4131/4131 4137/4137 4136/4136
f 4131/4131 4132/4132 4138/4138 4137/4137
f 4132/4132 4133/4133 4139/4139 4138/4138
f 4133/4133 4134/4134 4140/4140 4139/4139
f 4134/4134 4135/4135 4141/4141 4140/4140
f 4136/4136 4137/4137 4143/4143 4142/4142
f 4137/4137 4138/4138 4144/4144 4143/4143
f 4138/4138 4139/4139 4145/4145 4144/4144
f 4139/4139 4140/4140 4146/4146 4145/4145
f 4140/4140 4141/4141 4147/4147 4146/4146
f 4142/4142 4143/4143 4149/4149 4148/4148
f 4143/4143 4144/4144 4150/4150 4149/4149
f 4144/4144 4145/4145 4151/4151 4150/4150
f 4145/4145 4146/4146 4152/4152 4151/4151
f 4146/4146 4147/4147 4153/4153 4152/4152
f 4148/4148 4149/4149 4155/4155 4154/4154
f 4149/4149 4150/4150 4156/4156 4155/4155
f 4150/4150 4151/4151 4157/4157 4156/4156
f 4151/4151 4152/4152 4158/4158 4157/4157
f 4152/4152 4153/4153 4159/4159 4158/4158
f 4154/4154 4155/4155 4161/4161 4160/4160
f 4155/4155 4156/4156 4162/4162 4161/4161
f 4156/4156 4157/4157 4163/4163 4162/4162
f 4157/4157 4158/4158 4164/4164 4163/4163
f 4158/4158 4159/4159 4165/4165 4164/4164
f 4166/4166 4167/4167 4173/4173 4172/4172
f 4167/4167 4168/4168 4174/4174 4173/4173
f 4168/4168 4169/4169 4175/4175 4174/4174
f 4169/4169 4170/4170 4176/4176 4175/4175
f 4170/4170 4171/4171 4177/4177 4176/4176
f 4172/4172 4173/4173 4179/4179 4178/4178
f 4173/4173 4174/4174 4180/4180 4179/4179
f 4174/4174 4175/4175 4181/4181 4180/4180
f 4175/4175 4176/4176 4182/4182 4181/4181
f 4176/4176 4177/4177 4183/4183 4182/4182
f 4178/4178 4179/4179 4185/4185 4184/4184
f 4179/4179 4180/4180 4186/4186 4185/4185
f 4180/4180 4181/4181 4187/4187 4186/4186
f 4181/4181 4182/4182 4188/4188 4187/4187
f 4182/4182 4183/4183 4189/4189 4188/4188
f 4184/4184 4185/4185 4191/4191 4190/4190
f 4185/4185 4186/4186 4192/4192 4191/4191
f 4186/4186 4187/4187 4193/4193 4192/4192
f 4187/4187 4188/4188 4194/4194 4193/4193
f 4188/4188 4189/4189 4195/4195 4194/4194
f 4190/4190 4191/4191 4197/4197 4196/4196
f 4191/4191 4192/4192 4198/4198 4197/4197
f 4192/4192 4193/4193 4199/4199 4198/4198
f 4193/4193 4194/4194 4200/4200 4199/4199
f 4194/4194 4195/4195 4201/4201 4200/4200
f 4196/4196 4197/4197 4203/4203 4202/4202
f 4197/4197 4198/4198 4204/4204 4203/4203
f 4198/4198 4199/4199 4205/4205 4204/4204
f 4199/4199 4200/4200 4206/4206 4205/4205
f 4200/4200 4201/4201 4207/4207 4206/4206
f 4202/4202 4203/4203 4209/4209 4208/4208
f 4203/4203 4204/4204 4210/4210 4209/4209
f 4204/4204 4205/4205 4211/4211 4210/4210
f 4205/4205 4206/4206 4212/4212 4211/4211
f 4206/4206 4207/4207 4213/4213 4212/4212
f 4208/4208 4209/4209 4215/4215 4214/4214
f 4209/4209 4210/4210 4216/4216 4215/4215
f 4210/4210 4211/4211 4217/4217 4216/4216
f 4211/4211 4212/4212 4218/4218 4217/4217
f 4212/4212 4213/4213 4219/4219 4218/4218
f 4214/4214 4215/4215 4221/4221 4220/4220
f 4215/4215 4216/4216 4222/4222 4221/4221
f 4216/4216 4217/4217 4223/4223 4222/4222
f 4217/4217 4218/4218 4224/4224 4223/4223
f 4218/4218 4219/4219 4225/4225 4224/4224
f 4220/4220 4221/4221 4227/4227 4226/4226
f 4221/4221 4222/4222 4228/4228 4227/4227
f 4222/4222 4223/4223 4229/4229 4228/4228
f 4223/4223 4224/4224 4230/4230 4229/4229
f 4224/4224 4225/4225 4231/4231 4230/4230
f 4226/4226 4227/4227 4233/4233 4232/4232
f 4227/4227 4228/4228 4234/4234 4233/4233
f 4228/4228 4229/4229 4235/4235 4234/4234
f 4229/4229 4230/4230 4236/4236 4235/4235
f 4230/4230 4231/4231 4237/4237 4236/4236
f 4232/4232 4233/4233 4239/4239 4238/4238
f 4233/4233 4234/4234 4240/4240 4239/4239
f 4234/4234 4235/4235 4241/4241 4240/4240
f 4235/4235 4236/4236 4242/4242 4241/4241
f 4236/4236 4237/4237 4243/4243 4242/4242
f 4238/4238 4239/4239 4245/4245 4244/4244
f 4239/4239 4240/4240 4246/4246 4245/4245
f 4240/4240 4241/4241 4247/4247 4246/4246
f 4241/4241 4242/4242 4248/4248 4247/4247
f 4242/4242 4243/4243 4249/4249 4248/4248
f 4244/4244 4245/4245 4251/4251 4250/4250
f 4245/4245 4246/4246 4252/4252 4251/4251
f 4246/4246 4247/4247 4253/4253 4252/4252
f 4247/4247 4248/4248 4254/4254 4253/4253
f 4248/4248 4249/4249 4255/4255 4254/4254
f 4250/4250 4251/4251 4257/4257 4256/4256
f 4251/4251 4252/4252 4258/4258 4257/4257
f 4252/4252 4253/4253 4259/4259 4258/4258
f 4253/4253 4254/4254 4260/4260 4259/4259
f 4254/4254 4255/4255 4261/4261 4260/4260
f 4256/4256 4257/4257 4263/4263 4262/4262
f 4257/4257 4258/4258 4264/4264 4263/4263
f 4258/4258 4259/4259 4265/4265 4264/4264
f 4259/4259 4260/4260 4266/4266 4265/4265
f 4260/4260 4261/4261 4267/4267 4266/4266
f 4262/4262 4263/4263 4269/4269 4268/4268
f 4263/4263 4264/4264 4270/4270 4269/4269
f 4264/4264 4265/4265 4271/4271 4270/4270
f 4265/4265 4266/4266 4272/4272 4271/4271
f 4266/4266 4267/4267 4273/4273 4272/4272
f 4274/4274 4275/4275 4281/4281 4280/4280
f 4275/4275 4276/4276 4282/4282 4281/4281
f 4276/4276 4277/4277 4283/4283 4282/4282
f 4277/4277 4278/4278 4284/4284 4283/4283
f 4278/4278 4279/4279 4285/4285 4284/4284
f 4280/4280 4281/4281 4287/4287 4286/4286
f 4281/4281 4282/4282 4288/4288 4287/4287
f 4282/4282 4283/4283 4289/4289 4288/4288
f 4283/4283 4284/4284 4290/4290 4289/4289
f 4284/4284 4285/4285 4291/4291 4290/4290
f 4286/4286 4287/4287 4293/4293 4292/4292
f 4287/4287 4288/4288 4294/4294 4293/4293
f 4288/4288 4289/4289 4295/4295 4294/4294
f 4289/4289 4290/4290 4296/4296 4295/4295
f 4290/4290 4291/4291 4297/4297 4296/4296
f 4292/4292 4293/4293 4299/4299 4298/4298
f 4293/4293 4294/4294 4300/4300 4299/4299
f 4294/4294 4295/4295 4301/4301 4300/4300
f 4295/4295 4296/4296 4302/4302 4301/4301
f 4296/4296 4297/4297 4303/4303 4302/4302
f 4298/4298 4299/4299 4305/4305 4304/4304
f 4299/4299 4300/4300 4306/4306 4305/4305
f 4300/4300 4301/4301 4307/4307 4306/4306
f 4301/4301 4302/4302 4308/4308 4307/4307
f 4302/4302 4303/4303 4309/4309 4308/4308
f 4304/4304 4305/4305 4311/4311 4310/4310
f 4305/4305 4306/4306 4312/4312 4311/4311
f 4306/4306 4307/4307 4313/4313 4312/4312
f 4307/4307 4308/4308 4314/4314 4313/4313
f 4308/4308 4309/4309 4315/4315 4314/4314
f 4310/4310 4311/4311 4317/4317 4316/4316
f 4311/4311 4312/4312 4318/4318 4317/4317
f 4312/4312 4313/4313 4319/4319 4318/4318
f 4313/4313 4314/4314 4320/4320 4319/4319
f 4314/4314 4315/4315 4321/4321 4320/4320
f 4316/4316 4317/4317 4323/4323 4322/4322
f 4317/4317 4318/4318 4324/4324 4323/4323
f 4318/4318 4319/4319 4325/4325 4324/4324
f 4319/4319 4320/4320 4326/4326 4325/4325
f 4320/4320 4321/4321 4327/4327 4326/4326
f 4328/4328 4329/4329 4335/4335 4334/4334
f 4329/4329 4330/4330 4336/4336 4335/4335
f 4330/4330 4331/4331 4337/4337 4336/4336
f 4331/4331 4332/4332 4338/4338 4337/4337
f 4332/4332 4333/4333 4339/4339 4338/4338
f 4334/4334 4335/4335 4341/4341 4340/4340
f 4335/4335 4336/4336 4342/4342 4341/4341
f 4336/4336 4337/4337 4343/4343 4342/4342
f 4337/4337 4338/4338 4344/4344 4343/4343
f 4338/4338 4339/4339 4345/4345 4344/4344
f 4340/4340 4341/4341 4347/4347 4346/4346
f 4341/4341 4342/4342 4348/4348 4347/4347
f 4342/4342 4343/4343 4349/4349 4348/4348
f 4343/4343 4344/4344 4350/4350 4349/4349
f 4344/4344 4345/4345 4351/4351 4350/4350
f 4346/4346 4347/4347 4353/4353 4352/4352
f 4347/4347 4348/4348 4354/4354 4353/4353
f 4348/4348 4349/4349 4355/4355 4354/4354
f 4349/4349 4350/4350 4356/4356 4355/4355
f 4350/4350 4351/4351 4357/4357 4356/4356
f 4352/4352 4353/4353 4359/4359 4358/4358
f 4353/4353 4354/4354 4360/4360 4359/4359
f 4354/4354 4355/4355 4361/4361 4360/4360
f 4355/4355 4356/4356 4362/4362 4361/4361
f 4356/4356 4357/4357 4363/4363 4362/4362
f 4358/4358 4359/4359 4365/4365 4364/4364
f 4359/4359 4360/4360 4366/4366 4365/4365
f 4360/4360 4361/4361 4367/4367 4366/4366
f 4361/4361 4362/4362 4368/4368 4367/4367
f 4362/4362 4363/4363 4369/4369 4368/4368
